epoch,step,loss,embedding,classification,decoder,lr,seconds
1,1,465.5833435058594,4.237101078033447,3.0767886638641357,11.105354309082031,1e-08,8.027242660522461
1,20,318.3739929199219,2.763774871826172,3.09065580368042,11.089935302734375,2.0000000000000002e-07,27.773016691207886
1,40,370.6447448730469,3.2910399436950684,3.048006772994995,11.060661315917969,4.0000000000000003e-07,47.451860189437866
1,60,234.09642028808594,1.918116569519043,3.127164840698242,11.013100624084473,6.000000000000001e-07,68.04783940315247
1,80,207.39149475097656,1.6500542163848877,3.146284818649292,10.923238754272461,8.000000000000001e-07,87.25040125846863
1,100,203.47140502929688,1.6235647201538086,3.0359301567077637,10.755635261535645,1.0000000000000002e-06,107.01115584373474
1,120,146.93402099609375,1.0590627193450928,3.048002243041992,10.547725677490234,1.2000000000000002e-06,125.67998123168945
1,140,175.1483612060547,1.3319945335388184,3.1659445762634277,10.28947925567627,1.4000000000000001e-06,145.70991683006287
1,160,147.15939331054688,1.0588147640228271,3.12544584274292,10.02345085144043,1.6000000000000001e-06,166.23025250434875
1,180,149.70945739746094,1.080338954925537,3.183928966522217,9.83626651763916,1.8000000000000001e-06,184.96554970741272
1,200,138.89341735839844,0.9772676229476929,3.156618118286133,9.600481986999512,2.0000000000000003e-06,205.5013370513916
1,220,153.7772979736328,1.136885404586792,3.061164617538452,9.477118492126465,2.2e-06,225.37021231651306
1,240,137.99334716796875,0.9689447283744812,3.1925606727600098,9.1732816696167,2.4000000000000003e-06,245.8133099079132
1,260,136.15232849121094,0.9656598567962646,3.039074659347534,9.195592880249023,2.6e-06,266.39478373527527
1,280,132.3977813720703,0.9325424432754517,3.013087749481201,9.01265811920166,2.8000000000000003e-06,286.3368225097656
1,300,122.88679504394531,0.8315784931182861,3.0776526927948,8.952411651611328,3e-06,306.46136832237244
1,320,120.07646179199219,0.7999024391174316,3.13368558883667,8.749358177185059,3.2000000000000003e-06,327.0326325893402
1,340,124.91071319580078,0.8434462547302246,3.187324285507202,8.692837715148926,3.4000000000000005e-06,346.89882349967957
1,360,119.49459075927734,0.7986899614334106,3.103792905807495,8.587667465209961,3.6000000000000003e-06,367.4792745113373
1,380,129.33116149902344,0.8887280225753784,3.185153007507324,8.606828689575195,3.8000000000000005e-06,387.31088185310364
1,400,103.6316146850586,0.6512590646743774,2.994311809539795,8.562581062316895,4.000000000000001e-06,407.98624563217163
1,420,102.7889404296875,0.6400253772735596,3.0251567363739014,8.534832954406738,4.2000000000000004e-06,428.2515206336975
1,440,129.68710327148438,0.9124220609664917,3.0104923248291016,8.339980125427246,4.4e-06,448.06100821495056
1,460,144.52313232421875,1.0543136596679688,3.083773374557495,8.254027366638184,4.600000000000001e-06,468.2740240097046
1,480,132.70663452148438,0.9378324747085571,3.0561606884002686,8.361780166625977,4.800000000000001e-06,488.04684805870056
1,500,108.32440185546875,0.699462890625,3.0172367095947266,8.205751419067383,5e-06,508.2612233161926
1,520,125.13672637939453,0.8659375905990601,3.0338075160980225,8.204894065856934,5.2e-06,527.9157655239105
1,540,110.84537506103516,0.7360773086547852,2.919187068939209,8.045774459838867,5.400000000000001e-06,546.7185056209564
1,560,111.03053283691406,0.7307496070861816,2.9738106727600098,8.2174654006958,5.600000000000001e-06,567.3415243625641
1,580,123.58377075195312,0.8543866276741028,3.004678249359131,8.098325729370117,5.8e-06,587.6086082458496
1,600,106.31520080566406,0.6920691132545471,2.9011244773864746,8.097049713134766,6e-06,607.812778711319
1,620,109.19408416748047,0.720365047454834,2.903482437133789,8.12275218963623,6.200000000000001e-06,628.2669913768768
1,640,94.05171966552734,0.5701498985290527,2.9015564918518066,8.021163940429688,6.4000000000000006e-06,648.5149993896484
1,660,96.4592056274414,0.5964851379394531,2.8953661918640137,7.85703182220459,6.600000000000001e-06,668.8718678951263
1,680,103.6224136352539,0.6639458537101746,2.9502272605895996,7.725558757781982,6.800000000000001e-06,686.7377269268036
1,700,112.0225601196289,0.7532271146774292,2.8887393474578857,7.812465190887451,7e-06,697.6923909187317
1,720,123.09346008300781,0.8677659034729004,2.862362861633301,7.693247318267822,7.2000000000000005e-06,708.9151587486267
1,740,118.51005554199219,0.8244683742523193,2.8349454402923584,7.71375846862793,7.4e-06,728.719090461731
1,760,81.56307220458984,0.450619637966156,2.876981735229492,7.731292247772217,7.600000000000001e-06,749.9025733470917
1,780,117.13693237304688,0.8181439638137817,2.774003505706787,7.582499980926514,7.800000000000002e-06,770.5351049900055
1,800,92.62860107421875,0.5795485973358154,2.700979232788086,7.663947582244873,8.000000000000001e-06,790.8979640007019
1,820,103.61941528320312,0.6944022178649902,2.6643528938293457,7.535661220550537,8.2e-06,810.1858613491058
1,840,104.16494750976562,0.6783187389373779,2.8828115463256836,7.504958629608154,8.400000000000001e-06,829.9715523719788
1,860,71.7529067993164,0.3648964762687683,2.7866244316101074,7.397007465362549,8.6e-06,849.5987570285797
1,880,119.11934661865234,0.8453500270843506,2.7163825035095215,7.4205169677734375,8.8e-06,868.4356191158295
1,900,104.06265258789062,0.6765782833099365,2.898200511932373,7.422823429107666,9e-06,888.3348038196564
1,920,95.12627410888672,0.6047452688217163,2.7319841384887695,7.331909656524658,9.200000000000002e-06,909.3861818313599
1,940,98.74085235595703,0.6440629959106445,2.7031898498535156,7.302657127380371,9.4e-06,929.0433440208435
1,960,87.6385269165039,0.5287560224533081,2.7458648681640625,7.304274082183838,9.600000000000001e-06,948.7052261829376
1,980,103.99346923828125,0.70902419090271,2.5675787925720215,7.415256500244141,9.800000000000001e-06,968.4543647766113
1,1000,99.50515747070312,0.6577731370925903,2.6501388549804688,7.226451873779297,1e-05,987.8171212673187
1,1020,80.65718078613281,0.4667484164237976,2.671039581298828,7.271939277648926,9.999989079487085e-06,1007.578272819519
1,1040,76.04802703857422,0.4443967342376709,2.4514341354370117,7.094008922576904,9.999956318001344e-06,1027.964876651764
1,1060,115.91394805908203,0.8276861906051636,2.6264541149139404,6.8807878494262695,9.999901715701785e-06,1049.018468618393
1,1080,73.87786865234375,0.4260406792163849,2.4455268383026123,6.818525314331055,9.999825272853424e-06,1070.2941131591797
1,1100,82.92778778076172,0.5197888016700745,2.401160717010498,6.937291622161865,9.999726989827282e-06,1091.186529159546
1,1120,96.59185791015625,0.6496554613113403,2.4561219215393066,7.065094470977783,9.99960686710038e-06,1111.4726393222809
1,1140,73.23139190673828,0.42168647050857544,2.4260783195495605,6.801960468292236,9.999464905255745e-06,1132.763995885849
1,1160,74.21492767333984,0.4508216381072998,2.229097604751587,6.841789245605469,9.999301104982392e-06,1154.121185541153
1,1180,118.57495880126953,0.8778331279754639,2.3878121376037598,6.913530349731445,9.99911546707534e-06,1175.5670938491821
1,1200,61.965797424316406,0.3416402339935303,2.0983352661132812,6.818420886993408,9.998907992435593e-06,1196.8205959796906
1,1220,97.75605773925781,0.6871289014816284,2.2356817722320557,6.686349868774414,9.99867868207014e-06,1217.5629782676697
1,1240,75.35920715332031,0.45138323307037354,2.351486921310425,6.706005096435547,9.998427537091955e-06,1238.7527210712433
1,1260,88.00458526611328,0.6038267612457275,2.077212333679199,6.849783420562744,9.998154558719984e-06,1259.6013526916504
1,1280,68.55750274658203,0.3847424387931824,2.3424553871154785,6.658703804016113,9.997859748279145e-06,1279.7465279102325
1,1300,104.40193939208984,0.767781138420105,2.1123313903808594,6.500514030456543,9.99754310720032e-06,1299.8744103908539
1,1320,58.88987350463867,0.3000911474227905,2.2281455993652344,6.599301338195801,9.997204637020343e-06,1321.178761959076
1,1340,81.7665023803711,0.5316498279571533,2.1938657760620117,6.662868022918701,9.996844339382001e-06,1342.1484673023224
1,1360,84.54210662841797,0.5609241724014282,2.2029874324798584,6.419816017150879,9.996462216034021e-06,1362.7332673072815
1,1380,76.93498992919922,0.4948199987411499,2.105266571044922,6.400320053100586,9.996058268831064e-06,1383.5733225345612
1,1400,88.12393188476562,0.6117823719978333,2.059391498565674,6.351778030395508,9.99563249973371e-06,1405.0395185947418
1,1420,67.5911636352539,0.4162079691886902,1.9472277164459229,6.4980950355529785,9.995184910808455e-06,1425.4831941127777
1,1440,90.06718444824219,0.6342279314994812,2.034383535385132,6.300549030303955,9.9947155042277e-06,1446.1814844608307
1,1460,67.50606536865234,0.39555543661117554,2.154876708984375,6.4017534255981445,9.994224282269737e-06,1466.7454841136932
1,1480,92.4565200805664,0.6519849300384521,2.0814619064331055,6.443404197692871,9.993711247318747e-06,1488.1560146808624
1,1500,68.81692504882812,0.4364098310470581,1.8977712392807007,6.198229789733887,9.993176401864772e-06,1508.5327322483063
1,1520,73.96719360351562,0.4698733687400818,2.07869815826416,6.192875385284424,9.992619748503719e-06,1529.3164510726929
1,1540,55.74406433105469,0.3042448163032532,1.907956838607788,6.24001407623291,9.992041289937337e-06,1550.4369533061981
1,1560,75.39703369140625,0.48378786444664,2.0762925148010254,6.255328178405762,9.991441028973214e-06,1571.6513319015503
1,1580,70.77835845947266,0.4418778717517853,2.032153606414795,6.269036293029785,9.99081896852475e-06,1592.3260655403137
1,1600,88.2879638671875,0.6233566403388977,1.9772104024887085,6.180201053619385,9.990175111611154e-06,1611.308833360672
1,1620,76.73866271972656,0.5053309798240662,1.9965604543685913,6.239958763122559,9.989509461357428e-06,1631.9254908561707
1,1640,65.18224334716797,0.39595556259155273,1.9546353816986084,6.040332317352295,9.98882202099434e-06,1651.9905643463135
1,1660,69.5959701538086,0.43364185094833374,2.005669116973877,6.175097942352295,9.988112793858431e-06,1671.8679139614105
1,1680,76.0691146850586,0.5006900429725647,1.989538550376892,6.104729652404785,9.987381783391975e-06,1692.196830034256
1,1700,65.61173248291016,0.412212073802948,1.8246943950653076,6.143578052520752,9.986628993142976e-06,1712.8033654689789
1,1720,72.82988739013672,0.4729011654853821,1.9263627529144287,6.2761454582214355,9.985854426765148e-06,1731.2394449710846
1,1740,74.41676330566406,0.5058162212371826,1.7610445022583008,6.224690914154053,9.985058088017898e-06,1751.1619753837585
1,1760,72.3684310913086,0.4724844694137573,1.9087369441986084,6.032614707946777,9.9842399807663e-06,1769.4762840270996
1,1780,46.55302429199219,0.2297745645046234,1.7518939971923828,6.056626796722412,9.983400108981094e-06,1789.3989000320435
1,1800,76.46429443359375,0.5216252207756042,1.8498833179473877,5.802942276000977,9.982538476738646e-06,1809.6948187351227
1,1820,71.72198486328125,0.4705275297164917,1.8739826679229736,5.929403305053711,9.98165508822094e-06,1830.776170015335
1,1840,61.54915237426758,0.36977794766426086,1.8774681091308594,5.796676158905029,9.980749947715557e-06,1851.9541850090027
1,1860,58.1092414855957,0.3237707316875458,1.9718425273895264,6.013744354248047,9.979823059615653e-06,1873.2075896263123
1,1880,70.45055389404297,0.45057785511016846,1.950760841369629,5.885161876678467,9.978874428419936e-06,1894.4569585323334
1,1900,74.65211486816406,0.4888197183609009,2.0033516883850098,5.736627101898193,9.977904058732645e-06,1915.6571271419525
1,1920,61.9022331237793,0.36682093143463135,1.9213900566101074,6.006236553192139,9.976911955263528e-06,1936.349545955658
1,1940,59.03449249267578,0.3347979784011841,1.9804471731185913,5.750222206115723,9.975898122827822e-06,1958.0146493911743
1,1960,70.29443359375,0.45917755365371704,1.861156702041626,5.7651143074035645,9.974862566346225e-06,1979.2522068023682
1,1980,60.47016525268555,0.36111050844192505,1.875444769859314,5.604669094085693,9.973805290844871e-06,1999.0075008869171
1,2000,71.77074432373047,0.46983814239501953,1.8987126350402832,5.799807071685791,9.972726301455314e-06,2013.9309222698212
1,2020,67.55681610107422,0.44317561388015747,1.7223734855651855,6.0155205726623535,9.971625603414492e-06,2024.9610526561737
1,2040,53.39091491699219,0.29243460297584534,1.8186745643615723,5.960707187652588,9.970503202064716e-06,2035.9935064315796
1,2060,93.60746002197266,0.6818195581436157,1.9565829038619995,5.859678745269775,9.969359102853624e-06,2053.281948328018
1,2080,74.84625244140625,0.5111621618270874,1.8087849617004395,5.642189979553223,9.968193311334176e-06,2073.40478682518
1,2100,76.69644165039062,0.5272908806800842,1.8388084173202515,5.579268932342529,9.96700583316461e-06,2094.0245065689087
1,2120,64.75784301757812,0.40348100662231445,1.8453229665756226,5.956509113311768,9.965796674108424e-06,2114.3957526683807
1,2140,65.9234390258789,0.41041621565818787,1.9193458557128906,5.688361167907715,9.964565840034348e-06,2134.8179178237915
1,2160,86.66026306152344,0.6186344027519226,1.8872087001800537,5.924732208251953,9.963313336916307e-06,2154.569904088974
1,2180,42.800010681152344,0.19416804611682892,1.7742881774902344,5.640322685241699,9.962039170833407e-06,2174.801250934601
1,2200,62.75590896606445,0.38198322057724,1.904470443725586,5.512881278991699,9.960743347969885e-06,2194.9781098365784
1,2220,50.58164978027344,0.2685222029685974,1.802337408065796,5.706056118011475,9.9594258746151e-06,2214.977252960205
1,2240,53.86503982543945,0.30473166704177856,1.783294916152954,5.558925628662109,9.958086757163489e-06,2234.4989516735077
1,2260,70.03662872314453,0.4669128358364105,1.7819981575012207,5.525364398956299,9.956726002114542e-06,2254.692522764206
1,2280,72.3077621459961,0.468522310256958,1.989420771598816,5.561328411102295,9.955343616072765e-06,2274.7263555526733
1,2300,64.43802642822266,0.4214668869972229,1.6939878463745117,5.35145902633667,9.953939605747655e-06,2294.71013379097
1,2320,68.42498016357422,0.439578652381897,1.8993544578552246,5.473565101623535,9.95251397795366e-06,2316.0570573806763
1,2340,60.11879348754883,0.3787384629249573,1.6805005073547363,5.439940452575684,9.951066739610154e-06,2336.878047466278
1,2360,57.54892349243164,0.3298191428184509,1.8996696472167969,5.570313930511475,9.949597897741397e-06,2356.533088207245
1,2380,55.6865234375,0.32401493191719055,1.7730333805084229,5.554694652557373,9.948107459476502e-06,2377.0645525455475
1,2400,52.284793853759766,0.2874361574649811,1.8170055150985718,5.371121406555176,9.946595432049402e-06,2397.2434039115906
1,2420,75.466552734375,0.5135321617126465,1.8734673261642456,5.378658771514893,9.945061822798817e-06,2417.199986934662
1,2440,60.77790069580078,0.3737894892692566,1.7971134185791016,5.427819728851318,9.943506639168213e-06,2437.4699285030365
1,2460,55.60050582885742,0.3312927782535553,1.7037017345428467,5.434210777282715,9.941929888705765e-06,2457.9622497558594
1,2480,43.122528076171875,0.2005038857460022,1.7650617361068726,5.421525001525879,9.940331579064335e-06,2477.961867570877
1,2500,73.13761901855469,0.49200648069381714,1.8569968938827515,5.367003917694092,9.938711718001412e-06,2497.866139650345
1,2520,61.073997497558594,0.38218292593955994,1.7484252452850342,5.371454238891602,9.937070313379092e-06,2517.8153302669525
1,2540,66.97477722167969,0.43061456084251404,1.8439784049987793,5.473535060882568,9.935407373164031e-06,2537.8480203151703
1,2560,61.16612243652344,0.3840383291244507,1.7503383159637451,5.258906364440918,9.933722905427415e-06,2557.6266162395477
1,2580,53.064796447753906,0.2966328263282776,1.790850043296814,5.4930100440979,9.932016918344908e-06,2576.9057879447937
1,2600,57.286231994628906,0.3367193341255188,1.8305500745773315,5.308797836303711,9.930289420196627e-06,2596.4771468639374
1,2620,44.99676513671875,0.2320961207151413,1.6277912855148315,5.509238243103027,9.928540419367087e-06,2616.9211509227753
1,2640,49.28935241699219,0.25445741415023804,1.8448947668075562,5.394661903381348,9.92676992434517e-06,2637.9221420288086
1,2660,86.29532623291016,0.6351752281188965,1.7268260717391968,5.509541988372803,9.924977943724085e-06,2658.307108640671
1,2680,56.96409606933594,0.34002888202667236,1.7389672994613647,5.571532249450684,9.923164486201318e-06,2679.0988359451294
1,2700,64.4955062866211,0.41546374559402466,1.7571099996566772,5.378026008605957,9.921329560578595e-06,2699.69624042511
1,2720,71.72978210449219,0.4763418138027191,1.8627289533615112,5.4683098793029785,9.919473175761844e-06,2720.4043533802032
1,2740,52.371307373046875,0.28163832426071167,1.8917529582977295,5.289947032928467,9.91759534076114e-06,2740.692786693573
1,2760,61.76068115234375,0.3969835340976715,1.6618168354034424,5.444159030914307,9.915696064690669e-06,2760.8020679950714
1,2780,74.73279571533203,0.5190134048461914,1.7478506565093994,5.352951526641846,9.913775356768685e-06,2780.545521736145
1,2800,56.87237548828125,0.3416050970554352,1.7480370998382568,5.231492519378662,9.911833226317462e-06,2800.5249066352844
1,2820,47.86623001098633,0.2537930905818939,1.7357597351074219,5.129323482513428,9.90986968276325e-06,2820.7238636016846
1,2840,58.172401428222656,0.346125066280365,1.8356159925460815,5.203733444213867,9.907884735636226e-06,2841.34011387825
1,2860,52.230430603027344,0.2877849042415619,1.8188652992248535,5.263288497924805,9.905878394570453e-06,2861.2019503116608
1,2880,58.94914245605469,0.3430333733558655,1.9349441528320312,5.296363353729248,9.903850669303832e-06,2881.109951019287
1,2900,59.9369010925293,0.3708694577217102,1.748288631439209,5.367069721221924,9.90180156967805e-06,2901.741096973419
1,2920,64.2435073852539,0.4105644226074219,1.7989826202392578,5.197240829467773,9.89973110563854e-06,2921.8257055282593
1,2940,49.90977096557617,0.26789623498916626,1.786792516708374,5.252222537994385,9.897639287234422e-06,2942.146460056305
2,2960,54.081764221191406,0.3168104588985443,1.7216136455535889,5.18458366394043,9.895526124618469e-06,2975.4900636672974
2,2980,56.9050178527832,0.3367185592651367,1.8029744625091553,5.203417778015137,9.893391628047044e-06,2995.7607135772705
2,3000,68.71261596679688,0.45935267210006714,1.7626627683639526,5.150716781616211,9.891235807880054e-06,3016.452346086502
2,3020,52.94804763793945,0.3092855215072632,1.6737241744995117,5.282251834869385,9.889058674580908e-06,3037.371730327606
2,3040,62.46208572387695,0.39641010761260986,1.7547167539596558,5.273907661437988,9.886860238716457e-06,3057.8904342651367
2,3060,61.873748779296875,0.39127668738365173,1.7419965267181396,5.326111793518066,9.88464051095694e-06,3078.6892182826996
2,3080,64.65987396240234,0.39822185039520264,1.9723608493804932,5.1140851974487305,9.882399502075943e-06,3099.3663561344147
2,3100,72.07660675048828,0.46895360946655273,1.990992546081543,5.2713141441345215,9.880137222950342e-06,3119.8862578868866
2,3120,40.48904800415039,0.1716514378786087,1.8170379400253296,5.1535234451293945,9.877853684560246e-06,3140.307156085968
2,3140,69.83802032470703,0.4757734537124634,1.7347043752670288,4.913625240325928,9.87554889798895e-06,3161.2450182437897
2,3160,52.595985412597656,0.2787604331970215,1.9620050191879272,5.099891662597656,9.873222874422873e-06,3181.5921971797943
2,3180,40.886634826660156,0.19702093303203583,1.6219877004623413,4.964665412902832,9.870875625151519e-06,3202.3916354179382
2,3200,60.89034652709961,0.39285826683044434,1.674142837524414,4.863091945648193,9.8685071615674e-06,3223.1396465301514
2,3220,64.92662048339844,0.40545275807380676,1.947816252708435,4.903181552886963,9.866117495166001e-06,3243.5644903182983
2,3240,53.90017318725586,0.31623905897140503,1.7038367986679077,5.237900733947754,9.863706637545717e-06,3264.1733145713806
2,3260,67.78791046142578,0.45723217725753784,1.7212378978729248,4.852311134338379,9.861274600407792e-06,3284.3666200637817
2,3280,54.89253234863281,0.31979799270629883,1.7806895971298218,5.105836868286133,9.858821395556265e-06,3304.7345893383026
2,3300,45.17613983154297,0.2127329707145691,1.872983455657959,5.173006534576416,9.85634703489792e-06,3324.6613602638245
2,3320,45.31072998046875,0.2262321561574936,1.7582826614379883,5.104689598083496,9.853851530442216e-06,3345.4747359752655
2,3340,39.786109924316406,0.15751971304416656,1.8850696086883545,5.183441162109375,9.851334894301236e-06,3365.8661835193634
2,3360,35.27839660644531,0.13434380292892456,1.6663627624511719,5.1803879737854,9.848797138689629e-06,3387.013386964798
2,3380,49.90055465698242,0.2772333025932312,1.728934645652771,4.887878894805908,9.846238275924547e-06,3407.070689201355
2,3400,69.97943115234375,0.4670713543891907,1.8215683698654175,5.056610584259033,9.843658318425586e-06,3427.7678005695343
2,3420,42.59389877319336,0.1875104010105133,1.8722894191741943,5.1199631690979,9.841057278714731e-06,3448.3989419937134
2,3440,56.468292236328125,0.3471124768257141,1.671682357788086,5.040220260620117,9.838435169416284e-06,3468.87615275383
2,3460,45.669715881347656,0.25247475504875183,1.5511987209320068,4.910253524780273,9.83579200325682e-06,3489.3993186950684
2,3480,56.120296478271484,0.34630462527275085,1.6466808319091797,5.023025035858154,9.833127793065098e-06,3510.5064380168915
2,3500,56.834136962890625,0.3527335524559021,1.6678762435913086,4.882020950317383,9.830442551772032e-06,3530.767251729965
2,3520,40.60298156738281,0.17277804017066956,1.8240058422088623,5.085120677947998,9.827736292410604e-06,3551.3497240543365
2,3540,46.563880920410156,0.23661291599273682,1.7811425924301147,5.0911641120910645,9.82500902811581e-06,3571.7944469451904
2,3560,57.82967758178711,0.34863749146461487,1.8112047910690308,4.853877067565918,9.822260772124592e-06,3590.97869348526
2,3580,62.686866760253906,0.39716657996177673,1.7837718725204468,5.132486343383789,9.819491537775782e-06,3611.4540405273438
2,3600,45.882850646972656,0.22985804080963135,1.784873366355896,5.048312664031982,9.816701338510027e-06,3631.6319613456726
2,3620,50.275447845458984,0.26521530747413635,1.8917850255966187,4.836068630218506,9.813890187869733e-06,3652.005688905716
2,3640,41.61992645263672,0.19275707006454468,1.7351568937301636,4.992651462554932,9.811058099498988e-06,3672.5761303901672
2,3660,73.35782623291016,0.5014358162879944,1.8196179866790771,5.018068313598633,9.808205087143506e-06,3692.818764448166
2,3680,61.66238021850586,0.3885132670402527,1.7897231578826904,4.913823127746582,9.805331164650563e-06,3713.382228374481
2,3700,36.482879638671875,0.1375487595796585,1.7789132595062256,4.938868045806885,9.802436345968911e-06,3734.2461297512054
2,3720,58.789894104003906,0.3752133846282959,1.6510727405548096,4.757827281951904,9.799520645148734e-06,3754.8628985881805
2,3740,53.6560173034668,0.31590449810028076,1.721858024597168,4.846987724304199,9.796584076341567e-06,3775.276048898697
2,3760,52.851078033447266,0.2950829267501831,1.840917944908142,4.933605670928955,9.79362665380022e-06,3795.551287174225
2,3780,53.19784927368164,0.29144567251205444,1.9003247022628784,5.0500359535217285,9.79064839187873e-06,3814.912739276886
2,3800,41.64034652709961,0.1967475861310959,1.7114698886871338,4.850887298583984,9.787649305032272e-06,3834.7219729423523
2,3820,44.32286071777344,0.21363911032676697,1.79983651638031,4.96058464050293,9.784629407817098e-06,3855.098682165146
2,3840,52.02143478393555,0.30466341972351074,1.6756312847137451,4.798778057098389,9.781588714890463e-06,3875.1486093997955
2,3860,74.7009048461914,0.5285505056381226,1.6975443363189697,4.870414733886719,9.778527241010559e-06,3895.8357338905334
2,3880,46.036590576171875,0.22704309225082397,1.838273525238037,4.9495463371276855,9.775445001036434e-06,3915.426319360733
2,3900,46.574554443359375,0.2279253453016281,1.891248106956482,4.869538307189941,9.772342009927932e-06,3935.5167183876038
2,3920,58.041908264160156,0.35915902256965637,1.7157890796661377,4.968118190765381,9.769218282745609e-06,3955.7837147712708
2,3940,48.40060806274414,0.27953270077705383,1.5594581365585327,4.852757930755615,9.766073834650665e-06,3975.8704450130463
2,3960,39.0058708190918,0.17036715149879456,1.6915035247802734,5.0541181564331055,9.762908680904873e-06,3996.19970870018
2,3980,55.91550064086914,0.32906636595726013,1.8028481006622314,4.9803853034973145,9.7597228368705e-06,4016.4408876895905
2,4000,65.94495391845703,0.4242435693740845,1.8815964460372925,4.704628944396973,9.756516318010237e-06,4036.8535153865814
2,4020,45.470951080322266,0.24189592897891998,1.628026008605957,5.0010986328125,9.753289139887119e-06,4056.15993642807
2,4040,50.398990631103516,0.2841728925704956,1.7205636501312256,4.776066303253174,9.750041318164452e-06,4076.3305757045746
2,4060,57.77256774902344,0.35404735803604126,1.7433871030807495,4.933959484100342,9.746772868605738e-06,4096.271576166153
2,4080,70.48092651367188,0.487562358379364,1.6916974782943726,4.807713508605957,9.7434838070746e-06,4116.011995792389
2,4100,79.38380432128906,0.5810127258300781,1.640162706375122,4.8809051513671875,9.740174149534694e-06,4136.2263197898865
2,4120,44.79240417480469,0.23728053271770477,1.63206148147583,4.743734359741211,9.736843912049649e-06,4156.391757965088
2,4140,59.62709426879883,0.3538634479045868,1.9433302879333496,4.8074469566345215,9.733493110782978e-06,4176.358085632324
2,4160,40.39229965209961,0.19886678457260132,1.5502651929855347,5.0029683113098145,9.730121761998e-06,4196.250478744507
2,4180,45.07292175292969,0.24104613065719604,1.6233394145965576,4.734918117523193,9.726729882057762e-06,4216.420405387878
2,4200,60.076683044433594,0.37827298045158386,1.7263635396957397,4.985750198364258,9.72331748742496e-06,4236.108496427536
2,4220,61.149967193603516,0.36304372549057007,2.015125274658203,4.694343090057373,9.719884594661864e-06,4255.503029584885
2,4240,64.73918914794922,0.4181554317474365,1.8143314123153687,4.780333042144775,9.716431220430225e-06,4275.023112535477
2,4260,59.92707824707031,0.37272346019744873,1.7506788969039917,5.147942543029785,9.71295738149121e-06,4295.302335500717
2,4280,55.63481903076172,0.32588890194892883,1.8371270895004272,4.6746602058410645,9.709463094705308e-06,4315.374092102051
2,4300,55.61275863647461,0.3549990653991699,1.55527925491333,4.560057163238525,9.705948377032253e-06,4335.92786693573
2,4320,53.110469818115234,0.3040103018283844,1.8000919818878174,4.708522796630859,9.702413245530946e-06,4356.186831235886
2,4340,60.2283935546875,0.3767281770706177,1.7756656408309937,4.7989182472229,9.69885771735936e-06,4376.651928424835
2,4360,44.79075241088867,0.22533150017261505,1.7571539878845215,4.686062335968018,9.695281809774473e-06,4397.239934206009
2,4380,57.21819305419922,0.3522430956363678,1.726100206375122,4.732882022857666,9.69168554013217e-06,4417.758469581604
2,4400,58.017723083496094,0.36157336831092834,1.7267625331878662,4.592757701873779,9.688068925887165e-06,4438.135226726532
2,4420,37.67690658569336,0.15650305151939392,1.7230818271636963,4.795785427093506,9.684431984592919e-06,4458.795534849167
2,4440,43.00177001953125,0.22305923700332642,1.6073802709579468,4.622043132781982,9.680774733901546e-06,4478.613418579102
2,4460,47.586265563964844,0.2654231786727905,1.6702808141708374,4.341142177581787,9.67709719156374e-06,4498.774296998978
2,4480,46.721466064453125,0.2477034032344818,1.7049195766448975,4.901930332183838,9.673399375428677e-06,4518.286534547806
2,4500,43.84323501586914,0.2163049280643463,1.7493534088134766,4.719207763671875,9.669681303443934e-06,4538.04291844368
2,4520,41.75275421142578,0.2020646631717682,1.689078688621521,4.655503273010254,9.665942993655402e-06,4557.744755983353
2,4540,46.436439514160156,0.2515299916267395,1.6708807945251465,4.5746307373046875,9.662184464207196e-06,4577.773822069168
2,4560,67.3177719116211,0.46386244893074036,1.6444828510284424,4.486700057983398,9.658405733341569e-06,4596.91096496582
2,4580,41.712337493896484,0.2063330113887787,1.6485042572021484,4.593995571136475,9.654606819398825e-06,4616.77599811554
2,4600,54.77138137817383,0.3223283290863037,1.7960065603256226,4.578479290008545,9.65078774081722e-06,4632.042072057724
2,4620,48.013465881347656,0.2612762749195099,1.7110884189605713,4.7749552726745605,9.646948516132893e-06,4644.191190958023
2,4640,56.83077621459961,0.34923338890075684,1.7362127304077148,4.5453081130981445,9.643089163979752e-06,4655.28771853447
2,4660,44.99530792236328,0.22978147864341736,1.7389200925827026,4.627959728240967,9.6392097030894e-06,4666.666463851929
2,4680,51.957820892333984,0.3049587607383728,1.6836118698120117,4.625827789306641,9.635310152291038e-06,4678.882208347321
2,4700,55.476741790771484,0.3291005492210388,1.7708909511566162,4.857776165008545,9.631390530511377e-06,4690.141714334488
2,4720,38.42182922363281,0.17883387207984924,1.569292426109314,4.845520973205566,9.62745085677454e-06,4701.273437023163
2,4740,39.450618743896484,0.18358992040157318,1.646897315979004,4.622652530670166,9.623491150201973e-06,4712.538621664047
2,4760,45.49581527709961,0.24113193154335022,1.6753425598144531,4.629197120666504,9.619511430012358e-06,4724.153356790543
2,4780,62.501914978027344,0.4040067195892334,1.7315895557403564,4.7853474617004395,9.615511715521509e-06,4735.102184534073
2,4800,40.139923095703125,0.19874103367328644,1.5509109497070312,4.756711959838867,9.611492026142287e-06,4746.106779098511
2,4820,52.94908905029297,0.29570096731185913,1.8596172332763672,4.7828216552734375,9.607452381384499e-06,4757.337356805801
2,4840,32.27876281738281,0.11394822597503662,1.6230649948120117,4.653288841247559,9.603392800854808e-06,4768.398088693619
2,4860,44.82090377807617,0.22882086038589478,1.7179068326950073,4.759749889373779,9.599313304256637e-06,4779.528617858887
2,4880,45.66563415527344,0.24820688366889954,1.6249234676361084,4.595712661743164,9.595213911390077e-06,4790.515917539597
2,4900,51.18673324584961,0.2920193672180176,1.733793020248413,4.646864414215088,9.59109464215178e-06,4801.717298030853
2,4920,51.35246658325195,0.2845470607280731,1.814100980758667,4.756749629974365,9.586955516534867e-06,4812.809046268463
2,4940,46.43639373779297,0.24436822533607483,1.7256813049316406,4.742757797241211,9.582796554628844e-06,4823.973381996155
2,4960,45.47771453857422,0.2489543855190277,1.6284165382385254,4.298109531402588,9.578617776619486e-06,4835.06448507309
2,4980,33.521018981933594,0.11669466644525528,1.725534200668335,4.596209526062012,9.574419202788745e-06,4846.145094871521
2,5000,44.66114807128906,0.23568052053451538,1.655903697013855,4.534059524536133,9.570200853514662e-06,4857.245476961136
2,5020,41.7256965637207,0.19862568378448486,1.7217776775360107,4.645350456237793,9.565962749271251e-06,4868.6738657951355
2,5040,45.70063400268555,0.2405267059803009,1.7181572914123535,4.466389179229736,9.56170491062841e-06,4880.01615357399
2,5060,46.769012451171875,0.25068727135658264,1.6953905820846558,4.74638032913208,9.557427358251821e-06,4891.199203968048
2,5080,41.775814056396484,0.2034040093421936,1.6734743118286133,4.700673580169678,9.553130112902845e-06,4902.543178081512
2,5100,38.82624816894531,0.16147610545158386,1.7807573080062866,4.871062278747559,9.548813195438427e-06,4914.318001508713
2,5120,63.16105651855469,0.41192686557769775,1.7219641208648682,4.748727798461914,9.544476626810992e-06,4925.651935577393
2,5140,44.714786529541016,0.24413225054740906,1.5554002523422241,4.747559547424316,9.540120428068337e-06,4936.9808077812195
2,5160,46.0550651550293,0.25273388624191284,1.6279566287994385,4.502110958099365,9.535744620353545e-06,4948.112061262131
2,5180,50.73357391357422,0.3008967638015747,1.6012227535247803,4.6316680908203125,9.531349224904865e-06,4959.114275932312
2,5200,41.8559684753418,0.20868897438049316,1.610456943511963,4.882503032684326,9.526934263055616e-06,4970.3000428676605
2,5220,49.91728210449219,0.29331135749816895,1.6032142639160156,4.554004669189453,9.52249975623409e-06,4981.378958702087
2,5240,60.69711685180664,0.38034960627555847,1.8130816221237183,4.531336784362793,9.518045725963434e-06,4992.475269079208
2,5260,45.30685043334961,0.23730352520942688,1.7141774892807007,4.434722423553467,9.513572193861557e-06,5004.130331277847
2,5280,53.86798858642578,0.33034753799438477,1.640093207359314,4.4323039054870605,9.509079181641026e-06,5015.216875076294
2,5300,49.81410217285156,0.2881925702095032,1.6587966680526733,4.406875133514404,9.504566711108944e-06,5026.970254182816
2,5320,47.5355110168457,0.2694297432899475,1.6096808910369873,4.495728015899658,9.500034804166872e-06,5038.171197414398
2,5340,49.40862274169922,0.27119261026382446,1.7755346298217773,4.534017086029053,9.495483482810688e-06,5049.167359352112
2,5360,43.435089111328125,0.21609322726726532,1.736250638961792,4.463258266448975,9.490912769130518e-06,5060.835708141327
2,5380,46.08610153198242,0.26558995246887207,1.5008294582366943,4.5188093185424805,9.486322685310598e-06,5071.9228501319885
2,5400,53.21072006225586,0.3063144385814667,1.832837462425232,4.2509026527404785,9.48171325362918e-06,5083.359891414642
2,5420,33.0688362121582,0.1331828087568283,1.531715750694275,4.433398246765137,9.477084496458422e-06,5094.4797694683075
2,5440,49.07679748535156,0.2866186797618866,1.5834646224975586,4.580283164978027,9.472436436264283e-06,5105.729912996292
2,5460,62.457794189453125,0.4128330647945404,1.6848281621932983,4.326207637786865,9.467769095606409e-06,5117.289798498154
2,5480,62.390235900878906,0.41807499527931213,1.6211074590682983,4.371661186218262,9.463082497138021e-06,5128.345025062561
2,5500,42.709320068359375,0.22231736779212952,1.6242961883544922,4.234621047973633,9.458376663605815e-06,5139.519005537033
2,5520,49.783321380615234,0.2940775156021118,1.5925037860870361,4.450535297393799,9.45365161784984e-06,5151.277338027954
2,5540,38.16115188598633,0.17917439341545105,1.578246831893921,4.461247444152832,9.448907382803396e-06,5162.271088838577
2,5560,51.74165344238281,0.3099708557128906,1.6366877555847168,4.377688407897949,9.44414398149292e-06,5173.8830733299255
2,5580,60.65155029296875,0.3929242491722107,1.6947606801986694,4.4115214347839355,9.439361437037869e-06,5184.907017707825
2,5600,45.51866912841797,0.24331161379814148,1.6883163452148438,4.304345607757568,9.43455977265062e-06,5196.302703619003
2,5620,50.03265380859375,0.2854205071926117,1.696183204650879,4.528769016265869,9.429739011636343e-06,5207.383204698563
2,5640,40.775177001953125,0.1995740681886673,1.6636648178100586,4.181120872497559,9.424899177392896e-06,5218.387963294983
2,5660,40.13423156738281,0.20538559556007385,1.509718418121338,4.498490810394287,9.420040293410711e-06,5229.50993347168
2,5680,39.834388732910156,0.20989581942558289,1.442994475364685,4.414865016937256,9.415162383272683e-06,5240.742015838623
2,5700,51.2733268737793,0.3039902448654175,1.619661569595337,4.6776862144470215,9.410265470654046e-06,5252.050667762756
2,5720,51.1612663269043,0.30873697996139526,1.573643445968628,4.551136016845703,9.405349579322264e-06,5263.392529010773
2,5740,49.32836151123047,0.28590741753578186,1.6352447271347046,4.385168552398682,9.400414733136917e-06,5274.548643827438
2,5760,61.313602447509766,0.3993292450904846,1.7009390592575073,4.371288299560547,9.395460956049585e-06,5285.608149290085
2,5780,48.43278121948242,0.2790085971355438,1.6092709302902222,4.439212799072266,9.390488272103728e-06,5296.956728219986
2,5800,41.78329086303711,0.2080356925725937,1.6446905136108398,4.532816410064697,9.385496705434572e-06,5308.089859962463
2,5820,41.3405876159668,0.21892982721328735,1.5016109943389893,4.4314961433410645,9.380486280268994e-06,5319.350538253784
2,5840,40.25970458984375,0.20260348916053772,1.566084623336792,4.338510036468506,9.375457020925394e-06,5330.477209806442
2,5860,45.546958923339844,0.2457481026649475,1.6521676778793335,4.450471878051758,9.370408951813597e-06,5341.77085018158
2,5880,43.014671325683594,0.2226308286190033,1.618199110031128,4.569596290588379,9.365342097434715e-06,5353.114408493042
2,5900,36.79163360595703,0.16807346045970917,1.5632362365722656,4.351926326751709,9.360256482381032e-06,5364.553517818451
3,5920,42.05455017089844,0.22182215750217438,1.5416011810302734,4.45632266998291,9.355152131335894e-06,5392.427345275879
3,5940,38.3296012878418,0.19109077751636505,1.4994640350341797,4.2258830070495605,9.350029069073585e-06,5403.367951154709
3,5960,47.77496337890625,0.26304784417152405,1.7024457454681396,4.445719242095947,9.3448873204592e-06,5414.3955228328705
3,5980,50.82463836669922,0.3057037889957428,1.5765931606292725,4.48832893371582,9.339726910448528e-06,5425.511791706085
3,6000,52.32994842529297,0.31379708647727966,1.6537885665893555,4.412355422973633,9.334547864087939e-06,5436.8085696697235
3,6020,33.874019622802734,0.14546942710876465,1.492388129234314,4.40319299697876,9.32935020651425e-06,5448.19663310051
3,6040,60.33943176269531,0.4040326476097107,1.5548770427703857,4.387397766113281,9.324133962954612e-06,5459.403713941574
3,6060,38.510398864746094,0.18481554090976715,1.560701608657837,4.421828269958496,9.31889915872638e-06,5470.810938358307
3,6080,46.599613189697266,0.2662390470504761,1.5760536193847656,4.21517276763916,9.313645819237e-06,5482.033792734146
3,6100,39.59618377685547,0.19504308700561523,1.5775847434997559,4.31602668762207,9.308373969983877e-06,5493.732553958893
3,6120,55.529762268066406,0.35504603385925293,1.5690152645111084,4.335005283355713,9.303083636554255e-06,5505.1673357486725
3,6140,46.082313537597656,0.2571907043457031,1.585753321647644,4.505710124969482,9.29777484462509e-06,5516.781362295151
3,6160,38.22150802612305,0.19063779711723328,1.4848296642303467,4.309429168701172,9.29244761996293e-06,5528.043778657913
3,6180,41.637969970703125,0.22820913791656494,1.4478166103363037,4.338890075683594,9.287101988423784e-06,5539.950662136078
3,6200,38.426300048828125,0.17783133685588837,1.608782172203064,4.55534553527832,9.281737975953008e-06,5551.062760353088
3,6220,41.227596282958984,0.21127155423164368,1.5715373754501343,4.385067462921143,9.276355608585156e-06,5562.140116691589
3,6240,39.02363586425781,0.18780925869941711,1.5980075597763062,4.262634754180908,9.270954912443888e-06,5573.354620456696
3,6260,43.216915130615234,0.2407127320766449,1.4732873439788818,4.4127678871154785,9.26553591374181e-06,5584.466013908386
3,6280,44.54659652709961,0.22562426328659058,1.7744134664535522,4.240035533905029,9.260098638780362e-06,5596.212319135666
3,6300,40.95440673828125,0.20759326219558716,1.5961254835128784,4.233827590942383,9.254643113949693e-06,5607.327570438385
3,6320,45.614044189453125,0.24645376205444336,1.645330786705017,4.515357494354248,9.249169365728528e-06,5618.417585372925
3,6340,48.82695007324219,0.29518139362335205,1.479104995727539,4.517762660980225,9.243677420684037e-06,5629.452018976212
3,6360,52.92070007324219,0.3263006806373596,1.5905317068099976,4.385313034057617,9.238167305471716e-06,5642.041432619095
3,6380,61.87928771972656,0.42122286558151245,1.528572916984558,4.471270561218262,9.232639046835242e-06,5653.16107916832
3,6400,44.33374786376953,0.23956957459449768,1.5895808935165405,4.480978012084961,9.227092671606362e-06,5664.525799512863
3,6420,32.169673919677734,0.12550745904445648,1.5222537517547607,4.396387577056885,9.221528206704745e-06,5675.678931951523
3,6440,43.94013595581055,0.235443115234375,1.610997200012207,4.285853862762451,9.215945679137865e-06,5688.067804336548
3,6460,37.31600570678711,0.17626994848251343,1.5338592529296875,4.350418567657471,9.210345116000856e-06,5700.125930070877
3,6480,42.83447265625,0.21798783540725708,1.6783264875411987,4.252425193786621,9.204726544476402e-06,5711.428344011307
3,6500,34.72864532470703,0.14665153622627258,1.5557105541229248,4.506383895874023,9.19908999183458e-06,5722.417914390564
3,6520,34.34976577758789,0.14673854410648346,1.5157334804534912,4.518576145172119,9.193435485432744e-06,5734.6956515312195
3,6540,37.48741149902344,0.17105303704738617,1.5825574398040771,4.556535243988037,9.187763052715388e-06,5747.08589553833
3,6560,25.990375518798828,0.06615398824214935,1.4832934141159058,4.5420427322387695,9.182072721214012e-06,5759.001010417938
3,6580,32.2420768737793,0.11018364876508713,1.6960166692733765,4.26354455947876,9.17636451854699e-06,5770.711409807205
3,6600,41.02558898925781,0.20505711436271667,1.6110608577728271,4.409270763397217,9.17063847241943e-06,5783.444268703461
3,6620,49.49406814575195,0.28370946645736694,1.6691920757293701,4.4312005043029785,9.164894610623051e-06,5794.742502450943
3,6640,37.85289001464844,0.19011245667934418,1.463470220565796,4.206939697265625,9.159132961036038e-06,5806.3606152534485
3,6660,40.89204406738281,0.21624445915222168,1.510014533996582,4.16745138168335,9.15335355162291e-06,5817.616127729416
3,6680,44.426883697509766,0.25125738978385925,1.5251083374023438,4.050059795379639,9.147556410434383e-06,5829.396452188492
3,6700,41.098323822021484,0.22025921940803528,1.4682444334030151,4.389958381652832,9.14174156560724e-06,5840.74477314949
3,6720,36.50009536743164,0.16427791118621826,1.5743491649627686,4.328813076019287,9.135909045364186e-06,5851.6791405677795
3,6740,43.9320068359375,0.24994349479675293,1.4787724018096924,4.149932384490967,9.130058878013712e-06,5862.75749707222
3,6760,38.340118408203125,0.18695582449436188,1.5145095586776733,4.499439239501953,9.124191091949968e-06,5873.9248950481415
3,6780,54.83830642700195,0.34636956453323364,1.5972999334335327,4.228353023529053,9.118305715652614e-06,5885.213772773743
3,6800,45.48656463623047,0.24391219019889832,1.6652939319610596,4.442404747009277,9.112402777686682e-06,5896.849466085434
3,6820,38.753944396972656,0.1955680102109909,1.4892451763153076,4.304693222045898,9.106482306702444e-06,5909.732366800308
3,6840,38.862937927246094,0.20153072476387024,1.4420459270477295,4.28940486907959,9.100544331435269e-06,5920.791067123413
3,6860,54.32663345336914,0.3392324149608612,1.63190495967865,4.084343433380127,9.094588880705481e-06,5932.676013708115
3,6880,44.702850341796875,0.25801318883895874,1.477294921875,4.128581523895264,9.088615983418229e-06,5944.073105812073
3,6900,38.47882080078125,0.1748679280281067,1.6507134437561035,4.484894752502441,9.082625668563337e-06,5955.306219339371
3,6920,38.76657485961914,0.18467512726783752,1.5917117595672607,4.381945610046387,9.076617965215164e-06,5967.094046354294
3,6940,32.47351837158203,0.1390947699546814,1.4356149435043335,4.207891464233398,9.070592902532464e-06,5978.724830627441
3,6960,45.76070785522461,0.24767662584781647,1.666820764541626,4.3248395919799805,9.064550509758249e-06,5990.126075029373
3,6980,45.79721450805664,0.25130927562713623,1.6292612552642822,4.373676776885986,9.058490816219644e-06,6001.708924531937
3,7000,64.83982849121094,0.45883655548095703,1.4887821674346924,4.068353176116943,9.052413851327744e-06,6013.124093055725
3,7020,36.65591812133789,0.18532678484916687,1.4053688049316406,4.069553375244141,9.046319644577467e-06,6024.694216489792
3,7040,45.1422119140625,0.2436041384935379,1.661820411682129,4.1635942459106445,9.040208225547424e-06,6035.979864120483
3,7060,36.3290901184082,0.1672271490097046,1.5272014141082764,4.334359169006348,9.034079623899756e-06,6047.063336133957
3,7080,37.90549087524414,0.17754381895065308,1.5966824293136597,4.184283256530762,9.027933869380012e-06,6058.415110826492
3,7100,41.15647888183594,0.22028103470802307,1.5002498626708984,4.125877857208252,9.021770991816984e-06,6069.734957695007
3,7120,37.631893157958984,0.16996322572231293,1.65652596950531,4.070309162139893,9.01559102112258e-06,6081.103002309799
3,7140,41.33296203613281,0.21039482951164246,1.606752634048462,4.2259521484375,9.009393987291662e-06,6092.44987821579
3,7160,43.8388786315918,0.2389456033706665,1.5427708625793457,4.516607761383057,9.00317992040192e-06,6103.541863679886
3,7180,38.296024322509766,0.18027478456497192,1.597374677658081,4.29479455947876,8.996948850613703e-06,6114.920650243759
3,7200,42.5999870300293,0.22646144032478333,1.5954850912094116,3.998990058898926,8.99070080816989e-06,6126.047083854675
3,7220,38.74945068359375,0.18113601207733154,1.616105079650879,4.474801540374756,8.984435823395741e-06,6137.185951471329
3,7240,45.88093566894531,0.26582157611846924,1.5179847478866577,4.118931770324707,8.978153926698744e-06,6148.273558855057
3,7260,43.86737823486328,0.23110708594322205,1.6428420543670654,4.328245162963867,8.971855148568466e-06,6159.381652832031
3,7280,43.83491134643555,0.23954913020133972,1.5733894109725952,4.1461052894592285,8.965539519576414e-06,6171.211536645889
3,7300,40.42359924316406,0.2075750231742859,1.5181357860565186,4.484741687774658,8.959207070375885e-06,6182.468467235565
3,7320,33.82200622558594,0.13774804770946503,1.5829514265060425,4.217685222625732,8.952857831701803e-06,6193.885023593903
3,7340,48.59939193725586,0.2990553379058838,1.431748628616333,4.376374244689941,8.946491834370591e-06,6205.033777475357
3,7360,37.336265563964844,0.19181758165359497,1.3904180526733398,4.250328540802002,8.940109109280007e-06,6216.193358182907
3,7380,42.29003143310547,0.2270471155643463,1.547991156578064,4.105409622192383,8.933709687408994e-06,6227.279385328293
3,7400,45.76075744628906,0.2624795436859131,1.5451009273529053,4.061791896820068,8.927293599817543e-06,6238.425726413727
3,7420,39.770957946777344,0.2089439332485199,1.4971542358398438,3.905019760131836,8.920860877646529e-06,6249.430016994476
3,7440,27.5773983001709,0.07845641672611237,1.5277936458587646,4.453819751739502,8.91441155211756e-06,6260.972882270813
3,7460,34.92767333984375,0.13137434422969818,1.7568329572677612,4.221912384033203,8.907945654532834e-06,6272.157311439514
3,7480,41.39197540283203,0.19133560359477997,1.8070182800292969,4.188233375549316,8.901463216274982e-06,6283.273868560791
3,7500,40.765193939208984,0.20154741406440735,1.6480541229248047,4.129910945892334,8.894964268806916e-06,6294.614160776138
3,7520,42.55874252319336,0.2272931933403015,1.5423741340637207,4.4056806564331055,8.888448843671674e-06,6305.717132091522
3,7540,44.10214614868164,0.22794632613658905,1.7318781614303589,3.9887354373931885,8.881916972492272e-06,6316.982110261917
3,7560,46.138938903808594,0.26972657442092896,1.5062415599822998,4.103864669799805,8.875368686971548e-06,6328.432517290115
3,7580,33.969017028808594,0.16084297001361847,1.3923767805099487,3.960951089859009,8.868804018892006e-06,6339.559150695801
3,7600,49.974464416503906,0.2968220114707947,1.6147611141204834,4.144651889801025,8.862223000115665e-06,6350.552858352661
3,7620,35.38542175292969,0.14390262961387634,1.669903039932251,4.2961297035217285,8.855625662583904e-06,6361.961581707001
3,7640,40.32319259643555,0.19954609870910645,1.624866247177124,4.119924068450928,8.849012038317303e-06,6372.9850025177
3,7660,35.808895111083984,0.16670845448970795,1.4802827835083008,4.3352227210998535,8.842382159415496e-06,6384.04380273819
3,7680,35.14102554321289,0.15660026669502258,1.5153363943099976,4.327636241912842,8.835736058057003e-06,6395.318677663803
3,7700,49.55915451049805,0.29709625244140625,1.5749887228012085,4.099642276763916,8.829073766499087e-06,6406.37535738945
3,7720,37.64985275268555,0.1815485656261444,1.5315446853637695,4.179551124572754,8.822395317077589e-06,6417.588141679764
3,7740,31.56432342529297,0.11041350662708282,1.6355876922607422,4.1670942306518555,8.815700742206768e-06,6428.607640981674
3,7760,29.663463592529297,0.10713933408260345,1.4915727376937866,4.0338029861450195,8.808990074379162e-06,6439.759818792343
3,7780,40.10871887207031,0.21949374675750732,1.3927510976791382,4.231834411621094,8.802263346165399e-06,6450.844261169434
3,7800,32.3510856628418,0.12952342629432678,1.5138986110687256,4.2597575187683105,8.795520590214071e-06,6463.87296962738
3,7820,29.438167572021484,0.11045311391353607,1.4131066799163818,4.261789321899414,8.78876183925156e-06,6474.903958559036
3,7840,35.22346496582031,0.15993312001228333,1.5310330390930176,3.9198241233825684,8.781987126081873e-06,6486.213008880615
3,7860,44.921142578125,0.2606866955757141,1.4709352254867554,4.143118858337402,8.7751964835865e-06,6497.534625530243
3,7880,28.851848602294922,0.09740424901247025,1.4759081602096558,4.352341651916504,8.768389944724237e-06,6508.660461902618
3,7900,55.356468200683594,0.3539395332336426,1.5826457738876343,4.1360602378845215,8.76156754253104e-06,6520.383161067963
3,7920,52.614295959472656,0.33343473076820374,1.5059093236923218,4.211732864379883,8.754729310119857e-06,6531.402819156647
3,7940,33.79307556152344,0.1447640359401703,1.526381254196167,4.052859783172607,8.747875280680464e-06,6542.457149982452
3,7960,44.45566940307617,0.2614630460739136,1.4228887557983398,4.080477237701416,8.741005487479316e-06,6553.868658065796
3,7980,36.29158020019531,0.18537431955337524,1.3680057525634766,4.074087619781494,8.734119963859377e-06,6565.820345878601
3,8000,32.327430725097656,0.11454357206821442,1.6763485670089722,4.109589576721191,8.727218743239955e-06,6576.889714717865
3,8020,59.23019790649414,0.3945659399032593,1.5570249557495117,4.203359127044678,8.72030185911655e-06,6588.237587928772
3,8040,38.2425537109375,0.195551335811615,1.4341057538986206,4.34636116027832,8.713369345060678e-06,6599.396425485611
3,8060,48.63475799560547,0.30021971464157104,1.4456390142440796,4.15639591217041,8.706421234719726e-06,6610.718697071075
3,8080,44.43609619140625,0.2645779848098755,1.3872947692871094,4.105350971221924,8.699457561816772e-06,6622.105087757111
3,8100,40.113914489746094,0.2062494158744812,1.5296964645385742,4.192010879516602,8.692478360150428e-06,6633.131358861923
3,8120,37.31025695800781,0.1717757135629654,1.5970821380615234,4.161863327026367,8.685483663594678e-06,6644.470237970352
3,8140,51.782569885253906,0.3364635705947876,1.4319157600402832,3.8170557022094727,8.678473506098711e-06,6655.653207778931
3,8160,42.48495864868164,0.23137018084526062,1.5056564807891846,4.29137659072876,8.671447921686757e-06,6666.793513059616
3,8180,42.605751037597656,0.2484983205795288,1.3289183378219604,4.466736793518066,8.664406944457917e-06,6677.966280221939
3,8200,47.38735580444336,0.297365665435791,1.3640164136886597,4.01062536239624,8.657350608586008e-06,6689.395482540131
3,8220,32.72780990600586,0.12002217769622803,1.649010181427002,4.235490322113037,8.650278948319388e-06,6700.641657590866
3,8240,39.071632385253906,0.1946042776107788,1.568587064743042,3.925330400466919,8.643191997980796e-06,6711.962995529175
3,8260,29.854097366333008,0.11236214637756348,1.4164695739746094,4.453187465667725,8.636089791967178e-06,6723.202616930008
3,8280,30.415485382080078,0.11179667711257935,1.525139570236206,3.9844205379486084,8.628972364749524e-06,6734.309872627258
3,8300,43.51746368408203,0.2506798505783081,1.4479678869247437,3.9698009490966797,8.621839750872706e-06,6745.60915517807
3,8320,27.097126007080078,0.08207619190216064,1.4692085981369019,4.197421073913574,8.614691984955303e-06,6756.818777799606
3,8340,32.16862106323242,0.136082261800766,1.4429081678390503,4.131314754486084,8.607529101689434e-06,6767.909931182861
3,8360,45.139827728271484,0.25783705711364746,1.5136244297027588,4.219875812530518,8.60035113584059e-06,6779.067069530487
3,8380,44.01387023925781,0.24642038345336914,1.5290578603744507,4.081254482269287,8.593158122247472e-06,6790.769614934921
3,8400,38.10166549682617,0.17935365438461304,1.5966304540634155,4.199992656707764,8.58595009582181e-06,6802.112675189972
3,8420,32.15158462524414,0.12050981819629669,1.6093783378601074,4.006820201873779,8.578727091548202e-06,6813.5251841545105
3,8440,34.20451354980469,0.16060878336429596,1.4257454872131348,3.8861823081970215,8.571489144483945e-06,6824.531141281128
3,8460,34.79212951660156,0.15147212147712708,1.5433502197265625,4.211414337158203,8.564236289758853e-06,6835.541824579239
3,8480,43.25165557861328,0.2303968369960785,1.5940698385238647,4.2712721824646,8.556968562575106e-06,6846.69456744194
3,8500,30.963661193847656,0.127559632062912,1.3996776342391968,4.210923194885254,8.549685998207062e-06,6857.9421446323395
3,8520,44.29951858520508,0.2551456689834595,1.4832128286361694,3.9528231620788574,8.542388632001094e-06,6869.628346443176
3,8540,30.419130325317383,0.11992290616035461,1.428868055343628,4.138159275054932,8.535076499375415e-06,6880.650418281555
3,8560,37.66318893432617,0.19960927963256836,1.3798631429672241,3.903630018234253,8.527749635819907e-06,6892.75906920433
3,8580,33.894996643066406,0.13475650548934937,1.6448358297348022,3.9709887504577637,8.520408076895957e-06,6903.873418092728
3,8600,40.20401382446289,0.21764808893203735,1.4157366752624512,4.281836986541748,8.513051858236268e-06,6915.434660434723
3,8620,41.79962158203125,0.23814618587493896,1.3747972249984741,4.237029552459717,8.505681015544696e-06,6926.861095666885
3,8640,47.18164825439453,0.2809453010559082,1.493340253829956,4.153718948364258,8.49829558459608e-06,6938.576119422913
3,8660,28.660663604736328,0.09625101834535599,1.4992326498031616,4.043236255645752,8.490895601236063e-06,6949.796877145767
3,8680,39.98610305786133,0.20609234273433685,1.5212483406066895,4.164388179779053,8.483481101380917e-06,6960.900112628937
3,8700,41.207008361816406,0.22082388401031494,1.5036802291870117,4.087817668914795,8.476052121017368e-06,6972.2096354961395
3,8720,37.270896911621094,0.18853414058685303,1.4437646865844727,3.9798336029052734,8.468608696202433e-06,6983.727294206619
3,8740,38.563720703125,0.18464010953903198,1.6035706996917725,4.064002513885498,8.46115086306323e-06,6994.957201242447
3,8760,36.98844909667969,0.18187600374221802,1.4795864820480347,4.004983901977539,8.453678657796805e-06,7005.981892347336
3,8780,34.1408576965332,0.15040302276611328,1.5020842552185059,4.079713344573975,8.446192116669966e-06,7017.7440576553345
3,8800,39.68437576293945,0.20391082763671875,1.5310544967651367,3.982745409011841,8.438691276019103e-06,7029.2909989356995
3,8820,46.02086639404297,0.27246102690696716,1.4766576290130615,4.008187294006348,8.431176172250002e-06,7040.413670063019
3,8840,27.438587188720703,0.10092979669570923,1.317962408065796,4.1659836769104,8.423646841837678e-06,7051.550937652588
4,8860,38.668243408203125,0.20692411065101624,1.4060921669006348,3.914907932281494,8.416103321326203e-06,7077.6310505867
4,8880,45.517215728759766,0.2604833245277405,1.5389316082000732,4.07956600189209,8.408545647328513e-06,7088.801522254944
4,8900,39.852149963378906,0.21621300280094147,1.4069374799728394,4.161477088928223,8.400973856526243e-06,7099.7791883945465
4,8920,40.516849517822266,0.22455796599388123,1.3851608037948608,4.209447383880615,8.393387985669541e-06,7111.22948384285
4,8940,30.250049591064453,0.12050551176071167,1.4016250371932983,4.183246612548828,8.385788071576902e-06,7122.158168315887
4,8960,37.98035430908203,0.20186901092529297,1.3576810359954834,4.216644287109375,8.378174151134968e-06,7133.064906597137
4,8980,38.34176254272461,0.20910312235355377,1.3662354946136475,3.7690908908843994,8.370546261298375e-06,7144.003648042679
4,9000,32.420448303222656,0.13276617228984833,1.482906699180603,4.314765930175781,8.362904439089549e-06,7155.117484807968
4,9020,43.185523986816406,0.2505330443382263,1.3944628238677979,4.187590599060059,8.355248721598544e-06,7166.376432657242
4,9040,33.444374084472656,0.14589889347553253,1.489856243133545,3.9559218883514404,8.347579145982856e-06,7177.5166015625
4,9060,33.46941375732422,0.15076163411140442,1.4521087408065796,3.8721601963043213,8.339895749467238e-06,7188.443017244339
4,9080,30.255859375,0.1263735443353653,1.372927188873291,3.8892323970794678,8.332198569343527e-06,7200.226891517639
4,9100,41.24042510986328,0.22607606649398804,1.456158995628357,4.071226596832275,8.324487642970458e-06,7211.312800645828
4,9120,36.38359069824219,0.18336805701255798,1.3887660503387451,4.159127235412598,8.316763007773486e-06,7224.062618017197
4,9140,41.022483825683594,0.2176057994365692,1.5135173797607422,4.126730918884277,8.3090247012446e-06,7235.710961818695
4,9160,32.56953811645508,0.15796951949596405,1.2758383750915527,4.0142035484313965,8.301272760942144e-06,7247.372954130173
4,9180,37.33205795288086,0.1878879815340042,1.4606106281280518,3.937152147293091,8.293507224490638e-06,7258.7224588394165
4,9200,23.89702033996582,0.05572255328297615,1.4281976222991943,4.042787075042725,8.285728129580589e-06,7270.095018148422
4,9220,44.30430603027344,0.25738635659217834,1.452101469039917,4.044654846191406,8.27793551396831e-06,7281.286191701889
4,9240,33.445770263671875,0.14556583762168884,1.4839891195297241,4.049296855926514,8.270129415475739e-06,7292.777049541473
4,9260,38.72161102294922,0.2067028284072876,1.4057397842407227,3.9939303398132324,8.262309871990251e-06,7304.362715959549
4,9280,35.30263900756836,0.1697918176651001,1.4110373258590698,4.2130842208862305,8.254476921464483e-06,7315.421584367752
4,9300,34.65751647949219,0.16203200817108154,1.4643547534942627,3.8107669353485107,8.246630601916141e-06,7327.064998149872
4,9320,32.37233352661133,0.13897307217121124,1.4488248825073242,3.9867775440216064,8.238770951427814e-06,7338.041197538376
4,9340,30.6621036529541,0.11831241101026535,1.486281156539917,3.9680497646331787,8.230898008146799e-06,7348.985852241516
4,9360,35.10591506958008,0.16967633366584778,1.4214787483215332,3.9234912395477295,8.223011810284912e-06,7360.7323315143585
4,9380,36.806541442871094,0.18007689714431763,1.4819368124008179,3.9794836044311523,8.215112396118293e-06,7372.104895830154
4,9400,35.9738655090332,0.1762530505657196,1.4436172246932983,3.912386178970337,8.207199803987235e-06,7383.23592376709
4,9420,35.604888916015625,0.16972479224205017,1.4539580345153809,4.092831134796143,8.199274072295988e-06,7394.371768712997
4,9440,33.29738998413086,0.14535018801689148,1.4897135496139526,3.865234851837158,8.19133523951258e-06,7405.386056184769
4,9460,38.06516647338867,0.1888398826122284,1.493627905845642,4.244898319244385,8.183383344168618e-06,7416.743294239044
4,9480,39.401763916015625,0.20912081003189087,1.454252004623413,3.9471611976623535,8.175418424859116e-06,7427.7479836940765
4,9500,47.327877044677734,0.273937463760376,1.597793459892273,3.9561972618103027,8.167440520242298e-06,7438.826442480087
4,9520,48.774654388427734,0.2867569327354431,1.6073493957519531,4.025467395782471,8.159449669039411e-06,7450.481863737106
4,9540,28.257701873779297,0.09313419461250305,1.4916961193084717,4.0273213386535645,8.151445910034544e-06,7461.687631368637
4,9560,35.66514587402344,0.1817287802696228,1.3289093971252441,4.203173637390137,8.143429282074431e-06,7472.860379219055
4,9580,30.12178611755371,0.1260358989238739,1.3499945402145386,4.018251419067383,8.135399824068267e-06,7484.310736179352
4,9600,34.26898193359375,0.1597929745912552,1.4340264797210693,3.949418783187866,8.127357574987515e-06,7495.549626588821
4,9620,48.39487075805664,0.29361066222190857,1.5175632238388062,3.858173370361328,8.119302573865732e-06,7506.604840040207
4,9640,42.97037887573242,0.2335740029811859,1.569602370262146,3.916954517364502,8.111234859798353e-06,7517.768134355545
4,9660,30.90096664428711,0.12878087162971497,1.3990806341171265,4.032074928283691,8.103154471942524e-06,7529.0782725811005
4,9680,36.6817626953125,0.18502938747406006,1.4156936407089233,4.0218892097473145,8.095061449516904e-06,7540.413192033768
4,9700,40.75074768066406,0.21787159144878387,1.4922775030136108,4.040811538696289,8.086955831801471e-06,7552.297471523285
4,9720,40.302513122558594,0.2371903359889984,1.2746727466583252,3.8367538452148438,8.078837658137342e-06,7563.320664644241
4,9740,53.660118103027344,0.3521651029586792,1.4443588256835938,4.000020980834961,8.070706967926565e-06,7574.513503074646
4,9760,34.82670974731445,0.16555526852607727,1.429990530014038,3.971276044845581,8.062563800631949e-06,7586.266718626022
4,9780,30.299535751342773,0.11728706955909729,1.4881070852279663,3.6897568702697754,8.054408195776852e-06,7597.866171121597
4,9800,34.845787048339844,0.16403114795684814,1.4503238201141357,3.939432144165039,8.046240192945e-06,7609.374214887619
4,9820,43.85356521606445,0.2486494779586792,1.4838364124298096,4.150251865386963,8.038059831780301e-06,7620.678401231766
4,9840,36.25879669189453,0.18005569279193878,1.4251420497894287,4.001806259155273,8.029867151986637e-06,7632.246744394302
4,9860,35.1242790222168,0.16295218467712402,1.4798734188079834,4.030323505401611,8.02166219332768e-06,7644.190621852875
4,9880,26.29343032836914,0.08230815827846527,1.4035816192626953,4.026797294616699,8.0134449956267e-06,7655.303443193436
4,9900,42.970359802246094,0.2469978928565979,1.4147961139678955,4.122611045837402,8.005215598766371e-06,7666.46595788002
4,9920,25.062541961669922,0.07184156775474548,1.3948981761932373,3.9294040203094482,7.996974042688574e-06,7677.567966938019
4,9940,46.937652587890625,0.2732252776622772,1.558334231376648,4.031784534454346,7.98872036739421e-06,7689.017670869827
4,9960,30.063220977783203,0.11278991401195526,1.4872173070907593,3.9120559692382812,7.980454612942992e-06,7700.3591837883
4,9980,34.158843994140625,0.15988871455192566,1.407853126525879,4.091440677642822,7.972176819453269e-06,7711.798266172409
4,10000,35.09198760986328,0.15445606410503387,1.5624936819076538,4.0214433670043945,7.96388702710182e-06,7723.189796447754
4,10020,42.135005950927734,0.24156337976455688,1.4268577098846436,3.7100906372070312,7.95558527612366e-06,7734.21075630188
4,10040,34.387779235839844,0.15826162695884705,1.4830520153045654,3.731097459793091,7.947271606811845e-06,7745.7702305316925
4,10060,38.26506042480469,0.20109963417053223,1.4196381568908691,3.9587154388427734,7.93894605951728e-06,7757.182939291
4,10080,38.86103820800781,0.20787818729877472,1.4174525737762451,3.898693084716797,7.930608674648517e-06,7768.1733593940735
4,10100,38.45946502685547,0.1927427500486374,1.5027141571044922,4.15805196762085,7.922259492671569e-06,7779.618900060654
4,10120,39.32073974609375,0.21249175071716309,1.4164689779281616,3.9068756103515625,7.913898554109698e-06,7790.932748556137
4,10140,38.704158782958984,0.21501535177230835,1.358718752861023,3.615438222885132,7.905525899543231e-06,7802.100558042526
4,10160,31.481605529785156,0.13452646136283875,1.420478105545044,3.824178695678711,7.897141569609364e-06,7813.19926738739
4,10180,40.87458038330078,0.24216197431087494,1.282860517501831,3.8297765254974365,7.888745605001955e-06,7824.942931175232
4,10200,28.838340759277344,0.1108342856168747,1.3903992176055908,3.8509209156036377,7.880338046471331e-06,7836.1451807022095
4,10220,31.444622039794922,0.14920133352279663,1.271386981010437,3.8106203079223633,7.871918934824096e-06,7847.28533577919
4,10240,29.836505889892578,0.12921470403671265,1.2909471988677979,4.005562782287598,7.86348831092292e-06,7858.608116865158
4,10260,52.04340744018555,0.34159183502197266,1.3706464767456055,4.177761077880859,7.85504621568636e-06,7869.886727571487
4,10280,34.99211120605469,0.1677379608154297,1.439244270324707,3.825873613357544,7.846592690088633e-06,7881.026904821396
4,10300,35.143619537353516,0.16459912061691284,1.4759652614593506,3.92405366897583,7.838127775159451e-06,7892.165401697159
4,10320,30.736602783203125,0.10828015208244324,1.582153081893921,4.087055683135986,7.829651511983796e-06,7904.036041498184
4,10340,37.007530212402344,0.18994003534317017,1.415890097618103,3.8546249866485596,7.82116394170173e-06,7915.262298822403
4,10360,30.386194229125977,0.13104748725891113,1.3358763456344604,3.9226818084716797,7.812665105508194e-06,7926.77752828598
4,10380,45.267215728759766,0.2745993137359619,1.4137582778930664,3.669703483581543,7.804155044652813e-06,7938.244421720505
4,10400,38.10232162475586,0.2073599398136139,1.3820022344589233,3.546306610107422,7.79563380043969e-06,7949.729192018509
4,10420,50.983158111572266,0.3219752311706543,1.4988222122192383,3.797412395477295,7.787101414227202e-06,7961.096269369125
4,10440,33.395172119140625,0.14895029366016388,1.4726580381393433,3.7735633850097656,7.778557927427812e-06,7972.905977725983
4,10460,33.775840759277344,0.15849673748016357,1.377598762512207,4.150177478790283,7.770003381507854e-06,7984.149607419968
4,10480,33.09783935546875,0.14965671300888062,1.412735939025879,4.004809379577637,7.761437817987343e-06,7995.595863580704
4,10500,36.44832229614258,0.19013386964797974,1.3515117168426514,3.9198179244995117,7.752861278439767e-06,8006.896952867508
4,10520,33.670352935791016,0.16421721875667572,1.3422269821166992,3.826361894607544,7.744273804491886e-06,8018.090192079544
4,10540,32.714759826660156,0.1466648131608963,1.387412428855896,4.174152851104736,7.73567543782353e-06,8029.234424114227
4,10560,35.902732849121094,0.17413868010044098,1.4379667043685913,4.109198570251465,7.727066220167398e-06,8040.870228290558
4,10580,29.86461639404297,0.127708300948143,1.3159137964248657,3.9346492290496826,7.71844619330886e-06,8052.09312081337
4,10600,32.2534294128418,0.14421415328979492,1.376922845840454,4.062784671783447,7.709815399085737e-06,8063.192289113998
4,10620,31.378681182861328,0.13807755708694458,1.3939013481140137,3.6319122314453125,7.701173879388128e-06,8074.503445863724
4,10640,22.21649169921875,0.04187232255935669,1.4257211685180664,3.772049903869629,7.69252167615817e-06,8085.673882961273
4,10660,33.663272857666016,0.15879490971565247,1.3851449489593506,3.932330369949341,7.683858831389866e-06,8097.269339561462
4,10680,34.411109924316406,0.15654247999191284,1.4543406963348389,4.213453769683838,7.675185387128861e-06,8108.9065952301025
4,10700,35.69145584106445,0.18753287196159363,1.288151741027832,4.0566511154174805,7.666501385472253e-06,8120.053598880768
4,10720,28.470050811767578,0.12062819302082062,1.2606345415115356,3.8008856773376465,7.65780686856837e-06,8131.512397527695
4,10740,36.46022415161133,0.1917465329170227,1.3503516912460327,3.7820560932159424,7.649101878616589e-06,8143.243716478348
4,10760,30.520776748657227,0.12740638852119446,1.3807166814804077,3.9729702472686768,7.64038645786711e-06,8154.717684268951
4,10780,34.80331802368164,0.1719743311405182,1.360442042350769,4.001466274261475,7.63166064862076e-06,8166.429064035416
4,10800,54.862091064453125,0.36706387996673584,1.4493403434753418,3.6622989177703857,7.62292449322879e-06,8177.956380367279
4,10820,35.5609130859375,0.17384418845176697,1.4365171194076538,3.8113226890563965,7.6141780340926675e-06,8189.425661087036
4,10840,31.592674255371094,0.133732870221138,1.4315447807312012,3.9039387702941895,7.605421313663864e-06,8200.610579013824
4,10860,31.251874923706055,0.13241809606552124,1.4092302322387695,3.9177627563476562,7.596654374443665e-06,8211.678324460983
4,10880,49.50787353515625,0.31235045194625854,1.462450385093689,3.6483237743377686,7.587877258982941e-06,8223.00945854187
4,10900,41.578514099121094,0.22901001572608948,1.4843558073043823,3.8339524269104004,7.579090009881965e-06,8234.106138467789
4,10920,36.744972229003906,0.20010824501514435,1.2950146198272705,3.7840030193328857,7.570292669790186e-06,8245.359202623367
4,10940,43.761863708496094,0.25399050116539,1.4291601181030273,4.071211814880371,7.5614852814060335e-06,8261.96306848526
4,10960,34.202396392822266,0.17638050019741058,1.2991807460784912,3.572538375854492,7.552667887476709e-06,8282.210906744003
4,10980,34.76192092895508,0.16752704977989197,1.427663803100586,3.732576608657837,7.543840530797971e-06,8302.588199853897
4,11000,30.435144424438477,0.13190488517284393,1.3279242515563965,3.965414047241211,7.535003254213942e-06,8322.710611343384
4,11020,48.76023483276367,0.30775511264801025,1.4226049184799194,3.758674383163452,7.5261561006168785e-06,8343.082669973373
4,11040,43.878482818603516,0.2578454613685608,1.4353187084197998,3.740748882293701,7.517299112946986e-06,8363.349068164825
4,11060,33.786521911621094,0.16848605871200562,1.3099539279937744,3.8383750915527344,7.508432334192199e-06,8383.648836135864
4,11080,32.94071960449219,0.1533624827861786,1.37418794631958,3.8625917434692383,7.49955580738797e-06,8404.014778137207
4,11100,33.29314422607422,0.1584175080060959,1.3542709350585938,3.9086835384368896,7.490669575617065e-06,8424.453425645828
4,11120,31.397974014282227,0.12316074967384338,1.5130877494812012,3.951021671295166,7.481773682009356e-06,8444.654559850693
4,11140,28.68479347229004,0.08411368727684021,1.642307996749878,3.8503432273864746,7.472868169741606e-06,8465.12025308609
4,11160,43.85360336303711,0.26186603307724,1.3883075714111328,3.7839243412017822,7.463953082037266e-06,8485.483125209808
4,11180,45.01274871826172,0.2634202241897583,1.4897089004516602,3.7736339569091797,7.4550284621662614e-06,8505.890972614288
4,11200,38.82668685913086,0.20686209201812744,1.4201453924179077,3.9390203952789307,7.44609435344478e-06,8526.467881202698
4,11220,37.99187088012695,0.2070985734462738,1.3463246822357178,3.8187661170959473,7.43715079923507e-06,8546.798963069916
4,11240,41.613922119140625,0.2327461838722229,1.4397544860839844,3.941757917404175,7.428197842945215e-06,8566.747249364853
4,11260,40.24724197387695,0.21697454154491425,1.4590234756469727,3.9595532417297363,7.419235528028938e-06,8586.95641040802
4,11280,39.30964660644531,0.21666397154331207,1.3973705768585205,3.6695451736450195,7.410263897985387e-06,8607.137414693832
4,11300,37.67842102050781,0.19189490377902985,1.4829983711242676,3.658946990966797,7.401282996358915e-06,8627.469441652298
4,11320,31.4833927154541,0.14455415308475494,1.3087238073349,3.9407379627227783,7.39229286673888e-06,8647.945878744125
4,11340,37.99742126464844,0.19220435619354248,1.4916274547576904,3.8607099056243896,7.383293552759427e-06,8668.048075675964
4,11360,26.842544555664062,0.09646640717983246,1.3359286785125732,3.836615800857544,7.374285098099279e-06,8688.47711110115
4,11380,32.34271240234375,0.14835382997989655,1.3621081113815308,3.8862464427948,7.3652675464815215e-06,8708.550172805786
4,11400,32.70685958862305,0.16318804025650024,1.2597990036010742,3.7900655269622803,7.356240941673394e-06,8728.96690750122
4,11420,31.002079010009766,0.13444167375564575,1.3748853206634521,3.80905818939209,7.347205327486076e-06,8749.201480865479
4,11440,30.675310134887695,0.13449129462242126,1.339317798614502,3.833002805709839,7.3381607477744764e-06,8769.153901338577
4,11460,23.61728286743164,0.06846488267183304,1.3105404376983643,3.665390968322754,7.329107246437016e-06,8788.513563394547
4,11480,25.61813735961914,0.0886150673031807,1.309149146080017,3.66513729095459,7.320044867415419e-06,8808.179718255997
4,11500,32.33427810668945,0.15376697480678558,1.337639570236206,3.581183910369873,7.310973654694498e-06,8827.609004974365
4,11520,34.42017364501953,0.1643996685743332,1.431720495223999,3.6630020141601562,7.301893652301938e-06,8847.93675160408
4,11540,32.1248664855957,0.15169274806976318,1.3247698545455933,3.7078919410705566,7.292804904308087e-06,8867.325551271439
4,11560,37.49527359008789,0.19150769710540771,1.45209538936615,3.8235514163970947,7.283707454825744e-06,8886.7722260952
4,11580,39.20441436767578,0.19909150898456573,1.54164457321167,3.8788201808929443,7.274601348009934e-06,8905.64828658104
4,11600,42.701080322265625,0.23429112136363983,1.5425035953521729,3.8469319343566895,7.265486628057708e-06,8924.731147527695
4,11620,36.98165512084961,0.1958942860364914,1.3854379653930664,3.537846803665161,7.256363339207915e-06,8944.563175916672
4,11640,36.43368148803711,0.1836175173521042,1.430965781211853,3.7622718811035156,7.247231525740998e-06,8963.941966056824
4,11660,33.425174713134766,0.14820615947246552,1.4714856147766113,3.8897018432617188,7.238091231978771e-06,8983.868229866028
4,11680,33.032135009765625,0.15943767130374908,1.3423030376434326,3.6653382778167725,7.228942502284215e-06,9003.311406850815
4,11700,26.80786895751953,0.08986833691596985,1.4214853048324585,3.6061816215515137,7.219785381061247e-06,9022.75153183937
4,11720,33.85430145263672,0.15906791388988495,1.4118545055389404,3.828965187072754,7.210619912754518e-06,9043.855160951614
4,11740,31.751209259033203,0.13762477040290833,1.4167331457138062,3.821399211883545,7.201446141849186e-06,9063.57206583023
4,11760,39.08880615234375,0.22312772274017334,1.3147976398468018,3.6280574798583984,7.1922641128707134e-06,9083.024661302567
4,11780,38.1902961730957,0.19873270392417908,1.470765471458435,3.609370231628418,7.183073870384643e-06,9102.77730512619
4,11800,37.945831298828125,0.19291839003562927,1.4789217710494995,3.8647735118865967,7.1738754589963765e-06,9123.154622554779
5,11820,23.439844131469727,0.06479506194591522,1.3299882411956787,3.6604549884796143,7.164668923350968e-06,9159.934802293777
5,11840,34.7882080078125,0.1719260811805725,1.3735058307647705,3.8605430126190186,7.155454308132903e-06,9179.402556180954
5,11860,31.736948013305664,0.141457200050354,1.3637475967407227,3.953752279281616,7.146231658065883e-06,9199.844484090805
5,11880,36.301143646240234,0.19134557247161865,1.3389557600021362,3.7770283222198486,7.137001017912601e-06,9220.241820573807
5,11900,32.31440734863281,0.1446494162082672,1.3952687978744507,3.8967783451080322,7.12776243247454e-06,9240.497325181961
5,11920,26.04660987854004,0.09146830439567566,1.2898023128509521,4.0017571449279785,7.118515946591738e-06,9260.43683552742
5,11940,27.879878997802734,0.11421699821949005,1.2753982543945312,3.7041964530944824,7.1092616051425804e-06,9280.040328741074
5,11960,31.182697296142578,0.1206803172826767,1.5065101385116577,4.049564838409424,7.099999453043581e-06,9300.589907169342
5,11980,42.712066650390625,0.2580714523792267,1.3188937902450562,3.7159807682037354,7.090729535249165e-06,9321.010867357254
5,12000,24.64708137512207,0.06663461029529572,1.4090570211410522,3.893049716949463,7.0814518967514435e-06,9340.870512723923
5,12020,36.590187072753906,0.1826188862323761,1.4529980421066284,3.7983174324035645,7.072166582580006e-06,9361.542355537415
5,12040,38.631595611572266,0.20765075087547302,1.4219300746917725,3.6472201347351074,7.062873637801692e-06,9381.134265422821
5,12060,25.03689956665039,0.06782004237174988,1.4480741024017334,3.7741539478302,7.05357310752038e-06,9400.456374645233
5,12080,34.81951141357422,0.17244452238082886,1.3747652769088745,3.8274073600769043,7.044265036876763e-06,9420.66513299942
5,12100,30.805673599243164,0.13886314630508423,1.3053303956985474,3.8660566806793213,7.034949471048133e-06,9440.511681318283
5,12120,40.462364196777344,0.22403718531131744,1.4357541799545288,3.7011032104492188,7.025626455248161e-06,9460.455579519272
5,12140,29.7763614654541,0.12399926781654358,1.3910201787948608,3.466233015060425,7.016296034726673e-06,9480.359159708023
5,12160,30.997291564941406,0.13782453536987305,1.3528292179107666,3.6865463256835938,7.006958254769438e-06,9499.924922943115
5,12180,31.944061279296875,0.15079174935817719,1.3287440538406372,3.577446222305298,6.997613160697945e-06,9519.20529794693
5,12200,44.2391471862793,0.26902782917022705,1.3558540344238281,3.777825117111206,6.988260797869177e-06,9538.805060625076
5,12220,34.203285217285156,0.1671748161315918,1.347089171409607,4.014912128448486,6.978901211675405e-06,9558.875001192093
5,12240,40.51442337036133,0.22842705249786377,1.402299165725708,3.6487271785736084,6.969534447543949e-06,9578.103560209274
5,12260,32.358280181884766,0.14123521745204926,1.4561156034469604,3.6736021041870117,6.960160550936979e-06,9598.002919197083
5,12280,25.691524505615234,0.07891291379928589,1.4012041091918945,3.788193464279175,6.950779567351271e-06,9618.25694656372
5,12300,38.59360122680664,0.2156551629304886,1.358591079711914,3.4421725273132324,6.941391542318008e-06,9638.17838191986
5,12320,32.14631652832031,0.15621143579483032,1.2845826148986816,3.679349184036255,6.931996521402543e-06,9658.047795057297
5,12340,39.189056396484375,0.2023676335811615,1.523666262626648,3.715629816055298,6.922594550204187e-06,9677.38504076004
5,12360,30.47134017944336,0.12934203445911407,1.3858221769332886,3.678914785385132,6.913185674355981e-06,9697.169865608215
5,12380,28.33545684814453,0.10127544403076172,1.443150520324707,3.776407241821289,6.903769939524484e-06,9717.096078395844
5,12400,39.30501937866211,0.21105149388313293,1.426161766052246,3.9382519721984863,6.8943473914095394e-06,9737.182272911072
5,12420,20.375595092773438,0.04663490504026413,1.182874083518982,3.8833632469177246,6.884918075744065e-06,9756.941787481308
5,12440,30.01201057434082,0.12538841366767883,1.383035659790039,3.642812490463257,6.875482038293818e-06,9776.878224372864
5,12460,26.359970092773438,0.08886701613664627,1.3795108795166016,3.6781604290008545,6.866039324857189e-06,9797.442910671234
5,12480,26.528533935546875,0.09005488455295563,1.3931591510772705,3.591454267501831,6.856589981264964e-06,9817.401023626328
5,12500,30.541784286499023,0.113869309425354,1.5486440658569336,3.668412446975708,6.847134053380113e-06,9837.696680545807
5,12520,23.457874298095703,0.06900159269571304,1.2950985431671143,3.606729745864868,6.837671587097559e-06,9857.51675748825
5,12540,29.5032901763916,0.12088409066200256,1.347062110900879,3.9442601203918457,6.828202628343963e-06,9877.665050268173
5,12560,36.450889587402344,0.18691031634807587,1.4080586433410645,3.679271936416626,6.818727223077498e-06,9897.171697616577
5,12580,29.43539810180664,0.11899351328611374,1.3818858861923218,3.717188596725464,6.809245417287625e-06,9917.109541416168
5,12600,37.215084075927734,0.1918773651123047,1.4246076345443726,3.7812693119049072,6.799757256994865e-06,9937.210014343262
5,12620,24.918277740478516,0.08809526264667511,1.235632300376892,3.752427816390991,6.7902627882505914e-06,9957.06149840355
5,12640,39.120391845703125,0.21398097276687622,1.3890461921691895,3.831831932067871,6.780762057136787e-06,9977.229610204697
5,12660,43.39203643798828,0.2504536807537079,1.4364335536956787,3.982330560684204,6.771255109765833e-06,9996.728852510452
5,12680,20.074264526367188,0.03473006188869476,1.267430067062378,3.92695689201355,6.761741992280282e-06,10016.865004062653
5,12700,33.07078170776367,0.14273032546043396,1.518651008605957,3.611241340637207,6.752222750852632e-06,10036.203778505325
5,12720,36.655067443847656,0.18242418766021729,1.476494550704956,3.6477067470550537,6.7426974316851035e-06,10056.579066514969
5,12740,34.971744537353516,0.18120867013931274,1.3476731777191162,3.3741469383239746,6.73316608100942e-06,10076.766647815704
5,12760,30.419164657592773,0.14410701394081116,1.2188289165496826,3.820173740386963,6.723628745086574e-06,10097.081256866455
5,12780,34.736610412597656,0.16401661932468414,1.461290717124939,3.722038745880127,6.71408547020661e-06,10117.474750518799
5,12800,35.76372146606445,0.1872325837612152,1.311484456062317,3.9256181716918945,6.7045363026883995e-06,10137.160509586334
5,12820,37.670169830322266,0.20676329731941223,1.3290085792541504,3.70375394821167,6.69498128887941e-06,10156.704423427582
5,12840,41.417816162109375,0.23531703650951385,1.3864538669586182,4.021575450897217,6.685420475155488e-06,10176.582349300385
5,12860,32.10933303833008,0.15278840065002441,1.3098993301391602,3.7314980030059814,6.675853907920629e-06,10197.175481557846
5,12880,38.274147033691406,0.19916531443595886,1.4610464572906494,3.7471539974212646,6.666281633606752e-06,10215.988132476807
5,12900,20.982677459716797,0.041827958077192307,1.3274877071380615,3.5250039100646973,6.656703698673482e-06,10236.107349157333
5,12920,32.115936279296875,0.13660994172096252,1.472325086593628,3.7316884994506836,6.647120149607907e-06,10256.488578557968
5,12940,32.33006286621094,0.14014257490634918,1.4537239074707031,3.7785651683807373,6.63753103292437e-06,10276.107613563538
5,12960,39.54246520996094,0.23212487995624542,1.2659151554107666,3.6708247661590576,6.627936395164243e-06,10296.420738220215
5,12980,36.16985321044922,0.18995913863182068,1.36090087890625,3.564929962158203,6.618336282895683e-06,10316.823649644852
5,13000,29.234743118286133,0.12165813148021698,1.3356174230575562,3.7127554416656494,6.608730742713425e-06,10336.126196146011
5,13020,38.836280822753906,0.20259690284729004,1.4963058233261108,3.613534688949585,6.599119821238546e-06,10356.52772641182
5,13040,39.62821960449219,0.22444087266921997,1.335085153579712,3.833282709121704,6.589503565118245e-06,10376.123233318329
5,13060,29.255460739135742,0.11861106753349304,1.3470454216003418,3.9238994121551514,6.5798820210256086e-06,10396.391866445541
5,13080,41.93244171142578,0.2535114288330078,1.3092930316925049,3.4883670806884766,6.5702552356593905e-06,10416.323145866394
5,13100,31.708541870117188,0.14931167662143707,1.2915055751800537,3.8623170852661133,6.560623255743784e-06,10436.813109397888
5,13120,36.076080322265625,0.18385255336761475,1.3923099040985107,3.7677249908447266,6.550986128028194e-06,10456.219232797623
5,13140,27.12958335876465,0.10240544378757477,1.3331773281097412,3.557265043258667,6.541343899287012e-06,10476.485059022903
5,13160,30.453733444213867,0.14229390025138855,1.257753849029541,3.64680552482605,6.531696616319384e-06,10496.238993883133
5,13180,33.19570541381836,0.15136708319187164,1.4412031173706055,3.646963596343994,6.52204432594899e-06,10516.335714817047
5,13200,32.2170295715332,0.1456998884677887,1.3816287517547607,3.8307528495788574,6.512387075023814e-06,10536.047544956207
5,13220,21.826820373535156,0.04848995804786682,1.3076419830322266,3.9014062881469727,6.502724910415914e-06,10556.47645354271
5,13240,39.003440856933594,0.2036728858947754,1.4824550151824951,3.81160044670105,6.493057879021199e-06,10576.827560901642
5,13260,30.417232513427734,0.11612431704998016,1.5053157806396484,3.751643180847168,6.483386027759196e-06,10596.7672727108
5,13280,30.859201431274414,0.1331978738307953,1.3839738368988037,3.699674367904663,6.473709403572833e-06,10616.693559646606
5,13300,27.159381866455078,0.09220325946807861,1.4293060302734375,3.645996570587158,6.464028053428194e-06,10636.658318042755
5,13320,35.76570129394531,0.1798846423625946,1.4095079898834229,3.682159423828125,6.454342024314307e-06,10656.711771249771
5,13340,30.57448387145996,0.14087465405464172,1.2928701639175415,3.5583178997039795,6.444651363242909e-06,10676.72611284256
5,13360,41.86808395385742,0.2545434236526489,1.2902717590332031,3.511023998260498,6.4349561172482156e-06,10696.479460716248
5,13380,31.063398361206055,0.1418658196926117,1.3186323642730713,3.6904919147491455,6.425256333386698e-06,10716.579107999802
5,13400,35.122650146484375,0.18361790478229523,1.2837973833084106,3.9228861331939697,6.415552058736854e-06,10736.905092000961
5,13420,26.44371795654297,0.08319855481386185,1.4503172636032104,3.62069034576416,6.405843340398971e-06,10757.039884328842
5,13440,31.8120174407959,0.1550477296113968,1.272838830947876,3.578855276107788,6.396130225494913e-06,10776.691625118256
5,13460,44.153076171875,0.26337334513664246,1.451762080192566,3.298123836517334,6.386412761167876e-06,10797.249792575836
5,13480,32.553890228271484,0.1471181958913803,1.4071147441864014,3.7709224224090576,6.3766909945821696e-06,10817.631843328476
5,13500,32.44609832763672,0.17395013570785522,1.1423094272613525,3.62799072265625,6.366964972922984e-06,10838.463635444641
5,13520,29.054309844970703,0.12025193870067596,1.3494129180908203,3.5349857807159424,6.357234743396161e-06,10858.618443489075
5,13540,40.97976303100586,0.23446053266525269,1.3865437507629395,3.6682753562927246,6.347500353227966e-06,10878.557734012604
5,13560,34.56047439575195,0.18753089010715485,1.2003732919692993,3.8036506175994873,6.337761849664857e-06,10899.180775403976
5,13580,39.37994384765625,0.22204992175102234,1.3569053411483765,3.6058952808380127,6.328019279973261e-06,10919.761916399002
5,13600,40.657291412353516,0.23650912940502167,1.3264658451080322,3.7417192459106445,6.318272691439337e-06,10940.15977025032
5,13620,36.13386917114258,0.1902419924736023,1.3490874767303467,3.6187918186187744,6.308522131368747e-06,10961.323196649551
5,13640,27.932947158813477,0.09763862192630768,1.4477190971374512,3.6918933391571045,6.2987676470864336e-06,10981.295959472656
5,13660,31.747760772705078,0.1470179706811905,1.344138503074646,3.6045773029327393,6.289009285936384e-06,11001.038630247116
5,13680,32.50379180908203,0.15656594932079315,1.324699878692627,3.60019850730896,6.279247095281403e-06,11020.595095396042
5,13700,27.893117904663086,0.10427858680486679,1.3820304870605469,3.6449546813964844,6.269481122502881e-06,11040.749093294144
5,13720,38.41980743408203,0.19861873984336853,1.5215556621551514,3.342378616333008,6.259711415000563e-06,11060.845406532288
5,13740,27.057706832885742,0.1035584956407547,1.307215690612793,3.6297011375427246,6.249938020192327e-06,11080.639438390732
5,13760,25.624483108520508,0.07527882605791092,1.4373230934143066,3.723369598388672,6.240160985513941e-06,11100.452243566513
5,13780,39.262210845947266,0.2147379219532013,1.3994872570037842,3.7935447692871094,6.230380358418845e-06,11120.8707280159
5,13800,43.09991455078125,0.26279646158218384,1.3062924146652222,3.7573440074920654,6.220596186377908e-06,11141.017761707306
5,13820,23.78982162475586,0.06856275349855423,1.3043054342269897,3.8904919624328613,6.210808516879213e-06,11161.428663730621
5,13840,34.70789337158203,0.18213923275470734,1.2869250774383545,3.624720811843872,6.20101739742781e-06,11181.227752923965
5,13860,31.652114868164062,0.15165062248706818,1.296494960784912,3.522101640701294,6.1912228755455e-06,11201.2723133564
5,13880,30.337688446044922,0.1292634904384613,1.3712451457977295,3.698887348175049,6.181424998770595e-06,11221.187453269958
5,13900,29.665224075317383,0.12653818726539612,1.3482837677001953,3.5285656452178955,6.17162381465769e-06,11240.88047838211
5,13920,48.22374725341797,0.3063902258872986,1.4142189025878906,3.4425370693206787,6.161819370777433e-06,11261.59008693695
5,13940,24.118242263793945,0.07960411161184311,1.2660295963287354,3.4975357055664062,6.152011714716294e-06,11281.979982614517
5,13960,32.43955993652344,0.1515529453754425,1.375133752822876,3.5329272747039795,6.1422008940763315e-06,11301.974028587341
5,13980,32.03135681152344,0.1519518941640854,1.3167970180511475,3.668196678161621,6.132386956474966e-06,11322.376654624939
5,14000,31.278484344482422,0.14796212315559387,1.3035533428192139,3.4467387199401855,6.122569949544742e-06,11342.793204069138
5,14020,24.534366607666016,0.08301536738872528,1.2573986053466797,3.6588447093963623,6.112749920933111e-06,11362.044837713242
5,14040,36.1575813293457,0.20155948400497437,1.2502858638763428,3.498774766921997,6.102926918302177e-06,11382.453740596771
5,14060,42.054351806640625,0.25853437185287476,1.253466248512268,3.6662518978118896,6.09310098932849e-06,11402.506565332413
5,14080,31.936969757080078,0.14361000061035156,1.4177510738372803,3.398458242416382,6.083272181702795e-06,11422.974047899246
5,14100,37.88265609741211,0.2123774141073227,1.2829419374465942,3.815495729446411,6.073440543129816e-06,11442.78898692131
5,14120,33.51499557495117,0.1543232500553131,1.4448716640472412,3.6339521408081055,6.0636061213280105e-06,11462.550899028778
5,14140,37.492225646972656,0.21209029853343964,1.283447027206421,3.4487223625183105,6.053768964029348e-06,11482.613641500473
5,14160,30.69623374938965,0.1369962990283966,1.3557982444763184,3.4386210441589355,6.043929118979075e-06,11502.762824296951
5,14180,41.852054595947266,0.25314033031463623,1.296757459640503,3.5704450607299805,6.034086633935486e-06,11523.56494641304
5,14200,27.379873275756836,0.10267911851406097,1.3210480213165283,3.901481866836548,6.024241556669678e-06,11542.505961418152
5,14220,30.390954971313477,0.13328927755355835,1.3799917697906494,3.2621090412139893,6.014393934965342e-06,11561.693710565567
5,14240,28.56650733947754,0.11338658630847931,1.3456168174743652,3.7716803550720215,6.004543816618512e-06,11580.872244358063
5,14260,35.39551544189453,0.18296164274215698,1.3404760360717773,3.694592237472534,5.994691249437342e-06,11601.20714712143
5,14280,32.94205856323242,0.15429168939590454,1.386117935180664,3.6517090797424316,5.9848362812418724e-06,11621.076894044876
5,14300,35.1496696472168,0.1771465539932251,1.3875741958618164,3.5592734813690186,5.974978959863792e-06,11641.208532333374
5,14320,46.92645263671875,0.27713578939437866,1.5368894338607788,3.843979597091675,5.965119333146215e-06,11661.373219966888
5,14340,29.118915557861328,0.12428973615169525,1.2946444749832153,3.7434988021850586,5.955257448943446e-06,11681.840529203415
5,14360,23.859209060668945,0.06913968920707703,1.340599775314331,3.539241313934326,5.945393355120743e-06,11701.972023010254
5,14380,34.857540130615234,0.17400974035263062,1.3626302480697632,3.8302626609802246,5.9355270995540895e-06,11722.550190448761
5,14400,32.47870635986328,0.15730330348014832,1.3197119235992432,3.5512590408325195,5.925658730129963e-06,11733.726199626923
5,14420,33.59575271606445,0.17070364952087402,1.2975108623504639,3.5502777099609375,5.915788294745099e-06,11745.065890789032
5,14440,33.897769927978516,0.15840034186840057,1.4471838474273682,3.585897445678711,5.90591584130626e-06,11761.354277610779
5,14460,35.38383102416992,0.19126315414905548,1.2562363147735596,3.695152759552002,5.896041417730004e-06,11782.386329650879
5,14480,25.9843692779541,0.09030888974666595,1.3234946727752686,3.718534231185913,5.886165071942451e-06,11804.382986068726
5,14500,28.27716064453125,0.11718195676803589,1.311950445175171,3.439460277557373,5.876286851879053e-06,11825.883047580719
5,14520,30.10045623779297,0.1323079764842987,1.3241807222366333,3.6278507709503174,5.866406805484354e-06,11846.493470191956
5,14540,30.895292282104492,0.1382361501455307,1.3378047943115234,3.6936285495758057,5.856524980711765e-06,11867.260173082352
5,14560,22.960357666015625,0.041751958429813385,1.5158724784851074,3.6264381408691406,5.846641425523328e-06,11887.903279781342
5,14580,29.030330657958984,0.12478221952915192,1.2720296382904053,3.831812858581543,5.836756187889486e-06,11908.706720352173
5,14600,23.22963523864746,0.06834246963262558,1.2524064779281616,3.8713223934173584,5.826869315788844e-06,11930.57691693306
5,14620,28.004709243774414,0.10341373085975647,1.4134654998779297,3.5286800861358643,5.816980857207941e-06,11951.614582777023
5,14640,31.87181854248047,0.1624675989151001,1.1951875686645508,3.6731839179992676,5.80709086014102e-06,11972.543982505798
5,14660,28.901281356811523,0.1311890333890915,1.2043540477752686,3.7388365268707275,5.797199372589786e-06,11992.906453847885
5,14680,31.267900466918945,0.1455734372138977,1.3309555053710938,3.4010024070739746,5.787306442563179e-06,12014.293504476547
5,14700,23.31649398803711,0.061367571353912354,1.33096444606781,3.8700928688049316,5.777412118077141e-06,12036.39711022377
5,14720,33.47291564941406,0.16596093773841858,1.305973768234253,3.817084789276123,5.767516447154386e-06,12057.512943983078
5,14740,26.08000946044922,0.09893679618835449,1.2596256732940674,3.5900721549987793,5.757619477824157e-06,12076.23376584053
5,14760,24.623905181884766,0.07750838994979858,1.337855339050293,3.4945123195648193,5.747721258122e-06,12096.797683000565
6,14780,38.20813751220703,0.21299776434898376,1.3470211029052734,3.438147783279419,5.7378218360895334e-06,12135.964374303818
6,14800,33.19074249267578,0.15576434135437012,1.37404465675354,3.8738627433776855,5.727921259774208e-06,12157.101253509521
6,14820,25.80021858215332,0.08272208273410797,1.393493890762329,3.5930726528167725,5.718019577229078e-06,12175.117306232452
6,14840,41.11650848388672,0.23430711030960083,1.4002559185028076,3.6832339763641357,5.708116836512566e-06,12196.718166351318
6,14860,29.286842346191406,0.12240931391716003,1.3283581733703613,3.762328863143921,5.69821308568823e-06,12218.159791469574
6,14880,29.35869789123535,0.12385857105255127,1.34320068359375,3.540834426879883,5.688308372824535e-06,12239.349746704102
6,14900,21.42633056640625,0.03653772920370102,1.4050285816192627,3.722273588180542,5.678402745994609e-06,12260.412266254425
6,14920,23.948978424072266,0.079628586769104,1.2635421752929688,3.3506975173950195,5.66849625327602e-06,12280.553834915161
6,14940,27.06344223022461,0.09656427055597305,1.3603143692016602,3.803870916366577,5.658588942750537e-06,12301.186700820923
6,14960,38.690101623535156,0.22671139240264893,1.2596869468688965,3.4220917224884033,5.6486808625039e-06,12320.970388174057
6,14980,25.78275489807129,0.0877077504992485,1.3405450582504272,3.606529951095581,5.6387720606255855e-06,12342.877722978592
6,15000,36.70033645629883,0.19737067818641663,1.3188786506652832,3.7744810581207275,5.628862585208566e-06,12363.595797300339
6,15020,38.34543228149414,0.21707086265087128,1.3097630739212036,3.5407145023345947,5.618952484349091e-06,12384.802431583405
6,15040,21.56267738342285,0.05909128859639168,1.219338297843933,3.460165023803711,5.609041806146442e-06,12405.92784690857
6,15060,27.64607048034668,0.10423509776592255,1.3726228475570679,3.4963319301605225,5.599130598702704e-06,12428.226086616516
6,15080,28.358224868774414,0.10906510055065155,1.3689022064208984,3.7626941204071045,5.589218910122529e-06,12448.064320802689
6,15100,36.70365905761719,0.19855913519859314,1.3115785121917725,3.7319605350494385,5.579306788512904e-06,12469.580420017242
6,15120,32.291683197021484,0.16256991028785706,1.2288830280303955,3.745861768722534,5.569394281982919e-06,12490.122964382172
6,15140,28.527318954467773,0.10233022272586823,1.4761548042297363,3.532747507095337,5.559481438643535e-06,12509.274836540222
6,15160,30.280290603637695,0.13086941838264465,1.3564165830612183,3.629183053970337,5.5495683066073415e-06,12529.489654779434
6,15180,20.96469497680664,0.046743717044591904,1.240198016166687,3.888343572616577,5.539654933988332e-06,12550.039612293243
6,15200,27.888397216796875,0.10409021377563477,1.4017484188079834,3.4618918895721436,5.529741368901672e-06,12572.371031284332
6,15220,19.671239852905273,0.028851570561528206,1.3356425762176514,3.4296576976776123,5.519827659463455e-06,12592.936125993729
6,15240,30.87156105041504,0.1488143354654312,1.2449870109558105,3.5402584075927734,5.509913853790476e-06,12613.660303354263
6,15260,31.96529769897461,0.14849674701690674,1.3576469421386719,3.5391550064086914,5.500000000000001e-06,12634.434329509735
6,15280,28.25545883178711,0.11812233924865723,1.2593845129013062,3.8493802547454834,5.490086146209526e-06,12656.52302122116
6,15300,27.859844207763672,0.10697837918996811,1.3297040462493896,3.8649659156799316,5.480172340536547e-06,12678.149173021317
6,15320,32.369873046875,0.1717499941587448,1.1770099401474,3.4247753620147705,5.470258631098328e-06,12700.371865034103
6,15340,31.053396224975586,0.14645381271839142,1.2782573699951172,3.6254405975341797,5.460345066011668e-06,12721.878744125366
6,15360,23.45629119873047,0.07317183911800385,1.2763752937316895,3.3753552436828613,5.450431693392662e-06,12742.80849981308
6,15380,24.575714111328125,0.0842527449131012,1.2639081478118896,3.511357307434082,5.4405185613564685e-06,12764.647362709045
6,15400,27.38714027404785,0.11535856127738953,1.2334388494491577,3.516894817352295,5.430605718017082e-06,12784.853135824203
6,15420,36.34113693237305,0.19102367758750916,1.3672561645507812,3.566208600997925,5.420693211487098e-06,12805.17646574974
6,15440,26.844411849975586,0.0929257869720459,1.390124797821045,3.650585174560547,5.410781089877473e-06,12826.708077669144
6,15460,32.11556625366211,0.14971527457237244,1.3483612537384033,3.660425901412964,5.400869401297297e-06,12847.930687904358
6,15480,25.792367935180664,0.08973603695631027,1.3022193908691406,3.796571731567383,5.3909581938535585e-06,12868.170734167099
6,15500,26.80497169494629,0.09698490798473358,1.343066692352295,3.675813674926758,5.381047515650909e-06,12889.685653924942
6,15520,36.036773681640625,0.19866974651813507,1.2401654720306396,3.7681407928466797,5.371137414791437e-06,12910.088233947754
6,15540,37.01423263549805,0.20695418119430542,1.2785228490829468,3.5335893630981445,5.361227939374417e-06,12930.755210399628
6,15560,22.50354766845703,0.06226043403148651,1.2967075109481812,3.310427665710449,5.351319137496101e-06,12951.03689289093
6,15580,30.68729019165039,0.1494121551513672,1.2156814336776733,3.589259386062622,5.341411057249464e-06,12971.146616458893
6,15600,22.926795959472656,0.06674932688474655,1.2807265520095825,3.44459867477417,5.3315037467239814e-06,12993.44306755066
6,15620,30.131847381591797,0.12469503283500671,1.403251051902771,3.6298327445983887,5.321597254005393e-06,13013.786619663239
6,15640,41.970985412597656,0.2601844072341919,1.233636736869812,3.6161763668060303,5.311691627175466e-06,13035.295280456543
6,15660,37.41056823730469,0.20401892066001892,1.3350377082824707,3.658297061920166,5.30178691431177e-06,13057.028712034225
6,15680,26.985641479492188,0.10925760120153427,1.2573778629302979,3.486102342605591,5.291883163487437e-06,13079.529015302658
6,15700,23.673221588134766,0.07095538079738617,1.289209246635437,3.6855902671813965,5.281980422770924e-06,13101.296449422836
6,15720,25.490291595458984,0.08412313461303711,1.3430479764938354,3.64749813079834,5.272078740225793e-06,13122.388512849808
6,15740,29.314441680908203,0.12993383407592773,1.2677689790725708,3.643367052078247,5.262178163910469e-06,13142.177563905716
6,15760,33.89653778076172,0.16558542847633362,1.3719444274902344,3.6185526847839355,5.252278741878001e-06,13157.353147029877
6,15780,38.617454528808594,0.22632935643196106,1.2381250858306885,3.6032679080963135,5.242380522175845e-06,13168.943432807922
6,15800,34.541725158691406,0.18088102340698242,1.3053702116012573,3.399921178817749,5.232483552845615e-06,13180.122663259506
6,15820,30.130199432373047,0.13946941494941711,1.2632229328155518,3.551028251647949,5.2225878819228595e-06,13196.97564649582
6,15840,24.314899444580078,0.08019539713859558,1.2583485841751099,3.71187424659729,5.2126935574368245e-06,13216.81300663948
6,15860,39.66417694091797,0.22559702396392822,1.35178542137146,3.586621046066284,5.2028006274102174e-06,13236.883151769638
6,15880,27.021333694458008,0.10449053347110748,1.313688039779663,3.435399293899536,5.192909139858981e-06,13256.432775259018
6,15900,24.989686965942383,0.09105347841978073,1.2532744407653809,3.351594924926758,5.183019142792059e-06,13277.012991905212
6,15920,26.281112670898438,0.10323905199766159,1.2428473234176636,3.5287349224090576,5.173130684211157e-06,13297.48292517662
6,15940,23.113473892211914,0.0667453482747078,1.31241774559021,3.3147599697113037,5.163243812110516e-06,13317.539510011673
6,15960,22.08426856994629,0.06483934819698334,1.2181055545806885,3.4192798137664795,5.153358574476672e-06,13337.736979722977
6,15980,29.3629093170166,0.12050531059503555,1.388765573501587,3.4247231483459473,5.143475019288237e-06,13358.21357369423
6,16000,32.788246154785156,0.15523988008499146,1.364324927330017,3.621011734008789,5.133593194515649e-06,13378.206277132034
6,16020,26.701919555664062,0.09743507206439972,1.3117598295211792,3.8408119678497314,5.123713148120948e-06,13398.117487192154
6,16040,28.656147003173828,0.12717095017433167,1.2323260307312012,3.6157922744750977,5.11383492805755e-06,13418.046528339386
6,16060,22.232208251953125,0.055911749601364136,1.278646469116211,3.8545684814453125,5.103958582269997e-06,13437.662157058716
6,16080,28.593578338623047,0.10925991088151932,1.443699598312378,3.230591058731079,5.0940841586937416e-06,13457.491840839386
6,16100,34.776737213134766,0.18327857553958893,1.3019616603851318,3.429260730743408,5.0842117052549035e-06,13477.273598194122
6,16120,27.755720138549805,0.11828549206256866,1.2256197929382324,3.6709728240966797,5.074341269870038e-06,13497.932783126831
6,16140,23.772497177124023,0.06567121297121048,1.3748433589935303,3.456941843032837,5.064472900445911e-06,13517.844465970993
6,16160,33.34489822387695,0.1716432124376297,1.2500803470611572,3.6797749996185303,5.05460664487926e-06,13538.313024044037
6,16180,22.237613677978516,0.052423302084207535,1.3559436798095703,3.4358456134796143,5.0447425510565564e-06,13558.275487661362
6,16200,89.61077117919922,0.73342365026474,1.2866284847259521,3.4021244049072266,5.034880666853786e-06,13578.499460458755
6,16220,23.648731231689453,0.08382033556699753,1.1611407995224,3.655289649963379,5.02502104013621e-06,13598.862337112427
6,16240,36.42691421508789,0.20192378759384155,1.2767956256866455,3.4665799140930176,5.015163718758129e-06,13618.815284729004
6,16260,24.74629020690918,0.08924765884876251,1.2443230152130127,3.378293514251709,5.0053087505626585e-06,13638.662793636322
6,16280,31.684432983398438,0.14593808352947235,1.3439644575119019,3.6509804725646973,4.995456183381488e-06,13658.83636522293
6,16300,35.80979919433594,0.193718820810318,1.2742903232574463,3.6950154304504395,4.985606065034659e-06,13679.280020952225
6,16320,34.3828125,0.19231171905994415,1.1651252508163452,3.5003857612609863,4.975758443330325e-06,13698.655858755112
6,16340,41.705833435058594,0.24243083596229553,1.4006112813949585,3.4566330909729004,4.965913366064517e-06,13718.135560750961
6,16360,23.569589614868164,0.06709648668766022,1.3602938652038574,3.2570013999938965,4.9560708810209255e-06,13738.371679782867
6,16380,29.52332305908203,0.12798520922660828,1.2820639610290527,3.904163122177124,4.9462310359706525e-06,13758.797478199005
6,16400,21.630313873291016,0.06120014935731888,1.2092922925949097,3.4173760414123535,4.936393878671991e-06,13778.535323619843
6,16420,25.226116180419922,0.07959668338298798,1.3406484127044678,3.8599634170532227,4.926559456870185e-06,13798.671484231949
6,16440,29.951269149780273,0.13783948123455048,1.268541932106018,3.4819014072418213,4.916727818297205e-06,13818.3130569458
6,16460,28.07809066772461,0.10188277065753937,1.4342020750045776,3.5477914810180664,4.90689901067151e-06,13838.040080070496
6,16480,37.101959228515625,0.2014596164226532,1.3345563411712646,3.610433578491211,4.897073081697825e-06,13857.518563747406
6,16500,32.49141311645508,0.1510944813489914,1.3788681030273438,3.5932843685150146,4.8872500790668915e-06,13877.544887542725
6,16520,32.37925720214844,0.15468348562717438,1.3370237350463867,3.5406742095947266,4.877430050455259e-06,13897.797258615494
6,16540,26.86791229248047,0.09128420054912567,1.397735357284546,3.762139320373535,4.8676130435250365e-06,13917.815202951431
6,16560,23.709753036499023,0.07270752638578415,1.2863352298736572,3.5756497383117676,4.85779910592367e-06,13938.130603551865
6,16580,25.51212501525879,0.08367348462343216,1.3470501899719238,3.674274206161499,4.847988285283707e-06,13957.96389055252
6,16600,21.541696548461914,0.057736292481422424,1.2016708850860596,3.7513604164123535,4.838180629222567e-06,13977.887210607529
6,16620,35.46781921386719,0.172716423869133,1.4455876350402832,3.7403011322021484,4.8283761853423094e-06,13998.108791351318
6,16640,24.192312240600586,0.0734674334526062,1.3412020206451416,3.433549642562866,4.818575001229406e-06,14018.062046051025
6,16660,26.026615142822266,0.08861576020717621,1.356890082359314,3.5961382389068604,4.808777124454501e-06,14038.321257591248
6,16680,30.523517608642578,0.13874374330043793,1.3056398630142212,3.592744827270508,4.798982602572191e-06,14058.651209115982
6,16700,36.61693572998047,0.19198396801948547,1.390359878540039,3.5149381160736084,4.789191483120789e-06,14078.584919452667
6,16720,23.550621032714844,0.07057671248912811,1.2934750318527222,3.558199644088745,4.779403813622093e-06,14098.934591531754
6,16740,26.643997192382812,0.10432514548301697,1.2562822103500366,3.648660182952881,4.7696196415811565e-06,14118.996215343475
6,16760,27.30803680419922,0.09589510411024094,1.4129283428192139,3.5892438888549805,4.75983901448606e-06,14139.369464874268
6,16780,28.169645309448242,0.10784932971000671,1.3686918020248413,3.697793960571289,4.750061979807674e-06,14159.61833357811
6,16800,22.304664611816406,0.06464388221502304,1.2363057136535645,3.4772183895111084,4.740288584999438e-06,14179.408942699432
6,16820,35.641990661621094,0.18321514129638672,1.3713595867156982,3.606879949569702,4.730518877497122e-06,14198.547118663788
6,16840,30.04983139038086,0.13975076377391815,1.281257152557373,3.262183427810669,4.720752904718598e-06,14218.432332277298
6,16860,29.663049697875977,0.12212035059928894,1.3967130184173584,3.483884334564209,4.7109907140636175e-06,14238.518179893494
6,16880,55.44015884399414,0.3835468292236328,1.3641895055770874,3.443579912185669,4.701232352913569e-06,14258.728204011917
6,16900,27.061546325683594,0.10435548424720764,1.3008449077606201,3.6175482273101807,4.691477868631254e-06,14278.567224264145
6,16920,32.31944274902344,0.1607053577899933,1.2598084211349487,3.650819778442383,4.6817273085606655e-06,14298.713753700256
6,16940,26.16592025756836,0.09208179265260696,1.3561389446258545,3.3963515758514404,4.671980720026739e-06,14318.535640239716
6,16960,36.3217658996582,0.19175687432289124,1.3634233474731445,3.5118443965911865,4.662238150335144e-06,14338.93473815918
6,16980,25.815988540649414,0.09578215330839157,1.262645959854126,3.6113152503967285,4.652499646772037e-06,14358.907623767853
6,17000,27.869644165039062,0.11486226320266724,1.2782728672027588,3.6006886959075928,4.642765256603841e-06,14378.934504032135
6,17020,33.23598098754883,0.1744004189968109,1.2433688640594482,3.3622491359710693,4.633035027077018e-06,14398.689237594604
6,17040,23.594038009643555,0.07801591604948044,1.2160353660583496,3.632094144821167,4.623309005417832e-06,14419.072465896606
6,17060,28.868432998657227,0.1409113109111786,1.1385254859924316,3.392045497894287,4.613587238832125e-06,14439.101380586624
6,17080,29.111927032470703,0.14053504168987274,1.1833772659301758,3.2246503829956055,4.603869774505089e-06,14458.904818296432
6,17100,28.725454330444336,0.12225772440433502,1.3070664405822754,3.42901873588562,4.594156659601029e-06,14479.036178588867
6,17120,36.2302131652832,0.19800570607185364,1.309077501296997,3.3388664722442627,4.584447941263148e-06,14498.75561952591
6,17140,27.146390914916992,0.10326753556728363,1.3382127285003662,3.437509059906006,4.574743666613304e-06,14518.449536561966
6,17160,35.44192886352539,0.19097287952899933,1.2547775506973267,3.7968647480010986,4.565043882751786e-06,14538.632283449173
6,17180,35.60642623901367,0.19789618253707886,1.2276455163955688,3.5403573513031006,4.555348636757093e-06,14558.618082761765
6,17200,27.070117950439453,0.0910138338804245,1.4465610980987549,3.5031251907348633,4.5456579756856936e-06,14578.361852407455
6,17220,23.186330795288086,0.06527714431285858,1.329453468322754,3.3640825748443604,4.535971946571807e-06,14598.955188274384
6,17240,20.192432403564453,0.04889056086540222,1.1809195280075073,3.4941811561584473,4.526290596427168e-06,14619.295876264572
6,17260,27.221996307373047,0.10340680181980133,1.3285191059112549,3.5961267948150635,4.516613972240804e-06,14638.788917303085
6,17280,33.26698303222656,0.15512655675411224,1.4099833965301514,3.654493570327759,4.506942120978804e-06,14659.022439718246
6,17300,24.741168975830078,0.07600609958171844,1.3724257946014404,3.41630220413208,4.497275089584088e-06,14678.615517616272
6,17320,39.25309371948242,0.21944743394851685,1.3910478353500366,3.3978707790374756,4.487612924976188e-06,14698.642584562302
6,17340,47.6945915222168,0.30751481652259827,1.3592183589935303,3.350926160812378,4.477955674051011e-06,14718.502690076828
6,17360,26.586502075195312,0.09850021451711655,1.3204684257507324,3.5317962169647217,4.468303383680617e-06,14738.010128498077
6,17380,27.224727630615234,0.09482914209365845,1.3920564651489258,3.8212482929229736,4.45865610071299e-06,14757.534768104553
6,17400,28.807151794433594,0.12045064568519592,1.3145533800125122,3.616553544998169,4.449013871971806e-06,14777.27920460701
6,17420,24.570287704467773,0.08487394452095032,1.230544090270996,3.7774527072906494,4.439376744256217e-06,14796.963125228882
6,17440,22.578378677368164,0.06504516303539276,1.263638973236084,3.4374730587005615,4.429744764340612e-06,14817.225120544434
6,17460,29.35698127746582,0.12285993993282318,1.3492215871810913,3.5787720680236816,4.420117978974394e-06,14837.237704277039
6,17480,21.656665802001953,0.05536886304616928,1.2510762214660645,3.6090166568756104,4.410496434881756e-06,14857.25561451912
6,17500,40.81728744506836,0.23607079684734344,1.3639616966247559,3.5705924034118652,4.400880178761455e-06,14877.111363887787
6,17520,31.750303268432617,0.16503717005252838,1.1904267072677612,3.342318058013916,4.391269257286575e-06,14897.512625932693
6,17540,23.39165687561035,0.07940658926963806,1.201276183128357,3.438236713409424,4.381663717104318e-06,14916.832995176315
6,17560,23.46860694885254,0.0759953036904335,1.235211968421936,3.5169575214385986,4.372063604835757e-06,14937.377427339554
6,17580,30.818117141723633,0.133676216006279,1.3853709697723389,3.596784830093384,4.362468967075629e-06,14958.015740394592
6,17600,32.101070404052734,0.1555905044078827,1.2818716764450073,3.723304271697998,4.3528798503920965e-06,14977.882761716843
6,17620,32.04584503173828,0.15630556643009186,1.2675637006759644,3.739649772644043,4.343296301326521e-06,14997.824879407883
6,17640,25.06641960144043,0.09208110719919205,1.2371861934661865,3.4864470958709717,4.333718366393248e-06,15017.588663101196
6,17660,24.981647491455078,0.0861932709813118,1.2903187274932861,3.4591331481933594,4.324146092079373e-06,15038.027516841888
6,17680,25.069738388061523,0.08171844482421875,1.3325259685516357,3.5726332664489746,4.314579524844513e-06,15058.428421258926
6,17700,30.205730438232422,0.1345975399017334,1.323515772819519,3.51081919670105,4.305018711120591e-06,15077.950288772583
7,17720,37.624996185302734,0.21751569211483002,1.2310664653778076,3.5627622604370117,4.295463697311601e-06,15115.574496746063
7,17740,22.302854537963867,0.06574662029743195,1.2184374332427979,3.5438168048858643,4.285914529793391e-06,15135.742765903473
7,17760,24.979598999023438,0.07903233170509338,1.345674753189087,3.6196203231811523,4.276371254913429e-06,15155.005326986313
7,17780,28.980379104614258,0.10872520506381989,1.4607908725738525,3.499950885772705,4.266833918990582e-06,15174.08166885376
7,17800,31.418598175048828,0.13413174450397491,1.4257720708847046,3.7477025985717773,4.257302568314898e-06,15194.20092701912
7,17820,34.56188201904297,0.17702935636043549,1.3293662071228027,3.5652856826782227,4.24777724914737e-06,15214.358196735382
7,17840,24.000778198242188,0.06108866631984711,1.4213645458221436,3.6782636642456055,4.23825800771972e-06,15234.111533641815
7,17860,38.03607177734375,0.21573156118392944,1.300208568572998,3.4608304500579834,4.228744890234169e-06,15254.243661642075
7,17880,22.31029510498047,0.06363240629434586,1.2497360706329346,3.4496936798095703,4.219237942863214e-06,15274.76668214798
7,17900,26.260478973388672,0.09883488714694977,1.2783482074737549,3.593510150909424,4.209737211749409e-06,15294.65421295166
7,17920,32.29144287109375,0.1555023193359375,1.3323683738708496,3.417525053024292,4.200242743005136e-06,15314.7159512043
7,17940,31.171236038208008,0.1365833580493927,1.3868076801300049,3.644822835922241,4.190754582712378e-06,15334.207546949387
7,17960,28.36553955078125,0.10562637448310852,1.4133332967758179,3.669569253921509,4.181272776922504e-06,15353.6589012146
7,17980,34.1986198425293,0.17526942491531372,1.3234083652496338,3.4375932216644287,4.171797371656038e-06,15373.766138792038
7,18000,21.138574600219727,0.06004450470209122,1.1517395973205566,3.6167285442352295,4.162328412902443e-06,15393.504601716995
7,18020,30.842626571655273,0.1472817212343216,1.225862741470337,3.8558270931243896,4.15286594661989e-06,15413.493913650513
7,18040,26.59345817565918,0.10156130790710449,1.30162513256073,3.4210758209228516,4.143410018735037e-06,15433.659472703934
7,18060,32.38457489013672,0.1443343460559845,1.439132571220398,3.5598127841949463,4.133960675142813e-06,15453.517455816269
7,18080,30.08928680419922,0.13172918558120728,1.3088467121124268,3.8279008865356445,4.1245179617061835e-06,15474.044312477112
7,18100,23.70823860168457,0.07474850863218307,1.2951993942260742,3.2813925743103027,4.115081924255938e-06,15494.205528974533
7,18120,24.377010345458984,0.07344861328601837,1.356466293334961,3.467485189437866,4.105652608590462e-06,15514.80041384697
7,18140,29.160133361816406,0.1365184485912323,1.1884249448776245,3.624037742614746,4.0962300604755176e-06,15534.91126704216
7,18160,23.757749557495117,0.07538243383169174,1.2749971151351929,3.469533681869507,4.086814325644019e-06,15555.091963768005
7,18180,29.122941970825195,0.10956700146198273,1.4545705318450928,3.620534896850586,4.077405449795814e-06,15574.810918092728
7,18200,24.018688201904297,0.06949690729379654,1.3794527053833008,3.2744719982147217,4.068003478597457e-06,15594.383356332779
7,18220,33.706912994384766,0.1759829819202423,1.234581708908081,3.7627968788146973,4.058608457681992e-06,15614.499961137772
7,18240,22.27787208557129,0.06141916662454605,1.280691146850586,3.329044818878174,4.04922043264873e-06,15634.035571575165
7,18260,25.35626983642578,0.08747833222150803,1.3198392391204834,3.4100441932678223,4.039839449063023e-06,15654.385470628738
7,18280,33.313472747802734,0.1652369201183319,1.3368791341781616,3.4209887981414795,4.030465552456051e-06,15674.495217323303
7,18300,23.979690551757812,0.08156147599220276,1.2404661178588867,3.418881416320801,4.021098788324596e-06,15694.573460817337
7,18320,30.046737670898438,0.11873055249452591,1.4735050201416016,3.4386329650878906,4.011739202130824e-06,15714.97818684578
7,18340,20.70306968688965,0.049163661897182465,1.2510290145874023,3.276413679122925,4.002386839302056e-06,15734.717474937439
7,18360,29.227294921875,0.12440730631351471,1.3454656600952148,3.331906795501709,3.993041745230562e-06,15754.795997858047
7,18380,28.051488876342773,0.12210489809513092,1.2199032306671143,3.64196515083313,3.983703965273327e-06,15774.932887554169
7,18400,27.026668548583984,0.09588543325662613,1.3809967041015625,3.628159284591675,3.97437354475184e-06,15795.118069887161
7,18420,40.47403335571289,0.23302505910396576,1.3693645000457764,3.4778831005096436,3.965050528951867e-06,15814.55035829544
7,18440,38.537437438964844,0.20938819646835327,1.4192578792572021,3.406036853790283,3.955734963123238e-06,15834.566223621368
7,18460,29.215063095092773,0.12759430706501007,1.2715014219284058,3.7406179904937744,3.946426892479621e-06,15854.581565618515
7,18480,28.488353729248047,0.12247511744499207,1.2584245204925537,3.6565966606140137,3.9371263621983096e-06,15874.679054737091
7,18500,29.01820182800293,0.13042865693569183,1.259710431098938,3.37823224067688,3.927833417419996e-06,15894.475131988525
7,18520,34.89336395263672,0.18521682918071747,1.3036061525344849,3.335620641708374,3.918548103248558e-06,15915.69857931137
7,18540,20.46584701538086,0.04181576520204544,1.2772746086120605,3.5115232467651367,3.909270464750836e-06,15935.048564434052
7,18560,30.990345001220703,0.14792315661907196,1.2499487400054932,3.6985433101654053,3.90000054695642e-06,15955.571826934814
7,18580,18.89883041381836,0.011718196794390678,1.4485092163085938,3.2419192790985107,3.890738394857422e-06,15975.820310354233
7,18600,24.419780731201172,0.07475394010543823,1.3506247997283936,3.4381372928619385,3.881484053408264e-06,15995.938601493835
7,18620,28.37318992614746,0.11537568271160126,1.321535348892212,3.6202683448791504,3.8722375675254615e-06,16016.121509552002
7,18640,24.069984436035156,0.08108079433441162,1.2589201927185059,3.372704267501831,3.8629989820874e-06,16036.458525419235
7,18660,34.77177047729492,0.17713773250579834,1.3439974784851074,3.618023157119751,3.8537683419341195e-06,16056.079237937927
7,18680,21.704967498779297,0.04005422443151474,1.4300568103790283,3.3989782333374023,3.844545691867098e-06,16076.382687091827
7,18700,40.78701400756836,0.2534429132938385,1.1793853044509888,3.6488687992095947,3.835331076649032e-06,16096.461750268936
7,18720,33.05747985839844,0.16751915216445923,1.2724800109863281,3.580763339996338,3.826124541003626e-06,16116.928224086761
7,18740,37.56499099731445,0.2219533622264862,1.2054641246795654,3.3150136470794678,3.816926129615359e-06,16135.377285718918
7,18760,21.851884841918945,0.06476687639951706,1.1884653568267822,3.490544557571411,3.8077358871292867e-06,16155.647231340408
7,18780,32.9588508605957,0.17139765620231628,1.223458170890808,3.584502935409546,3.798553858150816e-06,16175.546572446823
7,18800,25.31007957458496,0.09513276815414429,1.2317488193511963,3.4793143272399902,3.7893800872454845e-06,16195.167281866074
7,18820,23.55146026611328,0.07049810141324997,1.3059691190719604,3.441958427429199,3.780214618938754e-06,16215.475278615952
7,18840,32.012569427490234,0.15705986320972443,1.271215796470642,3.5944254398345947,3.771057497715786e-06,16235.32006764412
7,18860,23.410524368286133,0.08060967922210693,1.1524251699447632,3.8253040313720703,3.7619087680212283e-06,16255.703364133835
7,18880,28.186145782470703,0.10741086304187775,1.4002761840820312,3.4422988891601562,3.752768474259004e-06,16275.688604593277
7,18900,30.551815032958984,0.13659167289733887,1.363905668258667,3.253588914871216,3.7436366607920877e-06,16295.974629878998
7,18920,24.162147521972656,0.07521246373653412,1.3085343837738037,3.5555570125579834,3.7345133719422944e-06,16316.045412778854
7,18940,31.254026412963867,0.14561684429645538,1.305818796157837,3.6341536045074463,3.7253986519900674e-06,16336.251478672028
7,18960,28.717357635498047,0.1096782386302948,1.4342563152313232,3.4069719314575195,3.716292545174257e-06,16356.59800362587
7,18980,39.81841278076172,0.24276822805404663,1.1993286609649658,3.548302173614502,3.707195095691913e-06,16376.896448135376
7,19000,19.881046295166016,0.03347209095954895,1.2958933115005493,3.574904441833496,3.698106347698063e-06,16396.015751838684
7,19020,26.23929214477539,0.10381822288036346,1.2306420803070068,3.551048994064331,3.6890263453055035e-06,16416.13434934616
7,19040,26.523723602294922,0.10461176186800003,1.2674024105072021,3.3885223865509033,3.679955132584583e-06,16435.976506471634
7,19060,24.406898498535156,0.0858377143740654,1.2278146743774414,3.544978618621826,3.6708927535629857e-06,16455.94202876091
7,19080,39.050697326660156,0.21364682912826538,1.4180225133895874,3.505789041519165,3.6618392522255254e-06,16475.567271709442
7,19100,39.75168991088867,0.24079297482967377,1.2434200048446655,3.238192081451416,3.6527946725139247e-06,16495.599440336227
7,19120,24.19967269897461,0.09027417749166489,1.1911444664001465,3.2608115673065186,3.643759058326607e-06,16514.994681835175
7,19140,29.7325382232666,0.12300562858581543,1.3949121236801147,3.4828543663024902,3.6347324535184803e-06,16534.2895424366
7,19160,37.30870056152344,0.1996275782585144,1.3951902389526367,3.3940446376800537,3.625714901900722e-06,16554.550449609756
7,19180,24.372390747070312,0.08519236743450165,1.2669119834899902,3.184035062789917,3.616706447240573e-06,16574.68956875801
7,19200,24.197465896606445,0.07184236496686935,1.34414803981781,3.5717482566833496,3.6077071332611213e-06,16594.958243131638
7,19220,18.807491302490234,0.03231426328420639,1.1966371536254883,3.6096925735473633,3.598717003641086e-06,16614.932782411575
7,19240,23.385465621948242,0.07438240945339203,1.2328640222549438,3.6185855865478516,3.5897361020146156e-06,16635.308035373688
7,19260,34.67542266845703,0.17786696553230286,1.331895351409912,3.569772481918335,3.580764471971063e-06,16655.59323811531
7,19280,24.571392059326172,0.07647547870874405,1.3326618671417236,3.5972256660461426,3.571802157054787e-06,16667.907641887665
7,19300,22.035459518432617,0.05748024582862854,1.2889866828918457,3.3975679874420166,3.5628492007649306e-06,16679.12358355522
7,19320,32.510738372802734,0.16864964365959167,1.2029117345809937,3.6166560649871826,3.5539056465552203e-06,16694.227786064148
7,19340,32.70109558105469,0.1501249223947525,1.4156354665756226,3.532248020172119,3.5449715378337387e-06,16714.6485683918
7,19360,27.789182662963867,0.11049559712409973,1.3300316333770752,3.4393060207366943,3.5360469179627355e-06,16733.857578277588
7,19380,30.29966926574707,0.14510034024715424,1.2055367231369019,3.7342689037323,3.527131830258395e-06,16754.783205270767
7,19400,31.0450382232666,0.14355126023292542,1.326094388961792,3.428969144821167,3.518226317990646e-06,16775.5133228302
7,19420,23.05575942993164,0.06478789448738098,1.2940821647644043,3.636147975921631,3.5093304243829375e-06,16797.019105911255
7,19440,25.407848358154297,0.08272270858287811,1.3820408582687378,3.315169334411621,3.500444192612032e-06,16819.179894447327
7,19460,20.58121109008789,0.05202456936240196,1.1860014200210571,3.51874041557312,3.491567665807802e-06,16840.58792257309
7,19480,32.31635284423828,0.15613821148872375,1.3136088848114014,3.566444158554077,3.482700887053015e-06,16861.71443271637
7,19500,24.398771286010742,0.08457295596599579,1.2617521286010742,3.323953151702881,3.4738438993831225e-06,16883.153656721115
7,19520,28.407958984375,0.10777905583381653,1.3885077238082886,3.7449758052825928,3.4649967457860616e-06,16904.34541463852
7,19540,25.919546127319336,0.09361555427312851,1.3262407779693604,3.295584201812744,3.4561594692020295e-06,16924.870049238205
7,19560,23.83496856689453,0.07096446305513382,1.3367341756820679,3.3711798191070557,3.4473321125232923e-06,16946.980679512024
7,19580,27.66758155822754,0.09976673126220703,1.4222782850265503,3.468125581741333,3.4385147185939683e-06,16968.831339120865
7,19600,34.31497573852539,0.17707733809947968,1.3120391368865967,3.4868509769439697,3.4297073302098156e-06,16989.048218011856
7,19620,27.121307373046875,0.11852487176656723,1.1838929653167725,3.4298903942108154,3.4209099901180363e-06,17010.473112344742
7,19640,33.256587982177734,0.16204772889614105,1.3623260259628296,3.4285547733306885,3.4121227410170602e-06,17030.588856697083
7,19660,34.97734069824219,0.19644087553024292,1.1949406862258911,3.383848190307617,3.4033456255563366e-06,17049.817135095596
7,19680,26.517534255981445,0.10566647350788116,1.2526057958602905,3.4248294830322266,3.3945786863361375e-06,17070.207662582397
7,19700,22.390823364257812,0.05702952295541763,1.321333646774292,3.47453236579895,3.385821965907335e-06,17091.467863082886
7,19720,20.66068458557129,0.047038622200489044,1.2750368118286133,3.206453561782837,3.3770755067712113e-06,17112.00264763832
7,19740,21.470701217651367,0.048259489238262177,1.3002939224243164,3.641812562942505,3.368339351379243e-06,17131.34715437889
7,19760,27.81029510498047,0.11290439963340759,1.3235423564910889,3.2844314575195312,3.359613542132893e-06,17151.769836187363
7,19780,38.376670837402344,0.22154681384563446,1.2991143465042114,3.230846643447876,3.3508981213834114e-06,17171.80156302452
7,19800,27.126970291137695,0.101377472281456,1.3703668117523193,3.285555124282837,3.342193131431629e-06,17192.279001235962
7,19820,27.663862228393555,0.11269917339086533,1.2942835092544556,3.4511096477508545,3.333498614527749e-06,17213.154737234116
7,19840,29.400880813598633,0.13795503973960876,1.2080610990524292,3.524766206741333,3.3248146128711408e-06,17232.58131837845
7,19860,23.84381866455078,0.06475923955440521,1.3931154012680054,3.4367401599884033,3.316141168610136e-06,17254.065608739853
7,19880,37.398475646972656,0.2033384144306183,1.3699846267700195,3.36478853225708,3.307478323841831e-06,17274.278809547424
7,19900,25.460735321044922,0.10753399133682251,1.1348389387130737,3.35894775390625,3.298826120611875e-06,17293.83287715912
7,19920,25.8210506439209,0.09404011070728302,1.2943272590637207,3.473768472671509,3.2901846009142623e-06,17313.650453329086
7,19940,23.54018783569336,0.07197865098714828,1.293391227722168,3.4084115028381348,3.2815538066911416e-06,17333.867003917694
7,19960,24.3399658203125,0.08122793585062027,1.3148472309112549,3.06870174407959,3.2729337798326015e-06,17353.13978934288
7,19980,20.38601303100586,0.04321162402629852,1.241569995880127,3.6491518020629883,3.264324562176472e-06,17372.38360786438
7,20000,22.351430892944336,0.061078935861587524,1.286777377128601,3.375763177871704,3.2557261955081167e-06,17392.217191934586
7,20020,26.3314151763916,0.09824172407388687,1.3130489587783813,3.3767526149749756,3.2471387215602348e-06,17412.268688201904
7,20040,28.52640151977539,0.12616261839866638,1.2482832670211792,3.4273080825805664,3.2385621820126573e-06,17433.01183962822
7,20060,36.46604919433594,0.20185613632202148,1.2996009588241577,3.2844250202178955,3.2299966184921475e-06,17453.416748285294
7,20080,26.561115264892578,0.10925814509391785,1.2579153776168823,3.0561459064483643,3.22144207257219e-06,17473.7379052639
7,20100,27.552095413208008,0.12830059230327606,1.1274725198745728,3.447312116622925,3.212898585772799e-06,17494.678481578827
7,20120,31.103063583374023,0.1548691838979721,1.208618402481079,3.5299630165100098,3.204366199560311e-06,17515.513839006424
7,20140,25.335128784179688,0.08411311358213425,1.3412387371063232,3.5114290714263916,3.1958449553471875e-06,17537.435075998306
7,20160,27.41926383972168,0.11467185616493225,1.2443840503692627,3.508237361907959,3.1873348944918074e-06,17556.818231344223
7,20180,25.8648681640625,0.1012045294046402,1.2274494171142578,3.469921827316284,3.1788360582982717e-06,17578.3985247612
7,20200,26.412349700927734,0.10312911868095398,1.24876070022583,3.6118319034576416,3.170348488016205e-06,17600.055800914764
7,20220,23.138856887817383,0.05274276062846184,1.4557323455810547,3.3072566986083984,3.1618722248405504e-06,17620.005079984665
7,20240,25.174842834472656,0.0955217257142067,1.2354549169540405,3.268120765686035,3.1534073099113675e-06,17640.980009317398
7,20260,30.604860305786133,0.14679601788520813,1.2375030517578125,3.5502281188964844,3.1449537843136423e-06,17662.803992033005
7,20280,26.75618553161621,0.11682677268981934,1.1797938346862793,3.2755701541900635,3.1365116890770786e-06,17685.35871577263
7,20300,19.6460018157959,0.03806570917367935,1.2511048316955566,3.3283824920654297,3.1280810651759054e-06,17706.95367884636
7,20320,30.00844955444336,0.13701370358467102,1.2968988418579102,3.3380916118621826,3.1196619535286704e-06,17727.912171840668
7,20340,33.163055419921875,0.15714865922927856,1.402949333190918,3.4186954498291016,3.111254394998047e-06,17749.502835989
7,20360,24.539901733398438,0.08102373778820038,1.2804057598114014,3.633469343185425,3.1028584303906374e-06,17769.148203372955
7,20380,33.31773376464844,0.16253691911697388,1.346745491027832,3.596587896347046,3.094474100456769e-06,17789.07911849022
7,20400,33.90053939819336,0.18146970868110657,1.2565960884094238,3.187607765197754,3.0861014458903045e-06,17809.74472975731
7,20420,24.340791702270508,0.06976179778575897,1.387718677520752,3.487424373626709,3.0777405073284326e-06,17828.944845676422
7,20440,22.649730682373047,0.06469067186117172,1.3102238178253174,3.078427314758301,3.0693913253514822e-06,17849.30111336708
7,20460,29.46503257751465,0.13971929252147675,1.203632116317749,3.4567806720733643,3.061053940482721e-06,17869.913251638412
7,20480,20.281747817993164,0.04549863189458847,1.2111893892288208,3.619990587234497,3.052728393188157e-06,17889.846554756165
7,20500,28.811628341674805,0.11872416734695435,1.3699133396148682,3.2400805950164795,3.0444147238763417e-06,17909.956824541092
7,20520,26.49920082092285,0.10874195396900177,1.2307519912719727,3.317485809326172,3.0361129728981803e-06,17928.77458333969
7,20540,32.121185302734375,0.15660463273525238,1.309332013130188,3.367399215698242,3.0278231805467317e-06,17949.14905524254
7,20560,32.89626693725586,0.15885384380817413,1.363981008529663,3.371070623397827,3.019545387057011e-06,17969.761056661606
7,20580,32.26419448852539,0.1465727835893631,1.3901479244232178,3.705436944961548,3.011279632605793e-06,17990.73535513878
7,20600,36.10694885253906,0.19583460688591003,1.3232609033584595,3.290879011154175,3.0030259573114264e-06,18010.934253931046
7,20620,35.89687728881836,0.2000734806060791,1.2491228580474854,3.398303270339966,2.9947844012336296e-06,18030.937404870987
7,20640,20.40970802307129,0.03377695754170418,1.3355563879013062,3.6764492988586426,2.9865550043733033e-06,18052.80632352829
7,20660,18.53740119934082,0.03687421232461929,1.138416051864624,3.465817928314209,2.9783378066723227e-06,18075.273537635803
8,20680,27.48796844482422,0.11521514505147934,1.2549452781677246,3.4170005321502686,2.9701328480133656e-06,18112.138405799866
8,20700,28.966140747070312,0.12461443245410919,1.3382501602172852,3.1221961975097656,2.961940168219699e-06,18132.31467604637
8,20720,17.83158302307129,0.02855604700744152,1.1751244068145752,3.2247347831726074,2.9537598070550004e-06,18149.284740447998
8,20740,19.70123863220215,0.04500909149646759,1.174717903137207,3.453150510787964,2.94559180422315e-06,18160.95618414879
8,20760,28.79979133605957,0.12727874517440796,1.2768689393997192,3.3032290935516357,2.9374361993680516e-06,18172.384091854095
8,20780,31.56955337524414,0.14251883327960968,1.377897024154663,3.538700580596924,2.9292930320734337e-06,18190.276624441147
8,20800,30.78291130065918,0.14817124605178833,1.2585817575454712,3.3799686431884766,2.9211623418626617e-06,18209.370009183884
8,20820,26.39841651916504,0.11085344851016998,1.2021740674972534,3.2913308143615723,2.9130441681985306e-06,18228.494188547134
8,20840,24.750324249267578,0.07591056823730469,1.3579219579696655,3.580047369003296,2.9049385504830987e-06,18248.022384405136
8,20860,23.27531623840332,0.07695239037275314,1.219995141029358,3.3801255226135254,2.8968455280574775e-06,18266.799536943436
8,20880,19.82621192932129,0.0427103117108345,1.207043170928955,3.4847488403320312,2.8887651402016505e-06,18286.59833264351
8,20900,30.167593002319336,0.13431574404239655,1.3497276306152344,3.2387404441833496,2.8806974261342704e-06,18306.360106229782
8,20920,27.671863555908203,0.10937850177288055,1.321181297302246,3.5222008228302,2.8726424250124847e-06,18325.698399066925
8,20940,31.695068359375,0.15124103426933289,1.3203738927841187,3.367225408554077,2.8646001759317337e-06,18548.465676546097
8,20960,26.93845558166504,0.10837924480438232,1.268846035003662,3.412069797515869,2.85657071792557e-06,18598.69136071205
8,20980,26.65794563293457,0.0980706438422203,1.3617334365844727,3.2335472106933594,2.8485540899654574e-06,18618.93278479576
8,21000,25.899208068847656,0.1018436849117279,1.232529640197754,3.389542818069458,2.8405503309605896e-06,18639.238811016083
8,21020,21.329858779907227,0.04696282744407654,1.307451605796814,3.559058427810669,2.8325594797577034e-06,18659.540673732758
8,21040,31.748319625854492,0.15744444727897644,1.2669862508773804,3.334012508392334,2.8245815751408855e-06,18680.012312412262
8,21060,25.198930740356445,0.08346641063690186,1.3680927753448486,3.1713614463806152,2.816616655831383e-06,18700.342691659927
8,21080,24.950742721557617,0.0897245854139328,1.2614487409591675,3.363795757293701,2.808664760487421e-06,18720.82688474655
8,21100,30.461204528808594,0.14300686120986938,1.292499303817749,3.2355258464813232,2.8007259277040113e-06,18740.945491313934
8,21120,27.056533813476562,0.10961495339870453,1.2766900062561035,3.328138828277588,2.792800196012766e-06,18761.093527555466
8,21140,21.185863494873047,0.05121120065450668,1.25705885887146,3.494154453277588,2.7848876038817095e-06,18781.473913431168
8,21160,32.32394790649414,0.1586383432149887,1.2824485301971436,3.6356260776519775,2.7769881897150903e-06,18801.928500652313
8,21180,34.16557312011719,0.18599443137645721,1.2215442657470703,3.3506863117218018,2.7691019918532015e-06,18821.76806616783
8,21200,26.825193405151367,0.101477712392807,1.3432945013046265,3.244478940963745,2.761229048572187e-06,18842.290908575058
8,21220,30.77321434020996,0.14856374263763428,1.2423553466796875,3.493285894393921,2.7533693980838617e-06,18863.19957137108
8,21240,24.559873580932617,0.07915163040161133,1.3290913105010986,3.3537981510162354,2.745523078535517e-06,18883.539049863815
8,21260,22.646678924560547,0.07278220355510712,1.2141118049621582,3.2273402214050293,2.7376901280097483e-06,18903.677325963974
8,21280,22.811918258666992,0.05851493775844574,1.3335788249969482,3.6246354579925537,2.729870584524263e-06,18924.158281326294
8,21300,23.768260955810547,0.07949203252792358,1.22568941116333,3.562164306640625,2.7220644860316925e-06,18943.40343260765
8,21320,24.19104766845703,0.08413287252187729,1.2141388654708862,3.6363725662231445,2.714271870419413e-06,18963.171308755875
8,21340,20.073043823242188,0.04169542342424393,1.2534503936767578,3.3689985275268555,2.7064927755093624e-06,18983.318736076355
8,21360,24.020374298095703,0.07910127192735672,1.2863385677337646,3.2468605041503906,2.698727239057856e-06,19003.611487865448
8,21380,24.40313720703125,0.07632392644882202,1.3370370864868164,3.4003729820251465,2.6909752987554023e-06,19023.662348031998
8,21400,26.384061813354492,0.10701404511928558,1.2476270198822021,3.2063865661621094,2.6832369922265156e-06,19044.025861501694
8,21420,31.762981414794922,0.14833036065101624,1.3361061811447144,3.5688819885253906,2.6755123570295423e-06,19064.5699365139
8,21440,24.35662078857422,0.07977200299501419,1.2971465587615967,3.407954454421997,2.6678014306564743e-06,19084.546862125397
8,21460,28.968151092529297,0.12420366704463959,1.3093042373657227,3.4547431468963623,2.660104250532764e-06,19104.615483283997
8,21480,26.390148162841797,0.08990945667028427,1.3938724994659424,3.460477352142334,2.652420854017146e-06,19125.03974032402
8,21500,27.067869186401367,0.10043907165527344,1.3614214658737183,3.4097468852996826,2.644751278401456e-06,19145.208213329315
8,21520,22.589998245239258,0.05118843913078308,1.4140000343322754,3.3311538696289062,2.6370955609104517e-06,19165.63823223114
8,21540,18.011058807373047,0.025689225643873215,1.2066020965576172,3.3761160373687744,2.6294537387016267e-06,19186.04333114624
8,21560,24.428373336791992,0.08275823295116425,1.2794831991195679,3.357717514038086,2.6218258488650318e-06,19206.873875141144
8,21580,30.974889755249023,0.14969535171985626,1.2530570030212402,3.4747843742370605,2.614211928423099e-06,19227.893587112427
8,21600,26.48621940612793,0.10195299983024597,1.2726014852523804,3.5649044513702393,2.6066120143304592e-06,19248.594856739044
8,21620,31.838037490844727,0.15885069966316223,1.2693583965301514,3.2593820095062256,2.5990261434737596e-06,19268.558393001556
8,21640,23.847023010253906,0.06827100366353989,1.3624857664108276,3.3950657844543457,2.5914543526714884e-06,19289.55816102028
8,21660,24.52052879333496,0.08567267656326294,1.2421367168426514,3.5318925380706787,2.5838966786737986e-06,19308.56872034073
8,21680,27.023849487304688,0.10110460221767426,1.3621466159820557,3.291924238204956,2.5763531581623217e-06,19328.60232400894
8,21700,38.379737854003906,0.2134256511926651,1.3543108701705933,3.494065761566162,2.568823827750001e-06,19348.80323457718
8,21720,20.781782150268555,0.05050845816731453,1.2264978885650635,3.4659581184387207,2.561308723980899e-06,19368.825340032578
8,21740,25.390254974365234,0.09843309968709946,1.2153675556182861,3.3932693004608154,2.553807883330033e-06,19389.477120876312
8,21760,26.230737686157227,0.09901305288076401,1.298341155052185,3.3460209369659424,2.5463213422031966e-06,19410.316553592682
8,21780,31.6144962310791,0.16223227977752686,1.1984527111053467,3.406740665435791,2.538849136936772e-06,19430.82851791382
8,21800,33.84384536743164,0.18099263310432434,1.198638677597046,3.758193016052246,2.5313913037975674e-06,19451.401062488556
8,21820,23.246366500854492,0.06889089196920395,1.2758235931396484,3.5990405082702637,2.5239478789826323e-06,19471.514928340912
8,21840,33.5704231262207,0.17540287971496582,1.2719764709472656,3.3103723526000977,2.5165188986190846e-06,19491.61584496498
8,21860,18.504716873168945,0.0200517401099205,1.328569769859314,3.21384596824646,2.5091043987639385e-06,19512.572548627853
8,21880,21.185094833374023,0.053088992834091187,1.2495248317718506,3.380946397781372,2.5017044154039205e-06,19532.779626607895
8,21900,27.692054748535156,0.11580762267112732,1.2591074705123901,3.520216941833496,2.4943189844553046e-06,19553.083112478256
8,21920,19.79201316833496,0.047108497470617294,1.1732063293457031,3.349100112915039,2.4869481417637343e-06,19572.59055542946
8,21940,26.299732208251953,0.10273133963346481,1.2542489767074585,3.4841084480285645,2.479591923104043e-06,19592.869695186615
8,21960,26.400053024291992,0.10876700282096863,1.2267194986343384,3.2561583518981934,2.472250364180093e-06,19611.846397399902
8,21980,29.967784881591797,0.13574805855751038,1.2959860563278198,3.4331164360046387,2.4649235006245864e-06,19632.062291622162
8,22000,27.033119201660156,0.10776801407337189,1.2602612972259521,3.653705596923828,2.4576113679989066e-06,19651.852167844772
8,22020,24.83388328552246,0.08250764012336731,1.3010720014572144,3.572399139404297,2.4503140017929384e-06,19671.795740365982
8,22040,26.42850112915039,0.10030832886695862,1.2907803058624268,3.489863872528076,2.4430314374248935e-06,19691.477368593216
8,22060,20.827091217041016,0.05037126690149307,1.2358109951019287,3.431854724884033,2.4357637102411464e-06,19711.472655773163
8,22080,28.52106475830078,0.13228380680084229,1.2155389785766602,3.1372952461242676,2.4285108555160576e-06,19730.632388591766
8,22100,24.020221710205078,0.06848378479480743,1.356073260307312,3.6111104488372803,2.4212729084517985e-06,19750.271648406982
8,22120,39.860267639160156,0.2175988256931305,1.4527125358581543,3.573260545730591,2.414049904178192e-06,19769.92443394661
8,22140,21.831430435180664,0.05932260677218437,1.2434515953063965,3.464655637741089,2.4068418777525292e-06,19789.136505126953
8,22160,39.8135871887207,0.23364904522895813,1.321601152420044,3.232670783996582,2.39964886415941e-06,19809.36472582817
8,22180,29.81241798400879,0.14767926931381226,1.168213129043579,3.3623592853546143,2.3924708983105672e-06,19828.582028627396
8,22200,28.513473510742188,0.1215595081448555,1.2851512432098389,3.506009340286255,2.385308015044699e-06,19848.570614099503
8,22220,26.65030860900879,0.11785617470741272,1.1506731510162354,3.357959508895874,2.3781602491272943e-06,19868.108413219452
8,22240,33.79549789428711,0.17141667008399963,1.3081474304199219,3.5723557472229004,2.3710276352504776e-06,19888.137954950333
8,22260,21.325380325317383,0.06037750467658043,1.2186825275421143,3.1008048057556152,2.363910208032824e-06,19907.558428525925
8,22280,34.50114440917969,0.17633521556854248,1.3644461631774902,3.2231600284576416,2.3568080020192057e-06,19927.283071517944
8,22300,23.372066497802734,0.0645952895283699,1.3444650173187256,3.467888593673706,2.3497210516806125e-06,19947.24747133255
8,22320,25.481998443603516,0.09079283475875854,1.2914659976959229,3.488056182861328,2.3426493914139924e-06,19966.690571546555
8,22340,28.00663185119629,0.11554533243179321,1.310368537902832,3.3484137058258057,2.3355930555420838e-06,19986.82256436348
8,22360,31.007787704467773,0.15356601774692535,1.2032122611999512,3.619062900543213,2.3285520783132455e-06,20007.316435813904
8,22380,24.38481330871582,0.06930427253246307,1.3919329643249512,3.535057544708252,2.3215264939012892e-06,20027.755472421646
8,22400,26.37624168395996,0.09945601224899292,1.2898905277252197,3.5317370891571045,2.314516336405323e-06,20048.027961969376
8,22420,27.207386016845703,0.11618642508983612,1.2162439823150635,3.426304340362549,2.307521639849573e-06,20068.19251060486
8,22440,22.501689910888672,0.05091745778918266,1.4002420902252197,3.4075236320495605,2.3005424381832304e-06,20088.65642261505
8,22460,25.85067367553711,0.10781460255384445,1.1777609586715698,3.2916030883789062,2.2935787652802755e-06,20108.753113746643
8,22480,22.452007293701172,0.06221160292625427,1.2798774242401123,3.432072639465332,2.2866306549393226e-06,20129.20325279236
8,22500,19.65047264099121,0.049967601895332336,1.132501244544983,3.3286995887756348,2.279698140883452e-06,20149.773588895798
8,22520,34.782257080078125,0.18250495195388794,1.2942283153533936,3.589477777481079,2.272781256760046e-06,20170.516795873642
8,22540,19.528112411499023,0.038598109036684036,1.2321834564208984,3.3464677333831787,2.2658800361406238e-06,20190.761649131775
8,22560,23.39964485168457,0.0838194265961647,1.1494146585464478,3.523555278778076,2.258994512520684e-06,20211.35751414299
8,22580,25.779722213745117,0.08871551603078842,1.3322341442108154,3.5858283042907715,2.252124719319537e-06,20231.705753326416
8,22600,21.476238250732422,0.05467250943183899,1.2700942754745483,3.3080453872680664,2.245270689880146e-06,20252.278738975525
8,22620,23.733964920043945,0.0796639546751976,1.2234106063842773,3.5334644317626953,2.238432457468961e-06,20272.945027589798
8,22640,30.806486129760742,0.14843717217445374,1.259980320930481,3.3629660606384277,2.2316100552757635e-06,20293.429518699646
8,22660,23.1357479095459,0.06530427932739258,1.3380392789840698,3.2249271869659424,2.2248035164135006e-06,20314.2826192379
8,22680,28.230924606323242,0.11882185935974121,1.2902991771697998,3.4457449913024902,2.218012873918128e-06,20334.94678735733
8,22700,31.807029724121094,0.1596822738647461,1.2390663623809814,3.448138475418091,2.2112381607484413e-06,20355.323350191116
8,22720,24.45473861694336,0.08318804949522018,1.2850385904312134,3.285548686981201,2.20447940978593e-06,20375.928421974182
8,22740,22.759626388549805,0.07317725569009781,1.1742775440216064,3.6991260051727295,2.1977366538346028e-06,20396.702568531036
8,22760,33.733856201171875,0.17139266431331635,1.3092191219329834,3.5023977756500244,2.1910099256208406e-06,20417.576634407043
8,22780,25.48892593383789,0.09095434844493866,1.308122158050537,3.312269687652588,2.184299257793232e-06,20437.994385957718
8,22800,22.512170791625977,0.05831422656774521,1.3395570516586304,3.2851767539978027,2.177604682922413e-06,20458.819019317627
8,22820,21.110065460205078,0.056464195251464844,1.2152676582336426,3.3109700679779053,2.1709262335009133e-06,20479.556246757507
8,22840,35.58512878417969,0.18830552697181702,1.3475875854492188,3.278700351715088,2.1642639419429985e-06,20500.028366088867
8,22860,25.628501892089844,0.09450104087591171,1.2976031303405762,3.202366352081299,2.157617840584506e-06,20520.805693149567
8,22880,19.916540145874023,0.055479757487773895,1.1205813884735107,3.1627495288848877,2.150987961682699e-06,20541.5188934803
8,22900,19.262081146240234,0.041178151965141296,1.1801280975341797,3.342984199523926,2.1443743374160987e-06,20562.14805841446
8,22920,36.68235778808594,0.19478780031204224,1.3756511211395264,3.447065830230713,2.1377769998843365e-06,20583.01105070114
8,22940,22.31743812561035,0.061067402362823486,1.2930909395217896,3.279789447784424,2.1311959811079964e-06,20603.785518169403
8,22960,24.366798400878906,0.08996658027172089,1.1920421123504639,3.449718475341797,2.1246313130284535e-06,20624.379172325134
8,22980,23.058151245117188,0.08482763916254044,1.0968083143234253,3.607304334640503,2.118083027507729e-06,20645.247431993484
8,23000,23.385709762573242,0.06700073182582855,1.3213450908660889,3.4721851348876953,2.1115511563283283e-06,20666.15756058693
8,23020,21.44112777709961,0.04797801747918129,1.316666603088379,3.47666072845459,2.1050357311930853e-06,20686.822103977203
8,23040,24.660236358642578,0.09704017639160156,1.1572892665863037,3.383326292037964,2.098536783725019e-06,20707.546854257584
8,23060,26.3286075592041,0.10410721600055695,1.2662286758422852,3.255598545074463,2.0920543454671668e-06,20728.28771519661
8,23080,24.356626510620117,0.07552556693553925,1.335848093032837,3.445589303970337,2.085588447882441e-06,20749.083963871002
8,23100,22.540931701660156,0.06365346163511276,1.278078317642212,3.394803047180176,2.0791391223534727e-06,20769.01819586754
8,23120,21.824384689331055,0.06703082472085953,1.1669167280197144,3.452134847640991,2.0727064001824577e-06,20789.94964814186
8,23140,19.701452255249023,0.048983097076416016,1.1398435831069946,3.404707670211792,2.0662903125910067e-06,20810.686024427414
8,23160,39.514617919921875,0.23921707272529602,1.2505180835723877,3.0877296924591064,2.059890890719995e-06,20830.980928897858
8,23180,21.909374237060547,0.06198735907673836,1.223071575164795,3.479924201965332,2.0535081656294105e-06,20851.787847042084
8,23200,18.030902862548828,0.021968957036733627,1.235520839691162,3.478799819946289,2.0471421682981983e-06,20872.085596323013
8,23220,20.248672485351562,0.050261978060007095,1.1720280647277832,3.502192735671997,2.040792929624117e-06,20892.587338209152
8,23240,26.762453079223633,0.10191293060779572,1.3171700239181519,3.3994598388671875,2.0344604804235855e-06,20912.896913528442
8,23260,31.438331604003906,0.16130125522613525,1.1958237886428833,3.3499670028686523,2.028144851431536e-06,20933.155052423477
8,23280,20.852365493774414,0.04512100666761398,1.2904329299926758,3.4359352588653564,2.0218460733012583e-06,20953.629285097122
8,23300,23.900978088378906,0.07624781131744385,1.3004570007324219,3.271627426147461,2.015564176604259e-06,20974.085762500763
8,23320,23.556236267089844,0.0813755989074707,1.211670160293579,3.3019750118255615,2.0092991918301106e-06,20994.39764046669
8,23340,26.731910705566406,0.10743149369955063,1.2610965967178345,3.3777971267700195,2.0030511493862996e-06,21015.057548046112
8,23360,21.111202239990234,0.048566050827503204,1.2809975147247314,3.4446218013763428,1.996820079598083e-06,21035.54868030548
8,23380,28.484561920166016,0.127722829580307,1.2253260612487793,3.459019422531128,1.9906060127083388e-06,21055.536534786224
8,23400,26.37081527709961,0.10700543224811554,1.2208001613616943,3.462268829345703,1.9844089788774217e-06,21076.175203323364
8,23420,41.675662994384766,0.25067219138145447,1.3040863275527954,3.5675809383392334,1.9782290081830177e-06,21096.902064800262
8,23440,24.790687561035156,0.08268750458955765,1.3004708290100098,3.517228364944458,1.97206613061999e-06,21117.91288304329
8,23460,28.544614791870117,0.12278716266155243,1.3068722486495972,3.197176456451416,1.965920376100245e-06,21138.32643556595
8,23480,28.350666046142578,0.12375754117965698,1.2426422834396362,3.548488140106201,1.959791774452578e-06,21158.808722496033
8,23500,29.13313865661621,0.11982738971710205,1.3761396408081055,3.3890039920806885,1.9536803554225335e-06,21179.55127930641
8,23520,34.812259674072266,0.19136837124824524,1.2224059104919434,3.4513638019561768,1.9475861486722586e-06,21199.797652721405
8,23540,25.876497268676758,0.08944933861494064,1.3596198558807373,3.335362672805786,1.9415091837803574e-06,21220.309255838394
8,23560,28.059812545776367,0.12709252536296844,1.216703176498413,3.183527708053589,1.9354494902417524e-06,21240.88118314743
8,23580,27.5806884765625,0.11149530112743378,1.3352594375610352,3.078564167022705,1.929407097467539e-06,21261.612583637238
8,23600,27.63629913330078,0.10506026446819305,1.3802058696746826,3.3282132148742676,1.923382034784838e-06,21282.530492305756
9,23620,21.72764778137207,0.05042940005660057,1.3347625732421875,3.33708119392395,1.9173743314366635e-06,21316.22682452202
9,23640,30.054195404052734,0.1408253014087677,1.2689106464385986,3.282557964324951,1.9113840165817702e-06,21337.21111369133
9,23660,30.109079360961914,0.14416414499282837,1.2409687042236328,3.2829787731170654,1.90541111929452e-06,21357.978700876236
9,23680,29.696876525878906,0.12683121860027313,1.361936330795288,3.394390821456909,1.8994556685647345e-06,21378.806248903275
9,23700,23.949737548828125,0.07601579278707504,1.3074705600738525,3.2734534740448,1.8935176932975585e-06,21399.160826921463
9,23720,25.830434799194336,0.09166723489761353,1.327685832977295,3.3868536949157715,1.8875972223133194e-06,21419.87788105011
9,23740,27.884809494018555,0.12108255922794342,1.2425479888916016,3.351072311401367,1.8816942843473868e-06,21440.523912668228
9,23760,25.66721534729004,0.10887680947780609,1.1282057762145996,3.497476100921631,1.8758089080500326e-06,21461.371735811234
9,23780,27.402652740478516,0.11690491437911987,1.2162866592407227,3.549293041229248,1.8699411219862886e-06,21482.053978204727
9,23800,19.28449249267578,0.04584277793765068,1.1261281967163086,3.438931941986084,1.864090954635816e-06,21502.681129693985
9,23820,23.73630142211914,0.08142612129449844,1.2334293127059937,3.2593953609466553,1.8582584343927618e-06,21523.537173509598
9,23840,22.632204055786133,0.06632931530475616,1.269199013710022,3.3072829246520996,1.852443589565619e-06,21544.195411920547
9,23860,29.494443893432617,0.13771136105060577,1.242883324623108,3.2944741249084473,1.8466464483770918e-06,21564.278204917908
9,23880,20.890186309814453,0.05673101916909218,1.1745156049728394,3.4719271659851074,1.8408670389639628e-06,21584.44380402565
9,23900,19.615928649902344,0.03709772601723671,1.2564181089401245,3.3419742584228516,1.8351053893769485e-06,21604.960384368896
9,23920,18.86373519897461,0.03571952506899834,1.1944968700408936,3.346813917160034,1.8293615275805709e-06,21625.230395793915
9,23940,24.478225708007812,0.07684338092803955,1.3310623168945312,3.4832651615142822,1.823635481453011e-06,21645.670415878296
9,23960,30.061813354492188,0.13511253893375397,1.3152992725372314,3.397568702697754,1.8179272787859875e-06,21666.00523686409
9,23980,24.434648513793945,0.08872012794017792,1.2305078506469727,3.2575576305389404,1.8122369472846116e-06,21686.435319423676
9,24000,27.065919876098633,0.11482208222150803,1.231148362159729,3.272228956222534,1.8065645145672578e-06,21706.907299280167
9,24020,24.53499984741211,0.07530061900615692,1.356244444847107,3.442492961883545,1.8009100081654216e-06,21727.638050556183
9,24040,25.286510467529297,0.08772413432598114,1.3032207489013672,3.4818904399871826,1.795273455523599e-06,21747.977524518967
9,24060,26.579992294311523,0.1168971061706543,1.169804334640503,3.1922380924224854,1.789654883999144e-06,21768.563000440598
9,24080,33.230838775634766,0.16103559732437134,1.3720085620880127,3.4071950912475586,1.7840543208621378e-06,21789.297894239426
9,24100,19.015811920166016,0.03874453157186508,1.181853175163269,3.3228261470794678,1.7784717932952558e-06,21804.065629720688
9,24120,22.0980224609375,0.05831511318683624,1.292736530303955,3.339146137237549,1.7729073283936386e-06,21815.12913966179
9,24140,26.10494613647461,0.10463978350162506,1.2347722053527832,3.293245553970337,1.7673609531647574e-06,21827.998252868652
9,24160,22.381887435913086,0.05765742436051369,1.3006465435028076,3.609678030014038,1.7618326945282866e-06,21849.568995714188
9,24180,31.22385025024414,0.1424655020236969,1.32749342918396,3.7023658752441406,1.7563225793159641e-06,21870.94579720497
9,24200,26.884382247924805,0.11230975389480591,1.2366142272949219,3.287264108657837,1.7508306342714743e-06,21892.010833740234
9,24220,22.231597900390625,0.06389342248439789,1.2547221183776855,3.2950351238250732,1.7453568860503078e-06,21911.876643896103
9,24240,22.95627784729004,0.07263871282339096,1.2588131427764893,3.1042773723602295,1.7399013612196403e-06,21932.246694803238
9,24260,23.741783142089844,0.07002726942300797,1.336116075515747,3.3778960704803467,1.7344640862581918e-06,21952.075559854507
9,24280,19.854177474975586,0.032988354563713074,1.319353699684143,3.361804962158203,1.729045087556112e-06,21972.595683813095
9,24300,24.101877212524414,0.08231021463871002,1.2327907085418701,3.54294753074646,1.723644391414843e-06,21992.61589193344
9,24320,37.76454544067383,0.2068788707256317,1.35036039352417,3.5730535984039307,1.7182620240469949e-06,22013.47776913643
9,24340,23.005361557006836,0.06130082532763481,1.3500149250030518,3.3751301765441895,1.712898011576217e-06,22032.502332925797
9,24360,24.602401733398438,0.09733949601650238,1.150376796722412,3.3646841049194336,1.707552380037072e-06,22051.970190286636
9,24380,24.476116180419922,0.073302261531353,1.366412878036499,3.4817612171173096,1.702225155374911e-06,22072.537650346756
9,24400,31.685258865356445,0.16154751181602478,1.2104231119155884,3.4262771606445312,1.6969163634457466e-06,22093.25235891342
9,24420,31.57871437072754,0.1658521294593811,1.1792516708374023,3.2009854316711426,1.691626030016123e-06,22114.520067453384
9,24440,18.040380477905273,0.026516251266002655,1.1808799505233765,3.579955816268921,1.686354180763e-06,22135.086091518402
9,24460,23.82122039794922,0.07845621556043625,1.2579472064971924,3.3961286544799805,1.6811008412736205e-06,22154.85163474083
9,24480,20.04790687561035,0.04643355309963226,1.1849420070648193,3.5551323890686035,1.6758660370453904e-06,22175.84232378006
9,24500,26.917158126831055,0.09491241723299026,1.4007824659347534,3.418092966079712,1.6706497934857525e-06,22197.206645011902
9,24520,23.18060874938965,0.060131657868623734,1.394329309463501,3.224149465560913,1.665452135912063e-06,22218.19681239128
9,24540,29.922731399536133,0.12813915312290192,1.385134220123291,3.257474660873413,1.660273089551473e-06,22239.394738197327
9,24560,19.15389060974121,0.033675674349069595,1.2506895065307617,3.2794291973114014,1.6551126795408015e-06,22260.3522233963
9,24580,25.910003662109375,0.10435254871845245,1.201114535331726,3.4636034965515137,1.6499709309264155e-06,22280.964880228043
9,24600,19.788732528686523,0.031766969710588455,1.3086864948272705,3.5251715183258057,1.644847868664105e-06,22302.522646665573
9,24620,23.240230560302734,0.07851997017860413,1.2098157405853271,3.2900750637054443,1.639743517618968e-06,22323.805184841156
9,24640,19.478994369506836,0.021143803372979164,1.3973029851913452,3.3915843963623047,1.6346579025652865e-06,22345.187050819397
9,24660,28.43010902404785,0.11521130800247192,1.3616557121276855,3.2924208641052246,1.6295910481864031e-06,22365.95670413971
9,24680,23.147022247314453,0.06011229753494263,1.368638515472412,3.4494078159332275,1.6245429790746058e-06,22388.028809785843
9,24700,29.84563446044922,0.1355670988559723,1.3110203742980957,3.1787211894989014,1.6195137197310077e-06,22409.340401649475
9,24720,23.821165084838867,0.0690012127161026,1.3626255989074707,3.294787883758545,1.614503294565428e-06,22431.150354146957
9,24740,23.291229248046875,0.06794417649507523,1.2955344915390015,3.5414650440216064,1.6095117278962732e-06,22452.56591820717
9,24760,22.12384605407715,0.05593490973114967,1.3238604068756104,3.291752576828003,1.6045390439504158e-06,22473.57235121727
9,24780,32.2303581237793,0.16433748602867126,1.2403559684753418,3.393049716949463,1.5995852668630834e-06,22494.462311029434
9,24800,21.582988739013672,0.06486852467060089,1.1659082174301147,3.4370529651641846,1.5946504206777374e-06,22515.87557053566
9,24820,22.812889099121094,0.0638541728258133,1.3205854892730713,3.221616268157959,1.589734529345956e-06,22537.449604272842
9,24840,23.09585952758789,0.07828401029109955,1.1856626272201538,3.410830497741699,1.5848376167273173e-06,22558.360159635544
9,24860,20.262601852416992,0.04712669923901558,1.2134997844696045,3.414933443069458,1.5799597065892883e-06,22579.15021300316
9,24880,19.049270629882812,0.043969184160232544,1.1115748882293701,3.5366029739379883,1.5751008226071047e-06,22599.906804561615
9,24900,22.29119110107422,0.060023173689842224,1.293805480003357,3.350818157196045,1.5702609883636587e-06,22621.99976706505
9,24920,28.82668685913086,0.12557701766490936,1.286785364151001,3.4011311531066895,1.5654402273493808e-06,22643.909539937973
9,24940,23.532833099365234,0.07664108276367188,1.2270727157592773,3.5979981422424316,1.5606385629621302e-06,22664.67649936676
9,24960,26.798826217651367,0.10959450900554657,1.261718511581421,3.222189426422119,1.5558560185070813e-06,22685.8941488266
9,24980,18.05164909362793,0.02884718030691147,1.1892389059066772,3.2745423316955566,1.551092617196605e-06,22706.76993584633
9,25000,22.46877670288086,0.07476088404655457,1.1516509056091309,3.4761781692504883,1.5463483821501615e-06,22727.86339020729
9,25020,23.09986686706543,0.056704066693782806,1.3924068212509155,3.505392074584961,1.5416233363941866e-06,22748.813314676285
9,25040,29.03268814086914,0.1251419484615326,1.3070793151855469,3.447699785232544,1.5369175028619795e-06,22769.036566734314
9,25060,24.832117080688477,0.08967923372983932,1.2701823711395264,3.162370443344116,1.5322309043935927e-06,22789.05784344673
9,25080,27.879074096679688,0.12241433560848236,1.2173326015472412,3.464312791824341,1.527563563735718e-06,22809.343190908432
9,25100,27.324546813964844,0.10701581835746765,1.2974090576171875,3.6488749980926514,1.5229155035415788e-06,22829.8723256588
9,25120,23.212749481201172,0.07291965186595917,1.2663942575454712,3.256842613220215,1.5182867463708231e-06,22850.098985671997
9,25140,28.42983055114746,0.12678243219852448,1.2261470556259155,3.4901163578033447,1.5136773146894036e-06,22871.228838920593
9,25160,24.1292667388916,0.07879084348678589,1.2747822999954224,3.502359390258789,1.5090872308694828e-06,22891.81060743332
9,25180,24.90904998779297,0.08791546523571014,1.2688534259796143,3.4289703369140625,1.5045165171893117e-06,22911.651265621185
9,25200,29.778318405151367,0.12283819913864136,1.409254789352417,3.4019486904144287,1.4999651958331296e-06,22932.804782390594
9,25220,27.66217613220215,0.12765280902385712,1.1501020193099976,3.395876407623291,1.4954332888910557e-06,22953.6183013916
9,25240,19.995973587036133,0.03833376616239548,1.2852505445480347,3.3100905418395996,1.4909208183589756e-06,22973.9808280468
9,25260,26.98891830444336,0.11385972797870636,1.2292169332504272,3.3107762336730957,1.4864278061384424e-06,22994.787939071655
9,25280,24.26886749267578,0.0977974683046341,1.136103630065918,3.1280832290649414,1.4819542740365676e-06,23015.720763921738
9,25300,24.63434600830078,0.08331175148487091,1.2924765348434448,3.378405809402466,1.477500243765911e-06,23036.37879395485
9,25320,20.273094177246094,0.054779693484306335,1.140799880027771,3.3871266841888428,1.4730657369443845e-06,23056.507802963257
9,25340,22.191272735595703,0.0642814114689827,1.2443840503692627,3.3192920684814453,1.4686507750951363e-06,23072.92852330208
9,25360,20.516069412231445,0.04890934377908707,1.2048113346099854,3.577022075653076,1.464255379646455e-06,23084.005880832672
9,25380,29.231578826904297,0.1466349959373474,1.1544878482818604,3.0232019424438477,1.459879571931663e-06,23096.859592676163
9,25400,34.895294189453125,0.1799720823764801,1.3561900854110718,3.336183786392212,1.4555233731890097e-06,23117.121066093445
9,25420,25.118375778198242,0.09562966227531433,1.2174434661865234,3.3809762001037598,1.4511868045615735e-06,23136.441210746765
9,25440,39.699607849121094,0.2255588322877884,1.3864834308624268,3.2788922786712646,1.4468698870971566e-06,23156.961834669113
9,25460,18.38334083557129,0.025222815573215485,1.250758409500122,3.353475332260132,1.4425726417481805e-06,23177.31671500206
9,25480,24.12269401550293,0.0853383019566536,1.2072405815124512,3.51645827293396,1.4382950893715914e-06,23197.303374052048
9,25500,24.051013946533203,0.07275500148534775,1.347363829612732,3.3018765449523926,1.43403725072875e-06,23217.125539064407
9,25520,31.755008697509766,0.1557110846042633,1.2984764575958252,3.1991355419158936,1.4297991464853382e-06,23237.477264642715
9,25540,28.157026290893555,0.11394055932760239,1.3345837593078613,3.417130708694458,1.425580797211254e-06,23258.02360391617
9,25560,26.048742294311523,0.09917080402374268,1.2885007858276367,3.246655225753784,1.4213822233805154e-06,23278.209127664566
9,25580,26.09616470336914,0.10136252641677856,1.245948314666748,3.5004289150238037,1.4172034453711568e-06,23298.56304335594
9,25600,23.537797927856445,0.08502466231584549,1.191382884979248,3.121504545211792,1.4130444834651341e-06,23318.97304582596
9,25620,21.304584503173828,0.05457879602909088,1.263956069946289,3.207143783569336,1.408905357848223e-06,23339.032417535782
9,25640,21.086162567138672,0.06459149718284607,1.1297749280929565,3.3292644023895264,1.404786088609924e-06,23359.3441092968
9,25660,26.128992080688477,0.10001204907894135,1.2605628967285156,3.52215838432312,1.4006866957433624e-06,23378.977466106415
9,25680,20.93484115600586,0.05614809691905975,1.2063558101654053,3.2564730644226074,1.396607199145193e-06,23399.37879538536
9,25700,28.717121124267578,0.13721348345279694,1.172109603881836,3.2746777534484863,1.3925476186155022e-06,23419.56308913231
9,25720,22.717714309692383,0.07430438697338104,1.1914523839950562,3.372751474380493,1.3885079738577142e-06,23439.64355993271
9,25740,20.114553451538086,0.03847164660692215,1.2689261436462402,3.578127384185791,1.384488284478491e-06,23459.664537668228
9,25760,28.457082748413086,0.12194451689720154,1.298797845840454,3.2746524810791016,1.3804885699876428e-06,23479.683064699173
9,25780,22.76190185546875,0.06868458539247513,1.2544234991073608,3.349208116531372,1.3765088497980275e-06,23499.386744737625
9,25800,21.031841278076172,0.05021471902728081,1.2491954565048218,3.5184130668640137,1.3725491432254622e-06,23519.291076898575
9,25820,27.38518714904785,0.1307804435491562,1.0822174549102783,3.484968662261963,1.368609469488624e-06,23538.80994296074
9,25840,21.87206268310547,0.07330551743507385,1.1159441471099854,3.3820695877075195,1.3646898477089623e-06,23558.98718571663
9,25860,21.522397994995117,0.05968292057514191,1.2156304121017456,3.3978021144866943,1.3607902969106012e-06,23579.0602414608
9,25880,19.98990821838379,0.041957952082157135,1.2277573347091675,3.5165390968322754,1.3569108360202496e-06,23598.800049066544
9,25900,34.31405258178711,0.1889842003583908,1.204007863998413,3.375553846359253,1.3530514838671086e-06,23618.685077905655
9,25920,31.815649032592773,0.15393111109733582,1.321548581123352,3.20705246925354,1.349212259182781e-06,23638.51673269272
9,25940,21.50358772277832,0.042144984006881714,1.4094960689544678,3.194127321243286,1.345393180601178e-06,23658.038482427597
9,25960,23.947080612182617,0.09187375009059906,1.130323886871338,3.4564666748046875,1.3415942666584328e-06,23678.375716924667
9,25980,35.77496337890625,0.19151188433170319,1.3161672353744507,3.462106227874756,1.3378155357928055e-06,23698.672846078873
9,26000,21.729846954345703,0.06539995968341827,1.1968796253204346,3.2210533618927,1.3340570063445992e-06,23719.0025305748
9,26020,23.142425537109375,0.08615933358669281,1.1165862083435059,3.360630750656128,1.3303186965560666e-06,23738.938137054443
9,26040,25.49936294555664,0.09173731505870819,1.2778944969177246,3.5466859340667725,1.3266006245713244e-06,23758.749077796936
9,26060,22.646015167236328,0.0742475762963295,1.1840972900390625,3.38028621673584,1.322902808436261e-06,23778.910936832428
9,26080,21.769268035888672,0.06366004049777985,1.2251040935516357,3.1522216796875,1.319225266098456e-06,23799.316950798035
9,26100,18.80559730529785,0.028526585549116135,1.2721757888793945,3.2311813831329346,1.3155680154070841e-06,23819.676117897034
9,26120,23.106338500976562,0.07042069733142853,1.2917603254318237,3.146664619445801,1.3119310741128364e-06,23840.381214618683
9,26140,26.49912452697754,0.10824643075466156,1.2310330867767334,3.3641490936279297,1.3083144598678321e-06,23860.85592198372
9,26160,25.463476181030273,0.10011954605579376,1.2023452520370483,3.4280686378479004,1.3047181902255281e-06,23880.90846014023
9,26180,29.15355110168457,0.14458471536636353,1.134123682975769,3.353841781616211,1.30114228264064e-06,23901.091451883316
9,26200,27.878406524658203,0.11179516464471817,1.3165980577468872,3.5329091548919678,1.2975867544690556e-06,23921.464275360107
9,26220,20.618608474731445,0.04831694811582565,1.2491264343261719,3.2956488132476807,1.294051622967747e-06,23941.8541867733
9,26240,20.620319366455078,0.02759227156639099,1.4533774852752686,3.3273162841796875,1.2905369052946935e-06,23962.176767349243
9,26260,19.797800064086914,0.03590574115514755,1.2716197967529297,3.49102783203125,1.2870426185087914e-06,23982.610419273376
9,26280,22.35647201538086,0.0658663883805275,1.2179286479949951,3.590546131134033,1.283568779569776e-06,24002.925744771957
9,26300,30.135997772216797,0.144232839345932,1.237645149230957,3.3362619876861572,1.2801154053381386e-06,24023.22523212433
9,26320,22.91876792907715,0.060647785663604736,1.3294403553009033,3.559586763381958,1.276682512575041e-06,24043.427680253983
9,26340,26.835983276367188,0.11693497002124786,1.1779934167861938,3.3625524044036865,1.2732701179422397e-06,24064.009371757507
9,26360,20.607437133789062,0.05525227636098862,1.1825491189956665,3.256718397140503,1.2698782380020015e-06,24084.813095331192
9,26380,21.861915588378906,0.06291922926902771,1.2407870292663574,3.1621222496032715,1.2665068892170227e-06,24104.669640779495
9,26400,24.71137046813965,0.0881602093577385,1.2570514678955078,3.3248345851898193,1.2631560879503522e-06,24125.09968852997
9,26420,25.969038009643555,0.11310973763465881,1.1401045322418213,3.257018804550171,1.2598258504653082e-06,24145.333013296127
9,26440,22.532625198364258,0.06675365567207336,1.250955581665039,3.3477046489715576,1.2565161929254028e-06,24165.813930273056
9,26460,31.8084716796875,0.15091627836227417,1.3353729248046875,3.3631134033203125,1.2532271313942635e-06,24185.830127716064
9,26480,28.219268798828125,0.11209823936223984,1.3654708862304688,3.3547372817993164,1.2499586818355493e-06,24206.021229743958
9,26500,27.687990188598633,0.13022984564304352,1.1619718074798584,3.04528546333313,1.246710860112882e-06,24226.179606437683
9,26520,18.753250122070312,0.03389444574713707,1.1842058897018433,3.52174711227417,1.2434836819897635e-06,24246.53390145302
9,26540,29.832399368286133,0.13688459992408752,1.2666860818862915,3.4770796298980713,1.2402771631295004e-06,24266.90829348564
9,26560,28.92841911315918,0.1214013546705246,1.3619368076324463,3.1689164638519287,1.2370913190951287e-06,24287.15486884117
10,26580,26.047222137451172,0.10125762224197388,1.2383297681808472,3.538161516189575,1.2339261653493368e-06,24322.882124900818
10,26600,26.608551025390625,0.10920750349760056,1.2653403282165527,3.0343973636627197,1.2307817172543928e-06,24342.91662144661
10,26620,38.63338851928711,0.21932227909564972,1.2941814661026,3.759345293045044,1.2276579900720696e-06,24362.828857660294
10,26640,21.1258602142334,0.06392509490251541,1.1579649448394775,3.1537013053894043,1.2245549989635668e-06,24382.91221165657
10,26660,34.6048698425293,0.18801850080490112,1.2261353731155396,3.5416667461395264,1.2214727589894424e-06,24402.933898448944
10,26680,22.753597259521484,0.06571032851934433,1.2666560411453247,3.516005039215088,1.2184112851095373e-06,24423.064553022385
10,26700,20.641250610351562,0.0558764785528183,1.1849744319915771,3.2038567066192627,1.2153705921829033e-06,24443.205962896347
10,26720,23.424091339111328,0.07121845334768295,1.2986559867858887,3.315685510635376,1.2123506949677297e-06,24463.4983959198
10,26740,25.039865493774414,0.09660778939723969,1.2204625606536865,3.1744587421417236,1.2093516081212708e-06,24483.464959859848
10,26760,18.929868698120117,0.03742863982915878,1.1722826957702637,3.4641778469085693,1.2063733461997804e-06,24503.230964899063
10,26780,25.407352447509766,0.09615569561719894,1.2428721189498901,3.3630623817443848,1.203415923658435e-06,24522.40674328804
10,26800,17.752796173095703,0.02520798332989216,1.196918249130249,3.26281476020813,1.2004793548512656e-06,24542.37272644043
10,26820,25.274185180664062,0.09538793563842773,1.257642149925232,3.1589691638946533,1.1975636540310891e-06,24562.119129896164
10,26840,20.784032821655273,0.03677837923169136,1.3598130941390991,3.5080649852752686,1.1946688353494385e-06,24582.261525154114
10,26860,24.50387191772461,0.07692594081163406,1.3460502624511719,3.350774049758911,1.1917949128564942e-06,24602.141355514526
10,26880,15.236113548278809,0.015701638534665108,1.0144577026367188,3.5213727951049805,1.1889419005010144e-06,24622.112248897552
10,26900,31.166894912719727,0.15543195605278015,1.201735019683838,3.6063485145568848,1.186109812130269e-06,24641.70304632187
10,26920,17.99845314025879,0.019216446205973625,1.2631968259811401,3.4448401927948,1.1832986614899724e-06,24662.14920425415
10,26940,23.908864974975586,0.08062106370925903,1.219226360321045,3.6544957160949707,1.1805084622242183e-06,24682.40600991249
10,26960,18.480430603027344,0.03189195692539215,1.1978732347488403,3.31250262260437,1.1777392278754086e-06,24702.805448293686
10,26980,22.78274154663086,0.07013272494077682,1.270810604095459,3.061363458633423,1.1749909718841914e-06,24723.13976240158
10,27000,27.023080825805664,0.10474583506584167,1.3325427770614624,3.2230706214904785,1.172263707589397e-06,24743.421603679657
10,27020,24.842924118041992,0.0850028544664383,1.3133749961853027,3.208888292312622,1.1695574482279692e-06,24763.66921710968
10,27040,19.498672485351562,0.0413333997130394,1.2135863304138184,3.22946834564209,1.166872206934904e-06,24783.844715595245
10,27060,22.671377182006836,0.0640026405453682,1.278117060661316,3.4899418354034424,1.1642079967431833e-06,24803.378194093704
10,27080,20.527904510498047,0.04599321633577347,1.2423210144042969,3.5053722858428955,1.1615648305837153e-06,24823.741812944412
10,27100,22.078380584716797,0.07424032688140869,1.136561632156372,3.288731575012207,1.1589427212852698e-06,24843.31566095352
10,27120,23.41667938232422,0.0844237208366394,1.186739206314087,3.1069138050079346,1.156341681574415e-06,24863.092762947083
10,27140,23.107635498046875,0.07214449346065521,1.2789051532745361,3.1041345596313477,1.1537617240754545e-06,24882.5586977005
10,27160,27.87934112548828,0.11982326209545135,1.2812607288360596,3.0844080448150635,1.1512028613103726e-06,24902.85014104843
10,27180,21.327421188354492,0.046069689095020294,1.320434808731079,3.516103744506836,1.1486651056987654e-06,24923.0038998127
10,27200,29.034915924072266,0.13370253145694733,1.2548176050186157,3.116486072540283,1.146148469557786e-06,24943.257763385773
10,27220,22.028545379638672,0.07280219346284866,1.1380085945129395,3.368239402770996,1.1436529651020813e-06,24963.823576927185
10,27240,32.51876449584961,0.16814987361431122,1.2329902648925781,3.373873472213745,1.141178604443735e-06,24984.47353243828
10,27260,20.626670837402344,0.044662442058324814,1.2839078903198242,3.3213484287261963,1.138725399592209e-06,25004.441266298294
10,27280,34.45029830932617,0.18246327340602875,1.2991065979003906,3.2129058837890625,1.1362933624542836e-06,25024.40065932274
10,27300,25.244155883789062,0.0898619294166565,1.2854759693145752,3.403203248977661,1.133882504833999e-06,25043.962469100952
10,27320,18.2680606842041,0.029769157990813255,1.214046835899353,3.15067720413208,1.1314928384326015e-06,25064.257801532745
10,27340,21.87733268737793,0.05483013018965721,1.2964781522750854,3.429537534713745,1.1291243748484827e-06,25084.480367660522
10,27360,30.975494384765625,0.146471306681633,1.3000988960266113,3.327374219894409,1.1267771255771275e-06,25104.377417564392
10,27380,25.36385726928711,0.0769287571310997,1.4324672222137451,3.346308708190918,1.1244511020110515e-06,25123.790632247925
10,27400,18.24387550354004,0.019621318206191063,1.3018245697021484,3.263498544692993,1.1221463154397539e-06,25143.400379657745
10,27420,20.721149444580078,0.06031038612127304,1.1362576484680176,3.3275346755981445,1.1198627770496576e-06,25163.18976163864
10,27440,25.554080963134766,0.1017916351556778,1.2007522583007812,3.367393732070923,1.1176004979240572e-06,25182.91826939583
10,27460,28.017240524291992,0.12801994383335114,1.1865109205245972,3.3501381874084473,1.115359489043061e-06,25203.098271131516
10,27480,21.05044937133789,0.04732688516378403,1.2850937843322754,3.466823101043701,1.1131397612835442e-06,25223.100801944733
10,27500,26.72808074951172,0.11893435567617416,1.157874345779419,3.2559003829956055,1.1109413254190913e-06,25243.246955156326
10,27520,25.760772705078125,0.0848415344953537,1.3915776014328003,3.360844612121582,1.1087641921199462e-06,25262.82790708542
10,27540,21.915424346923828,0.04912877827882767,1.3498834371566772,3.503711700439453,1.1066083719529583e-06,25282.773402929306
10,27560,22.569753646850586,0.06765848398208618,1.2454535961151123,3.3493688106536865,1.1044738753815322e-06,25303.029904603958
10,27580,23.635488510131836,0.07771676033735275,1.2387531995773315,3.476280689239502,1.1023607127655783e-06,25323.141310453415
10,27600,25.472517013549805,0.09945277869701385,1.2339619398117065,3.187620162963867,1.1002688943614617e-06,25343.07437157631
10,27620,23.58692169189453,0.08301675319671631,1.188522458076477,3.4000213146209717,1.0981984303219504e-06,25363.00406217575
10,27640,16.84677505493164,0.020321853458881378,1.1535104513168335,3.279484987258911,1.0961493306961685e-06,25383.276566028595
10,27660,26.955799102783203,0.10377047955989838,1.3492040634155273,3.08671236038208,1.0941216054295469e-06,25403.66825890541
10,27680,22.236164093017578,0.08019636571407318,1.0812923908233643,3.40360426902771,1.0921152643637748e-06,25423.305297613144
10,27700,20.765892028808594,0.05570128932595253,1.1721251010894775,3.4745116233825684,1.0901303172367513e-06,25443.460904836655
10,27720,20.897268295288086,0.05666785314679146,1.1836167573928833,3.394315004348755,1.0881667736825384e-06,25463.847524404526
10,27740,29.78268051147461,0.131722092628479,1.3343875408172607,3.2665956020355225,1.0862246432313158e-06,25484.176196336746
10,27760,26.404781341552734,0.10211397707462311,1.3050596714019775,3.142786979675293,1.0843039353093321e-06,25504.6157913208
10,27780,18.23729705810547,0.01991261914372444,1.2928252220153809,3.3177826404571533,1.0824046592388615e-06,25524.84873867035
10,27800,25.286317825317383,0.10291928797960281,1.1698421239852905,3.2959673404693604,1.0805268242381566e-06,25544.398866176605
10,27820,17.796356201171875,0.025458771735429764,1.222426414489746,3.026214361190796,1.0786704394214041e-06,25564.445885896683
10,27840,22.978729248046875,0.07852036505937576,1.162757158279419,3.499121904373169,1.0768355137986828e-06,25584.943282842636
10,27860,30.4854736328125,0.14984112977981567,1.2248716354370117,3.2526426315307617,1.075022056275916e-06,25605.25342488289
10,27880,16.32821273803711,0.015955330803990364,1.1538511514663696,3.1941680908203125,1.0732300756548305e-06,25625.378972530365
10,27900,25.455102920532227,0.10055974870920181,1.2060984373092651,3.338144302368164,1.0714595806329144e-06,25644.89093852043
10,27920,19.643978118896484,0.04468788579106331,1.1925032138824463,3.2501590251922607,1.0697105798033737e-06,25665.27405643463
10,27940,16.66448211669922,0.012869806960225105,1.2015130519866943,3.3623697757720947,1.0679830816550918e-06,25684.641304016113
10,27960,20.494369506835938,0.04372766241431236,1.264049768447876,3.481106758117676,1.0662770945725858e-06,25704.975800037384
10,27980,32.74287414550781,0.16663199663162231,1.2833173274993896,3.2464993000030518,1.0645926268359697e-06,25724.94278049469
10,28000,25.819313049316406,0.10236107558012009,1.2383275032043457,3.1999306678771973,1.0629296866209104e-06,25744.41524863243
10,28020,20.311569213867188,0.048894576728343964,1.2058682441711426,3.3634307384490967,1.0612882819985896e-06,25764.100358963013
10,28040,31.470430374145508,0.14491961896419525,1.353245496749878,3.4460127353668213,1.0596684209356665e-06,25783.55546450615
10,28060,21.372066497802734,0.06273242086172104,1.190300703048706,3.1958158016204834,1.0580701112942347e-06,25803.294311761856
10,28080,28.66080665588379,0.12702029943466187,1.2723885774612427,3.234891414642334,1.0564933608317883e-06,25822.728734254837
10,28100,24.091299057006836,0.08599015325307846,1.2241791486740112,3.2504923343658447,1.0549381772011834e-06,25841.81237769127
10,28120,25.121902465820312,0.08263465762138367,1.385861873626709,2.99981689453125,1.0534045679505979e-06,25860.725831985474
10,28140,20.764968872070312,0.05263686925172806,1.2145178318023682,3.3561043739318848,1.0518925405234988e-06,25879.998468875885
10,28160,21.506662368774414,0.05811138078570366,1.2441450357437134,3.2540743350982666,1.0504021022586035e-06,25898.961213827133
10,28180,19.259920120239258,0.025051362812519073,1.323967695236206,3.5151054859161377,1.0489332603898469e-06,25918.838312625885
10,28200,20.49754524230957,0.06497596204280853,1.0853781700134277,3.146167278289795,1.047486022046341e-06,25938.82023215294
10,28220,21.60177993774414,0.06740003824234009,1.1731500625610352,3.1302762031555176,1.0460603942523467e-06,25958.689067602158
10,28240,20.476682662963867,0.05627986788749695,1.1563103199005127,3.2855923175811768,1.0446563839272362e-06,25979.05552792549
10,28260,28.764270782470703,0.12860244512557983,1.2616904973983765,3.287121057510376,1.0432739978854593e-06,25998.35792541504
10,28280,22.49354362487793,0.07298121601343155,1.1819992065429688,3.3754286766052246,1.0419132428365116e-06,26017.790699720383
10,28300,29.055871963500977,0.1450509876012802,1.1147592067718506,3.403181552886963,1.0405741253849012e-06,26037.155513048172
10,28320,25.870704650878906,0.11229819804430008,1.127722144126892,3.3636622428894043,1.039256652030116e-06,26057.28025507927
10,28340,19.615659713745117,0.04039042070508003,1.2163820266723633,3.412797212600708,1.0379608291665952e-06,26077.287130355835
10,28360,22.768171310424805,0.061645276844501495,1.3302972316741943,3.300670862197876,1.0366866630836928e-06,26096.12539243698
10,28380,27.148786544799805,0.10104836523532867,1.3753602504730225,3.2903459072113037,1.0354341599656527e-06,26115.906443834305
10,28400,23.149307250976562,0.06589080393314362,1.3190553188323975,3.369673013687134,1.0342033258915757e-06,26136.24910569191
10,28420,28.237075805664062,0.1321960985660553,1.160660982131958,3.410855770111084,1.0329941668353906e-06,26156.455699443817
10,28440,21.555648803710938,0.05910750478506088,1.2339670658111572,3.3052289485931396,1.0318066886658248e-06,26176.012721061707
10,28460,19.519996643066406,0.03950532525777817,1.2172807455062866,3.396655321121216,1.0306408971463757e-06,26195.92863178253
10,28480,26.713958740234375,0.118537038564682,1.171705961227417,3.1431961059570312,1.029496797935285e-06,26215.616134405136
10,28500,23.23723602294922,0.07725166529417038,1.2168775796890259,3.3432939052581787,1.0283743965855071e-06,26235.35906434059
10,28520,32.33574676513672,0.16022862493991852,1.3050669431686401,3.262214183807373,1.0272736985446873e-06,26255.60013818741
10,28540,26.972293853759766,0.10762497782707214,1.2992784976959229,3.2170095443725586,1.02619470915513e-06,26274.958792686462
10,28560,26.533132553100586,0.1035357117652893,1.2561765909194946,3.6177961826324463,1.0251374336537763e-06,26295.01648759842
10,28580,27.284271240234375,0.12592582404613495,1.146375060081482,3.227937936782837,1.0241018771721783e-06,26314.229014873505
10,28600,26.78318214416504,0.11514198780059814,1.1948274374008179,3.320709228515625,1.0230880447364717e-06,26333.449297189713
10,28620,22.927459716796875,0.08290780335664749,1.1267657279968262,3.3690221309661865,1.022095941267356e-06,26352.533092975616
10,28640,26.414186477661133,0.09369847178459167,1.3570888042449951,3.4734511375427246,1.0211255715800649e-06,26372.080002069473
10,28660,18.06134796142578,0.020993899554014206,1.287021279335022,3.091745138168335,1.0201769403843473e-06,26391.514421224594
10,28680,15.841099739074707,0.013612925074994564,1.122300148010254,3.256805419921875,1.0192500522844436e-06,26411.029876947403
10,28700,19.998289108276367,0.0563284195959568,1.1054773330688477,3.310673952102661,1.0183449117790613e-06,26431.112692832947
10,28720,21.395671844482422,0.0578763522207737,1.2433656454086304,3.1743786334991455,1.0174615232613555e-06,26450.560475111008
10,28740,21.014371871948242,0.03847207501530647,1.398629903793335,3.1808645725250244,1.0165998910189067e-06,26470.395361423492
10,28760,20.9840030670166,0.05761940777301788,1.1642024517059326,3.580037832260132,1.0157600192336994e-06,26489.777315855026
10,28780,23.26584815979004,0.07618080824613571,1.2425434589385986,3.2223339080810547,1.014941911982103e-06,26509.753804445267
10,28800,21.076147079467773,0.04951797425746918,1.2859301567077637,3.2650468349456787,1.0141455732348517e-06,26529.915273189545
10,28820,26.843952178955078,0.10191569477319717,1.306799054145813,3.5843920707702637,1.0133710068570239e-06,26548.350989580154
10,28840,15.546968460083008,0.010046781972050667,1.1354938745498657,3.1873507499694824,1.0126182166080253e-06,26559.729604959488
10,28860,21.74198341369629,0.049620188772678375,1.3337428569793701,3.4425361156463623,1.0118872061415688e-06,26571.25381731987
10,28880,30.755496978759766,0.1481296271085739,1.2658345699310303,3.284186363220215,1.0111779790056588e-06,26591.05550813675
10,28900,22.545103073120117,0.07245779037475586,1.212167739868164,3.1776466369628906,1.0104905386425733e-06,26613.760280132294
10,28920,25.361452102661133,0.09431445598602295,1.2468066215515137,3.4619386196136475,1.009824888388846e-06,26635.35169172287
10,28940,22.064613342285156,0.07148542255163193,1.156598687171936,3.3500852584838867,1.0091810314752508e-06,26656.47114109993
10,28960,22.74419403076172,0.059226348996162415,1.349707007408142,3.324488878250122,1.0085589710267869e-06,26677.57994699478
10,28980,17.57855224609375,0.025882914662361145,1.1543009281158447,3.4472522735595703,1.0079587100626627e-06,26698.79969716072
10,29000,29.872140884399414,0.14545871317386627,1.1855196952819824,3.4710707664489746,1.0073802514962822e-06,26720.32454586029
10,29020,24.816564559936523,0.09173905849456787,1.1947482824325562,3.6951756477355957,1.0068235981352285e-06,26742.457375764847
10,29040,27.633615493774414,0.10891801118850708,1.344539999961853,3.2964158058166504,1.0062887526812534e-06,26762.689928293228
10,29060,17.37914276123047,0.018237518146634102,1.2154273986816406,3.401116371154785,1.0057757177302625e-06,26784.648725032806
10,29080,22.489845275878906,0.07699749618768692,1.1275100708007812,3.5149965286254883,1.0052844957723015e-06,26804.894212961197
10,29100,18.816192626953125,0.019924677908420563,1.3407529592514038,3.4161951541900635,1.0048150891915466e-06,26825.382427453995
10,29120,27.007890701293945,0.1108034998178482,1.2449619770050049,3.4779224395751953,1.0043675002662916e-06,26845.769567728043
10,29140,32.117549896240234,0.16678962111473083,1.1832852363586426,3.6057355403900146,1.003941731168937e-06,26866.6880774498
10,29160,20.102405548095703,0.042677171528339386,1.2726247310638428,3.108440637588501,1.0035377839659783e-06,26889.294566869736
10,29180,24.886859893798828,0.07729078829288483,1.3702073097229004,3.4557085037231445,1.003155660617999e-06,26909.93783569336
10,29200,25.882183074951172,0.10325149446725845,1.2300918102264404,3.2561159133911133,1.0027953629796583e-06,26931.037521362305
10,29220,22.30267906188965,0.07636789977550507,1.144758701324463,3.2183024883270264,1.0024568927996815e-06,26950.888576984406
10,29240,17.965309143066406,0.024395812302827835,1.2222232818603516,3.3034963607788086,1.0021402517208556e-06,26971.926244974136
10,29260,20.78124237060547,0.037761807441711426,1.347794532775879,3.5271172523498535,1.001845441280017e-06,26993.78424525261
10,29280,25.303955078125,0.09060373157262802,1.2740566730499268,3.5030150413513184,1.0015724629080463e-06,27014.46979045868
10,29300,21.777727127075195,0.048660896718502045,1.364517092704773,3.2664666175842285,1.0013213179298609e-06,27036.411535024643
10,29320,23.007171630859375,0.06507623940706253,1.3045090436935425,3.454456329345703,1.001092007564409e-06,27058.20070052147
10,29340,27.08051872253418,0.1051243245601654,1.3143433332443237,3.424654483795166,1.000884532924661e-06,27079.71961092949
10,29360,26.55347442626953,0.10022325813770294,1.2956628799438477,3.574519395828247,1.0006988950176085e-06,27101.297832250595
10,29380,26.01339340209961,0.09418673813343048,1.3423166275024414,3.171555280685425,1.0005350947442565e-06,27122.95295023918
10,29400,25.852659225463867,0.1063433364033699,1.1789679527282715,3.428645372390747,1.0003931328996202e-06,27144.777596473694
10,29420,26.0221004486084,0.07694397866725922,1.4833638668060303,3.494062900543213,1.0002730101727195e-06,27165.431314229965
10,29440,31.5396785736084,0.1706615686416626,1.1333593130111694,3.1399290561676025,1.0001747271465772e-06,27185.650338172913
10,29460,34.7979736328125,0.1783769428730011,1.32952082157135,3.665071964263916,1.0000982842982165e-06,27208.286051273346
10,29480,20.993749618530273,0.04920198768377304,1.2607736587524414,3.4658145904541016,1.0000436819986573e-06,27229.05686378479
10,29500,26.12833023071289,0.0891394317150116,1.3994255065917969,3.220130443572998,1.0000109205129148e-06,27249.649390220642
10,29520,19.237163543701172,0.04025179520249367,1.178074598312378,3.4312376976013184,1e-06,27270.568370580673
