[rank1]:[W723 22:00:49.802009433 ProcessGroupNCCL.cpp:4115] [PG ID 0 PG GUID 0 Rank 1]  using GPU 1 to perform barrier as devices used by this process are currently unknown. This can potentially cause a hang if this rank to GPU mapping is incorrect.Specify device_ids in barrier() to force use of a particular device,or call init_process_group() with a device_id.
[rank0]:[W723 22:00:49.857492411 ProcessGroupNCCL.cpp:4115] [PG ID 0 PG GUID 0 Rank 0]  using GPU 0 to perform barrier as devices used by this process are currently unknown. This can potentially cause a hang if this rank to GPU mapping is incorrect.Specify device_ids in barrier() to force use of a particular device,or call init_process_group() with a device_id.
[clip_pretrained] loaded 305 tensors from model/ViT-B-16.pt
[clip_pretrained] missing total=282 (visual2*/decoder*/classification* expected = 282; backbone gaps must be 0 -> 0 [])
[clip_pretrained] unexpected (ignored) = 3 ['input_resolution', 'context_length', 'vocab_size']
epoch=1 step=1/29520 loss=465.5833 Le=4.2371 Lc=3.0768 Ld=11.1054 lr=1.000e-08 peak_mem=23.79GiB
epoch=1 step=20/29520 loss=318.3740 Le=2.7638 Lc=3.0907 Ld=11.0899 lr=2.000e-07 peak_mem=25.49GiB
epoch=1 step=40/29520 loss=370.6447 Le=3.2910 Lc=3.0480 Ld=11.0607 lr=4.000e-07 peak_mem=25.49GiB
epoch=1 step=60/29520 loss=234.0964 Le=1.9181 Lc=3.1272 Ld=11.0131 lr=6.000e-07 peak_mem=25.49GiB
epoch=1 step=80/29520 loss=207.3915 Le=1.6501 Lc=3.1463 Ld=10.9232 lr=8.000e-07 peak_mem=25.49GiB
epoch=1 step=100/29520 loss=203.4714 Le=1.6236 Lc=3.0359 Ld=10.7556 lr=1.000e-06 peak_mem=25.49GiB
epoch=1 step=120/29520 loss=146.9340 Le=1.0591 Lc=3.0480 Ld=10.5477 lr=1.200e-06 peak_mem=25.49GiB
epoch=1 step=140/29520 loss=175.1484 Le=1.3320 Lc=3.1659 Ld=10.2895 lr=1.400e-06 peak_mem=25.49GiB
epoch=1 step=160/29520 loss=147.1594 Le=1.0588 Lc=3.1254 Ld=10.0235 lr=1.600e-06 peak_mem=25.49GiB
epoch=1 step=180/29520 loss=149.7095 Le=1.0803 Lc=3.1839 Ld=9.8363 lr=1.800e-06 peak_mem=25.49GiB
epoch=1 step=200/29520 loss=138.8934 Le=0.9773 Lc=3.1566 Ld=9.6005 lr=2.000e-06 peak_mem=25.49GiB
epoch=1 step=220/29520 loss=153.7773 Le=1.1369 Lc=3.0612 Ld=9.4771 lr=2.200e-06 peak_mem=25.49GiB
epoch=1 step=240/29520 loss=137.9933 Le=0.9689 Lc=3.1926 Ld=9.1733 lr=2.400e-06 peak_mem=25.49GiB
epoch=1 step=260/29520 loss=136.1523 Le=0.9657 Lc=3.0391 Ld=9.1956 lr=2.600e-06 peak_mem=25.49GiB
epoch=1 step=280/29520 loss=132.3978 Le=0.9325 Lc=3.0131 Ld=9.0127 lr=2.800e-06 peak_mem=25.49GiB
epoch=1 step=300/29520 loss=122.8868 Le=0.8316 Lc=3.0777 Ld=8.9524 lr=3.000e-06 peak_mem=25.49GiB
epoch=1 step=320/29520 loss=120.0765 Le=0.7999 Lc=3.1337 Ld=8.7494 lr=3.200e-06 peak_mem=25.49GiB
epoch=1 step=340/29520 loss=124.9107 Le=0.8434 Lc=3.1873 Ld=8.6928 lr=3.400e-06 peak_mem=25.49GiB
epoch=1 step=360/29520 loss=119.4946 Le=0.7987 Lc=3.1038 Ld=8.5877 lr=3.600e-06 peak_mem=25.49GiB
epoch=1 step=380/29520 loss=129.3312 Le=0.8887 Lc=3.1852 Ld=8.6068 lr=3.800e-06 peak_mem=25.49GiB
epoch=1 step=400/29520 loss=103.6316 Le=0.6513 Lc=2.9943 Ld=8.5626 lr=4.000e-06 peak_mem=25.49GiB
epoch=1 step=420/29520 loss=102.7889 Le=0.6400 Lc=3.0252 Ld=8.5348 lr=4.200e-06 peak_mem=25.49GiB
epoch=1 step=440/29520 loss=129.6871 Le=0.9124 Lc=3.0105 Ld=8.3400 lr=4.400e-06 peak_mem=25.49GiB
epoch=1 step=460/29520 loss=144.5231 Le=1.0543 Lc=3.0838 Ld=8.2540 lr=4.600e-06 peak_mem=25.49GiB
epoch=1 step=480/29520 loss=132.7066 Le=0.9378 Lc=3.0562 Ld=8.3618 lr=4.800e-06 peak_mem=25.49GiB
epoch=1 step=500/29520 loss=108.3244 Le=0.6995 Lc=3.0172 Ld=8.2058 lr=5.000e-06 peak_mem=25.49GiB
epoch=1 step=520/29520 loss=125.1367 Le=0.8659 Lc=3.0338 Ld=8.2049 lr=5.200e-06 peak_mem=25.49GiB
epoch=1 step=540/29520 loss=110.8454 Le=0.7361 Lc=2.9192 Ld=8.0458 lr=5.400e-06 peak_mem=25.49GiB
epoch=1 step=560/29520 loss=111.0305 Le=0.7307 Lc=2.9738 Ld=8.2175 lr=5.600e-06 peak_mem=25.49GiB
epoch=1 step=580/29520 loss=123.5838 Le=0.8544 Lc=3.0047 Ld=8.0983 lr=5.800e-06 peak_mem=25.49GiB
epoch=1 step=600/29520 loss=106.3152 Le=0.6921 Lc=2.9011 Ld=8.0970 lr=6.000e-06 peak_mem=25.49GiB
epoch=1 step=620/29520 loss=109.1941 Le=0.7204 Lc=2.9035 Ld=8.1228 lr=6.200e-06 peak_mem=25.49GiB
epoch=1 step=640/29520 loss=94.0517 Le=0.5701 Lc=2.9016 Ld=8.0212 lr=6.400e-06 peak_mem=25.49GiB
epoch=1 step=660/29520 loss=96.4592 Le=0.5965 Lc=2.8954 Ld=7.8570 lr=6.600e-06 peak_mem=25.49GiB
epoch=1 step=680/29520 loss=103.6224 Le=0.6639 Lc=2.9502 Ld=7.7256 lr=6.800e-06 peak_mem=25.49GiB
epoch=1 step=700/29520 loss=112.0226 Le=0.7532 Lc=2.8887 Ld=7.8125 lr=7.000e-06 peak_mem=25.49GiB
epoch=1 step=720/29520 loss=123.0935 Le=0.8678 Lc=2.8624 Ld=7.6932 lr=7.200e-06 peak_mem=25.49GiB
epoch=1 step=740/29520 loss=118.5101 Le=0.8245 Lc=2.8349 Ld=7.7138 lr=7.400e-06 peak_mem=25.49GiB
epoch=1 step=760/29520 loss=81.5631 Le=0.4506 Lc=2.8770 Ld=7.7313 lr=7.600e-06 peak_mem=25.49GiB
epoch=1 step=780/29520 loss=117.1369 Le=0.8181 Lc=2.7740 Ld=7.5825 lr=7.800e-06 peak_mem=25.49GiB
epoch=1 step=800/29520 loss=92.6286 Le=0.5795 Lc=2.7010 Ld=7.6639 lr=8.000e-06 peak_mem=25.49GiB
epoch=1 step=820/29520 loss=103.6194 Le=0.6944 Lc=2.6644 Ld=7.5357 lr=8.200e-06 peak_mem=25.49GiB
epoch=1 step=840/29520 loss=104.1649 Le=0.6783 Lc=2.8828 Ld=7.5050 lr=8.400e-06 peak_mem=25.49GiB
epoch=1 step=860/29520 loss=71.7529 Le=0.3649 Lc=2.7866 Ld=7.3970 lr=8.600e-06 peak_mem=25.49GiB
epoch=1 step=880/29520 loss=119.1193 Le=0.8454 Lc=2.7164 Ld=7.4205 lr=8.800e-06 peak_mem=25.49GiB
epoch=1 step=900/29520 loss=104.0627 Le=0.6766 Lc=2.8982 Ld=7.4228 lr=9.000e-06 peak_mem=25.49GiB
epoch=1 step=920/29520 loss=95.1263 Le=0.6047 Lc=2.7320 Ld=7.3319 lr=9.200e-06 peak_mem=25.49GiB
epoch=1 step=940/29520 loss=98.7409 Le=0.6441 Lc=2.7032 Ld=7.3027 lr=9.400e-06 peak_mem=25.49GiB
epoch=1 step=960/29520 loss=87.6385 Le=0.5288 Lc=2.7459 Ld=7.3043 lr=9.600e-06 peak_mem=25.49GiB
epoch=1 step=980/29520 loss=103.9935 Le=0.7090 Lc=2.5676 Ld=7.4153 lr=9.800e-06 peak_mem=25.49GiB
epoch=1 step=1000/29520 loss=99.5052 Le=0.6578 Lc=2.6501 Ld=7.2265 lr=1.000e-05 peak_mem=25.49GiB
epoch=1 step=1020/29520 loss=80.6572 Le=0.4667 Lc=2.6710 Ld=7.2719 lr=1.000e-05 peak_mem=25.49GiB
epoch=1 step=1040/29520 loss=76.0480 Le=0.4444 Lc=2.4514 Ld=7.0940 lr=1.000e-05 peak_mem=25.49GiB
epoch=1 step=1060/29520 loss=115.9139 Le=0.8277 Lc=2.6265 Ld=6.8808 lr=1.000e-05 peak_mem=25.49GiB
epoch=1 step=1080/29520 loss=73.8779 Le=0.4260 Lc=2.4455 Ld=6.8185 lr=1.000e-05 peak_mem=25.49GiB
epoch=1 step=1100/29520 loss=82.9278 Le=0.5198 Lc=2.4012 Ld=6.9373 lr=1.000e-05 peak_mem=25.49GiB
epoch=1 step=1120/29520 loss=96.5919 Le=0.6497 Lc=2.4561 Ld=7.0651 lr=1.000e-05 peak_mem=25.49GiB
epoch=1 step=1140/29520 loss=73.2314 Le=0.4217 Lc=2.4261 Ld=6.8020 lr=9.999e-06 peak_mem=25.49GiB
epoch=1 step=1160/29520 loss=74.2149 Le=0.4508 Lc=2.2291 Ld=6.8418 lr=9.999e-06 peak_mem=25.49GiB
epoch=1 step=1180/29520 loss=118.5750 Le=0.8778 Lc=2.3878 Ld=6.9135 lr=9.999e-06 peak_mem=25.49GiB
epoch=1 step=1200/29520 loss=61.9658 Le=0.3416 Lc=2.0983 Ld=6.8184 lr=9.999e-06 peak_mem=25.49GiB
epoch=1 step=1220/29520 loss=97.7561 Le=0.6871 Lc=2.2357 Ld=6.6863 lr=9.999e-06 peak_mem=25.49GiB
epoch=1 step=1240/29520 loss=75.3592 Le=0.4514 Lc=2.3515 Ld=6.7060 lr=9.998e-06 peak_mem=25.49GiB
epoch=1 step=1260/29520 loss=88.0046 Le=0.6038 Lc=2.0772 Ld=6.8498 lr=9.998e-06 peak_mem=25.49GiB
epoch=1 step=1280/29520 loss=68.5575 Le=0.3847 Lc=2.3425 Ld=6.6587 lr=9.998e-06 peak_mem=25.49GiB
epoch=1 step=1300/29520 loss=104.4019 Le=0.7678 Lc=2.1123 Ld=6.5005 lr=9.998e-06 peak_mem=25.49GiB
epoch=1 step=1320/29520 loss=58.8899 Le=0.3001 Lc=2.2281 Ld=6.5993 lr=9.997e-06 peak_mem=25.49GiB
epoch=1 step=1340/29520 loss=81.7665 Le=0.5316 Lc=2.1939 Ld=6.6629 lr=9.997e-06 peak_mem=25.49GiB
epoch=1 step=1360/29520 loss=84.5421 Le=0.5609 Lc=2.2030 Ld=6.4198 lr=9.996e-06 peak_mem=25.49GiB
epoch=1 step=1380/29520 loss=76.9350 Le=0.4948 Lc=2.1053 Ld=6.4003 lr=9.996e-06 peak_mem=25.49GiB
epoch=1 step=1400/29520 loss=88.1239 Le=0.6118 Lc=2.0594 Ld=6.3518 lr=9.996e-06 peak_mem=25.49GiB
epoch=1 step=1420/29520 loss=67.5912 Le=0.4162 Lc=1.9472 Ld=6.4981 lr=9.995e-06 peak_mem=25.49GiB
epoch=1 step=1440/29520 loss=90.0672 Le=0.6342 Lc=2.0344 Ld=6.3005 lr=9.995e-06 peak_mem=25.49GiB
epoch=1 step=1460/29520 loss=67.5061 Le=0.3956 Lc=2.1549 Ld=6.4018 lr=9.994e-06 peak_mem=25.49GiB
epoch=1 step=1480/29520 loss=92.4565 Le=0.6520 Lc=2.0815 Ld=6.4434 lr=9.994e-06 peak_mem=25.49GiB
epoch=1 step=1500/29520 loss=68.8169 Le=0.4364 Lc=1.8978 Ld=6.1982 lr=9.993e-06 peak_mem=25.49GiB
epoch=1 step=1520/29520 loss=73.9672 Le=0.4699 Lc=2.0787 Ld=6.1929 lr=9.993e-06 peak_mem=25.49GiB
epoch=1 step=1540/29520 loss=55.7441 Le=0.3042 Lc=1.9080 Ld=6.2400 lr=9.992e-06 peak_mem=25.49GiB
epoch=1 step=1560/29520 loss=75.3970 Le=0.4838 Lc=2.0763 Ld=6.2553 lr=9.991e-06 peak_mem=25.49GiB
epoch=1 step=1580/29520 loss=70.7784 Le=0.4419 Lc=2.0322 Ld=6.2690 lr=9.991e-06 peak_mem=25.49GiB
epoch=1 step=1600/29520 loss=88.2880 Le=0.6234 Lc=1.9772 Ld=6.1802 lr=9.990e-06 peak_mem=25.49GiB
epoch=1 step=1620/29520 loss=76.7387 Le=0.5053 Lc=1.9966 Ld=6.2400 lr=9.990e-06 peak_mem=25.49GiB
epoch=1 step=1640/29520 loss=65.1822 Le=0.3960 Lc=1.9546 Ld=6.0403 lr=9.989e-06 peak_mem=25.49GiB
epoch=1 step=1660/29520 loss=69.5960 Le=0.4336 Lc=2.0057 Ld=6.1751 lr=9.988e-06 peak_mem=25.49GiB
epoch=1 step=1680/29520 loss=76.0691 Le=0.5007 Lc=1.9895 Ld=6.1047 lr=9.987e-06 peak_mem=25.49GiB
epoch=1 step=1700/29520 loss=65.6117 Le=0.4122 Lc=1.8247 Ld=6.1436 lr=9.987e-06 peak_mem=25.49GiB
epoch=1 step=1720/29520 loss=72.8299 Le=0.4729 Lc=1.9264 Ld=6.2761 lr=9.986e-06 peak_mem=25.49GiB
epoch=1 step=1740/29520 loss=74.4168 Le=0.5058 Lc=1.7610 Ld=6.2247 lr=9.985e-06 peak_mem=25.49GiB
epoch=1 step=1760/29520 loss=72.3684 Le=0.4725 Lc=1.9087 Ld=6.0326 lr=9.984e-06 peak_mem=25.49GiB
epoch=1 step=1780/29520 loss=46.5530 Le=0.2298 Lc=1.7519 Ld=6.0566 lr=9.983e-06 peak_mem=25.49GiB
epoch=1 step=1800/29520 loss=76.4643 Le=0.5216 Lc=1.8499 Ld=5.8029 lr=9.983e-06 peak_mem=25.49GiB
epoch=1 step=1820/29520 loss=71.7220 Le=0.4705 Lc=1.8740 Ld=5.9294 lr=9.982e-06 peak_mem=25.49GiB
epoch=1 step=1840/29520 loss=61.5492 Le=0.3698 Lc=1.8775 Ld=5.7967 lr=9.981e-06 peak_mem=25.49GiB
epoch=1 step=1860/29520 loss=58.1092 Le=0.3238 Lc=1.9718 Ld=6.0137 lr=9.980e-06 peak_mem=25.49GiB
epoch=1 step=1880/29520 loss=70.4506 Le=0.4506 Lc=1.9508 Ld=5.8852 lr=9.979e-06 peak_mem=25.49GiB
epoch=1 step=1900/29520 loss=74.6521 Le=0.4888 Lc=2.0034 Ld=5.7366 lr=9.978e-06 peak_mem=25.49GiB
epoch=1 step=1920/29520 loss=61.9022 Le=0.3668 Lc=1.9214 Ld=6.0062 lr=9.977e-06 peak_mem=25.49GiB
epoch=1 step=1940/29520 loss=59.0345 Le=0.3348 Lc=1.9804 Ld=5.7502 lr=9.976e-06 peak_mem=25.49GiB
epoch=1 step=1960/29520 loss=70.2944 Le=0.4592 Lc=1.8612 Ld=5.7651 lr=9.975e-06 peak_mem=25.49GiB
epoch=1 step=1980/29520 loss=60.4702 Le=0.3611 Lc=1.8754 Ld=5.6047 lr=9.974e-06 peak_mem=25.49GiB
epoch=1 step=2000/29520 loss=71.7707 Le=0.4698 Lc=1.8987 Ld=5.7998 lr=9.973e-06 peak_mem=25.49GiB
epoch=1 step=2020/29520 loss=67.5568 Le=0.4432 Lc=1.7224 Ld=6.0155 lr=9.972e-06 peak_mem=25.49GiB
epoch=1 step=2040/29520 loss=53.3909 Le=0.2924 Lc=1.8187 Ld=5.9607 lr=9.971e-06 peak_mem=25.49GiB
epoch=1 step=2060/29520 loss=93.6075 Le=0.6818 Lc=1.9566 Ld=5.8597 lr=9.969e-06 peak_mem=25.49GiB
epoch=1 step=2080/29520 loss=74.8463 Le=0.5112 Lc=1.8088 Ld=5.6422 lr=9.968e-06 peak_mem=25.49GiB
epoch=1 step=2100/29520 loss=76.6964 Le=0.5273 Lc=1.8388 Ld=5.5793 lr=9.967e-06 peak_mem=25.49GiB
epoch=1 step=2120/29520 loss=64.7578 Le=0.4035 Lc=1.8453 Ld=5.9565 lr=9.966e-06 peak_mem=25.49GiB
epoch=1 step=2140/29520 loss=65.9234 Le=0.4104 Lc=1.9193 Ld=5.6884 lr=9.965e-06 peak_mem=25.49GiB
epoch=1 step=2160/29520 loss=86.6603 Le=0.6186 Lc=1.8872 Ld=5.9247 lr=9.963e-06 peak_mem=25.49GiB
epoch=1 step=2180/29520 loss=42.8000 Le=0.1942 Lc=1.7743 Ld=5.6403 lr=9.962e-06 peak_mem=25.49GiB
epoch=1 step=2200/29520 loss=62.7559 Le=0.3820 Lc=1.9045 Ld=5.5129 lr=9.961e-06 peak_mem=25.49GiB
epoch=1 step=2220/29520 loss=50.5816 Le=0.2685 Lc=1.8023 Ld=5.7061 lr=9.959e-06 peak_mem=25.49GiB
epoch=1 step=2240/29520 loss=53.8650 Le=0.3047 Lc=1.7833 Ld=5.5589 lr=9.958e-06 peak_mem=25.49GiB
epoch=1 step=2260/29520 loss=70.0366 Le=0.4669 Lc=1.7820 Ld=5.5254 lr=9.957e-06 peak_mem=25.49GiB
epoch=1 step=2280/29520 loss=72.3078 Le=0.4685 Lc=1.9894 Ld=5.5613 lr=9.955e-06 peak_mem=25.49GiB
epoch=1 step=2300/29520 loss=64.4380 Le=0.4215 Lc=1.6940 Ld=5.3515 lr=9.954e-06 peak_mem=25.49GiB
epoch=1 step=2320/29520 loss=68.4250 Le=0.4396 Lc=1.8994 Ld=5.4736 lr=9.953e-06 peak_mem=25.49GiB
epoch=1 step=2340/29520 loss=60.1188 Le=0.3787 Lc=1.6805 Ld=5.4399 lr=9.951e-06 peak_mem=25.49GiB
epoch=1 step=2360/29520 loss=57.5489 Le=0.3298 Lc=1.8997 Ld=5.5703 lr=9.950e-06 peak_mem=25.49GiB
epoch=1 step=2380/29520 loss=55.6865 Le=0.3240 Lc=1.7730 Ld=5.5547 lr=9.948e-06 peak_mem=25.49GiB
epoch=1 step=2400/29520 loss=52.2848 Le=0.2874 Lc=1.8170 Ld=5.3711 lr=9.947e-06 peak_mem=25.49GiB
epoch=1 step=2420/29520 loss=75.4666 Le=0.5135 Lc=1.8735 Ld=5.3787 lr=9.945e-06 peak_mem=25.49GiB
epoch=1 step=2440/29520 loss=60.7779 Le=0.3738 Lc=1.7971 Ld=5.4278 lr=9.944e-06 peak_mem=25.49GiB
epoch=1 step=2460/29520 loss=55.6005 Le=0.3313 Lc=1.7037 Ld=5.4342 lr=9.942e-06 peak_mem=25.49GiB
epoch=1 step=2480/29520 loss=43.1225 Le=0.2005 Lc=1.7651 Ld=5.4215 lr=9.940e-06 peak_mem=25.49GiB
epoch=1 step=2500/29520 loss=73.1376 Le=0.4920 Lc=1.8570 Ld=5.3670 lr=9.939e-06 peak_mem=25.49GiB
epoch=1 step=2520/29520 loss=61.0740 Le=0.3822 Lc=1.7484 Ld=5.3715 lr=9.937e-06 peak_mem=25.49GiB
epoch=1 step=2540/29520 loss=66.9748 Le=0.4306 Lc=1.8440 Ld=5.4735 lr=9.935e-06 peak_mem=25.49GiB
epoch=1 step=2560/29520 loss=61.1661 Le=0.3840 Lc=1.7503 Ld=5.2589 lr=9.934e-06 peak_mem=25.49GiB
epoch=1 step=2580/29520 loss=53.0648 Le=0.2966 Lc=1.7909 Ld=5.4930 lr=9.932e-06 peak_mem=25.49GiB
epoch=1 step=2600/29520 loss=57.2862 Le=0.3367 Lc=1.8306 Ld=5.3088 lr=9.930e-06 peak_mem=25.49GiB
epoch=1 step=2620/29520 loss=44.9968 Le=0.2321 Lc=1.6278 Ld=5.5092 lr=9.929e-06 peak_mem=25.49GiB
epoch=1 step=2640/29520 loss=49.2894 Le=0.2545 Lc=1.8449 Ld=5.3947 lr=9.927e-06 peak_mem=25.49GiB
epoch=1 step=2660/29520 loss=86.2953 Le=0.6352 Lc=1.7268 Ld=5.5095 lr=9.925e-06 peak_mem=25.49GiB
epoch=1 step=2680/29520 loss=56.9641 Le=0.3400 Lc=1.7390 Ld=5.5715 lr=9.923e-06 peak_mem=25.49GiB
epoch=1 step=2700/29520 loss=64.4955 Le=0.4155 Lc=1.7571 Ld=5.3780 lr=9.921e-06 peak_mem=25.49GiB
epoch=1 step=2720/29520 loss=71.7298 Le=0.4763 Lc=1.8627 Ld=5.4683 lr=9.919e-06 peak_mem=25.49GiB
epoch=1 step=2740/29520 loss=52.3713 Le=0.2816 Lc=1.8918 Ld=5.2899 lr=9.918e-06 peak_mem=25.49GiB
epoch=1 step=2760/29520 loss=61.7607 Le=0.3970 Lc=1.6618 Ld=5.4442 lr=9.916e-06 peak_mem=25.49GiB
epoch=1 step=2780/29520 loss=74.7328 Le=0.5190 Lc=1.7479 Ld=5.3530 lr=9.914e-06 peak_mem=25.49GiB
epoch=1 step=2800/29520 loss=56.8724 Le=0.3416 Lc=1.7480 Ld=5.2315 lr=9.912e-06 peak_mem=25.49GiB
epoch=1 step=2820/29520 loss=47.8662 Le=0.2538 Lc=1.7358 Ld=5.1293 lr=9.910e-06 peak_mem=25.49GiB
epoch=1 step=2840/29520 loss=58.1724 Le=0.3461 Lc=1.8356 Ld=5.2037 lr=9.908e-06 peak_mem=25.49GiB
epoch=1 step=2860/29520 loss=52.2304 Le=0.2878 Lc=1.8189 Ld=5.2633 lr=9.906e-06 peak_mem=25.49GiB
epoch=1 step=2880/29520 loss=58.9491 Le=0.3430 Lc=1.9349 Ld=5.2964 lr=9.904e-06 peak_mem=25.49GiB
epoch=1 step=2900/29520 loss=59.9369 Le=0.3709 Lc=1.7483 Ld=5.3671 lr=9.902e-06 peak_mem=25.49GiB
epoch=1 step=2920/29520 loss=64.2435 Le=0.4106 Lc=1.7990 Ld=5.1972 lr=9.900e-06 peak_mem=25.49GiB
epoch=1 step=2940/29520 loss=49.9098 Le=0.2679 Lc=1.7868 Ld=5.2522 lr=9.898e-06 peak_mem=25.49GiB
epoch=1 checkpoints saved
epoch=2 step=2960/29520 loss=54.0818 Le=0.3168 Lc=1.7216 Ld=5.1846 lr=9.896e-06 peak_mem=25.49GiB
epoch=2 step=2980/29520 loss=56.9050 Le=0.3367 Lc=1.8030 Ld=5.2034 lr=9.893e-06 peak_mem=25.49GiB
epoch=2 step=3000/29520 loss=68.7126 Le=0.4594 Lc=1.7627 Ld=5.1507 lr=9.891e-06 peak_mem=25.49GiB
epoch=2 step=3020/29520 loss=52.9480 Le=0.3093 Lc=1.6737 Ld=5.2823 lr=9.889e-06 peak_mem=25.49GiB
epoch=2 step=3040/29520 loss=62.4621 Le=0.3964 Lc=1.7547 Ld=5.2739 lr=9.887e-06 peak_mem=25.49GiB
epoch=2 step=3060/29520 loss=61.8737 Le=0.3913 Lc=1.7420 Ld=5.3261 lr=9.885e-06 peak_mem=25.49GiB
epoch=2 step=3080/29520 loss=64.6599 Le=0.3982 Lc=1.9724 Ld=5.1141 lr=9.882e-06 peak_mem=25.49GiB
epoch=2 step=3100/29520 loss=72.0766 Le=0.4690 Lc=1.9910 Ld=5.2713 lr=9.880e-06 peak_mem=25.49GiB
epoch=2 step=3120/29520 loss=40.4890 Le=0.1717 Lc=1.8170 Ld=5.1535 lr=9.878e-06 peak_mem=25.49GiB
epoch=2 step=3140/29520 loss=69.8380 Le=0.4758 Lc=1.7347 Ld=4.9136 lr=9.876e-06 peak_mem=25.49GiB
epoch=2 step=3160/29520 loss=52.5960 Le=0.2788 Lc=1.9620 Ld=5.0999 lr=9.873e-06 peak_mem=25.49GiB
epoch=2 step=3180/29520 loss=40.8866 Le=0.1970 Lc=1.6220 Ld=4.9647 lr=9.871e-06 peak_mem=25.49GiB
epoch=2 step=3200/29520 loss=60.8903 Le=0.3929 Lc=1.6741 Ld=4.8631 lr=9.869e-06 peak_mem=25.49GiB
epoch=2 step=3220/29520 loss=64.9266 Le=0.4055 Lc=1.9478 Ld=4.9032 lr=9.866e-06 peak_mem=25.49GiB
epoch=2 step=3240/29520 loss=53.9002 Le=0.3162 Lc=1.7038 Ld=5.2379 lr=9.864e-06 peak_mem=25.49GiB
epoch=2 step=3260/29520 loss=67.7879 Le=0.4572 Lc=1.7212 Ld=4.8523 lr=9.861e-06 peak_mem=25.49GiB
epoch=2 step=3280/29520 loss=54.8925 Le=0.3198 Lc=1.7807 Ld=5.1058 lr=9.859e-06 peak_mem=25.49GiB
epoch=2 step=3300/29520 loss=45.1761 Le=0.2127 Lc=1.8730 Ld=5.1730 lr=9.856e-06 peak_mem=25.49GiB
epoch=2 step=3320/29520 loss=45.3107 Le=0.2262 Lc=1.7583 Ld=5.1047 lr=9.854e-06 peak_mem=25.49GiB
epoch=2 step=3340/29520 loss=39.7861 Le=0.1575 Lc=1.8851 Ld=5.1834 lr=9.851e-06 peak_mem=25.49GiB
epoch=2 step=3360/29520 loss=35.2784 Le=0.1343 Lc=1.6664 Ld=5.1804 lr=9.849e-06 peak_mem=25.49GiB
epoch=2 step=3380/29520 loss=49.9006 Le=0.2772 Lc=1.7289 Ld=4.8879 lr=9.846e-06 peak_mem=25.49GiB
epoch=2 step=3400/29520 loss=69.9794 Le=0.4671 Lc=1.8216 Ld=5.0566 lr=9.844e-06 peak_mem=25.49GiB
epoch=2 step=3420/29520 loss=42.5939 Le=0.1875 Lc=1.8723 Ld=5.1200 lr=9.841e-06 peak_mem=25.49GiB
epoch=2 step=3440/29520 loss=56.4683 Le=0.3471 Lc=1.6717 Ld=5.0402 lr=9.838e-06 peak_mem=25.49GiB
epoch=2 step=3460/29520 loss=45.6697 Le=0.2525 Lc=1.5512 Ld=4.9103 lr=9.836e-06 peak_mem=25.49GiB
epoch=2 step=3480/29520 loss=56.1203 Le=0.3463 Lc=1.6467 Ld=5.0230 lr=9.833e-06 peak_mem=25.49GiB
epoch=2 step=3500/29520 loss=56.8341 Le=0.3527 Lc=1.6679 Ld=4.8820 lr=9.830e-06 peak_mem=25.49GiB
epoch=2 step=3520/29520 loss=40.6030 Le=0.1728 Lc=1.8240 Ld=5.0851 lr=9.828e-06 peak_mem=25.49GiB
epoch=2 step=3540/29520 loss=46.5639 Le=0.2366 Lc=1.7811 Ld=5.0912 lr=9.825e-06 peak_mem=25.49GiB
epoch=2 step=3560/29520 loss=57.8297 Le=0.3486 Lc=1.8112 Ld=4.8539 lr=9.822e-06 peak_mem=25.49GiB
epoch=2 step=3580/29520 loss=62.6869 Le=0.3972 Lc=1.7838 Ld=5.1325 lr=9.819e-06 peak_mem=25.49GiB
epoch=2 step=3600/29520 loss=45.8829 Le=0.2299 Lc=1.7849 Ld=5.0483 lr=9.817e-06 peak_mem=25.49GiB
epoch=2 step=3620/29520 loss=50.2754 Le=0.2652 Lc=1.8918 Ld=4.8361 lr=9.814e-06 peak_mem=25.49GiB
epoch=2 step=3640/29520 loss=41.6199 Le=0.1928 Lc=1.7352 Ld=4.9927 lr=9.811e-06 peak_mem=25.49GiB
epoch=2 step=3660/29520 loss=73.3578 Le=0.5014 Lc=1.8196 Ld=5.0181 lr=9.808e-06 peak_mem=25.49GiB
epoch=2 step=3680/29520 loss=61.6624 Le=0.3885 Lc=1.7897 Ld=4.9138 lr=9.805e-06 peak_mem=25.49GiB
epoch=2 step=3700/29520 loss=36.4829 Le=0.1375 Lc=1.7789 Ld=4.9389 lr=9.802e-06 peak_mem=25.49GiB
epoch=2 step=3720/29520 loss=58.7899 Le=0.3752 Lc=1.6511 Ld=4.7578 lr=9.800e-06 peak_mem=25.49GiB
epoch=2 step=3740/29520 loss=53.6560 Le=0.3159 Lc=1.7219 Ld=4.8470 lr=9.797e-06 peak_mem=25.49GiB
epoch=2 step=3760/29520 loss=52.8511 Le=0.2951 Lc=1.8409 Ld=4.9336 lr=9.794e-06 peak_mem=25.49GiB
epoch=2 step=3780/29520 loss=53.1978 Le=0.2914 Lc=1.9003 Ld=5.0500 lr=9.791e-06 peak_mem=25.49GiB
epoch=2 step=3800/29520 loss=41.6403 Le=0.1967 Lc=1.7115 Ld=4.8509 lr=9.788e-06 peak_mem=25.49GiB
epoch=2 step=3820/29520 loss=44.3229 Le=0.2136 Lc=1.7998 Ld=4.9606 lr=9.785e-06 peak_mem=25.49GiB
epoch=2 step=3840/29520 loss=52.0214 Le=0.3047 Lc=1.6756 Ld=4.7988 lr=9.782e-06 peak_mem=25.49GiB
epoch=2 step=3860/29520 loss=74.7009 Le=0.5286 Lc=1.6975 Ld=4.8704 lr=9.779e-06 peak_mem=25.49GiB
epoch=2 step=3880/29520 loss=46.0366 Le=0.2270 Lc=1.8383 Ld=4.9495 lr=9.775e-06 peak_mem=25.49GiB
epoch=2 step=3900/29520 loss=46.5746 Le=0.2279 Lc=1.8912 Ld=4.8695 lr=9.772e-06 peak_mem=25.49GiB
epoch=2 step=3920/29520 loss=58.0419 Le=0.3592 Lc=1.7158 Ld=4.9681 lr=9.769e-06 peak_mem=25.49GiB
epoch=2 step=3940/29520 loss=48.4006 Le=0.2795 Lc=1.5595 Ld=4.8528 lr=9.766e-06 peak_mem=25.49GiB
epoch=2 step=3960/29520 loss=39.0059 Le=0.1704 Lc=1.6915 Ld=5.0541 lr=9.763e-06 peak_mem=25.49GiB
epoch=2 step=3980/29520 loss=55.9155 Le=0.3291 Lc=1.8028 Ld=4.9804 lr=9.760e-06 peak_mem=25.49GiB
epoch=2 step=4000/29520 loss=65.9450 Le=0.4242 Lc=1.8816 Ld=4.7046 lr=9.757e-06 peak_mem=25.49GiB
epoch=2 step=4020/29520 loss=45.4710 Le=0.2419 Lc=1.6280 Ld=5.0011 lr=9.753e-06 peak_mem=25.49GiB
epoch=2 step=4040/29520 loss=50.3990 Le=0.2842 Lc=1.7206 Ld=4.7761 lr=9.750e-06 peak_mem=25.49GiB
epoch=2 step=4060/29520 loss=57.7726 Le=0.3540 Lc=1.7434 Ld=4.9340 lr=9.747e-06 peak_mem=25.49GiB
epoch=2 step=4080/29520 loss=70.4809 Le=0.4876 Lc=1.6917 Ld=4.8077 lr=9.743e-06 peak_mem=25.49GiB
epoch=2 step=4100/29520 loss=79.3838 Le=0.5810 Lc=1.6402 Ld=4.8809 lr=9.740e-06 peak_mem=25.49GiB
epoch=2 step=4120/29520 loss=44.7924 Le=0.2373 Lc=1.6321 Ld=4.7437 lr=9.737e-06 peak_mem=25.49GiB
epoch=2 step=4140/29520 loss=59.6271 Le=0.3539 Lc=1.9433 Ld=4.8074 lr=9.733e-06 peak_mem=25.49GiB
epoch=2 step=4160/29520 loss=40.3923 Le=0.1989 Lc=1.5503 Ld=5.0030 lr=9.730e-06 peak_mem=25.49GiB
epoch=2 step=4180/29520 loss=45.0729 Le=0.2410 Lc=1.6233 Ld=4.7349 lr=9.727e-06 peak_mem=25.49GiB
epoch=2 step=4200/29520 loss=60.0767 Le=0.3783 Lc=1.7264 Ld=4.9858 lr=9.723e-06 peak_mem=25.49GiB
epoch=2 step=4220/29520 loss=61.1500 Le=0.3630 Lc=2.0151 Ld=4.6943 lr=9.720e-06 peak_mem=25.49GiB
epoch=2 step=4240/29520 loss=64.7392 Le=0.4182 Lc=1.8143 Ld=4.7803 lr=9.716e-06 peak_mem=25.49GiB
epoch=2 step=4260/29520 loss=59.9271 Le=0.3727 Lc=1.7507 Ld=5.1479 lr=9.713e-06 peak_mem=25.49GiB
epoch=2 step=4280/29520 loss=55.6348 Le=0.3259 Lc=1.8371 Ld=4.6747 lr=9.709e-06 peak_mem=25.49GiB
epoch=2 step=4300/29520 loss=55.6128 Le=0.3550 Lc=1.5553 Ld=4.5601 lr=9.706e-06 peak_mem=25.49GiB
epoch=2 step=4320/29520 loss=53.1105 Le=0.3040 Lc=1.8001 Ld=4.7085 lr=9.702e-06 peak_mem=25.49GiB
epoch=2 step=4340/29520 loss=60.2284 Le=0.3767 Lc=1.7757 Ld=4.7989 lr=9.699e-06 peak_mem=25.49GiB
epoch=2 step=4360/29520 loss=44.7908 Le=0.2253 Lc=1.7572 Ld=4.6861 lr=9.695e-06 peak_mem=25.49GiB
epoch=2 step=4380/29520 loss=57.2182 Le=0.3522 Lc=1.7261 Ld=4.7329 lr=9.692e-06 peak_mem=25.49GiB
epoch=2 step=4400/29520 loss=58.0177 Le=0.3616 Lc=1.7268 Ld=4.5928 lr=9.688e-06 peak_mem=25.49GiB
epoch=2 step=4420/29520 loss=37.6769 Le=0.1565 Lc=1.7231 Ld=4.7958 lr=9.684e-06 peak_mem=25.49GiB
epoch=2 step=4440/29520 loss=43.0018 Le=0.2231 Lc=1.6074 Ld=4.6220 lr=9.681e-06 peak_mem=25.49GiB
epoch=2 step=4460/29520 loss=47.5863 Le=0.2654 Lc=1.6703 Ld=4.3411 lr=9.677e-06 peak_mem=25.49GiB
epoch=2 step=4480/29520 loss=46.7215 Le=0.2477 Lc=1.7049 Ld=4.9019 lr=9.673e-06 peak_mem=25.49GiB
epoch=2 step=4500/29520 loss=43.8432 Le=0.2163 Lc=1.7494 Ld=4.7192 lr=9.670e-06 peak_mem=25.49GiB
epoch=2 step=4520/29520 loss=41.7528 Le=0.2021 Lc=1.6891 Ld=4.6555 lr=9.666e-06 peak_mem=25.49GiB
epoch=2 step=4540/29520 loss=46.4364 Le=0.2515 Lc=1.6709 Ld=4.5746 lr=9.662e-06 peak_mem=25.49GiB
epoch=2 step=4560/29520 loss=67.3178 Le=0.4639 Lc=1.6445 Ld=4.4867 lr=9.658e-06 peak_mem=25.49GiB
epoch=2 step=4580/29520 loss=41.7123 Le=0.2063 Lc=1.6485 Ld=4.5940 lr=9.655e-06 peak_mem=25.49GiB
epoch=2 step=4600/29520 loss=54.7714 Le=0.3223 Lc=1.7960 Ld=4.5785 lr=9.651e-06 peak_mem=25.49GiB
epoch=2 step=4620/29520 loss=48.0135 Le=0.2613 Lc=1.7111 Ld=4.7750 lr=9.647e-06 peak_mem=25.49GiB
epoch=2 step=4640/29520 loss=56.8308 Le=0.3492 Lc=1.7362 Ld=4.5453 lr=9.643e-06 peak_mem=25.49GiB
epoch=2 step=4660/29520 loss=44.9953 Le=0.2298 Lc=1.7389 Ld=4.6280 lr=9.639e-06 peak_mem=25.49GiB
epoch=2 step=4680/29520 loss=51.9578 Le=0.3050 Lc=1.6836 Ld=4.6258 lr=9.635e-06 peak_mem=25.49GiB
epoch=2 step=4700/29520 loss=55.4767 Le=0.3291 Lc=1.7709 Ld=4.8578 lr=9.631e-06 peak_mem=25.49GiB
epoch=2 step=4720/29520 loss=38.4218 Le=0.1788 Lc=1.5693 Ld=4.8455 lr=9.627e-06 peak_mem=25.49GiB
epoch=2 step=4740/29520 loss=39.4506 Le=0.1836 Lc=1.6469 Ld=4.6227 lr=9.623e-06 peak_mem=25.49GiB
epoch=2 step=4760/29520 loss=45.4958 Le=0.2411 Lc=1.6753 Ld=4.6292 lr=9.620e-06 peak_mem=25.49GiB
epoch=2 step=4780/29520 loss=62.5019 Le=0.4040 Lc=1.7316 Ld=4.7853 lr=9.616e-06 peak_mem=25.49GiB
epoch=2 step=4800/29520 loss=40.1399 Le=0.1987 Lc=1.5509 Ld=4.7567 lr=9.611e-06 peak_mem=25.49GiB
epoch=2 step=4820/29520 loss=52.9491 Le=0.2957 Lc=1.8596 Ld=4.7828 lr=9.607e-06 peak_mem=25.49GiB
epoch=2 step=4840/29520 loss=32.2788 Le=0.1139 Lc=1.6231 Ld=4.6533 lr=9.603e-06 peak_mem=25.49GiB
epoch=2 step=4860/29520 loss=44.8209 Le=0.2288 Lc=1.7179 Ld=4.7597 lr=9.599e-06 peak_mem=25.49GiB
epoch=2 step=4880/29520 loss=45.6656 Le=0.2482 Lc=1.6249 Ld=4.5957 lr=9.595e-06 peak_mem=25.49GiB
epoch=2 step=4900/29520 loss=51.1867 Le=0.2920 Lc=1.7338 Ld=4.6469 lr=9.591e-06 peak_mem=25.49GiB
epoch=2 step=4920/29520 loss=51.3525 Le=0.2845 Lc=1.8141 Ld=4.7567 lr=9.587e-06 peak_mem=25.49GiB
epoch=2 step=4940/29520 loss=46.4364 Le=0.2444 Lc=1.7257 Ld=4.7428 lr=9.583e-06 peak_mem=25.49GiB
epoch=2 step=4960/29520 loss=45.4777 Le=0.2490 Lc=1.6284 Ld=4.2981 lr=9.579e-06 peak_mem=25.49GiB
epoch=2 step=4980/29520 loss=33.5210 Le=0.1167 Lc=1.7255 Ld=4.5962 lr=9.574e-06 peak_mem=25.49GiB
epoch=2 step=5000/29520 loss=44.6611 Le=0.2357 Lc=1.6559 Ld=4.5341 lr=9.570e-06 peak_mem=25.49GiB
epoch=2 step=5020/29520 loss=41.7257 Le=0.1986 Lc=1.7218 Ld=4.6454 lr=9.566e-06 peak_mem=25.49GiB
epoch=2 step=5040/29520 loss=45.7006 Le=0.2405 Lc=1.7182 Ld=4.4664 lr=9.562e-06 peak_mem=25.49GiB
epoch=2 step=5060/29520 loss=46.7690 Le=0.2507 Lc=1.6954 Ld=4.7464 lr=9.557e-06 peak_mem=25.49GiB
epoch=2 step=5080/29520 loss=41.7758 Le=0.2034 Lc=1.6735 Ld=4.7007 lr=9.553e-06 peak_mem=25.49GiB
epoch=2 step=5100/29520 loss=38.8262 Le=0.1615 Lc=1.7808 Ld=4.8711 lr=9.549e-06 peak_mem=25.49GiB
epoch=2 step=5120/29520 loss=63.1611 Le=0.4119 Lc=1.7220 Ld=4.7487 lr=9.544e-06 peak_mem=25.49GiB
epoch=2 step=5140/29520 loss=44.7148 Le=0.2441 Lc=1.5554 Ld=4.7476 lr=9.540e-06 peak_mem=25.49GiB
epoch=2 step=5160/29520 loss=46.0551 Le=0.2527 Lc=1.6280 Ld=4.5021 lr=9.536e-06 peak_mem=25.49GiB
epoch=2 step=5180/29520 loss=50.7336 Le=0.3009 Lc=1.6012 Ld=4.6317 lr=9.531e-06 peak_mem=25.49GiB
epoch=2 step=5200/29520 loss=41.8560 Le=0.2087 Lc=1.6105 Ld=4.8825 lr=9.527e-06 peak_mem=25.49GiB
epoch=2 step=5220/29520 loss=49.9173 Le=0.2933 Lc=1.6032 Ld=4.5540 lr=9.522e-06 peak_mem=25.49GiB
epoch=2 step=5240/29520 loss=60.6971 Le=0.3803 Lc=1.8131 Ld=4.5313 lr=9.518e-06 peak_mem=25.49GiB
epoch=2 step=5260/29520 loss=45.3069 Le=0.2373 Lc=1.7142 Ld=4.4347 lr=9.514e-06 peak_mem=25.49GiB
epoch=2 step=5280/29520 loss=53.8680 Le=0.3303 Lc=1.6401 Ld=4.4323 lr=9.509e-06 peak_mem=25.49GiB
epoch=2 step=5300/29520 loss=49.8141 Le=0.2882 Lc=1.6588 Ld=4.4069 lr=9.505e-06 peak_mem=25.49GiB
epoch=2 step=5320/29520 loss=47.5355 Le=0.2694 Lc=1.6097 Ld=4.4957 lr=9.500e-06 peak_mem=25.49GiB
epoch=2 step=5340/29520 loss=49.4086 Le=0.2712 Lc=1.7755 Ld=4.5340 lr=9.495e-06 peak_mem=25.49GiB
epoch=2 step=5360/29520 loss=43.4351 Le=0.2161 Lc=1.7363 Ld=4.4633 lr=9.491e-06 peak_mem=25.49GiB
epoch=2 step=5380/29520 loss=46.0861 Le=0.2656 Lc=1.5008 Ld=4.5188 lr=9.486e-06 peak_mem=25.49GiB
epoch=2 step=5400/29520 loss=53.2107 Le=0.3063 Lc=1.8328 Ld=4.2509 lr=9.482e-06 peak_mem=25.49GiB
epoch=2 step=5420/29520 loss=33.0688 Le=0.1332 Lc=1.5317 Ld=4.4334 lr=9.477e-06 peak_mem=25.49GiB
epoch=2 step=5440/29520 loss=49.0768 Le=0.2866 Lc=1.5835 Ld=4.5803 lr=9.472e-06 peak_mem=25.49GiB
epoch=2 step=5460/29520 loss=62.4578 Le=0.4128 Lc=1.6848 Ld=4.3262 lr=9.468e-06 peak_mem=25.49GiB
epoch=2 step=5480/29520 loss=62.3902 Le=0.4181 Lc=1.6211 Ld=4.3717 lr=9.463e-06 peak_mem=25.49GiB
epoch=2 step=5500/29520 loss=42.7093 Le=0.2223 Lc=1.6243 Ld=4.2346 lr=9.458e-06 peak_mem=25.49GiB
epoch=2 step=5520/29520 loss=49.7833 Le=0.2941 Lc=1.5925 Ld=4.4505 lr=9.454e-06 peak_mem=25.49GiB
epoch=2 step=5540/29520 loss=38.1612 Le=0.1792 Lc=1.5782 Ld=4.4612 lr=9.449e-06 peak_mem=25.49GiB
epoch=2 step=5560/29520 loss=51.7417 Le=0.3100 Lc=1.6367 Ld=4.3777 lr=9.444e-06 peak_mem=25.49GiB
epoch=2 step=5580/29520 loss=60.6516 Le=0.3929 Lc=1.6948 Ld=4.4115 lr=9.439e-06 peak_mem=25.49GiB
epoch=2 step=5600/29520 loss=45.5187 Le=0.2433 Lc=1.6883 Ld=4.3043 lr=9.435e-06 peak_mem=25.49GiB
epoch=2 step=5620/29520 loss=50.0327 Le=0.2854 Lc=1.6962 Ld=4.5288 lr=9.430e-06 peak_mem=25.49GiB
epoch=2 step=5640/29520 loss=40.7752 Le=0.1996 Lc=1.6637 Ld=4.1811 lr=9.425e-06 peak_mem=25.49GiB
epoch=2 step=5660/29520 loss=40.1342 Le=0.2054 Lc=1.5097 Ld=4.4985 lr=9.420e-06 peak_mem=25.49GiB
epoch=2 step=5680/29520 loss=39.8344 Le=0.2099 Lc=1.4430 Ld=4.4149 lr=9.415e-06 peak_mem=25.49GiB
epoch=2 step=5700/29520 loss=51.2733 Le=0.3040 Lc=1.6197 Ld=4.6777 lr=9.410e-06 peak_mem=25.49GiB
epoch=2 step=5720/29520 loss=51.1613 Le=0.3087 Lc=1.5736 Ld=4.5511 lr=9.405e-06 peak_mem=25.49GiB
epoch=2 step=5740/29520 loss=49.3284 Le=0.2859 Lc=1.6352 Ld=4.3852 lr=9.400e-06 peak_mem=25.49GiB
epoch=2 step=5760/29520 loss=61.3136 Le=0.3993 Lc=1.7009 Ld=4.3713 lr=9.395e-06 peak_mem=25.49GiB
epoch=2 step=5780/29520 loss=48.4328 Le=0.2790 Lc=1.6093 Ld=4.4392 lr=9.390e-06 peak_mem=25.49GiB
epoch=2 step=5800/29520 loss=41.7833 Le=0.2080 Lc=1.6447 Ld=4.5328 lr=9.385e-06 peak_mem=25.49GiB
epoch=2 step=5820/29520 loss=41.3406 Le=0.2189 Lc=1.5016 Ld=4.4315 lr=9.380e-06 peak_mem=25.49GiB
epoch=2 step=5840/29520 loss=40.2597 Le=0.2026 Lc=1.5661 Ld=4.3385 lr=9.375e-06 peak_mem=25.49GiB
epoch=2 step=5860/29520 loss=45.5470 Le=0.2457 Lc=1.6522 Ld=4.4505 lr=9.370e-06 peak_mem=25.49GiB
epoch=2 step=5880/29520 loss=43.0147 Le=0.2226 Lc=1.6182 Ld=4.5696 lr=9.365e-06 peak_mem=25.49GiB
epoch=2 step=5900/29520 loss=36.7916 Le=0.1681 Lc=1.5632 Ld=4.3519 lr=9.360e-06 peak_mem=25.49GiB
epoch=2 checkpoints saved
epoch=3 step=5920/29520 loss=42.0546 Le=0.2218 Lc=1.5416 Ld=4.4563 lr=9.355e-06 peak_mem=25.49GiB
epoch=3 step=5940/29520 loss=38.3296 Le=0.1911 Lc=1.4995 Ld=4.2259 lr=9.350e-06 peak_mem=25.49GiB
epoch=3 step=5960/29520 loss=47.7750 Le=0.2630 Lc=1.7024 Ld=4.4457 lr=9.345e-06 peak_mem=25.49GiB
epoch=3 step=5980/29520 loss=50.8246 Le=0.3057 Lc=1.5766 Ld=4.4883 lr=9.340e-06 peak_mem=25.49GiB
epoch=3 step=6000/29520 loss=52.3299 Le=0.3138 Lc=1.6538 Ld=4.4124 lr=9.335e-06 peak_mem=25.49GiB
epoch=3 step=6020/29520 loss=33.8740 Le=0.1455 Lc=1.4924 Ld=4.4032 lr=9.329e-06 peak_mem=25.49GiB
epoch=3 step=6040/29520 loss=60.3394 Le=0.4040 Lc=1.5549 Ld=4.3874 lr=9.324e-06 peak_mem=25.49GiB
epoch=3 step=6060/29520 loss=38.5104 Le=0.1848 Lc=1.5607 Ld=4.4218 lr=9.319e-06 peak_mem=25.49GiB
epoch=3 step=6080/29520 loss=46.5996 Le=0.2662 Lc=1.5761 Ld=4.2152 lr=9.314e-06 peak_mem=25.49GiB
epoch=3 step=6100/29520 loss=39.5962 Le=0.1950 Lc=1.5776 Ld=4.3160 lr=9.308e-06 peak_mem=25.49GiB
epoch=3 step=6120/29520 loss=55.5298 Le=0.3550 Lc=1.5690 Ld=4.3350 lr=9.303e-06 peak_mem=25.49GiB
epoch=3 step=6140/29520 loss=46.0823 Le=0.2572 Lc=1.5858 Ld=4.5057 lr=9.298e-06 peak_mem=25.49GiB
epoch=3 step=6160/29520 loss=38.2215 Le=0.1906 Lc=1.4848 Ld=4.3094 lr=9.292e-06 peak_mem=25.49GiB
epoch=3 step=6180/29520 loss=41.6380 Le=0.2282 Lc=1.4478 Ld=4.3389 lr=9.287e-06 peak_mem=25.49GiB
epoch=3 step=6200/29520 loss=38.4263 Le=0.1778 Lc=1.6088 Ld=4.5553 lr=9.282e-06 peak_mem=25.49GiB
epoch=3 step=6220/29520 loss=41.2276 Le=0.2113 Lc=1.5715 Ld=4.3851 lr=9.276e-06 peak_mem=25.49GiB
epoch=3 step=6240/29520 loss=39.0236 Le=0.1878 Lc=1.5980 Ld=4.2626 lr=9.271e-06 peak_mem=25.49GiB
epoch=3 step=6260/29520 loss=43.2169 Le=0.2407 Lc=1.4733 Ld=4.4128 lr=9.266e-06 peak_mem=25.49GiB
epoch=3 step=6280/29520 loss=44.5466 Le=0.2256 Lc=1.7744 Ld=4.2400 lr=9.260e-06 peak_mem=25.49GiB
epoch=3 step=6300/29520 loss=40.9544 Le=0.2076 Lc=1.5961 Ld=4.2338 lr=9.255e-06 peak_mem=25.49GiB
epoch=3 step=6320/29520 loss=45.6140 Le=0.2465 Lc=1.6453 Ld=4.5154 lr=9.249e-06 peak_mem=25.49GiB
epoch=3 step=6340/29520 loss=48.8270 Le=0.2952 Lc=1.4791 Ld=4.5178 lr=9.244e-06 peak_mem=25.49GiB
epoch=3 step=6360/29520 loss=52.9207 Le=0.3263 Lc=1.5905 Ld=4.3853 lr=9.238e-06 peak_mem=25.49GiB
epoch=3 step=6380/29520 loss=61.8793 Le=0.4212 Lc=1.5286 Ld=4.4713 lr=9.233e-06 peak_mem=25.49GiB
epoch=3 step=6400/29520 loss=44.3337 Le=0.2396 Lc=1.5896 Ld=4.4810 lr=9.227e-06 peak_mem=25.49GiB
epoch=3 step=6420/29520 loss=32.1697 Le=0.1255 Lc=1.5223 Ld=4.3964 lr=9.222e-06 peak_mem=25.49GiB
epoch=3 step=6440/29520 loss=43.9401 Le=0.2354 Lc=1.6110 Ld=4.2859 lr=9.216e-06 peak_mem=25.49GiB
epoch=3 step=6460/29520 loss=37.3160 Le=0.1763 Lc=1.5339 Ld=4.3504 lr=9.210e-06 peak_mem=25.49GiB
epoch=3 step=6480/29520 loss=42.8345 Le=0.2180 Lc=1.6783 Ld=4.2524 lr=9.205e-06 peak_mem=25.49GiB
epoch=3 step=6500/29520 loss=34.7286 Le=0.1467 Lc=1.5557 Ld=4.5064 lr=9.199e-06 peak_mem=25.49GiB
epoch=3 step=6520/29520 loss=34.3498 Le=0.1467 Lc=1.5157 Ld=4.5186 lr=9.193e-06 peak_mem=25.49GiB
epoch=3 step=6540/29520 loss=37.4874 Le=0.1711 Lc=1.5826 Ld=4.5565 lr=9.188e-06 peak_mem=25.49GiB
epoch=3 step=6560/29520 loss=25.9904 Le=0.0662 Lc=1.4833 Ld=4.5420 lr=9.182e-06 peak_mem=25.49GiB
epoch=3 step=6580/29520 loss=32.2421 Le=0.1102 Lc=1.6960 Ld=4.2635 lr=9.176e-06 peak_mem=25.49GiB
epoch=3 step=6600/29520 loss=41.0256 Le=0.2051 Lc=1.6111 Ld=4.4093 lr=9.171e-06 peak_mem=25.49GiB
epoch=3 step=6620/29520 loss=49.4941 Le=0.2837 Lc=1.6692 Ld=4.4312 lr=9.165e-06 peak_mem=25.49GiB
epoch=3 step=6640/29520 loss=37.8529 Le=0.1901 Lc=1.4635 Ld=4.2069 lr=9.159e-06 peak_mem=25.49GiB
epoch=3 step=6660/29520 loss=40.8920 Le=0.2162 Lc=1.5100 Ld=4.1675 lr=9.153e-06 peak_mem=25.49GiB
epoch=3 step=6680/29520 loss=44.4269 Le=0.2513 Lc=1.5251 Ld=4.0501 lr=9.148e-06 peak_mem=25.49GiB
epoch=3 step=6700/29520 loss=41.0983 Le=0.2203 Lc=1.4682 Ld=4.3900 lr=9.142e-06 peak_mem=25.49GiB
epoch=3 step=6720/29520 loss=36.5001 Le=0.1643 Lc=1.5743 Ld=4.3288 lr=9.136e-06 peak_mem=25.49GiB
epoch=3 step=6740/29520 loss=43.9320 Le=0.2499 Lc=1.4788 Ld=4.1499 lr=9.130e-06 peak_mem=25.49GiB
epoch=3 step=6760/29520 loss=38.3401 Le=0.1870 Lc=1.5145 Ld=4.4994 lr=9.124e-06 peak_mem=25.49GiB
epoch=3 step=6780/29520 loss=54.8383 Le=0.3464 Lc=1.5973 Ld=4.2284 lr=9.118e-06 peak_mem=25.49GiB
epoch=3 step=6800/29520 loss=45.4866 Le=0.2439 Lc=1.6653 Ld=4.4424 lr=9.112e-06 peak_mem=25.49GiB
epoch=3 step=6820/29520 loss=38.7539 Le=0.1956 Lc=1.4892 Ld=4.3047 lr=9.106e-06 peak_mem=25.49GiB
epoch=3 step=6840/29520 loss=38.8629 Le=0.2015 Lc=1.4420 Ld=4.2894 lr=9.101e-06 peak_mem=25.49GiB
epoch=3 step=6860/29520 loss=54.3266 Le=0.3392 Lc=1.6319 Ld=4.0843 lr=9.095e-06 peak_mem=25.49GiB
epoch=3 step=6880/29520 loss=44.7029 Le=0.2580 Lc=1.4773 Ld=4.1286 lr=9.089e-06 peak_mem=25.49GiB
epoch=3 step=6900/29520 loss=38.4788 Le=0.1749 Lc=1.6507 Ld=4.4849 lr=9.083e-06 peak_mem=25.49GiB
epoch=3 step=6920/29520 loss=38.7666 Le=0.1847 Lc=1.5917 Ld=4.3819 lr=9.077e-06 peak_mem=25.49GiB
epoch=3 step=6940/29520 loss=32.4735 Le=0.1391 Lc=1.4356 Ld=4.2079 lr=9.071e-06 peak_mem=25.49GiB
epoch=3 step=6960/29520 loss=45.7607 Le=0.2477 Lc=1.6668 Ld=4.3248 lr=9.065e-06 peak_mem=25.49GiB
epoch=3 step=6980/29520 loss=45.7972 Le=0.2513 Lc=1.6293 Ld=4.3737 lr=9.058e-06 peak_mem=25.49GiB
epoch=3 step=7000/29520 loss=64.8398 Le=0.4588 Lc=1.4888 Ld=4.0684 lr=9.052e-06 peak_mem=25.49GiB
epoch=3 step=7020/29520 loss=36.6559 Le=0.1853 Lc=1.4054 Ld=4.0696 lr=9.046e-06 peak_mem=25.49GiB
epoch=3 step=7040/29520 loss=45.1422 Le=0.2436 Lc=1.6618 Ld=4.1636 lr=9.040e-06 peak_mem=25.49GiB
epoch=3 step=7060/29520 loss=36.3291 Le=0.1672 Lc=1.5272 Ld=4.3344 lr=9.034e-06 peak_mem=25.49GiB
epoch=3 step=7080/29520 loss=37.9055 Le=0.1775 Lc=1.5967 Ld=4.1843 lr=9.028e-06 peak_mem=25.49GiB
epoch=3 step=7100/29520 loss=41.1565 Le=0.2203 Lc=1.5002 Ld=4.1259 lr=9.022e-06 peak_mem=25.49GiB
epoch=3 step=7120/29520 loss=37.6319 Le=0.1700 Lc=1.6565 Ld=4.0703 lr=9.016e-06 peak_mem=25.49GiB
epoch=3 step=7140/29520 loss=41.3330 Le=0.2104 Lc=1.6068 Ld=4.2260 lr=9.009e-06 peak_mem=25.49GiB
epoch=3 step=7160/29520 loss=43.8389 Le=0.2389 Lc=1.5428 Ld=4.5166 lr=9.003e-06 peak_mem=25.49GiB
epoch=3 step=7180/29520 loss=38.2960 Le=0.1803 Lc=1.5974 Ld=4.2948 lr=8.997e-06 peak_mem=25.49GiB
epoch=3 step=7200/29520 loss=42.6000 Le=0.2265 Lc=1.5955 Ld=3.9990 lr=8.991e-06 peak_mem=25.49GiB
epoch=3 step=7220/29520 loss=38.7495 Le=0.1811 Lc=1.6161 Ld=4.4748 lr=8.984e-06 peak_mem=25.49GiB
epoch=3 step=7240/29520 loss=45.8809 Le=0.2658 Lc=1.5180 Ld=4.1189 lr=8.978e-06 peak_mem=25.49GiB
epoch=3 step=7260/29520 loss=43.8674 Le=0.2311 Lc=1.6428 Ld=4.3282 lr=8.972e-06 peak_mem=25.49GiB
epoch=3 step=7280/29520 loss=43.8349 Le=0.2395 Lc=1.5734 Ld=4.1461 lr=8.966e-06 peak_mem=25.49GiB
epoch=3 step=7300/29520 loss=40.4236 Le=0.2076 Lc=1.5181 Ld=4.4847 lr=8.959e-06 peak_mem=25.49GiB
epoch=3 step=7320/29520 loss=33.8220 Le=0.1377 Lc=1.5830 Ld=4.2177 lr=8.953e-06 peak_mem=25.49GiB
epoch=3 step=7340/29520 loss=48.5994 Le=0.2991 Lc=1.4317 Ld=4.3764 lr=8.946e-06 peak_mem=25.49GiB
epoch=3 step=7360/29520 loss=37.3363 Le=0.1918 Lc=1.3904 Ld=4.2503 lr=8.940e-06 peak_mem=25.49GiB
epoch=3 step=7380/29520 loss=42.2900 Le=0.2270 Lc=1.5480 Ld=4.1054 lr=8.934e-06 peak_mem=25.49GiB
epoch=3 step=7400/29520 loss=45.7608 Le=0.2625 Lc=1.5451 Ld=4.0618 lr=8.927e-06 peak_mem=25.49GiB
epoch=3 step=7420/29520 loss=39.7710 Le=0.2089 Lc=1.4972 Ld=3.9050 lr=8.921e-06 peak_mem=25.49GiB
epoch=3 step=7440/29520 loss=27.5774 Le=0.0785 Lc=1.5278 Ld=4.4538 lr=8.914e-06 peak_mem=25.49GiB
epoch=3 step=7460/29520 loss=34.9277 Le=0.1314 Lc=1.7568 Ld=4.2219 lr=8.908e-06 peak_mem=25.49GiB
epoch=3 step=7480/29520 loss=41.3920 Le=0.1913 Lc=1.8070 Ld=4.1882 lr=8.901e-06 peak_mem=25.49GiB
epoch=3 step=7500/29520 loss=40.7652 Le=0.2015 Lc=1.6481 Ld=4.1299 lr=8.895e-06 peak_mem=25.49GiB
epoch=3 step=7520/29520 loss=42.5587 Le=0.2273 Lc=1.5424 Ld=4.4057 lr=8.888e-06 peak_mem=25.49GiB
epoch=3 step=7540/29520 loss=44.1021 Le=0.2279 Lc=1.7319 Ld=3.9887 lr=8.882e-06 peak_mem=25.49GiB
epoch=3 step=7560/29520 loss=46.1389 Le=0.2697 Lc=1.5062 Ld=4.1039 lr=8.875e-06 peak_mem=25.49GiB
epoch=3 step=7580/29520 loss=33.9690 Le=0.1608 Lc=1.3924 Ld=3.9610 lr=8.869e-06 peak_mem=25.49GiB
epoch=3 step=7600/29520 loss=49.9745 Le=0.2968 Lc=1.6148 Ld=4.1447 lr=8.862e-06 peak_mem=25.49GiB
epoch=3 step=7620/29520 loss=35.3854 Le=0.1439 Lc=1.6699 Ld=4.2961 lr=8.856e-06 peak_mem=25.49GiB
epoch=3 step=7640/29520 loss=40.3232 Le=0.1995 Lc=1.6249 Ld=4.1199 lr=8.849e-06 peak_mem=25.49GiB
epoch=3 step=7660/29520 loss=35.8089 Le=0.1667 Lc=1.4803 Ld=4.3352 lr=8.842e-06 peak_mem=25.49GiB
epoch=3 step=7680/29520 loss=35.1410 Le=0.1566 Lc=1.5153 Ld=4.3276 lr=8.836e-06 peak_mem=25.49GiB
epoch=3 step=7700/29520 loss=49.5592 Le=0.2971 Lc=1.5750 Ld=4.0996 lr=8.829e-06 peak_mem=25.49GiB
epoch=3 step=7720/29520 loss=37.6499 Le=0.1815 Lc=1.5315 Ld=4.1796 lr=8.822e-06 peak_mem=25.49GiB
epoch=3 step=7740/29520 loss=31.5643 Le=0.1104 Lc=1.6356 Ld=4.1671 lr=8.816e-06 peak_mem=25.49GiB
epoch=3 step=7760/29520 loss=29.6635 Le=0.1071 Lc=1.4916 Ld=4.0338 lr=8.809e-06 peak_mem=25.49GiB
epoch=3 step=7780/29520 loss=40.1087 Le=0.2195 Lc=1.3928 Ld=4.2318 lr=8.802e-06 peak_mem=25.49GiB
epoch=3 step=7800/29520 loss=32.3511 Le=0.1295 Lc=1.5139 Ld=4.2598 lr=8.796e-06 peak_mem=25.49GiB
epoch=3 step=7820/29520 loss=29.4382 Le=0.1105 Lc=1.4131 Ld=4.2618 lr=8.789e-06 peak_mem=25.49GiB
epoch=3 step=7840/29520 loss=35.2235 Le=0.1599 Lc=1.5310 Ld=3.9198 lr=8.782e-06 peak_mem=25.49GiB
epoch=3 step=7860/29520 loss=44.9211 Le=0.2607 Lc=1.4709 Ld=4.1431 lr=8.775e-06 peak_mem=25.49GiB
epoch=3 step=7880/29520 loss=28.8518 Le=0.0974 Lc=1.4759 Ld=4.3523 lr=8.768e-06 peak_mem=25.49GiB
epoch=3 step=7900/29520 loss=55.3565 Le=0.3539 Lc=1.5826 Ld=4.1361 lr=8.762e-06 peak_mem=25.49GiB
epoch=3 step=7920/29520 loss=52.6143 Le=0.3334 Lc=1.5059 Ld=4.2117 lr=8.755e-06 peak_mem=25.49GiB
epoch=3 step=7940/29520 loss=33.7931 Le=0.1448 Lc=1.5264 Ld=4.0529 lr=8.748e-06 peak_mem=25.49GiB
epoch=3 step=7960/29520 loss=44.4557 Le=0.2615 Lc=1.4229 Ld=4.0805 lr=8.741e-06 peak_mem=25.49GiB
epoch=3 step=7980/29520 loss=36.2916 Le=0.1854 Lc=1.3680 Ld=4.0741 lr=8.734e-06 peak_mem=25.49GiB
epoch=3 step=8000/29520 loss=32.3274 Le=0.1145 Lc=1.6763 Ld=4.1096 lr=8.727e-06 peak_mem=25.49GiB
epoch=3 step=8020/29520 loss=59.2302 Le=0.3946 Lc=1.5570 Ld=4.2034 lr=8.720e-06 peak_mem=25.49GiB
epoch=3 step=8040/29520 loss=38.2426 Le=0.1956 Lc=1.4341 Ld=4.3464 lr=8.713e-06 peak_mem=25.49GiB
epoch=3 step=8060/29520 loss=48.6348 Le=0.3002 Lc=1.4456 Ld=4.1564 lr=8.706e-06 peak_mem=25.49GiB
epoch=3 step=8080/29520 loss=44.4361 Le=0.2646 Lc=1.3873 Ld=4.1054 lr=8.699e-06 peak_mem=25.49GiB
epoch=3 step=8100/29520 loss=40.1139 Le=0.2062 Lc=1.5297 Ld=4.1920 lr=8.692e-06 peak_mem=25.49GiB
epoch=3 step=8120/29520 loss=37.3103 Le=0.1718 Lc=1.5971 Ld=4.1619 lr=8.685e-06 peak_mem=25.49GiB
epoch=3 step=8140/29520 loss=51.7826 Le=0.3365 Lc=1.4319 Ld=3.8171 lr=8.678e-06 peak_mem=25.49GiB
epoch=3 step=8160/29520 loss=42.4850 Le=0.2314 Lc=1.5057 Ld=4.2914 lr=8.671e-06 peak_mem=25.49GiB
epoch=3 step=8180/29520 loss=42.6058 Le=0.2485 Lc=1.3289 Ld=4.4667 lr=8.664e-06 peak_mem=25.49GiB
epoch=3 step=8200/29520 loss=47.3874 Le=0.2974 Lc=1.3640 Ld=4.0106 lr=8.657e-06 peak_mem=25.49GiB
epoch=3 step=8220/29520 loss=32.7278 Le=0.1200 Lc=1.6490 Ld=4.2355 lr=8.650e-06 peak_mem=25.49GiB
epoch=3 step=8240/29520 loss=39.0716 Le=0.1946 Lc=1.5686 Ld=3.9253 lr=8.643e-06 peak_mem=25.49GiB
epoch=3 step=8260/29520 loss=29.8541 Le=0.1124 Lc=1.4165 Ld=4.4532 lr=8.636e-06 peak_mem=25.49GiB
epoch=3 step=8280/29520 loss=30.4155 Le=0.1118 Lc=1.5251 Ld=3.9844 lr=8.629e-06 peak_mem=25.49GiB
epoch=3 step=8300/29520 loss=43.5175 Le=0.2507 Lc=1.4480 Ld=3.9698 lr=8.622e-06 peak_mem=25.49GiB
epoch=3 step=8320/29520 loss=27.0971 Le=0.0821 Lc=1.4692 Ld=4.1974 lr=8.615e-06 peak_mem=25.49GiB
epoch=3 step=8340/29520 loss=32.1686 Le=0.1361 Lc=1.4429 Ld=4.1313 lr=8.608e-06 peak_mem=25.49GiB
epoch=3 step=8360/29520 loss=45.1398 Le=0.2578 Lc=1.5136 Ld=4.2199 lr=8.600e-06 peak_mem=25.49GiB
epoch=3 step=8380/29520 loss=44.0139 Le=0.2464 Lc=1.5291 Ld=4.0813 lr=8.593e-06 peak_mem=25.49GiB
epoch=3 step=8400/29520 loss=38.1017 Le=0.1794 Lc=1.5966 Ld=4.2000 lr=8.586e-06 peak_mem=25.49GiB
epoch=3 step=8420/29520 loss=32.1516 Le=0.1205 Lc=1.6094 Ld=4.0068 lr=8.579e-06 peak_mem=25.49GiB
epoch=3 step=8440/29520 loss=34.2045 Le=0.1606 Lc=1.4257 Ld=3.8862 lr=8.571e-06 peak_mem=25.49GiB
epoch=3 step=8460/29520 loss=34.7921 Le=0.1515 Lc=1.5434 Ld=4.2114 lr=8.564e-06 peak_mem=25.49GiB
epoch=3 step=8480/29520 loss=43.2517 Le=0.2304 Lc=1.5941 Ld=4.2713 lr=8.557e-06 peak_mem=25.49GiB
epoch=3 step=8500/29520 loss=30.9637 Le=0.1276 Lc=1.3997 Ld=4.2109 lr=8.550e-06 peak_mem=25.49GiB
epoch=3 step=8520/29520 loss=44.2995 Le=0.2551 Lc=1.4832 Ld=3.9528 lr=8.542e-06 peak_mem=25.49GiB
epoch=3 step=8540/29520 loss=30.4191 Le=0.1199 Lc=1.4289 Ld=4.1382 lr=8.535e-06 peak_mem=25.49GiB
epoch=3 step=8560/29520 loss=37.6632 Le=0.1996 Lc=1.3799 Ld=3.9036 lr=8.528e-06 peak_mem=25.49GiB
epoch=3 step=8580/29520 loss=33.8950 Le=0.1348 Lc=1.6448 Ld=3.9710 lr=8.520e-06 peak_mem=25.49GiB
epoch=3 step=8600/29520 loss=40.2040 Le=0.2176 Lc=1.4157 Ld=4.2818 lr=8.513e-06 peak_mem=25.49GiB
epoch=3 step=8620/29520 loss=41.7996 Le=0.2381 Lc=1.3748 Ld=4.2370 lr=8.506e-06 peak_mem=25.49GiB
epoch=3 step=8640/29520 loss=47.1816 Le=0.2809 Lc=1.4933 Ld=4.1537 lr=8.498e-06 peak_mem=25.49GiB
epoch=3 step=8660/29520 loss=28.6607 Le=0.0963 Lc=1.4992 Ld=4.0432 lr=8.491e-06 peak_mem=25.49GiB
epoch=3 step=8680/29520 loss=39.9861 Le=0.2061 Lc=1.5212 Ld=4.1644 lr=8.483e-06 peak_mem=25.49GiB
epoch=3 step=8700/29520 loss=41.2070 Le=0.2208 Lc=1.5037 Ld=4.0878 lr=8.476e-06 peak_mem=25.49GiB
epoch=3 step=8720/29520 loss=37.2709 Le=0.1885 Lc=1.4438 Ld=3.9798 lr=8.469e-06 peak_mem=25.49GiB
epoch=3 step=8740/29520 loss=38.5637 Le=0.1846 Lc=1.6036 Ld=4.0640 lr=8.461e-06 peak_mem=25.49GiB
epoch=3 step=8760/29520 loss=36.9884 Le=0.1819 Lc=1.4796 Ld=4.0050 lr=8.454e-06 peak_mem=25.49GiB
epoch=3 step=8780/29520 loss=34.1409 Le=0.1504 Lc=1.5021 Ld=4.0797 lr=8.446e-06 peak_mem=25.49GiB
epoch=3 step=8800/29520 loss=39.6844 Le=0.2039 Lc=1.5311 Ld=3.9827 lr=8.439e-06 peak_mem=25.49GiB
epoch=3 step=8820/29520 loss=46.0209 Le=0.2725 Lc=1.4767 Ld=4.0082 lr=8.431e-06 peak_mem=25.49GiB
epoch=3 step=8840/29520 loss=27.4386 Le=0.1009 Lc=1.3180 Ld=4.1660 lr=8.424e-06 peak_mem=25.49GiB
epoch=3 checkpoints saved
epoch=4 step=8860/29520 loss=38.6682 Le=0.2069 Lc=1.4061 Ld=3.9149 lr=8.416e-06 peak_mem=25.49GiB
epoch=4 step=8880/29520 loss=45.5172 Le=0.2605 Lc=1.5389 Ld=4.0796 lr=8.409e-06 peak_mem=25.49GiB
epoch=4 step=8900/29520 loss=39.8521 Le=0.2162 Lc=1.4069 Ld=4.1615 lr=8.401e-06 peak_mem=25.49GiB
epoch=4 step=8920/29520 loss=40.5168 Le=0.2246 Lc=1.3852 Ld=4.2094 lr=8.393e-06 peak_mem=25.49GiB
epoch=4 step=8940/29520 loss=30.2500 Le=0.1205 Lc=1.4016 Ld=4.1832 lr=8.386e-06 peak_mem=25.49GiB
epoch=4 step=8960/29520 loss=37.9804 Le=0.2019 Lc=1.3577 Ld=4.2166 lr=8.378e-06 peak_mem=25.49GiB
epoch=4 step=8980/29520 loss=38.3418 Le=0.2091 Lc=1.3662 Ld=3.7691 lr=8.371e-06 peak_mem=25.49GiB
epoch=4 step=9000/29520 loss=32.4204 Le=0.1328 Lc=1.4829 Ld=4.3148 lr=8.363e-06 peak_mem=25.49GiB
epoch=4 step=9020/29520 loss=43.1855 Le=0.2505 Lc=1.3945 Ld=4.1876 lr=8.355e-06 peak_mem=25.49GiB
epoch=4 step=9040/29520 loss=33.4444 Le=0.1459 Lc=1.4899 Ld=3.9559 lr=8.348e-06 peak_mem=25.49GiB
epoch=4 step=9060/29520 loss=33.4694 Le=0.1508 Lc=1.4521 Ld=3.8722 lr=8.340e-06 peak_mem=25.49GiB
epoch=4 step=9080/29520 loss=30.2559 Le=0.1264 Lc=1.3729 Ld=3.8892 lr=8.332e-06 peak_mem=25.49GiB
epoch=4 step=9100/29520 loss=41.2404 Le=0.2261 Lc=1.4562 Ld=4.0712 lr=8.324e-06 peak_mem=25.49GiB
epoch=4 step=9120/29520 loss=36.3836 Le=0.1834 Lc=1.3888 Ld=4.1591 lr=8.317e-06 peak_mem=25.49GiB
epoch=4 step=9140/29520 loss=41.0225 Le=0.2176 Lc=1.5135 Ld=4.1267 lr=8.309e-06 peak_mem=25.49GiB
epoch=4 step=9160/29520 loss=32.5695 Le=0.1580 Lc=1.2758 Ld=4.0142 lr=8.301e-06 peak_mem=25.49GiB
epoch=4 step=9180/29520 loss=37.3321 Le=0.1879 Lc=1.4606 Ld=3.9372 lr=8.294e-06 peak_mem=25.49GiB
epoch=4 step=9200/29520 loss=23.8970 Le=0.0557 Lc=1.4282 Ld=4.0428 lr=8.286e-06 peak_mem=25.49GiB
epoch=4 step=9220/29520 loss=44.3043 Le=0.2574 Lc=1.4521 Ld=4.0447 lr=8.278e-06 peak_mem=25.49GiB
epoch=4 step=9240/29520 loss=33.4458 Le=0.1456 Lc=1.4840 Ld=4.0493 lr=8.270e-06 peak_mem=25.49GiB
epoch=4 step=9260/29520 loss=38.7216 Le=0.2067 Lc=1.4057 Ld=3.9939 lr=8.262e-06 peak_mem=25.49GiB
epoch=4 step=9280/29520 loss=35.3026 Le=0.1698 Lc=1.4110 Ld=4.2131 lr=8.254e-06 peak_mem=25.49GiB
epoch=4 step=9300/29520 loss=34.6575 Le=0.1620 Lc=1.4644 Ld=3.8108 lr=8.247e-06 peak_mem=25.49GiB
epoch=4 step=9320/29520 loss=32.3723 Le=0.1390 Lc=1.4488 Ld=3.9868 lr=8.239e-06 peak_mem=25.49GiB
epoch=4 step=9340/29520 loss=30.6621 Le=0.1183 Lc=1.4863 Ld=3.9680 lr=8.231e-06 peak_mem=25.49GiB
epoch=4 step=9360/29520 loss=35.1059 Le=0.1697 Lc=1.4215 Ld=3.9235 lr=8.223e-06 peak_mem=25.49GiB
epoch=4 step=9380/29520 loss=36.8065 Le=0.1801 Lc=1.4819 Ld=3.9795 lr=8.215e-06 peak_mem=25.49GiB
epoch=4 step=9400/29520 loss=35.9739 Le=0.1763 Lc=1.4436 Ld=3.9124 lr=8.207e-06 peak_mem=25.49GiB
epoch=4 step=9420/29520 loss=35.6049 Le=0.1697 Lc=1.4540 Ld=4.0928 lr=8.199e-06 peak_mem=25.49GiB
epoch=4 step=9440/29520 loss=33.2974 Le=0.1454 Lc=1.4897 Ld=3.8652 lr=8.191e-06 peak_mem=25.49GiB
epoch=4 step=9460/29520 loss=38.0652 Le=0.1888 Lc=1.4936 Ld=4.2449 lr=8.183e-06 peak_mem=25.49GiB
epoch=4 step=9480/29520 loss=39.4018 Le=0.2091 Lc=1.4543 Ld=3.9472 lr=8.175e-06 peak_mem=25.49GiB
epoch=4 step=9500/29520 loss=47.3279 Le=0.2739 Lc=1.5978 Ld=3.9562 lr=8.167e-06 peak_mem=25.49GiB
epoch=4 step=9520/29520 loss=48.7747 Le=0.2868 Lc=1.6073 Ld=4.0255 lr=8.159e-06 peak_mem=25.49GiB
epoch=4 step=9540/29520 loss=28.2577 Le=0.0931 Lc=1.4917 Ld=4.0273 lr=8.151e-06 peak_mem=25.49GiB
epoch=4 step=9560/29520 loss=35.6651 Le=0.1817 Lc=1.3289 Ld=4.2032 lr=8.143e-06 peak_mem=25.49GiB
epoch=4 step=9580/29520 loss=30.1218 Le=0.1260 Lc=1.3500 Ld=4.0183 lr=8.135e-06 peak_mem=25.49GiB
epoch=4 step=9600/29520 loss=34.2690 Le=0.1598 Lc=1.4340 Ld=3.9494 lr=8.127e-06 peak_mem=25.49GiB
epoch=4 step=9620/29520 loss=48.3949 Le=0.2936 Lc=1.5176 Ld=3.8582 lr=8.119e-06 peak_mem=25.49GiB
epoch=4 step=9640/29520 loss=42.9704 Le=0.2336 Lc=1.5696 Ld=3.9170 lr=8.111e-06 peak_mem=25.49GiB
epoch=4 step=9660/29520 loss=30.9010 Le=0.1288 Lc=1.3991 Ld=4.0321 lr=8.103e-06 peak_mem=25.49GiB
epoch=4 step=9680/29520 loss=36.6818 Le=0.1850 Lc=1.4157 Ld=4.0219 lr=8.095e-06 peak_mem=25.49GiB
epoch=4 step=9700/29520 loss=40.7507 Le=0.2179 Lc=1.4923 Ld=4.0408 lr=8.087e-06 peak_mem=25.49GiB
epoch=4 step=9720/29520 loss=40.3025 Le=0.2372 Lc=1.2747 Ld=3.8368 lr=8.079e-06 peak_mem=25.49GiB
epoch=4 step=9740/29520 loss=53.6601 Le=0.3522 Lc=1.4444 Ld=4.0000 lr=8.071e-06 peak_mem=25.49GiB
epoch=4 step=9760/29520 loss=34.8267 Le=0.1656 Lc=1.4300 Ld=3.9713 lr=8.063e-06 peak_mem=25.49GiB
epoch=4 step=9780/29520 loss=30.2995 Le=0.1173 Lc=1.4881 Ld=3.6898 lr=8.054e-06 peak_mem=25.49GiB
epoch=4 step=9800/29520 loss=34.8458 Le=0.1640 Lc=1.4503 Ld=3.9394 lr=8.046e-06 peak_mem=25.49GiB
epoch=4 step=9820/29520 loss=43.8536 Le=0.2486 Lc=1.4838 Ld=4.1503 lr=8.038e-06 peak_mem=25.49GiB
epoch=4 step=9840/29520 loss=36.2588 Le=0.1801 Lc=1.4251 Ld=4.0018 lr=8.030e-06 peak_mem=25.49GiB
epoch=4 step=9860/29520 loss=35.1243 Le=0.1630 Lc=1.4799 Ld=4.0303 lr=8.022e-06 peak_mem=25.49GiB
epoch=4 step=9880/29520 loss=26.2934 Le=0.0823 Lc=1.4036 Ld=4.0268 lr=8.013e-06 peak_mem=25.49GiB
epoch=4 step=9900/29520 loss=42.9704 Le=0.2470 Lc=1.4148 Ld=4.1226 lr=8.005e-06 peak_mem=25.49GiB
epoch=4 step=9920/29520 loss=25.0625 Le=0.0718 Lc=1.3949 Ld=3.9294 lr=7.997e-06 peak_mem=25.49GiB
epoch=4 step=9940/29520 loss=46.9377 Le=0.2732 Lc=1.5583 Ld=4.0318 lr=7.989e-06 peak_mem=25.49GiB
epoch=4 step=9960/29520 loss=30.0632 Le=0.1128 Lc=1.4872 Ld=3.9121 lr=7.980e-06 peak_mem=25.49GiB
epoch=4 step=9980/29520 loss=34.1588 Le=0.1599 Lc=1.4079 Ld=4.0914 lr=7.972e-06 peak_mem=25.49GiB
epoch=4 step=10000/29520 loss=35.0920 Le=0.1545 Lc=1.5625 Ld=4.0214 lr=7.964e-06 peak_mem=25.49GiB
epoch=4 step=10020/29520 loss=42.1350 Le=0.2416 Lc=1.4269 Ld=3.7101 lr=7.956e-06 peak_mem=25.49GiB
epoch=4 step=10040/29520 loss=34.3878 Le=0.1583 Lc=1.4831 Ld=3.7311 lr=7.947e-06 peak_mem=25.49GiB
epoch=4 step=10060/29520 loss=38.2651 Le=0.2011 Lc=1.4196 Ld=3.9587 lr=7.939e-06 peak_mem=25.49GiB
epoch=4 step=10080/29520 loss=38.8610 Le=0.2079 Lc=1.4175 Ld=3.8987 lr=7.931e-06 peak_mem=25.49GiB
epoch=4 step=10100/29520 loss=38.4595 Le=0.1927 Lc=1.5027 Ld=4.1581 lr=7.922e-06 peak_mem=25.49GiB
epoch=4 step=10120/29520 loss=39.3207 Le=0.2125 Lc=1.4165 Ld=3.9069 lr=7.914e-06 peak_mem=25.49GiB
epoch=4 step=10140/29520 loss=38.7042 Le=0.2150 Lc=1.3587 Ld=3.6154 lr=7.906e-06 peak_mem=25.49GiB
epoch=4 step=10160/29520 loss=31.4816 Le=0.1345 Lc=1.4205 Ld=3.8242 lr=7.897e-06 peak_mem=25.49GiB
epoch=4 step=10180/29520 loss=40.8746 Le=0.2422 Lc=1.2829 Ld=3.8298 lr=7.889e-06 peak_mem=25.49GiB
epoch=4 step=10200/29520 loss=28.8383 Le=0.1108 Lc=1.3904 Ld=3.8509 lr=7.880e-06 peak_mem=25.49GiB
epoch=4 step=10220/29520 loss=31.4446 Le=0.1492 Lc=1.2714 Ld=3.8106 lr=7.872e-06 peak_mem=25.49GiB
epoch=4 step=10240/29520 loss=29.8365 Le=0.1292 Lc=1.2909 Ld=4.0056 lr=7.863e-06 peak_mem=25.49GiB
epoch=4 step=10260/29520 loss=52.0434 Le=0.3416 Lc=1.3706 Ld=4.1778 lr=7.855e-06 peak_mem=25.49GiB
epoch=4 step=10280/29520 loss=34.9921 Le=0.1677 Lc=1.4392 Ld=3.8259 lr=7.847e-06 peak_mem=25.49GiB
epoch=4 step=10300/29520 loss=35.1436 Le=0.1646 Lc=1.4760 Ld=3.9241 lr=7.838e-06 peak_mem=25.49GiB
epoch=4 step=10320/29520 loss=30.7366 Le=0.1083 Lc=1.5822 Ld=4.0871 lr=7.830e-06 peak_mem=25.49GiB
epoch=4 step=10340/29520 loss=37.0075 Le=0.1899 Lc=1.4159 Ld=3.8546 lr=7.821e-06 peak_mem=25.49GiB
epoch=4 step=10360/29520 loss=30.3862 Le=0.1310 Lc=1.3359 Ld=3.9227 lr=7.813e-06 peak_mem=25.49GiB
epoch=4 step=10380/29520 loss=45.2672 Le=0.2746 Lc=1.4138 Ld=3.6697 lr=7.804e-06 peak_mem=25.49GiB
epoch=4 step=10400/29520 loss=38.1023 Le=0.2074 Lc=1.3820 Ld=3.5463 lr=7.796e-06 peak_mem=25.49GiB
epoch=4 step=10420/29520 loss=50.9832 Le=0.3220 Lc=1.4988 Ld=3.7974 lr=7.787e-06 peak_mem=25.49GiB
epoch=4 step=10440/29520 loss=33.3952 Le=0.1490 Lc=1.4727 Ld=3.7736 lr=7.779e-06 peak_mem=25.49GiB
epoch=4 step=10460/29520 loss=33.7758 Le=0.1585 Lc=1.3776 Ld=4.1502 lr=7.770e-06 peak_mem=25.49GiB
epoch=4 step=10480/29520 loss=33.0978 Le=0.1497 Lc=1.4127 Ld=4.0048 lr=7.761e-06 peak_mem=25.49GiB
epoch=4 step=10500/29520 loss=36.4483 Le=0.1901 Lc=1.3515 Ld=3.9198 lr=7.753e-06 peak_mem=25.49GiB
epoch=4 step=10520/29520 loss=33.6704 Le=0.1642 Lc=1.3422 Ld=3.8264 lr=7.744e-06 peak_mem=25.49GiB
epoch=4 step=10540/29520 loss=32.7148 Le=0.1467 Lc=1.3874 Ld=4.1742 lr=7.736e-06 peak_mem=25.49GiB
epoch=4 step=10560/29520 loss=35.9027 Le=0.1741 Lc=1.4380 Ld=4.1092 lr=7.727e-06 peak_mem=25.49GiB
epoch=4 step=10580/29520 loss=29.8646 Le=0.1277 Lc=1.3159 Ld=3.9346 lr=7.718e-06 peak_mem=25.49GiB
epoch=4 step=10600/29520 loss=32.2534 Le=0.1442 Lc=1.3769 Ld=4.0628 lr=7.710e-06 peak_mem=25.49GiB
epoch=4 step=10620/29520 loss=31.3787 Le=0.1381 Lc=1.3939 Ld=3.6319 lr=7.701e-06 peak_mem=25.49GiB
epoch=4 step=10640/29520 loss=22.2165 Le=0.0419 Lc=1.4257 Ld=3.7720 lr=7.693e-06 peak_mem=25.49GiB
epoch=4 step=10660/29520 loss=33.6633 Le=0.1588 Lc=1.3851 Ld=3.9323 lr=7.684e-06 peak_mem=25.49GiB
epoch=4 step=10680/29520 loss=34.4111 Le=0.1565 Lc=1.4543 Ld=4.2135 lr=7.675e-06 peak_mem=25.49GiB
epoch=4 step=10700/29520 loss=35.6915 Le=0.1875 Lc=1.2882 Ld=4.0567 lr=7.667e-06 peak_mem=25.49GiB
epoch=4 step=10720/29520 loss=28.4701 Le=0.1206 Lc=1.2606 Ld=3.8009 lr=7.658e-06 peak_mem=25.49GiB
epoch=4 step=10740/29520 loss=36.4602 Le=0.1917 Lc=1.3504 Ld=3.7821 lr=7.649e-06 peak_mem=25.49GiB
epoch=4 step=10760/29520 loss=30.5208 Le=0.1274 Lc=1.3807 Ld=3.9730 lr=7.640e-06 peak_mem=25.49GiB
epoch=4 step=10780/29520 loss=34.8033 Le=0.1720 Lc=1.3604 Ld=4.0015 lr=7.632e-06 peak_mem=25.49GiB
epoch=4 step=10800/29520 loss=54.8621 Le=0.3671 Lc=1.4493 Ld=3.6623 lr=7.623e-06 peak_mem=25.49GiB
epoch=4 step=10820/29520 loss=35.5609 Le=0.1738 Lc=1.4365 Ld=3.8113 lr=7.614e-06 peak_mem=25.49GiB
epoch=4 step=10840/29520 loss=31.5927 Le=0.1337 Lc=1.4315 Ld=3.9039 lr=7.605e-06 peak_mem=25.49GiB
epoch=4 step=10860/29520 loss=31.2519 Le=0.1324 Lc=1.4092 Ld=3.9178 lr=7.597e-06 peak_mem=25.49GiB
epoch=4 step=10880/29520 loss=49.5079 Le=0.3124 Lc=1.4625 Ld=3.6483 lr=7.588e-06 peak_mem=25.49GiB
epoch=4 step=10900/29520 loss=41.5785 Le=0.2290 Lc=1.4844 Ld=3.8340 lr=7.579e-06 peak_mem=25.49GiB
epoch=4 step=10920/29520 loss=36.7450 Le=0.2001 Lc=1.2950 Ld=3.7840 lr=7.570e-06 peak_mem=25.49GiB
epoch=4 step=10940/29520 loss=43.7619 Le=0.2540 Lc=1.4292 Ld=4.0712 lr=7.561e-06 peak_mem=25.49GiB
epoch=4 step=10960/29520 loss=34.2024 Le=0.1764 Lc=1.2992 Ld=3.5725 lr=7.553e-06 peak_mem=25.49GiB
epoch=4 step=10980/29520 loss=34.7619 Le=0.1675 Lc=1.4277 Ld=3.7326 lr=7.544e-06 peak_mem=25.49GiB
epoch=4 step=11000/29520 loss=30.4351 Le=0.1319 Lc=1.3279 Ld=3.9654 lr=7.535e-06 peak_mem=25.49GiB
epoch=4 step=11020/29520 loss=48.7602 Le=0.3078 Lc=1.4226 Ld=3.7587 lr=7.526e-06 peak_mem=25.49GiB
epoch=4 step=11040/29520 loss=43.8785 Le=0.2578 Lc=1.4353 Ld=3.7407 lr=7.517e-06 peak_mem=25.49GiB
epoch=4 step=11060/29520 loss=33.7865 Le=0.1685 Lc=1.3100 Ld=3.8384 lr=7.508e-06 peak_mem=25.49GiB
epoch=4 step=11080/29520 loss=32.9407 Le=0.1534 Lc=1.3742 Ld=3.8626 lr=7.500e-06 peak_mem=25.49GiB
epoch=4 step=11100/29520 loss=33.2931 Le=0.1584 Lc=1.3543 Ld=3.9087 lr=7.491e-06 peak_mem=25.49GiB
epoch=4 step=11120/29520 loss=31.3980 Le=0.1232 Lc=1.5131 Ld=3.9510 lr=7.482e-06 peak_mem=25.49GiB
epoch=4 step=11140/29520 loss=28.6848 Le=0.0841 Lc=1.6423 Ld=3.8503 lr=7.473e-06 peak_mem=25.49GiB
epoch=4 step=11160/29520 loss=43.8536 Le=0.2619 Lc=1.3883 Ld=3.7839 lr=7.464e-06 peak_mem=25.49GiB
epoch=4 step=11180/29520 loss=45.0127 Le=0.2634 Lc=1.4897 Ld=3.7736 lr=7.455e-06 peak_mem=25.49GiB
epoch=4 step=11200/29520 loss=38.8267 Le=0.2069 Lc=1.4201 Ld=3.9390 lr=7.446e-06 peak_mem=25.49GiB
epoch=4 step=11220/29520 loss=37.9919 Le=0.2071 Lc=1.3463 Ld=3.8188 lr=7.437e-06 peak_mem=25.49GiB
epoch=4 step=11240/29520 loss=41.6139 Le=0.2327 Lc=1.4398 Ld=3.9418 lr=7.428e-06 peak_mem=25.49GiB
epoch=4 step=11260/29520 loss=40.2472 Le=0.2170 Lc=1.4590 Ld=3.9596 lr=7.419e-06 peak_mem=25.49GiB
epoch=4 step=11280/29520 loss=39.3096 Le=0.2167 Lc=1.3974 Ld=3.6695 lr=7.410e-06 peak_mem=25.49GiB
epoch=4 step=11300/29520 loss=37.6784 Le=0.1919 Lc=1.4830 Ld=3.6589 lr=7.401e-06 peak_mem=25.49GiB
epoch=4 step=11320/29520 loss=31.4834 Le=0.1446 Lc=1.3087 Ld=3.9407 lr=7.392e-06 peak_mem=25.49GiB
epoch=4 step=11340/29520 loss=37.9974 Le=0.1922 Lc=1.4916 Ld=3.8607 lr=7.383e-06 peak_mem=25.49GiB
epoch=4 step=11360/29520 loss=26.8425 Le=0.0965 Lc=1.3359 Ld=3.8366 lr=7.374e-06 peak_mem=25.49GiB
epoch=4 step=11380/29520 loss=32.3427 Le=0.1484 Lc=1.3621 Ld=3.8862 lr=7.365e-06 peak_mem=25.49GiB
epoch=4 step=11400/29520 loss=32.7069 Le=0.1632 Lc=1.2598 Ld=3.7901 lr=7.356e-06 peak_mem=25.49GiB
epoch=4 step=11420/29520 loss=31.0021 Le=0.1344 Lc=1.3749 Ld=3.8091 lr=7.347e-06 peak_mem=25.49GiB
epoch=4 step=11440/29520 loss=30.6753 Le=0.1345 Lc=1.3393 Ld=3.8330 lr=7.338e-06 peak_mem=25.49GiB
epoch=4 step=11460/29520 loss=23.6173 Le=0.0685 Lc=1.3105 Ld=3.6654 lr=7.329e-06 peak_mem=25.49GiB
epoch=4 step=11480/29520 loss=25.6181 Le=0.0886 Lc=1.3091 Ld=3.6651 lr=7.320e-06 peak_mem=25.49GiB
epoch=4 step=11500/29520 loss=32.3343 Le=0.1538 Lc=1.3376 Ld=3.5812 lr=7.311e-06 peak_mem=25.49GiB
epoch=4 step=11520/29520 loss=34.4202 Le=0.1644 Lc=1.4317 Ld=3.6630 lr=7.302e-06 peak_mem=25.49GiB
epoch=4 step=11540/29520 loss=32.1249 Le=0.1517 Lc=1.3248 Ld=3.7079 lr=7.293e-06 peak_mem=25.49GiB
epoch=4 step=11560/29520 loss=37.4953 Le=0.1915 Lc=1.4521 Ld=3.8236 lr=7.284e-06 peak_mem=25.49GiB
epoch=4 step=11580/29520 loss=39.2044 Le=0.1991 Lc=1.5416 Ld=3.8788 lr=7.275e-06 peak_mem=25.49GiB
epoch=4 step=11600/29520 loss=42.7011 Le=0.2343 Lc=1.5425 Ld=3.8469 lr=7.265e-06 peak_mem=25.49GiB
epoch=4 step=11620/29520 loss=36.9817 Le=0.1959 Lc=1.3854 Ld=3.5378 lr=7.256e-06 peak_mem=25.49GiB
epoch=4 step=11640/29520 loss=36.4337 Le=0.1836 Lc=1.4310 Ld=3.7623 lr=7.247e-06 peak_mem=25.49GiB
epoch=4 step=11660/29520 loss=33.4252 Le=0.1482 Lc=1.4715 Ld=3.8897 lr=7.238e-06 peak_mem=25.49GiB
epoch=4 step=11680/29520 loss=33.0321 Le=0.1594 Lc=1.3423 Ld=3.6653 lr=7.229e-06 peak_mem=25.49GiB
epoch=4 step=11700/29520 loss=26.8079 Le=0.0899 Lc=1.4215 Ld=3.6062 lr=7.220e-06 peak_mem=25.49GiB
epoch=4 step=11720/29520 loss=33.8543 Le=0.1591 Lc=1.4119 Ld=3.8290 lr=7.211e-06 peak_mem=25.49GiB
epoch=4 step=11740/29520 loss=31.7512 Le=0.1376 Lc=1.4167 Ld=3.8214 lr=7.201e-06 peak_mem=25.49GiB
epoch=4 step=11760/29520 loss=39.0888 Le=0.2231 Lc=1.3148 Ld=3.6281 lr=7.192e-06 peak_mem=25.49GiB
epoch=4 step=11780/29520 loss=38.1903 Le=0.1987 Lc=1.4708 Ld=3.6094 lr=7.183e-06 peak_mem=25.49GiB
epoch=4 step=11800/29520 loss=37.9458 Le=0.1929 Lc=1.4789 Ld=3.8648 lr=7.174e-06 peak_mem=25.49GiB
epoch=4 checkpoints saved
epoch=5 step=11820/29520 loss=23.4398 Le=0.0648 Lc=1.3300 Ld=3.6605 lr=7.165e-06 peak_mem=25.49GiB
epoch=5 step=11840/29520 loss=34.7882 Le=0.1719 Lc=1.3735 Ld=3.8605 lr=7.155e-06 peak_mem=25.49GiB
epoch=5 step=11860/29520 loss=31.7369 Le=0.1415 Lc=1.3637 Ld=3.9538 lr=7.146e-06 peak_mem=25.49GiB
epoch=5 step=11880/29520 loss=36.3011 Le=0.1913 Lc=1.3390 Ld=3.7770 lr=7.137e-06 peak_mem=25.49GiB
epoch=5 step=11900/29520 loss=32.3144 Le=0.1446 Lc=1.3953 Ld=3.8968 lr=7.128e-06 peak_mem=25.49GiB
epoch=5 step=11920/29520 loss=26.0466 Le=0.0915 Lc=1.2898 Ld=4.0018 lr=7.119e-06 peak_mem=25.49GiB
epoch=5 step=11940/29520 loss=27.8799 Le=0.1142 Lc=1.2754 Ld=3.7042 lr=7.109e-06 peak_mem=25.49GiB
epoch=5 step=11960/29520 loss=31.1827 Le=0.1207 Lc=1.5065 Ld=4.0496 lr=7.100e-06 peak_mem=25.49GiB
epoch=5 step=11980/29520 loss=42.7121 Le=0.2581 Lc=1.3189 Ld=3.7160 lr=7.091e-06 peak_mem=25.49GiB
epoch=5 step=12000/29520 loss=24.6471 Le=0.0666 Lc=1.4091 Ld=3.8930 lr=7.081e-06 peak_mem=25.49GiB
epoch=5 step=12020/29520 loss=36.5902 Le=0.1826 Lc=1.4530 Ld=3.7983 lr=7.072e-06 peak_mem=25.49GiB
epoch=5 step=12040/29520 loss=38.6316 Le=0.2077 Lc=1.4219 Ld=3.6472 lr=7.063e-06 peak_mem=25.49GiB
epoch=5 step=12060/29520 loss=25.0369 Le=0.0678 Lc=1.4481 Ld=3.7742 lr=7.054e-06 peak_mem=25.49GiB
epoch=5 step=12080/29520 loss=34.8195 Le=0.1724 Lc=1.3748 Ld=3.8274 lr=7.044e-06 peak_mem=25.49GiB
epoch=5 step=12100/29520 loss=30.8057 Le=0.1389 Lc=1.3053 Ld=3.8661 lr=7.035e-06 peak_mem=25.49GiB
epoch=5 step=12120/29520 loss=40.4624 Le=0.2240 Lc=1.4358 Ld=3.7011 lr=7.026e-06 peak_mem=25.49GiB
epoch=5 step=12140/29520 loss=29.7764 Le=0.1240 Lc=1.3910 Ld=3.4662 lr=7.016e-06 peak_mem=25.49GiB
epoch=5 step=12160/29520 loss=30.9973 Le=0.1378 Lc=1.3528 Ld=3.6865 lr=7.007e-06 peak_mem=25.49GiB
epoch=5 step=12180/29520 loss=31.9441 Le=0.1508 Lc=1.3287 Ld=3.5774 lr=6.998e-06 peak_mem=25.49GiB
epoch=5 step=12200/29520 loss=44.2391 Le=0.2690 Lc=1.3559 Ld=3.7778 lr=6.988e-06 peak_mem=25.49GiB
epoch=5 step=12220/29520 loss=34.2033 Le=0.1672 Lc=1.3471 Ld=4.0149 lr=6.979e-06 peak_mem=25.49GiB
epoch=5 step=12240/29520 loss=40.5144 Le=0.2284 Lc=1.4023 Ld=3.6487 lr=6.970e-06 peak_mem=25.49GiB
epoch=5 step=12260/29520 loss=32.3583 Le=0.1412 Lc=1.4561 Ld=3.6736 lr=6.960e-06 peak_mem=25.49GiB
epoch=5 step=12280/29520 loss=25.6915 Le=0.0789 Lc=1.4012 Ld=3.7882 lr=6.951e-06 peak_mem=25.49GiB
epoch=5 step=12300/29520 loss=38.5936 Le=0.2157 Lc=1.3586 Ld=3.4422 lr=6.941e-06 peak_mem=25.49GiB
epoch=5 step=12320/29520 loss=32.1463 Le=0.1562 Lc=1.2846 Ld=3.6793 lr=6.932e-06 peak_mem=25.49GiB
epoch=5 step=12340/29520 loss=39.1891 Le=0.2024 Lc=1.5237 Ld=3.7156 lr=6.923e-06 peak_mem=25.49GiB
epoch=5 step=12360/29520 loss=30.4713 Le=0.1293 Lc=1.3858 Ld=3.6789 lr=6.913e-06 peak_mem=25.49GiB
epoch=5 step=12380/29520 loss=28.3355 Le=0.1013 Lc=1.4432 Ld=3.7764 lr=6.904e-06 peak_mem=25.49GiB
epoch=5 step=12400/29520 loss=39.3050 Le=0.2111 Lc=1.4262 Ld=3.9383 lr=6.894e-06 peak_mem=25.49GiB
epoch=5 step=12420/29520 loss=20.3756 Le=0.0466 Lc=1.1829 Ld=3.8834 lr=6.885e-06 peak_mem=25.49GiB
epoch=5 step=12440/29520 loss=30.0120 Le=0.1254 Lc=1.3830 Ld=3.6428 lr=6.875e-06 peak_mem=25.49GiB
epoch=5 step=12460/29520 loss=26.3600 Le=0.0889 Lc=1.3795 Ld=3.6782 lr=6.866e-06 peak_mem=25.49GiB
epoch=5 step=12480/29520 loss=26.5285 Le=0.0901 Lc=1.3932 Ld=3.5915 lr=6.857e-06 peak_mem=25.49GiB
epoch=5 step=12500/29520 loss=30.5418 Le=0.1139 Lc=1.5486 Ld=3.6684 lr=6.847e-06 peak_mem=25.49GiB
epoch=5 step=12520/29520 loss=23.4579 Le=0.0690 Lc=1.2951 Ld=3.6067 lr=6.838e-06 peak_mem=25.49GiB
epoch=5 step=12540/29520 loss=29.5033 Le=0.1209 Lc=1.3471 Ld=3.9443 lr=6.828e-06 peak_mem=25.49GiB
epoch=5 step=12560/29520 loss=36.4509 Le=0.1869 Lc=1.4081 Ld=3.6793 lr=6.819e-06 peak_mem=25.49GiB
epoch=5 step=12580/29520 loss=29.4354 Le=0.1190 Lc=1.3819 Ld=3.7172 lr=6.809e-06 peak_mem=25.49GiB
epoch=5 step=12600/29520 loss=37.2151 Le=0.1919 Lc=1.4246 Ld=3.7813 lr=6.800e-06 peak_mem=25.49GiB
epoch=5 step=12620/29520 loss=24.9183 Le=0.0881 Lc=1.2356 Ld=3.7524 lr=6.790e-06 peak_mem=25.49GiB
epoch=5 step=12640/29520 loss=39.1204 Le=0.2140 Lc=1.3890 Ld=3.8318 lr=6.781e-06 peak_mem=25.49GiB
epoch=5 step=12660/29520 loss=43.3920 Le=0.2505 Lc=1.4364 Ld=3.9823 lr=6.771e-06 peak_mem=25.49GiB
epoch=5 step=12680/29520 loss=20.0743 Le=0.0347 Lc=1.2674 Ld=3.9270 lr=6.762e-06 peak_mem=25.49GiB
epoch=5 step=12700/29520 loss=33.0708 Le=0.1427 Lc=1.5187 Ld=3.6112 lr=6.752e-06 peak_mem=25.49GiB
epoch=5 step=12720/29520 loss=36.6551 Le=0.1824 Lc=1.4765 Ld=3.6477 lr=6.743e-06 peak_mem=25.49GiB
epoch=5 step=12740/29520 loss=34.9717 Le=0.1812 Lc=1.3477 Ld=3.3741 lr=6.733e-06 peak_mem=25.49GiB
epoch=5 step=12760/29520 loss=30.4192 Le=0.1441 Lc=1.2188 Ld=3.8202 lr=6.724e-06 peak_mem=25.49GiB
epoch=5 step=12780/29520 loss=34.7366 Le=0.1640 Lc=1.4613 Ld=3.7220 lr=6.714e-06 peak_mem=25.49GiB
epoch=5 step=12800/29520 loss=35.7637 Le=0.1872 Lc=1.3115 Ld=3.9256 lr=6.705e-06 peak_mem=25.49GiB
epoch=5 step=12820/29520 loss=37.6702 Le=0.2068 Lc=1.3290 Ld=3.7038 lr=6.695e-06 peak_mem=25.49GiB
epoch=5 step=12840/29520 loss=41.4178 Le=0.2353 Lc=1.3865 Ld=4.0216 lr=6.685e-06 peak_mem=25.49GiB
epoch=5 step=12860/29520 loss=32.1093 Le=0.1528 Lc=1.3099 Ld=3.7315 lr=6.676e-06 peak_mem=25.49GiB
epoch=5 step=12880/29520 loss=38.2741 Le=0.1992 Lc=1.4610 Ld=3.7472 lr=6.666e-06 peak_mem=25.49GiB
epoch=5 step=12900/29520 loss=20.9827 Le=0.0418 Lc=1.3275 Ld=3.5250 lr=6.657e-06 peak_mem=25.49GiB
epoch=5 step=12920/29520 loss=32.1159 Le=0.1366 Lc=1.4723 Ld=3.7317 lr=6.647e-06 peak_mem=25.49GiB
epoch=5 step=12940/29520 loss=32.3301 Le=0.1401 Lc=1.4537 Ld=3.7786 lr=6.638e-06 peak_mem=25.49GiB
epoch=5 step=12960/29520 loss=39.5425 Le=0.2321 Lc=1.2659 Ld=3.6708 lr=6.628e-06 peak_mem=25.49GiB
epoch=5 step=12980/29520 loss=36.1699 Le=0.1900 Lc=1.3609 Ld=3.5649 lr=6.618e-06 peak_mem=25.49GiB
epoch=5 step=13000/29520 loss=29.2347 Le=0.1217 Lc=1.3356 Ld=3.7128 lr=6.609e-06 peak_mem=25.49GiB
epoch=5 step=13020/29520 loss=38.8363 Le=0.2026 Lc=1.4963 Ld=3.6135 lr=6.599e-06 peak_mem=25.49GiB
epoch=5 step=13040/29520 loss=39.6282 Le=0.2244 Lc=1.3351 Ld=3.8333 lr=6.590e-06 peak_mem=25.49GiB
epoch=5 step=13060/29520 loss=29.2555 Le=0.1186 Lc=1.3470 Ld=3.9239 lr=6.580e-06 peak_mem=25.49GiB
epoch=5 step=13080/29520 loss=41.9324 Le=0.2535 Lc=1.3093 Ld=3.4884 lr=6.570e-06 peak_mem=25.49GiB
epoch=5 step=13100/29520 loss=31.7085 Le=0.1493 Lc=1.2915 Ld=3.8623 lr=6.561e-06 peak_mem=25.49GiB
epoch=5 step=13120/29520 loss=36.0761 Le=0.1839 Lc=1.3923 Ld=3.7677 lr=6.551e-06 peak_mem=25.49GiB
epoch=5 step=13140/29520 loss=27.1296 Le=0.1024 Lc=1.3332 Ld=3.5573 lr=6.541e-06 peak_mem=25.49GiB
epoch=5 step=13160/29520 loss=30.4537 Le=0.1423 Lc=1.2578 Ld=3.6468 lr=6.532e-06 peak_mem=25.49GiB
epoch=5 step=13180/29520 loss=33.1957 Le=0.1514 Lc=1.4412 Ld=3.6470 lr=6.522e-06 peak_mem=25.49GiB
epoch=5 step=13200/29520 loss=32.2170 Le=0.1457 Lc=1.3816 Ld=3.8308 lr=6.512e-06 peak_mem=25.49GiB
epoch=5 step=13220/29520 loss=21.8268 Le=0.0485 Lc=1.3076 Ld=3.9014 lr=6.503e-06 peak_mem=25.49GiB
epoch=5 step=13240/29520 loss=39.0034 Le=0.2037 Lc=1.4825 Ld=3.8116 lr=6.493e-06 peak_mem=25.49GiB
epoch=5 step=13260/29520 loss=30.4172 Le=0.1161 Lc=1.5053 Ld=3.7516 lr=6.483e-06 peak_mem=25.49GiB
epoch=5 step=13280/29520 loss=30.8592 Le=0.1332 Lc=1.3840 Ld=3.6997 lr=6.474e-06 peak_mem=25.49GiB
epoch=5 step=13300/29520 loss=27.1594 Le=0.0922 Lc=1.4293 Ld=3.6460 lr=6.464e-06 peak_mem=25.49GiB
epoch=5 step=13320/29520 loss=35.7657 Le=0.1799 Lc=1.4095 Ld=3.6822 lr=6.454e-06 peak_mem=25.49GiB
epoch=5 step=13340/29520 loss=30.5745 Le=0.1409 Lc=1.2929 Ld=3.5583 lr=6.445e-06 peak_mem=25.49GiB
epoch=5 step=13360/29520 loss=41.8681 Le=0.2545 Lc=1.2903 Ld=3.5110 lr=6.435e-06 peak_mem=25.49GiB
epoch=5 step=13380/29520 loss=31.0634 Le=0.1419 Lc=1.3186 Ld=3.6905 lr=6.425e-06 peak_mem=25.49GiB
epoch=5 step=13400/29520 loss=35.1227 Le=0.1836 Lc=1.2838 Ld=3.9229 lr=6.416e-06 peak_mem=25.49GiB
epoch=5 step=13420/29520 loss=26.4437 Le=0.0832 Lc=1.4503 Ld=3.6207 lr=6.406e-06 peak_mem=25.49GiB
epoch=5 step=13440/29520 loss=31.8120 Le=0.1550 Lc=1.2728 Ld=3.5789 lr=6.396e-06 peak_mem=25.49GiB
epoch=5 step=13460/29520 loss=44.1531 Le=0.2634 Lc=1.4518 Ld=3.2981 lr=6.386e-06 peak_mem=25.49GiB
epoch=5 step=13480/29520 loss=32.5539 Le=0.1471 Lc=1.4071 Ld=3.7709 lr=6.377e-06 peak_mem=25.49GiB
epoch=5 step=13500/29520 loss=32.4461 Le=0.1740 Lc=1.1423 Ld=3.6280 lr=6.367e-06 peak_mem=25.49GiB
epoch=5 step=13520/29520 loss=29.0543 Le=0.1203 Lc=1.3494 Ld=3.5350 lr=6.357e-06 peak_mem=25.49GiB
epoch=5 step=13540/29520 loss=40.9798 Le=0.2345 Lc=1.3865 Ld=3.6683 lr=6.348e-06 peak_mem=25.49GiB
epoch=5 step=13560/29520 loss=34.5605 Le=0.1875 Lc=1.2004 Ld=3.8037 lr=6.338e-06 peak_mem=25.49GiB
epoch=5 step=13580/29520 loss=39.3799 Le=0.2220 Lc=1.3569 Ld=3.6059 lr=6.328e-06 peak_mem=25.49GiB
epoch=5 step=13600/29520 loss=40.6573 Le=0.2365 Lc=1.3265 Ld=3.7417 lr=6.318e-06 peak_mem=25.49GiB
epoch=5 step=13620/29520 loss=36.1339 Le=0.1902 Lc=1.3491 Ld=3.6188 lr=6.309e-06 peak_mem=25.49GiB
epoch=5 step=13640/29520 loss=27.9329 Le=0.0976 Lc=1.4477 Ld=3.6919 lr=6.299e-06 peak_mem=25.49GiB
epoch=5 step=13660/29520 loss=31.7478 Le=0.1470 Lc=1.3441 Ld=3.6046 lr=6.289e-06 peak_mem=25.49GiB
epoch=5 step=13680/29520 loss=32.5038 Le=0.1566 Lc=1.3247 Ld=3.6002 lr=6.279e-06 peak_mem=25.49GiB
epoch=5 step=13700/29520 loss=27.8931 Le=0.1043 Lc=1.3820 Ld=3.6450 lr=6.269e-06 peak_mem=25.49GiB
epoch=5 step=13720/29520 loss=38.4198 Le=0.1986 Lc=1.5216 Ld=3.3424 lr=6.260e-06 peak_mem=25.49GiB
epoch=5 step=13740/29520 loss=27.0577 Le=0.1036 Lc=1.3072 Ld=3.6297 lr=6.250e-06 peak_mem=25.49GiB
epoch=5 step=13760/29520 loss=25.6245 Le=0.0753 Lc=1.4373 Ld=3.7234 lr=6.240e-06 peak_mem=25.49GiB
epoch=5 step=13780/29520 loss=39.2622 Le=0.2147 Lc=1.3995 Ld=3.7935 lr=6.230e-06 peak_mem=25.49GiB
epoch=5 step=13800/29520 loss=43.0999 Le=0.2628 Lc=1.3063 Ld=3.7573 lr=6.221e-06 peak_mem=25.49GiB
epoch=5 step=13820/29520 loss=23.7898 Le=0.0686 Lc=1.3043 Ld=3.8905 lr=6.211e-06 peak_mem=25.49GiB
epoch=5 step=13840/29520 loss=34.7079 Le=0.1821 Lc=1.2869 Ld=3.6247 lr=6.201e-06 peak_mem=25.49GiB
epoch=5 step=13860/29520 loss=31.6521 Le=0.1517 Lc=1.2965 Ld=3.5221 lr=6.191e-06 peak_mem=25.49GiB
epoch=5 step=13880/29520 loss=30.3377 Le=0.1293 Lc=1.3712 Ld=3.6989 lr=6.181e-06 peak_mem=25.49GiB
epoch=5 step=13900/29520 loss=29.6652 Le=0.1265 Lc=1.3483 Ld=3.5286 lr=6.172e-06 peak_mem=25.49GiB
epoch=5 step=13920/29520 loss=48.2237 Le=0.3064 Lc=1.4142 Ld=3.4425 lr=6.162e-06 peak_mem=25.49GiB
epoch=5 step=13940/29520 loss=24.1182 Le=0.0796 Lc=1.2660 Ld=3.4975 lr=6.152e-06 peak_mem=25.49GiB
epoch=5 step=13960/29520 loss=32.4396 Le=0.1516 Lc=1.3751 Ld=3.5329 lr=6.142e-06 peak_mem=25.49GiB
epoch=5 step=13980/29520 loss=32.0314 Le=0.1520 Lc=1.3168 Ld=3.6682 lr=6.132e-06 peak_mem=25.49GiB
epoch=5 step=14000/29520 loss=31.2785 Le=0.1480 Lc=1.3036 Ld=3.4467 lr=6.123e-06 peak_mem=25.49GiB
epoch=5 step=14020/29520 loss=24.5344 Le=0.0830 Lc=1.2574 Ld=3.6588 lr=6.113e-06 peak_mem=25.49GiB
epoch=5 step=14040/29520 loss=36.1576 Le=0.2016 Lc=1.2503 Ld=3.4988 lr=6.103e-06 peak_mem=25.49GiB
epoch=5 step=14060/29520 loss=42.0544 Le=0.2585 Lc=1.2535 Ld=3.6663 lr=6.093e-06 peak_mem=25.49GiB
epoch=5 step=14080/29520 loss=31.9370 Le=0.1436 Lc=1.4178 Ld=3.3985 lr=6.083e-06 peak_mem=25.49GiB
epoch=5 step=14100/29520 loss=37.8827 Le=0.2124 Lc=1.2829 Ld=3.8155 lr=6.073e-06 peak_mem=25.49GiB
epoch=5 step=14120/29520 loss=33.5150 Le=0.1543 Lc=1.4449 Ld=3.6340 lr=6.064e-06 peak_mem=25.49GiB
epoch=5 step=14140/29520 loss=37.4922 Le=0.2121 Lc=1.2834 Ld=3.4487 lr=6.054e-06 peak_mem=25.49GiB
epoch=5 step=14160/29520 loss=30.6962 Le=0.1370 Lc=1.3558 Ld=3.4386 lr=6.044e-06 peak_mem=25.49GiB
epoch=5 step=14180/29520 loss=41.8521 Le=0.2531 Lc=1.2968 Ld=3.5704 lr=6.034e-06 peak_mem=25.49GiB
epoch=5 step=14200/29520 loss=27.3799 Le=0.1027 Lc=1.3210 Ld=3.9015 lr=6.024e-06 peak_mem=25.49GiB
epoch=5 step=14220/29520 loss=30.3910 Le=0.1333 Lc=1.3800 Ld=3.2621 lr=6.014e-06 peak_mem=25.49GiB
epoch=5 step=14240/29520 loss=28.5665 Le=0.1134 Lc=1.3456 Ld=3.7717 lr=6.005e-06 peak_mem=25.49GiB
epoch=5 step=14260/29520 loss=35.3955 Le=0.1830 Lc=1.3405 Ld=3.6946 lr=5.995e-06 peak_mem=25.49GiB
epoch=5 step=14280/29520 loss=32.9421 Le=0.1543 Lc=1.3861 Ld=3.6517 lr=5.985e-06 peak_mem=25.49GiB
epoch=5 step=14300/29520 loss=35.1497 Le=0.1771 Lc=1.3876 Ld=3.5593 lr=5.975e-06 peak_mem=25.49GiB
epoch=5 step=14320/29520 loss=46.9265 Le=0.2771 Lc=1.5369 Ld=3.8440 lr=5.965e-06 peak_mem=25.49GiB
epoch=5 step=14340/29520 loss=29.1189 Le=0.1243 Lc=1.2946 Ld=3.7435 lr=5.955e-06 peak_mem=25.49GiB
epoch=5 step=14360/29520 loss=23.8592 Le=0.0691 Lc=1.3406 Ld=3.5392 lr=5.945e-06 peak_mem=25.49GiB
epoch=5 step=14380/29520 loss=34.8575 Le=0.1740 Lc=1.3626 Ld=3.8303 lr=5.936e-06 peak_mem=25.49GiB
epoch=5 step=14400/29520 loss=32.4787 Le=0.1573 Lc=1.3197 Ld=3.5513 lr=5.926e-06 peak_mem=25.49GiB
epoch=5 step=14420/29520 loss=33.5958 Le=0.1707 Lc=1.2975 Ld=3.5503 lr=5.916e-06 peak_mem=25.49GiB
epoch=5 step=14440/29520 loss=33.8978 Le=0.1584 Lc=1.4472 Ld=3.5859 lr=5.906e-06 peak_mem=25.49GiB
epoch=5 step=14460/29520 loss=35.3838 Le=0.1913 Lc=1.2562 Ld=3.6952 lr=5.896e-06 peak_mem=25.49GiB
epoch=5 step=14480/29520 loss=25.9844 Le=0.0903 Lc=1.3235 Ld=3.7185 lr=5.886e-06 peak_mem=25.49GiB
epoch=5 step=14500/29520 loss=28.2772 Le=0.1172 Lc=1.3120 Ld=3.4395 lr=5.876e-06 peak_mem=25.49GiB
epoch=5 step=14520/29520 loss=30.1005 Le=0.1323 Lc=1.3242 Ld=3.6279 lr=5.866e-06 peak_mem=25.49GiB
epoch=5 step=14540/29520 loss=30.8953 Le=0.1382 Lc=1.3378 Ld=3.6936 lr=5.857e-06 peak_mem=25.49GiB
epoch=5 step=14560/29520 loss=22.9604 Le=0.0418 Lc=1.5159 Ld=3.6264 lr=5.847e-06 peak_mem=25.49GiB
epoch=5 step=14580/29520 loss=29.0303 Le=0.1248 Lc=1.2720 Ld=3.8318 lr=5.837e-06 peak_mem=25.49GiB
epoch=5 step=14600/29520 loss=23.2296 Le=0.0683 Lc=1.2524 Ld=3.8713 lr=5.827e-06 peak_mem=25.49GiB
epoch=5 step=14620/29520 loss=28.0047 Le=0.1034 Lc=1.4135 Ld=3.5287 lr=5.817e-06 peak_mem=25.49GiB
epoch=5 step=14640/29520 loss=31.8718 Le=0.1625 Lc=1.1952 Ld=3.6732 lr=5.807e-06 peak_mem=25.49GiB
epoch=5 step=14660/29520 loss=28.9013 Le=0.1312 Lc=1.2044 Ld=3.7388 lr=5.797e-06 peak_mem=25.49GiB
epoch=5 step=14680/29520 loss=31.2679 Le=0.1456 Lc=1.3310 Ld=3.4010 lr=5.787e-06 peak_mem=25.49GiB
epoch=5 step=14700/29520 loss=23.3165 Le=0.0614 Lc=1.3310 Ld=3.8701 lr=5.777e-06 peak_mem=25.49GiB
epoch=5 step=14720/29520 loss=33.4729 Le=0.1660 Lc=1.3060 Ld=3.8171 lr=5.768e-06 peak_mem=25.49GiB
epoch=5 step=14740/29520 loss=26.0800 Le=0.0989 Lc=1.2596 Ld=3.5901 lr=5.758e-06 peak_mem=25.49GiB
epoch=5 step=14760/29520 loss=24.6239 Le=0.0775 Lc=1.3379 Ld=3.4945 lr=5.748e-06 peak_mem=25.49GiB
epoch=5 checkpoints saved
epoch=6 step=14780/29520 loss=38.2081 Le=0.2130 Lc=1.3470 Ld=3.4381 lr=5.738e-06 peak_mem=25.49GiB
epoch=6 step=14800/29520 loss=33.1907 Le=0.1558 Lc=1.3740 Ld=3.8739 lr=5.728e-06 peak_mem=25.49GiB
epoch=6 step=14820/29520 loss=25.8002 Le=0.0827 Lc=1.3935 Ld=3.5931 lr=5.718e-06 peak_mem=25.49GiB
epoch=6 step=14840/29520 loss=41.1165 Le=0.2343 Lc=1.4003 Ld=3.6832 lr=5.708e-06 peak_mem=25.49GiB
epoch=6 step=14860/29520 loss=29.2868 Le=0.1224 Lc=1.3284 Ld=3.7623 lr=5.698e-06 peak_mem=25.49GiB
epoch=6 step=14880/29520 loss=29.3587 Le=0.1239 Lc=1.3432 Ld=3.5408 lr=5.688e-06 peak_mem=25.49GiB
epoch=6 step=14900/29520 loss=21.4263 Le=0.0365 Lc=1.4050 Ld=3.7223 lr=5.678e-06 peak_mem=25.49GiB
epoch=6 step=14920/29520 loss=23.9490 Le=0.0796 Lc=1.2635 Ld=3.3507 lr=5.668e-06 peak_mem=25.49GiB
epoch=6 step=14940/29520 loss=27.0634 Le=0.0966 Lc=1.3603 Ld=3.8039 lr=5.659e-06 peak_mem=25.49GiB
epoch=6 step=14960/29520 loss=38.6901 Le=0.2267 Lc=1.2597 Ld=3.4221 lr=5.649e-06 peak_mem=25.49GiB
epoch=6 step=14980/29520 loss=25.7828 Le=0.0877 Lc=1.3405 Ld=3.6065 lr=5.639e-06 peak_mem=25.49GiB
epoch=6 step=15000/29520 loss=36.7003 Le=0.1974 Lc=1.3189 Ld=3.7745 lr=5.629e-06 peak_mem=25.49GiB
epoch=6 step=15020/29520 loss=38.3454 Le=0.2171 Lc=1.3098 Ld=3.5407 lr=5.619e-06 peak_mem=25.49GiB
epoch=6 step=15040/29520 loss=21.5627 Le=0.0591 Lc=1.2193 Ld=3.4602 lr=5.609e-06 peak_mem=25.49GiB
epoch=6 step=15060/29520 loss=27.6461 Le=0.1042 Lc=1.3726 Ld=3.4963 lr=5.599e-06 peak_mem=25.49GiB
epoch=6 step=15080/29520 loss=28.3582 Le=0.1091 Lc=1.3689 Ld=3.7627 lr=5.589e-06 peak_mem=25.49GiB
epoch=6 step=15100/29520 loss=36.7037 Le=0.1986 Lc=1.3116 Ld=3.7320 lr=5.579e-06 peak_mem=25.49GiB
epoch=6 step=15120/29520 loss=32.2917 Le=0.1626 Lc=1.2289 Ld=3.7459 lr=5.569e-06 peak_mem=25.49GiB
epoch=6 step=15140/29520 loss=28.5273 Le=0.1023 Lc=1.4762 Ld=3.5327 lr=5.559e-06 peak_mem=25.49GiB
epoch=6 step=15160/29520 loss=30.2803 Le=0.1309 Lc=1.3564 Ld=3.6292 lr=5.550e-06 peak_mem=25.49GiB
epoch=6 step=15180/29520 loss=20.9647 Le=0.0467 Lc=1.2402 Ld=3.8883 lr=5.540e-06 peak_mem=25.49GiB
epoch=6 step=15200/29520 loss=27.8884 Le=0.1041 Lc=1.4017 Ld=3.4619 lr=5.530e-06 peak_mem=25.49GiB
epoch=6 step=15220/29520 loss=19.6712 Le=0.0289 Lc=1.3356 Ld=3.4297 lr=5.520e-06 peak_mem=25.49GiB
epoch=6 step=15240/29520 loss=30.8716 Le=0.1488 Lc=1.2450 Ld=3.5403 lr=5.510e-06 peak_mem=25.49GiB
epoch=6 step=15260/29520 loss=31.9653 Le=0.1485 Lc=1.3576 Ld=3.5392 lr=5.500e-06 peak_mem=25.49GiB
epoch=6 step=15280/29520 loss=28.2555 Le=0.1181 Lc=1.2594 Ld=3.8494 lr=5.490e-06 peak_mem=25.49GiB
epoch=6 step=15300/29520 loss=27.8598 Le=0.1070 Lc=1.3297 Ld=3.8650 lr=5.480e-06 peak_mem=25.49GiB
epoch=6 step=15320/29520 loss=32.3699 Le=0.1717 Lc=1.1770 Ld=3.4248 lr=5.470e-06 peak_mem=25.49GiB
epoch=6 step=15340/29520 loss=31.0534 Le=0.1465 Lc=1.2783 Ld=3.6254 lr=5.460e-06 peak_mem=25.49GiB
epoch=6 step=15360/29520 loss=23.4563 Le=0.0732 Lc=1.2764 Ld=3.3754 lr=5.450e-06 peak_mem=25.49GiB
epoch=6 step=15380/29520 loss=24.5757 Le=0.0843 Lc=1.2639 Ld=3.5114 lr=5.441e-06 peak_mem=25.49GiB
epoch=6 step=15400/29520 loss=27.3871 Le=0.1154 Lc=1.2334 Ld=3.5169 lr=5.431e-06 peak_mem=25.49GiB
epoch=6 step=15420/29520 loss=36.3411 Le=0.1910 Lc=1.3673 Ld=3.5662 lr=5.421e-06 peak_mem=25.49GiB
epoch=6 step=15440/29520 loss=26.8444 Le=0.0929 Lc=1.3901 Ld=3.6506 lr=5.411e-06 peak_mem=25.49GiB
epoch=6 step=15460/29520 loss=32.1156 Le=0.1497 Lc=1.3484 Ld=3.6604 lr=5.401e-06 peak_mem=25.49GiB
epoch=6 step=15480/29520 loss=25.7924 Le=0.0897 Lc=1.3022 Ld=3.7966 lr=5.391e-06 peak_mem=25.49GiB
epoch=6 step=15500/29520 loss=26.8050 Le=0.0970 Lc=1.3431 Ld=3.6758 lr=5.381e-06 peak_mem=25.49GiB
epoch=6 step=15520/29520 loss=36.0368 Le=0.1987 Lc=1.2402 Ld=3.7681 lr=5.371e-06 peak_mem=25.49GiB
epoch=6 step=15540/29520 loss=37.0142 Le=0.2070 Lc=1.2785 Ld=3.5336 lr=5.361e-06 peak_mem=25.49GiB
epoch=6 step=15560/29520 loss=22.5035 Le=0.0623 Lc=1.2967 Ld=3.3104 lr=5.351e-06 peak_mem=25.49GiB
epoch=6 step=15580/29520 loss=30.6873 Le=0.1494 Lc=1.2157 Ld=3.5893 lr=5.341e-06 peak_mem=25.49GiB
epoch=6 step=15600/29520 loss=22.9268 Le=0.0667 Lc=1.2807 Ld=3.4446 lr=5.332e-06 peak_mem=25.49GiB
epoch=6 step=15620/29520 loss=30.1318 Le=0.1247 Lc=1.4033 Ld=3.6298 lr=5.322e-06 peak_mem=25.49GiB
epoch=6 step=15640/29520 loss=41.9710 Le=0.2602 Lc=1.2336 Ld=3.6162 lr=5.312e-06 peak_mem=25.49GiB
epoch=6 step=15660/29520 loss=37.4106 Le=0.2040 Lc=1.3350 Ld=3.6583 lr=5.302e-06 peak_mem=25.49GiB
epoch=6 step=15680/29520 loss=26.9856 Le=0.1093 Lc=1.2574 Ld=3.4861 lr=5.292e-06 peak_mem=25.49GiB
epoch=6 step=15700/29520 loss=23.6732 Le=0.0710 Lc=1.2892 Ld=3.6856 lr=5.282e-06 peak_mem=25.49GiB
epoch=6 step=15720/29520 loss=25.4903 Le=0.0841 Lc=1.3430 Ld=3.6475 lr=5.272e-06 peak_mem=25.49GiB
epoch=6 step=15740/29520 loss=29.3144 Le=0.1299 Lc=1.2678 Ld=3.6434 lr=5.262e-06 peak_mem=25.49GiB
epoch=6 step=15760/29520 loss=33.8965 Le=0.1656 Lc=1.3719 Ld=3.6186 lr=5.252e-06 peak_mem=25.49GiB
epoch=6 step=15780/29520 loss=38.6175 Le=0.2263 Lc=1.2381 Ld=3.6033 lr=5.242e-06 peak_mem=25.49GiB
epoch=6 step=15800/29520 loss=34.5417 Le=0.1809 Lc=1.3054 Ld=3.3999 lr=5.232e-06 peak_mem=25.49GiB
epoch=6 step=15820/29520 loss=30.1302 Le=0.1395 Lc=1.2632 Ld=3.5510 lr=5.223e-06 peak_mem=25.49GiB
epoch=6 step=15840/29520 loss=24.3149 Le=0.0802 Lc=1.2583 Ld=3.7119 lr=5.213e-06 peak_mem=25.49GiB
epoch=6 step=15860/29520 loss=39.6642 Le=0.2256 Lc=1.3518 Ld=3.5866 lr=5.203e-06 peak_mem=25.49GiB
epoch=6 step=15880/29520 loss=27.0213 Le=0.1045 Lc=1.3137 Ld=3.4354 lr=5.193e-06 peak_mem=25.49GiB
epoch=6 step=15900/29520 loss=24.9897 Le=0.0911 Lc=1.2533 Ld=3.3516 lr=5.183e-06 peak_mem=25.49GiB
epoch=6 step=15920/29520 loss=26.2811 Le=0.1032 Lc=1.2428 Ld=3.5287 lr=5.173e-06 peak_mem=25.49GiB
epoch=6 step=15940/29520 loss=23.1135 Le=0.0667 Lc=1.3124 Ld=3.3148 lr=5.163e-06 peak_mem=25.49GiB
epoch=6 step=15960/29520 loss=22.0843 Le=0.0648 Lc=1.2181 Ld=3.4193 lr=5.153e-06 peak_mem=25.49GiB
epoch=6 step=15980/29520 loss=29.3629 Le=0.1205 Lc=1.3888 Ld=3.4247 lr=5.143e-06 peak_mem=25.49GiB
epoch=6 step=16000/29520 loss=32.7882 Le=0.1552 Lc=1.3643 Ld=3.6210 lr=5.134e-06 peak_mem=25.49GiB
epoch=6 step=16020/29520 loss=26.7019 Le=0.0974 Lc=1.3118 Ld=3.8408 lr=5.124e-06 peak_mem=25.49GiB
epoch=6 step=16040/29520 loss=28.6561 Le=0.1272 Lc=1.2323 Ld=3.6158 lr=5.114e-06 peak_mem=25.49GiB
epoch=6 step=16060/29520 loss=22.2322 Le=0.0559 Lc=1.2786 Ld=3.8546 lr=5.104e-06 peak_mem=25.49GiB
epoch=6 step=16080/29520 loss=28.5936 Le=0.1093 Lc=1.4437 Ld=3.2306 lr=5.094e-06 peak_mem=25.49GiB
epoch=6 step=16100/29520 loss=34.7767 Le=0.1833 Lc=1.3020 Ld=3.4293 lr=5.084e-06 peak_mem=25.49GiB
epoch=6 step=16120/29520 loss=27.7557 Le=0.1183 Lc=1.2256 Ld=3.6710 lr=5.074e-06 peak_mem=25.49GiB
epoch=6 step=16140/29520 loss=23.7725 Le=0.0657 Lc=1.3748 Ld=3.4569 lr=5.064e-06 peak_mem=25.49GiB
epoch=6 step=16160/29520 loss=33.3449 Le=0.1716 Lc=1.2501 Ld=3.6798 lr=5.055e-06 peak_mem=25.49GiB
epoch=6 step=16180/29520 loss=22.2376 Le=0.0524 Lc=1.3559 Ld=3.4358 lr=5.045e-06 peak_mem=25.49GiB
epoch=6 step=16200/29520 loss=89.6108 Le=0.7334 Lc=1.2866 Ld=3.4021 lr=5.035e-06 peak_mem=25.49GiB
epoch=6 step=16220/29520 loss=23.6487 Le=0.0838 Lc=1.1611 Ld=3.6553 lr=5.025e-06 peak_mem=25.49GiB
epoch=6 step=16240/29520 loss=36.4269 Le=0.2019 Lc=1.2768 Ld=3.4666 lr=5.015e-06 peak_mem=25.49GiB
epoch=6 step=16260/29520 loss=24.7463 Le=0.0892 Lc=1.2443 Ld=3.3783 lr=5.005e-06 peak_mem=25.49GiB
epoch=6 step=16280/29520 loss=31.6844 Le=0.1459 Lc=1.3440 Ld=3.6510 lr=4.995e-06 peak_mem=25.49GiB
epoch=6 step=16300/29520 loss=35.8098 Le=0.1937 Lc=1.2743 Ld=3.6950 lr=4.986e-06 peak_mem=25.49GiB
epoch=6 step=16320/29520 loss=34.3828 Le=0.1923 Lc=1.1651 Ld=3.5004 lr=4.976e-06 peak_mem=25.49GiB
epoch=6 step=16340/29520 loss=41.7058 Le=0.2424 Lc=1.4006 Ld=3.4566 lr=4.966e-06 peak_mem=25.49GiB
epoch=6 step=16360/29520 loss=23.5696 Le=0.0671 Lc=1.3603 Ld=3.2570 lr=4.956e-06 peak_mem=25.49GiB
epoch=6 step=16380/29520 loss=29.5233 Le=0.1280 Lc=1.2821 Ld=3.9042 lr=4.946e-06 peak_mem=25.49GiB
epoch=6 step=16400/29520 loss=21.6303 Le=0.0612 Lc=1.2093 Ld=3.4174 lr=4.936e-06 peak_mem=25.49GiB
epoch=6 step=16420/29520 loss=25.2261 Le=0.0796 Lc=1.3406 Ld=3.8600 lr=4.927e-06 peak_mem=25.49GiB
epoch=6 step=16440/29520 loss=29.9513 Le=0.1378 Lc=1.2685 Ld=3.4819 lr=4.917e-06 peak_mem=25.49GiB
epoch=6 step=16460/29520 loss=28.0781 Le=0.1019 Lc=1.4342 Ld=3.5478 lr=4.907e-06 peak_mem=25.49GiB
epoch=6 step=16480/29520 loss=37.1020 Le=0.2015 Lc=1.3346 Ld=3.6104 lr=4.897e-06 peak_mem=25.49GiB
epoch=6 step=16500/29520 loss=32.4914 Le=0.1511 Lc=1.3789 Ld=3.5933 lr=4.887e-06 peak_mem=25.49GiB
epoch=6 step=16520/29520 loss=32.3793 Le=0.1547 Lc=1.3370 Ld=3.5407 lr=4.877e-06 peak_mem=25.49GiB
epoch=6 step=16540/29520 loss=26.8679 Le=0.0913 Lc=1.3977 Ld=3.7621 lr=4.868e-06 peak_mem=25.49GiB
epoch=6 step=16560/29520 loss=23.7098 Le=0.0727 Lc=1.2863 Ld=3.5756 lr=4.858e-06 peak_mem=25.49GiB
epoch=6 step=16580/29520 loss=25.5121 Le=0.0837 Lc=1.3471 Ld=3.6743 lr=4.848e-06 peak_mem=25.49GiB
epoch=6 step=16600/29520 loss=21.5417 Le=0.0577 Lc=1.2017 Ld=3.7514 lr=4.838e-06 peak_mem=25.49GiB
epoch=6 step=16620/29520 loss=35.4678 Le=0.1727 Lc=1.4456 Ld=3.7403 lr=4.828e-06 peak_mem=25.49GiB
epoch=6 step=16640/29520 loss=24.1923 Le=0.0735 Lc=1.3412 Ld=3.4335 lr=4.819e-06 peak_mem=25.49GiB
epoch=6 step=16660/29520 loss=26.0266 Le=0.0886 Lc=1.3569 Ld=3.5961 lr=4.809e-06 peak_mem=25.49GiB
epoch=6 step=16680/29520 loss=30.5235 Le=0.1387 Lc=1.3056 Ld=3.5927 lr=4.799e-06 peak_mem=25.49GiB
epoch=6 step=16700/29520 loss=36.6169 Le=0.1920 Lc=1.3904 Ld=3.5149 lr=4.789e-06 peak_mem=25.49GiB
epoch=6 step=16720/29520 loss=23.5506 Le=0.0706 Lc=1.2935 Ld=3.5582 lr=4.779e-06 peak_mem=25.49GiB
epoch=6 step=16740/29520 loss=26.6440 Le=0.1043 Lc=1.2563 Ld=3.6487 lr=4.770e-06 peak_mem=25.49GiB
epoch=6 step=16760/29520 loss=27.3080 Le=0.0959 Lc=1.4129 Ld=3.5892 lr=4.760e-06 peak_mem=25.49GiB
epoch=6 step=16780/29520 loss=28.1696 Le=0.1078 Lc=1.3687 Ld=3.6978 lr=4.750e-06 peak_mem=25.49GiB
epoch=6 step=16800/29520 loss=22.3047 Le=0.0646 Lc=1.2363 Ld=3.4772 lr=4.740e-06 peak_mem=25.49GiB
epoch=6 step=16820/29520 loss=35.6420 Le=0.1832 Lc=1.3714 Ld=3.6069 lr=4.731e-06 peak_mem=25.49GiB
epoch=6 step=16840/29520 loss=30.0498 Le=0.1398 Lc=1.2813 Ld=3.2622 lr=4.721e-06 peak_mem=25.49GiB
epoch=6 step=16860/29520 loss=29.6630 Le=0.1221 Lc=1.3967 Ld=3.4839 lr=4.711e-06 peak_mem=25.49GiB
epoch=6 step=16880/29520 loss=55.4402 Le=0.3835 Lc=1.3642 Ld=3.4436 lr=4.701e-06 peak_mem=25.49GiB
epoch=6 step=16900/29520 loss=27.0615 Le=0.1044 Lc=1.3008 Ld=3.6175 lr=4.691e-06 peak_mem=25.49GiB
epoch=6 step=16920/29520 loss=32.3194 Le=0.1607 Lc=1.2598 Ld=3.6508 lr=4.682e-06 peak_mem=25.49GiB
epoch=6 step=16940/29520 loss=26.1659 Le=0.0921 Lc=1.3561 Ld=3.3964 lr=4.672e-06 peak_mem=25.49GiB
epoch=6 step=16960/29520 loss=36.3218 Le=0.1918 Lc=1.3634 Ld=3.5118 lr=4.662e-06 peak_mem=25.49GiB
epoch=6 step=16980/29520 loss=25.8160 Le=0.0958 Lc=1.2626 Ld=3.6113 lr=4.652e-06 peak_mem=25.49GiB
epoch=6 step=17000/29520 loss=27.8696 Le=0.1149 Lc=1.2783 Ld=3.6007 lr=4.643e-06 peak_mem=25.49GiB
epoch=6 step=17020/29520 loss=33.2360 Le=0.1744 Lc=1.2434 Ld=3.3622 lr=4.633e-06 peak_mem=25.49GiB
epoch=6 step=17040/29520 loss=23.5940 Le=0.0780 Lc=1.2160 Ld=3.6321 lr=4.623e-06 peak_mem=25.49GiB
epoch=6 step=17060/29520 loss=28.8684 Le=0.1409 Lc=1.1385 Ld=3.3920 lr=4.614e-06 peak_mem=25.49GiB
epoch=6 step=17080/29520 loss=29.1119 Le=0.1405 Lc=1.1834 Ld=3.2247 lr=4.604e-06 peak_mem=25.49GiB
epoch=6 step=17100/29520 loss=28.7255 Le=0.1223 Lc=1.3071 Ld=3.4290 lr=4.594e-06 peak_mem=25.49GiB
epoch=6 step=17120/29520 loss=36.2302 Le=0.1980 Lc=1.3091 Ld=3.3389 lr=4.584e-06 peak_mem=25.49GiB
epoch=6 step=17140/29520 loss=27.1464 Le=0.1033 Lc=1.3382 Ld=3.4375 lr=4.575e-06 peak_mem=25.49GiB
epoch=6 step=17160/29520 loss=35.4419 Le=0.1910 Lc=1.2548 Ld=3.7969 lr=4.565e-06 peak_mem=25.49GiB
epoch=6 step=17180/29520 loss=35.6064 Le=0.1979 Lc=1.2276 Ld=3.5404 lr=4.555e-06 peak_mem=25.49GiB
epoch=6 step=17200/29520 loss=27.0701 Le=0.0910 Lc=1.4466 Ld=3.5031 lr=4.546e-06 peak_mem=25.49GiB
epoch=6 step=17220/29520 loss=23.1863 Le=0.0653 Lc=1.3295 Ld=3.3641 lr=4.536e-06 peak_mem=25.49GiB
epoch=6 step=17240/29520 loss=20.1924 Le=0.0489 Lc=1.1809 Ld=3.4942 lr=4.526e-06 peak_mem=25.49GiB
epoch=6 step=17260/29520 loss=27.2220 Le=0.1034 Lc=1.3285 Ld=3.5961 lr=4.517e-06 peak_mem=25.49GiB
epoch=6 step=17280/29520 loss=33.2670 Le=0.1551 Lc=1.4100 Ld=3.6545 lr=4.507e-06 peak_mem=25.49GiB
epoch=6 step=17300/29520 loss=24.7412 Le=0.0760 Lc=1.3724 Ld=3.4163 lr=4.497e-06 peak_mem=25.49GiB
epoch=6 step=17320/29520 loss=39.2531 Le=0.2194 Lc=1.3910 Ld=3.3979 lr=4.488e-06 peak_mem=25.49GiB
epoch=6 step=17340/29520 loss=47.6946 Le=0.3075 Lc=1.3592 Ld=3.3509 lr=4.478e-06 peak_mem=25.49GiB
epoch=6 step=17360/29520 loss=26.5865 Le=0.0985 Lc=1.3205 Ld=3.5318 lr=4.468e-06 peak_mem=25.49GiB
epoch=6 step=17380/29520 loss=27.2247 Le=0.0948 Lc=1.3921 Ld=3.8212 lr=4.459e-06 peak_mem=25.49GiB
epoch=6 step=17400/29520 loss=28.8072 Le=0.1205 Lc=1.3146 Ld=3.6166 lr=4.449e-06 peak_mem=25.49GiB
epoch=6 step=17420/29520 loss=24.5703 Le=0.0849 Lc=1.2305 Ld=3.7775 lr=4.439e-06 peak_mem=25.49GiB
epoch=6 step=17440/29520 loss=22.5784 Le=0.0650 Lc=1.2636 Ld=3.4375 lr=4.430e-06 peak_mem=25.49GiB
epoch=6 step=17460/29520 loss=29.3570 Le=0.1229 Lc=1.3492 Ld=3.5788 lr=4.420e-06 peak_mem=25.49GiB
epoch=6 step=17480/29520 loss=21.6567 Le=0.0554 Lc=1.2511 Ld=3.6090 lr=4.410e-06 peak_mem=25.49GiB
epoch=6 step=17500/29520 loss=40.8173 Le=0.2361 Lc=1.3640 Ld=3.5706 lr=4.401e-06 peak_mem=25.49GiB
epoch=6 step=17520/29520 loss=31.7503 Le=0.1650 Lc=1.1904 Ld=3.3423 lr=4.391e-06 peak_mem=25.49GiB
epoch=6 step=17540/29520 loss=23.3917 Le=0.0794 Lc=1.2013 Ld=3.4382 lr=4.382e-06 peak_mem=25.49GiB
epoch=6 step=17560/29520 loss=23.4686 Le=0.0760 Lc=1.2352 Ld=3.5170 lr=4.372e-06 peak_mem=25.49GiB
epoch=6 step=17580/29520 loss=30.8181 Le=0.1337 Lc=1.3854 Ld=3.5968 lr=4.362e-06 peak_mem=25.49GiB
epoch=6 step=17600/29520 loss=32.1011 Le=0.1556 Lc=1.2819 Ld=3.7233 lr=4.353e-06 peak_mem=25.49GiB
epoch=6 step=17620/29520 loss=32.0458 Le=0.1563 Lc=1.2676 Ld=3.7396 lr=4.343e-06 peak_mem=25.49GiB
epoch=6 step=17640/29520 loss=25.0664 Le=0.0921 Lc=1.2372 Ld=3.4864 lr=4.334e-06 peak_mem=25.49GiB
epoch=6 step=17660/29520 loss=24.9816 Le=0.0862 Lc=1.2903 Ld=3.4591 lr=4.324e-06 peak_mem=25.49GiB
epoch=6 step=17680/29520 loss=25.0697 Le=0.0817 Lc=1.3325 Ld=3.5726 lr=4.315e-06 peak_mem=25.49GiB
epoch=6 step=17700/29520 loss=30.2057 Le=0.1346 Lc=1.3235 Ld=3.5108 lr=4.305e-06 peak_mem=25.49GiB
epoch=6 checkpoints saved
epoch=7 step=17720/29520 loss=37.6250 Le=0.2175 Lc=1.2311 Ld=3.5628 lr=4.295e-06 peak_mem=25.49GiB
epoch=7 step=17740/29520 loss=22.3029 Le=0.0657 Lc=1.2184 Ld=3.5438 lr=4.286e-06 peak_mem=25.49GiB
epoch=7 step=17760/29520 loss=24.9796 Le=0.0790 Lc=1.3457 Ld=3.6196 lr=4.276e-06 peak_mem=25.49GiB
epoch=7 step=17780/29520 loss=28.9804 Le=0.1087 Lc=1.4608 Ld=3.5000 lr=4.267e-06 peak_mem=25.49GiB
epoch=7 step=17800/29520 loss=31.4186 Le=0.1341 Lc=1.4258 Ld=3.7477 lr=4.257e-06 peak_mem=25.49GiB
epoch=7 step=17820/29520 loss=34.5619 Le=0.1770 Lc=1.3294 Ld=3.5653 lr=4.248e-06 peak_mem=25.49GiB
epoch=7 step=17840/29520 loss=24.0008 Le=0.0611 Lc=1.4214 Ld=3.6783 lr=4.238e-06 peak_mem=25.49GiB
epoch=7 step=17860/29520 loss=38.0361 Le=0.2157 Lc=1.3002 Ld=3.4608 lr=4.229e-06 peak_mem=25.49GiB
epoch=7 step=17880/29520 loss=22.3103 Le=0.0636 Lc=1.2497 Ld=3.4497 lr=4.219e-06 peak_mem=25.49GiB
epoch=7 step=17900/29520 loss=26.2605 Le=0.0988 Lc=1.2783 Ld=3.5935 lr=4.210e-06 peak_mem=25.49GiB
epoch=7 step=17920/29520 loss=32.2914 Le=0.1555 Lc=1.3324 Ld=3.4175 lr=4.200e-06 peak_mem=25.49GiB
epoch=7 step=17940/29520 loss=31.1712 Le=0.1366 Lc=1.3868 Ld=3.6448 lr=4.191e-06 peak_mem=25.49GiB
epoch=7 step=17960/29520 loss=28.3655 Le=0.1056 Lc=1.4133 Ld=3.6696 lr=4.181e-06 peak_mem=25.49GiB
epoch=7 step=17980/29520 loss=34.1986 Le=0.1753 Lc=1.3234 Ld=3.4376 lr=4.172e-06 peak_mem=25.49GiB
epoch=7 step=18000/29520 loss=21.1386 Le=0.0600 Lc=1.1517 Ld=3.6167 lr=4.162e-06 peak_mem=25.49GiB
epoch=7 step=18020/29520 loss=30.8426 Le=0.1473 Lc=1.2259 Ld=3.8558 lr=4.153e-06 peak_mem=25.49GiB
epoch=7 step=18040/29520 loss=26.5935 Le=0.1016 Lc=1.3016 Ld=3.4211 lr=4.143e-06 peak_mem=25.49GiB
epoch=7 step=18060/29520 loss=32.3846 Le=0.1443 Lc=1.4391 Ld=3.5598 lr=4.134e-06 peak_mem=25.49GiB
epoch=7 step=18080/29520 loss=30.0893 Le=0.1317 Lc=1.3088 Ld=3.8279 lr=4.125e-06 peak_mem=25.49GiB
epoch=7 step=18100/29520 loss=23.7082 Le=0.0747 Lc=1.2952 Ld=3.2814 lr=4.115e-06 peak_mem=25.49GiB
epoch=7 step=18120/29520 loss=24.3770 Le=0.0734 Lc=1.3565 Ld=3.4675 lr=4.106e-06 peak_mem=25.49GiB
epoch=7 step=18140/29520 loss=29.1601 Le=0.1365 Lc=1.1884 Ld=3.6240 lr=4.096e-06 peak_mem=25.49GiB
epoch=7 step=18160/29520 loss=23.7577 Le=0.0754 Lc=1.2750 Ld=3.4695 lr=4.087e-06 peak_mem=25.49GiB
epoch=7 step=18180/29520 loss=29.1229 Le=0.1096 Lc=1.4546 Ld=3.6205 lr=4.077e-06 peak_mem=25.49GiB
epoch=7 step=18200/29520 loss=24.0187 Le=0.0695 Lc=1.3795 Ld=3.2745 lr=4.068e-06 peak_mem=25.49GiB
epoch=7 step=18220/29520 loss=33.7069 Le=0.1760 Lc=1.2346 Ld=3.7628 lr=4.059e-06 peak_mem=25.49GiB
epoch=7 step=18240/29520 loss=22.2779 Le=0.0614 Lc=1.2807 Ld=3.3290 lr=4.049e-06 peak_mem=25.49GiB
epoch=7 step=18260/29520 loss=25.3563 Le=0.0875 Lc=1.3198 Ld=3.4100 lr=4.040e-06 peak_mem=25.49GiB
epoch=7 step=18280/29520 loss=33.3135 Le=0.1652 Lc=1.3369 Ld=3.4210 lr=4.030e-06 peak_mem=25.49GiB
epoch=7 step=18300/29520 loss=23.9797 Le=0.0816 Lc=1.2405 Ld=3.4189 lr=4.021e-06 peak_mem=25.49GiB
epoch=7 step=18320/29520 loss=30.0467 Le=0.1187 Lc=1.4735 Ld=3.4386 lr=4.012e-06 peak_mem=25.49GiB
epoch=7 step=18340/29520 loss=20.7031 Le=0.0492 Lc=1.2510 Ld=3.2764 lr=4.002e-06 peak_mem=25.49GiB
epoch=7 step=18360/29520 loss=29.2273 Le=0.1244 Lc=1.3455 Ld=3.3319 lr=3.993e-06 peak_mem=25.49GiB
epoch=7 step=18380/29520 loss=28.0515 Le=0.1221 Lc=1.2199 Ld=3.6420 lr=3.984e-06 peak_mem=25.49GiB
epoch=7 step=18400/29520 loss=27.0267 Le=0.0959 Lc=1.3810 Ld=3.6282 lr=3.974e-06 peak_mem=25.49GiB
epoch=7 step=18420/29520 loss=40.4740 Le=0.2330 Lc=1.3694 Ld=3.4779 lr=3.965e-06 peak_mem=25.49GiB
epoch=7 step=18440/29520 loss=38.5374 Le=0.2094 Lc=1.4193 Ld=3.4060 lr=3.956e-06 peak_mem=25.49GiB
epoch=7 step=18460/29520 loss=29.2151 Le=0.1276 Lc=1.2715 Ld=3.7406 lr=3.946e-06 peak_mem=25.49GiB
epoch=7 step=18480/29520 loss=28.4884 Le=0.1225 Lc=1.2584 Ld=3.6566 lr=3.937e-06 peak_mem=25.49GiB
epoch=7 step=18500/29520 loss=29.0182 Le=0.1304 Lc=1.2597 Ld=3.3782 lr=3.928e-06 peak_mem=25.49GiB
epoch=7 step=18520/29520 loss=34.8934 Le=0.1852 Lc=1.3036 Ld=3.3356 lr=3.919e-06 peak_mem=25.49GiB
epoch=7 step=18540/29520 loss=20.4658 Le=0.0418 Lc=1.2773 Ld=3.5115 lr=3.909e-06 peak_mem=25.49GiB
epoch=7 step=18560/29520 loss=30.9903 Le=0.1479 Lc=1.2499 Ld=3.6985 lr=3.900e-06 peak_mem=25.49GiB
epoch=7 step=18580/29520 loss=18.8988 Le=0.0117 Lc=1.4485 Ld=3.2419 lr=3.891e-06 peak_mem=25.49GiB
epoch=7 step=18600/29520 loss=24.4198 Le=0.0748 Lc=1.3506 Ld=3.4381 lr=3.881e-06 peak_mem=25.49GiB
epoch=7 step=18620/29520 loss=28.3732 Le=0.1154 Lc=1.3215 Ld=3.6203 lr=3.872e-06 peak_mem=25.49GiB
epoch=7 step=18640/29520 loss=24.0700 Le=0.0811 Lc=1.2589 Ld=3.3727 lr=3.863e-06 peak_mem=25.49GiB
epoch=7 step=18660/29520 loss=34.7718 Le=0.1771 Lc=1.3440 Ld=3.6180 lr=3.854e-06 peak_mem=25.49GiB
epoch=7 step=18680/29520 loss=21.7050 Le=0.0401 Lc=1.4301 Ld=3.3990 lr=3.845e-06 peak_mem=25.49GiB
epoch=7 step=18700/29520 loss=40.7870 Le=0.2534 Lc=1.1794 Ld=3.6489 lr=3.835e-06 peak_mem=25.49GiB
epoch=7 step=18720/29520 loss=33.0575 Le=0.1675 Lc=1.2725 Ld=3.5808 lr=3.826e-06 peak_mem=25.49GiB
epoch=7 step=18740/29520 loss=37.5650 Le=0.2220 Lc=1.2055 Ld=3.3150 lr=3.817e-06 peak_mem=25.49GiB
epoch=7 step=18760/29520 loss=21.8519 Le=0.0648 Lc=1.1885 Ld=3.4905 lr=3.808e-06 peak_mem=25.49GiB
epoch=7 step=18780/29520 loss=32.9589 Le=0.1714 Lc=1.2235 Ld=3.5845 lr=3.799e-06 peak_mem=25.49GiB
epoch=7 step=18800/29520 loss=25.3101 Le=0.0951 Lc=1.2317 Ld=3.4793 lr=3.789e-06 peak_mem=25.49GiB
epoch=7 step=18820/29520 loss=23.5515 Le=0.0705 Lc=1.3060 Ld=3.4420 lr=3.780e-06 peak_mem=25.49GiB
epoch=7 step=18840/29520 loss=32.0126 Le=0.1571 Lc=1.2712 Ld=3.5944 lr=3.771e-06 peak_mem=25.49GiB
epoch=7 step=18860/29520 loss=23.4105 Le=0.0806 Lc=1.1524 Ld=3.8253 lr=3.762e-06 peak_mem=25.49GiB
epoch=7 step=18880/29520 loss=28.1861 Le=0.1074 Lc=1.4003 Ld=3.4423 lr=3.753e-06 peak_mem=25.49GiB
epoch=7 step=18900/29520 loss=30.5518 Le=0.1366 Lc=1.3639 Ld=3.2536 lr=3.744e-06 peak_mem=25.49GiB
epoch=7 step=18920/29520 loss=24.1621 Le=0.0752 Lc=1.3085 Ld=3.5556 lr=3.735e-06 peak_mem=25.49GiB
epoch=7 step=18940/29520 loss=31.2540 Le=0.1456 Lc=1.3058 Ld=3.6342 lr=3.725e-06 peak_mem=25.49GiB
epoch=7 step=18960/29520 loss=28.7174 Le=0.1097 Lc=1.4343 Ld=3.4070 lr=3.716e-06 peak_mem=25.49GiB
epoch=7 step=18980/29520 loss=39.8184 Le=0.2428 Lc=1.1993 Ld=3.5483 lr=3.707e-06 peak_mem=25.49GiB
epoch=7 step=19000/29520 loss=19.8810 Le=0.0335 Lc=1.2959 Ld=3.5749 lr=3.698e-06 peak_mem=25.49GiB
epoch=7 step=19020/29520 loss=26.2393 Le=0.1038 Lc=1.2306 Ld=3.5510 lr=3.689e-06 peak_mem=25.49GiB
epoch=7 step=19040/29520 loss=26.5237 Le=0.1046 Lc=1.2674 Ld=3.3885 lr=3.680e-06 peak_mem=25.49GiB
epoch=7 step=19060/29520 loss=24.4069 Le=0.0858 Lc=1.2278 Ld=3.5450 lr=3.671e-06 peak_mem=25.49GiB
epoch=7 step=19080/29520 loss=39.0507 Le=0.2136 Lc=1.4180 Ld=3.5058 lr=3.662e-06 peak_mem=25.49GiB
epoch=7 step=19100/29520 loss=39.7517 Le=0.2408 Lc=1.2434 Ld=3.2382 lr=3.653e-06 peak_mem=25.49GiB
epoch=7 step=19120/29520 loss=24.1997 Le=0.0903 Lc=1.1911 Ld=3.2608 lr=3.644e-06 peak_mem=25.49GiB
epoch=7 step=19140/29520 loss=29.7325 Le=0.1230 Lc=1.3949 Ld=3.4829 lr=3.635e-06 peak_mem=25.49GiB
epoch=7 step=19160/29520 loss=37.3087 Le=0.1996 Lc=1.3952 Ld=3.3940 lr=3.626e-06 peak_mem=25.49GiB
epoch=7 step=19180/29520 loss=24.3724 Le=0.0852 Lc=1.2669 Ld=3.1840 lr=3.617e-06 peak_mem=25.49GiB
epoch=7 step=19200/29520 loss=24.1975 Le=0.0718 Lc=1.3441 Ld=3.5717 lr=3.608e-06 peak_mem=25.49GiB
epoch=7 step=19220/29520 loss=18.8075 Le=0.0323 Lc=1.1966 Ld=3.6097 lr=3.599e-06 peak_mem=25.49GiB
epoch=7 step=19240/29520 loss=23.3855 Le=0.0744 Lc=1.2329 Ld=3.6186 lr=3.590e-06 peak_mem=25.49GiB
epoch=7 step=19260/29520 loss=34.6754 Le=0.1779 Lc=1.3319 Ld=3.5698 lr=3.581e-06 peak_mem=25.49GiB
epoch=7 step=19280/29520 loss=24.5714 Le=0.0765 Lc=1.3327 Ld=3.5972 lr=3.572e-06 peak_mem=25.49GiB
epoch=7 step=19300/29520 loss=22.0355 Le=0.0575 Lc=1.2890 Ld=3.3976 lr=3.563e-06 peak_mem=25.49GiB
epoch=7 step=19320/29520 loss=32.5107 Le=0.1686 Lc=1.2029 Ld=3.6167 lr=3.554e-06 peak_mem=25.49GiB
epoch=7 step=19340/29520 loss=32.7011 Le=0.1501 Lc=1.4156 Ld=3.5322 lr=3.545e-06 peak_mem=25.49GiB
epoch=7 step=19360/29520 loss=27.7892 Le=0.1105 Lc=1.3300 Ld=3.4393 lr=3.536e-06 peak_mem=25.49GiB
epoch=7 step=19380/29520 loss=30.2997 Le=0.1451 Lc=1.2055 Ld=3.7343 lr=3.527e-06 peak_mem=25.49GiB
epoch=7 step=19400/29520 loss=31.0450 Le=0.1436 Lc=1.3261 Ld=3.4290 lr=3.518e-06 peak_mem=25.49GiB
epoch=7 step=19420/29520 loss=23.0558 Le=0.0648 Lc=1.2941 Ld=3.6361 lr=3.509e-06 peak_mem=25.49GiB
epoch=7 step=19440/29520 loss=25.4078 Le=0.0827 Lc=1.3820 Ld=3.3152 lr=3.500e-06 peak_mem=25.49GiB
epoch=7 step=19460/29520 loss=20.5812 Le=0.0520 Lc=1.1860 Ld=3.5187 lr=3.492e-06 peak_mem=25.49GiB
epoch=7 step=19480/29520 loss=32.3164 Le=0.1561 Lc=1.3136 Ld=3.5664 lr=3.483e-06 peak_mem=25.49GiB
epoch=7 step=19500/29520 loss=24.3988 Le=0.0846 Lc=1.2618 Ld=3.3240 lr=3.474e-06 peak_mem=25.49GiB
epoch=7 step=19520/29520 loss=28.4080 Le=0.1078 Lc=1.3885 Ld=3.7450 lr=3.465e-06 peak_mem=25.49GiB
epoch=7 step=19540/29520 loss=25.9195 Le=0.0936 Lc=1.3262 Ld=3.2956 lr=3.456e-06 peak_mem=25.49GiB
epoch=7 step=19560/29520 loss=23.8350 Le=0.0710 Lc=1.3367 Ld=3.3712 lr=3.447e-06 peak_mem=25.49GiB
epoch=7 step=19580/29520 loss=27.6676 Le=0.0998 Lc=1.4223 Ld=3.4681 lr=3.439e-06 peak_mem=25.49GiB
epoch=7 step=19600/29520 loss=34.3150 Le=0.1771 Lc=1.3120 Ld=3.4869 lr=3.430e-06 peak_mem=25.49GiB
epoch=7 step=19620/29520 loss=27.1213 Le=0.1185 Lc=1.1839 Ld=3.4299 lr=3.421e-06 peak_mem=25.49GiB
epoch=7 step=19640/29520 loss=33.2566 Le=0.1620 Lc=1.3623 Ld=3.4286 lr=3.412e-06 peak_mem=25.49GiB
epoch=7 step=19660/29520 loss=34.9773 Le=0.1964 Lc=1.1949 Ld=3.3838 lr=3.403e-06 peak_mem=25.49GiB
epoch=7 step=19680/29520 loss=26.5175 Le=0.1057 Lc=1.2526 Ld=3.4248 lr=3.395e-06 peak_mem=25.49GiB
epoch=7 step=19700/29520 loss=22.3908 Le=0.0570 Lc=1.3213 Ld=3.4745 lr=3.386e-06 peak_mem=25.49GiB
epoch=7 step=19720/29520 loss=20.6607 Le=0.0470 Lc=1.2750 Ld=3.2065 lr=3.377e-06 peak_mem=25.49GiB
epoch=7 step=19740/29520 loss=21.4707 Le=0.0483 Lc=1.3003 Ld=3.6418 lr=3.368e-06 peak_mem=25.49GiB
epoch=7 step=19760/29520 loss=27.8103 Le=0.1129 Lc=1.3235 Ld=3.2844 lr=3.360e-06 peak_mem=25.49GiB
epoch=7 step=19780/29520 loss=38.3767 Le=0.2215 Lc=1.2991 Ld=3.2308 lr=3.351e-06 peak_mem=25.49GiB
epoch=7 step=19800/29520 loss=27.1270 Le=0.1014 Lc=1.3704 Ld=3.2856 lr=3.342e-06 peak_mem=25.49GiB
epoch=7 step=19820/29520 loss=27.6639 Le=0.1127 Lc=1.2943 Ld=3.4511 lr=3.333e-06 peak_mem=25.49GiB
epoch=7 step=19840/29520 loss=29.4009 Le=0.1380 Lc=1.2081 Ld=3.5248 lr=3.325e-06 peak_mem=25.49GiB
epoch=7 step=19860/29520 loss=23.8438 Le=0.0648 Lc=1.3931 Ld=3.4367 lr=3.316e-06 peak_mem=25.49GiB
epoch=7 step=19880/29520 loss=37.3985 Le=0.2033 Lc=1.3700 Ld=3.3648 lr=3.307e-06 peak_mem=25.49GiB
epoch=7 step=19900/29520 loss=25.4607 Le=0.1075 Lc=1.1348 Ld=3.3589 lr=3.299e-06 peak_mem=25.49GiB
epoch=7 step=19920/29520 loss=25.8211 Le=0.0940 Lc=1.2943 Ld=3.4738 lr=3.290e-06 peak_mem=25.49GiB
epoch=7 step=19940/29520 loss=23.5402 Le=0.0720 Lc=1.2934 Ld=3.4084 lr=3.282e-06 peak_mem=25.49GiB
epoch=7 step=19960/29520 loss=24.3400 Le=0.0812 Lc=1.3148 Ld=3.0687 lr=3.273e-06 peak_mem=25.49GiB
epoch=7 step=19980/29520 loss=20.3860 Le=0.0432 Lc=1.2416 Ld=3.6492 lr=3.264e-06 peak_mem=25.49GiB
epoch=7 step=20000/29520 loss=22.3514 Le=0.0611 Lc=1.2868 Ld=3.3758 lr=3.256e-06 peak_mem=25.49GiB
epoch=7 step=20020/29520 loss=26.3314 Le=0.0982 Lc=1.3130 Ld=3.3768 lr=3.247e-06 peak_mem=25.49GiB
epoch=7 step=20040/29520 loss=28.5264 Le=0.1262 Lc=1.2483 Ld=3.4273 lr=3.239e-06 peak_mem=25.49GiB
epoch=7 step=20060/29520 loss=36.4660 Le=0.2019 Lc=1.2996 Ld=3.2844 lr=3.230e-06 peak_mem=25.49GiB
epoch=7 step=20080/29520 loss=26.5611 Le=0.1093 Lc=1.2579 Ld=3.0561 lr=3.221e-06 peak_mem=25.49GiB
epoch=7 step=20100/29520 loss=27.5521 Le=0.1283 Lc=1.1275 Ld=3.4473 lr=3.213e-06 peak_mem=25.49GiB
epoch=7 step=20120/29520 loss=31.1031 Le=0.1549 Lc=1.2086 Ld=3.5300 lr=3.204e-06 peak_mem=25.49GiB
epoch=7 step=20140/29520 loss=25.3351 Le=0.0841 Lc=1.3412 Ld=3.5114 lr=3.196e-06 peak_mem=25.49GiB
epoch=7 step=20160/29520 loss=27.4193 Le=0.1147 Lc=1.2444 Ld=3.5082 lr=3.187e-06 peak_mem=25.49GiB
epoch=7 step=20180/29520 loss=25.8649 Le=0.1012 Lc=1.2274 Ld=3.4699 lr=3.179e-06 peak_mem=25.49GiB
epoch=7 step=20200/29520 loss=26.4123 Le=0.1031 Lc=1.2488 Ld=3.6118 lr=3.170e-06 peak_mem=25.49GiB
epoch=7 step=20220/29520 loss=23.1389 Le=0.0527 Lc=1.4557 Ld=3.3073 lr=3.162e-06 peak_mem=25.49GiB
epoch=7 step=20240/29520 loss=25.1748 Le=0.0955 Lc=1.2355 Ld=3.2681 lr=3.153e-06 peak_mem=25.49GiB
epoch=7 step=20260/29520 loss=30.6049 Le=0.1468 Lc=1.2375 Ld=3.5502 lr=3.145e-06 peak_mem=25.49GiB
epoch=7 step=20280/29520 loss=26.7562 Le=0.1168 Lc=1.1798 Ld=3.2756 lr=3.137e-06 peak_mem=25.49GiB
epoch=7 step=20300/29520 loss=19.6460 Le=0.0381 Lc=1.2511 Ld=3.3284 lr=3.128e-06 peak_mem=25.49GiB
epoch=7 step=20320/29520 loss=30.0084 Le=0.1370 Lc=1.2969 Ld=3.3381 lr=3.120e-06 peak_mem=25.49GiB
epoch=7 step=20340/29520 loss=33.1631 Le=0.1571 Lc=1.4029 Ld=3.4187 lr=3.111e-06 peak_mem=25.49GiB
epoch=7 step=20360/29520 loss=24.5399 Le=0.0810 Lc=1.2804 Ld=3.6335 lr=3.103e-06 peak_mem=25.49GiB
epoch=7 step=20380/29520 loss=33.3177 Le=0.1625 Lc=1.3467 Ld=3.5966 lr=3.094e-06 peak_mem=25.49GiB
epoch=7 step=20400/29520 loss=33.9005 Le=0.1815 Lc=1.2566 Ld=3.1876 lr=3.086e-06 peak_mem=25.49GiB
epoch=7 step=20420/29520 loss=24.3408 Le=0.0698 Lc=1.3877 Ld=3.4874 lr=3.078e-06 peak_mem=25.49GiB
epoch=7 step=20440/29520 loss=22.6497 Le=0.0647 Lc=1.3102 Ld=3.0784 lr=3.069e-06 peak_mem=25.49GiB
epoch=7 step=20460/29520 loss=29.4650 Le=0.1397 Lc=1.2036 Ld=3.4568 lr=3.061e-06 peak_mem=25.49GiB
epoch=7 step=20480/29520 loss=20.2817 Le=0.0455 Lc=1.2112 Ld=3.6200 lr=3.053e-06 peak_mem=25.49GiB
epoch=7 step=20500/29520 loss=28.8116 Le=0.1187 Lc=1.3699 Ld=3.2401 lr=3.044e-06 peak_mem=25.49GiB
epoch=7 step=20520/29520 loss=26.4992 Le=0.1087 Lc=1.2308 Ld=3.3175 lr=3.036e-06 peak_mem=25.49GiB
epoch=7 step=20540/29520 loss=32.1212 Le=0.1566 Lc=1.3093 Ld=3.3674 lr=3.028e-06 peak_mem=25.49GiB
epoch=7 step=20560/29520 loss=32.8963 Le=0.1589 Lc=1.3640 Ld=3.3711 lr=3.020e-06 peak_mem=25.49GiB
epoch=7 step=20580/29520 loss=32.2642 Le=0.1466 Lc=1.3901 Ld=3.7054 lr=3.011e-06 peak_mem=25.49GiB
epoch=7 step=20600/29520 loss=36.1069 Le=0.1958 Lc=1.3233 Ld=3.2909 lr=3.003e-06 peak_mem=25.49GiB
epoch=7 step=20620/29520 loss=35.8969 Le=0.2001 Lc=1.2491 Ld=3.3983 lr=2.995e-06 peak_mem=25.49GiB
epoch=7 step=20640/29520 loss=20.4097 Le=0.0338 Lc=1.3356 Ld=3.6764 lr=2.987e-06 peak_mem=25.49GiB
epoch=7 step=20660/29520 loss=18.5374 Le=0.0369 Lc=1.1384 Ld=3.4658 lr=2.978e-06 peak_mem=25.49GiB
epoch=7 checkpoints saved
epoch=8 step=20680/29520 loss=27.4880 Le=0.1152 Lc=1.2549 Ld=3.4170 lr=2.970e-06 peak_mem=25.49GiB
epoch=8 step=20700/29520 loss=28.9661 Le=0.1246 Lc=1.3383 Ld=3.1222 lr=2.962e-06 peak_mem=25.49GiB
epoch=8 step=20720/29520 loss=17.8316 Le=0.0286 Lc=1.1751 Ld=3.2247 lr=2.954e-06 peak_mem=25.49GiB
epoch=8 step=20740/29520 loss=19.7012 Le=0.0450 Lc=1.1747 Ld=3.4532 lr=2.946e-06 peak_mem=25.49GiB
epoch=8 step=20760/29520 loss=28.7998 Le=0.1273 Lc=1.2769 Ld=3.3032 lr=2.937e-06 peak_mem=25.49GiB
epoch=8 step=20780/29520 loss=31.5696 Le=0.1425 Lc=1.3779 Ld=3.5387 lr=2.929e-06 peak_mem=25.49GiB
epoch=8 step=20800/29520 loss=30.7829 Le=0.1482 Lc=1.2586 Ld=3.3800 lr=2.921e-06 peak_mem=25.49GiB
epoch=8 step=20820/29520 loss=26.3984 Le=0.1109 Lc=1.2022 Ld=3.2913 lr=2.913e-06 peak_mem=25.49GiB
epoch=8 step=20840/29520 loss=24.7503 Le=0.0759 Lc=1.3579 Ld=3.5800 lr=2.905e-06 peak_mem=25.49GiB
epoch=8 step=20860/29520 loss=23.2753 Le=0.0770 Lc=1.2200 Ld=3.3801 lr=2.897e-06 peak_mem=25.49GiB
epoch=8 step=20880/29520 loss=19.8262 Le=0.0427 Lc=1.2070 Ld=3.4847 lr=2.889e-06 peak_mem=25.49GiB
epoch=8 step=20900/29520 loss=30.1676 Le=0.1343 Lc=1.3497 Ld=3.2387 lr=2.881e-06 peak_mem=25.49GiB
epoch=8 step=20920/29520 loss=27.6719 Le=0.1094 Lc=1.3212 Ld=3.5222 lr=2.873e-06 peak_mem=25.49GiB
epoch=8 step=20940/29520 loss=31.6951 Le=0.1512 Lc=1.3204 Ld=3.3672 lr=2.865e-06 peak_mem=25.49GiB
epoch=8 step=20960/29520 loss=26.9385 Le=0.1084 Lc=1.2688 Ld=3.4121 lr=2.857e-06 peak_mem=25.49GiB
epoch=8 step=20980/29520 loss=26.6579 Le=0.0981 Lc=1.3617 Ld=3.2335 lr=2.849e-06 peak_mem=25.49GiB
epoch=8 step=21000/29520 loss=25.8992 Le=0.1018 Lc=1.2325 Ld=3.3895 lr=2.841e-06 peak_mem=25.49GiB
epoch=8 step=21020/29520 loss=21.3299 Le=0.0470 Lc=1.3075 Ld=3.5591 lr=2.833e-06 peak_mem=25.49GiB
epoch=8 step=21040/29520 loss=31.7483 Le=0.1574 Lc=1.2670 Ld=3.3340 lr=2.825e-06 peak_mem=25.49GiB
epoch=8 step=21060/29520 loss=25.1989 Le=0.0835 Lc=1.3681 Ld=3.1714 lr=2.817e-06 peak_mem=25.49GiB
epoch=8 step=21080/29520 loss=24.9507 Le=0.0897 Lc=1.2614 Ld=3.3638 lr=2.809e-06 peak_mem=25.49GiB
epoch=8 step=21100/29520 loss=30.4612 Le=0.1430 Lc=1.2925 Ld=3.2355 lr=2.801e-06 peak_mem=25.49GiB
epoch=8 step=21120/29520 loss=27.0565 Le=0.1096 Lc=1.2767 Ld=3.3281 lr=2.793e-06 peak_mem=25.49GiB
epoch=8 step=21140/29520 loss=21.1859 Le=0.0512 Lc=1.2571 Ld=3.4942 lr=2.785e-06 peak_mem=25.49GiB
epoch=8 step=21160/29520 loss=32.3239 Le=0.1586 Lc=1.2824 Ld=3.6356 lr=2.777e-06 peak_mem=25.49GiB
epoch=8 step=21180/29520 loss=34.1656 Le=0.1860 Lc=1.2215 Ld=3.3507 lr=2.769e-06 peak_mem=25.49GiB
epoch=8 step=21200/29520 loss=26.8252 Le=0.1015 Lc=1.3433 Ld=3.2445 lr=2.761e-06 peak_mem=25.49GiB
epoch=8 step=21220/29520 loss=30.7732 Le=0.1486 Lc=1.2424 Ld=3.4933 lr=2.753e-06 peak_mem=25.49GiB
epoch=8 step=21240/29520 loss=24.5599 Le=0.0792 Lc=1.3291 Ld=3.3538 lr=2.746e-06 peak_mem=25.49GiB
epoch=8 step=21260/29520 loss=22.6467 Le=0.0728 Lc=1.2141 Ld=3.2273 lr=2.738e-06 peak_mem=25.49GiB
epoch=8 step=21280/29520 loss=22.8119 Le=0.0585 Lc=1.3336 Ld=3.6246 lr=2.730e-06 peak_mem=25.49GiB
epoch=8 step=21300/29520 loss=23.7683 Le=0.0795 Lc=1.2257 Ld=3.5622 lr=2.722e-06 peak_mem=25.49GiB
epoch=8 step=21320/29520 loss=24.1910 Le=0.0841 Lc=1.2141 Ld=3.6364 lr=2.714e-06 peak_mem=25.49GiB
epoch=8 step=21340/29520 loss=20.0730 Le=0.0417 Lc=1.2535 Ld=3.3690 lr=2.706e-06 peak_mem=25.49GiB
epoch=8 step=21360/29520 loss=24.0204 Le=0.0791 Lc=1.2863 Ld=3.2469 lr=2.699e-06 peak_mem=25.49GiB
epoch=8 step=21380/29520 loss=24.4031 Le=0.0763 Lc=1.3370 Ld=3.4004 lr=2.691e-06 peak_mem=25.49GiB
epoch=8 step=21400/29520 loss=26.3841 Le=0.1070 Lc=1.2476 Ld=3.2064 lr=2.683e-06 peak_mem=25.49GiB
epoch=8 step=21420/29520 loss=31.7630 Le=0.1483 Lc=1.3361 Ld=3.5689 lr=2.676e-06 peak_mem=25.49GiB
epoch=8 step=21440/29520 loss=24.3566 Le=0.0798 Lc=1.2971 Ld=3.4080 lr=2.668e-06 peak_mem=25.49GiB
epoch=8 step=21460/29520 loss=28.9682 Le=0.1242 Lc=1.3093 Ld=3.4547 lr=2.660e-06 peak_mem=25.49GiB
epoch=8 step=21480/29520 loss=26.3901 Le=0.0899 Lc=1.3939 Ld=3.4605 lr=2.652e-06 peak_mem=25.49GiB
epoch=8 step=21500/29520 loss=27.0679 Le=0.1004 Lc=1.3614 Ld=3.4097 lr=2.645e-06 peak_mem=25.49GiB
epoch=8 step=21520/29520 loss=22.5900 Le=0.0512 Lc=1.4140 Ld=3.3312 lr=2.637e-06 peak_mem=25.49GiB
epoch=8 step=21540/29520 loss=18.0111 Le=0.0257 Lc=1.2066 Ld=3.3761 lr=2.629e-06 peak_mem=25.49GiB
epoch=8 step=21560/29520 loss=24.4284 Le=0.0828 Lc=1.2795 Ld=3.3577 lr=2.622e-06 peak_mem=25.49GiB
epoch=8 step=21580/29520 loss=30.9749 Le=0.1497 Lc=1.2531 Ld=3.4748 lr=2.614e-06 peak_mem=25.49GiB
epoch=8 step=21600/29520 loss=26.4862 Le=0.1020 Lc=1.2726 Ld=3.5649 lr=2.607e-06 peak_mem=25.49GiB
epoch=8 step=21620/29520 loss=31.8380 Le=0.1589 Lc=1.2694 Ld=3.2594 lr=2.599e-06 peak_mem=25.49GiB
epoch=8 step=21640/29520 loss=23.8470 Le=0.0683 Lc=1.3625 Ld=3.3951 lr=2.591e-06 peak_mem=25.49GiB
epoch=8 step=21660/29520 loss=24.5205 Le=0.0857 Lc=1.2421 Ld=3.5319 lr=2.584e-06 peak_mem=25.49GiB
epoch=8 step=21680/29520 loss=27.0238 Le=0.1011 Lc=1.3621 Ld=3.2919 lr=2.576e-06 peak_mem=25.49GiB
epoch=8 step=21700/29520 loss=38.3797 Le=0.2134 Lc=1.3543 Ld=3.4941 lr=2.569e-06 peak_mem=25.49GiB
epoch=8 step=21720/29520 loss=20.7818 Le=0.0505 Lc=1.2265 Ld=3.4660 lr=2.561e-06 peak_mem=25.49GiB
epoch=8 step=21740/29520 loss=25.3903 Le=0.0984 Lc=1.2154 Ld=3.3933 lr=2.554e-06 peak_mem=25.49GiB
epoch=8 step=21760/29520 loss=26.2307 Le=0.0990 Lc=1.2983 Ld=3.3460 lr=2.546e-06 peak_mem=25.49GiB
epoch=8 step=21780/29520 loss=31.6145 Le=0.1622 Lc=1.1985 Ld=3.4067 lr=2.539e-06 peak_mem=25.49GiB
epoch=8 step=21800/29520 loss=33.8438 Le=0.1810 Lc=1.1986 Ld=3.7582 lr=2.531e-06 peak_mem=25.49GiB
epoch=8 step=21820/29520 loss=23.2464 Le=0.0689 Lc=1.2758 Ld=3.5990 lr=2.524e-06 peak_mem=25.49GiB
epoch=8 step=21840/29520 loss=33.5704 Le=0.1754 Lc=1.2720 Ld=3.3104 lr=2.517e-06 peak_mem=25.49GiB
epoch=8 step=21860/29520 loss=18.5047 Le=0.0201 Lc=1.3286 Ld=3.2138 lr=2.509e-06 peak_mem=25.49GiB
epoch=8 step=21880/29520 loss=21.1851 Le=0.0531 Lc=1.2495 Ld=3.3809 lr=2.502e-06 peak_mem=25.49GiB
epoch=8 step=21900/29520 loss=27.6921 Le=0.1158 Lc=1.2591 Ld=3.5202 lr=2.494e-06 peak_mem=25.49GiB
epoch=8 step=21920/29520 loss=19.7920 Le=0.0471 Lc=1.1732 Ld=3.3491 lr=2.487e-06 peak_mem=25.49GiB
epoch=8 step=21940/29520 loss=26.2997 Le=0.1027 Lc=1.2542 Ld=3.4841 lr=2.480e-06 peak_mem=25.49GiB
epoch=8 step=21960/29520 loss=26.4001 Le=0.1088 Lc=1.2267 Ld=3.2562 lr=2.472e-06 peak_mem=25.49GiB
epoch=8 step=21980/29520 loss=29.9678 Le=0.1357 Lc=1.2960 Ld=3.4331 lr=2.465e-06 peak_mem=25.49GiB
epoch=8 step=22000/29520 loss=27.0331 Le=0.1078 Lc=1.2603 Ld=3.6537 lr=2.458e-06 peak_mem=25.49GiB
epoch=8 step=22020/29520 loss=24.8339 Le=0.0825 Lc=1.3011 Ld=3.5724 lr=2.450e-06 peak_mem=25.49GiB
epoch=8 step=22040/29520 loss=26.4285 Le=0.1003 Lc=1.2908 Ld=3.4899 lr=2.443e-06 peak_mem=25.49GiB
epoch=8 step=22060/29520 loss=20.8271 Le=0.0504 Lc=1.2358 Ld=3.4319 lr=2.436e-06 peak_mem=25.49GiB
epoch=8 step=22080/29520 loss=28.5211 Le=0.1323 Lc=1.2155 Ld=3.1373 lr=2.429e-06 peak_mem=25.49GiB
epoch=8 step=22100/29520 loss=24.0202 Le=0.0685 Lc=1.3561 Ld=3.6111 lr=2.421e-06 peak_mem=25.49GiB
epoch=8 step=22120/29520 loss=39.8603 Le=0.2176 Lc=1.4527 Ld=3.5733 lr=2.414e-06 peak_mem=25.49GiB
epoch=8 step=22140/29520 loss=21.8314 Le=0.0593 Lc=1.2435 Ld=3.4647 lr=2.407e-06 peak_mem=25.49GiB
epoch=8 step=22160/29520 loss=39.8136 Le=0.2336 Lc=1.3216 Ld=3.2327 lr=2.400e-06 peak_mem=25.49GiB
epoch=8 step=22180/29520 loss=29.8124 Le=0.1477 Lc=1.1682 Ld=3.3624 lr=2.392e-06 peak_mem=25.49GiB
epoch=8 step=22200/29520 loss=28.5135 Le=0.1216 Lc=1.2852 Ld=3.5060 lr=2.385e-06 peak_mem=25.49GiB
epoch=8 step=22220/29520 loss=26.6503 Le=0.1179 Lc=1.1507 Ld=3.3580 lr=2.378e-06 peak_mem=25.49GiB
epoch=8 step=22240/29520 loss=33.7955 Le=0.1714 Lc=1.3081 Ld=3.5724 lr=2.371e-06 peak_mem=25.49GiB
epoch=8 step=22260/29520 loss=21.3254 Le=0.0604 Lc=1.2187 Ld=3.1008 lr=2.364e-06 peak_mem=25.49GiB
epoch=8 step=22280/29520 loss=34.5011 Le=0.1763 Lc=1.3644 Ld=3.2232 lr=2.357e-06 peak_mem=25.49GiB
epoch=8 step=22300/29520 loss=23.3721 Le=0.0646 Lc=1.3445 Ld=3.4679 lr=2.350e-06 peak_mem=25.49GiB
epoch=8 step=22320/29520 loss=25.4820 Le=0.0908 Lc=1.2915 Ld=3.4881 lr=2.343e-06 peak_mem=25.49GiB
epoch=8 step=22340/29520 loss=28.0066 Le=0.1155 Lc=1.3104 Ld=3.3484 lr=2.336e-06 peak_mem=25.49GiB
epoch=8 step=22360/29520 loss=31.0078 Le=0.1536 Lc=1.2032 Ld=3.6191 lr=2.329e-06 peak_mem=25.49GiB
epoch=8 step=22380/29520 loss=24.3848 Le=0.0693 Lc=1.3919 Ld=3.5351 lr=2.322e-06 peak_mem=25.49GiB
epoch=8 step=22400/29520 loss=26.3762 Le=0.0995 Lc=1.2899 Ld=3.5317 lr=2.315e-06 peak_mem=25.49GiB
epoch=8 step=22420/29520 loss=27.2074 Le=0.1162 Lc=1.2162 Ld=3.4263 lr=2.308e-06 peak_mem=25.49GiB
epoch=8 step=22440/29520 loss=22.5017 Le=0.0509 Lc=1.4002 Ld=3.4075 lr=2.301e-06 peak_mem=25.49GiB
epoch=8 step=22460/29520 loss=25.8507 Le=0.1078 Lc=1.1778 Ld=3.2916 lr=2.294e-06 peak_mem=25.49GiB
epoch=8 step=22480/29520 loss=22.4520 Le=0.0622 Lc=1.2799 Ld=3.4321 lr=2.287e-06 peak_mem=25.49GiB
epoch=8 step=22500/29520 loss=19.6505 Le=0.0500 Lc=1.1325 Ld=3.3287 lr=2.280e-06 peak_mem=25.49GiB
epoch=8 step=22520/29520 loss=34.7823 Le=0.1825 Lc=1.2942 Ld=3.5895 lr=2.273e-06 peak_mem=25.49GiB
epoch=8 step=22540/29520 loss=19.5281 Le=0.0386 Lc=1.2322 Ld=3.3465 lr=2.266e-06 peak_mem=25.49GiB
epoch=8 step=22560/29520 loss=23.3996 Le=0.0838 Lc=1.1494 Ld=3.5236 lr=2.259e-06 peak_mem=25.49GiB
epoch=8 step=22580/29520 loss=25.7797 Le=0.0887 Lc=1.3322 Ld=3.5858 lr=2.252e-06 peak_mem=25.49GiB
epoch=8 step=22600/29520 loss=21.4762 Le=0.0547 Lc=1.2701 Ld=3.3080 lr=2.245e-06 peak_mem=25.49GiB
epoch=8 step=22620/29520 loss=23.7340 Le=0.0797 Lc=1.2234 Ld=3.5335 lr=2.238e-06 peak_mem=25.49GiB
epoch=8 step=22640/29520 loss=30.8065 Le=0.1484 Lc=1.2600 Ld=3.3630 lr=2.232e-06 peak_mem=25.49GiB
epoch=8 step=22660/29520 loss=23.1357 Le=0.0653 Lc=1.3380 Ld=3.2249 lr=2.225e-06 peak_mem=25.49GiB
epoch=8 step=22680/29520 loss=28.2309 Le=0.1188 Lc=1.2903 Ld=3.4457 lr=2.218e-06 peak_mem=25.49GiB
epoch=8 step=22700/29520 loss=31.8070 Le=0.1597 Lc=1.2391 Ld=3.4481 lr=2.211e-06 peak_mem=25.49GiB
epoch=8 step=22720/29520 loss=24.4547 Le=0.0832 Lc=1.2850 Ld=3.2855 lr=2.204e-06 peak_mem=25.49GiB
epoch=8 step=22740/29520 loss=22.7596 Le=0.0732 Lc=1.1743 Ld=3.6991 lr=2.198e-06 peak_mem=25.49GiB
epoch=8 step=22760/29520 loss=33.7339 Le=0.1714 Lc=1.3092 Ld=3.5024 lr=2.191e-06 peak_mem=25.49GiB
epoch=8 step=22780/29520 loss=25.4889 Le=0.0910 Lc=1.3081 Ld=3.3123 lr=2.184e-06 peak_mem=25.49GiB
epoch=8 step=22800/29520 loss=22.5122 Le=0.0583 Lc=1.3396 Ld=3.2852 lr=2.178e-06 peak_mem=25.49GiB
epoch=8 step=22820/29520 loss=21.1101 Le=0.0565 Lc=1.2153 Ld=3.3110 lr=2.171e-06 peak_mem=25.49GiB
epoch=8 step=22840/29520 loss=35.5851 Le=0.1883 Lc=1.3476 Ld=3.2787 lr=2.164e-06 peak_mem=25.49GiB
epoch=8 step=22860/29520 loss=25.6285 Le=0.0945 Lc=1.2976 Ld=3.2024 lr=2.158e-06 peak_mem=25.49GiB
epoch=8 step=22880/29520 loss=19.9165 Le=0.0555 Lc=1.1206 Ld=3.1627 lr=2.151e-06 peak_mem=25.49GiB
epoch=8 step=22900/29520 loss=19.2621 Le=0.0412 Lc=1.1801 Ld=3.3430 lr=2.144e-06 peak_mem=25.49GiB
epoch=8 step=22920/29520 loss=36.6824 Le=0.1948 Lc=1.3757 Ld=3.4471 lr=2.138e-06 peak_mem=25.49GiB
epoch=8 step=22940/29520 loss=22.3174 Le=0.0611 Lc=1.2931 Ld=3.2798 lr=2.131e-06 peak_mem=25.49GiB
epoch=8 step=22960/29520 loss=24.3668 Le=0.0900 Lc=1.1920 Ld=3.4497 lr=2.125e-06 peak_mem=25.49GiB
epoch=8 step=22980/29520 loss=23.0582 Le=0.0848 Lc=1.0968 Ld=3.6073 lr=2.118e-06 peak_mem=25.49GiB
epoch=8 step=23000/29520 loss=23.3857 Le=0.0670 Lc=1.3213 Ld=3.4722 lr=2.112e-06 peak_mem=25.49GiB
epoch=8 step=23020/29520 loss=21.4411 Le=0.0480 Lc=1.3167 Ld=3.4767 lr=2.105e-06 peak_mem=25.49GiB
epoch=8 step=23040/29520 loss=24.6602 Le=0.0970 Lc=1.1573 Ld=3.3833 lr=2.099e-06 peak_mem=25.49GiB
epoch=8 step=23060/29520 loss=26.3286 Le=0.1041 Lc=1.2662 Ld=3.2556 lr=2.092e-06 peak_mem=25.49GiB
epoch=8 step=23080/29520 loss=24.3566 Le=0.0755 Lc=1.3358 Ld=3.4456 lr=2.086e-06 peak_mem=25.49GiB
epoch=8 step=23100/29520 loss=22.5409 Le=0.0637 Lc=1.2781 Ld=3.3948 lr=2.079e-06 peak_mem=25.49GiB
epoch=8 step=23120/29520 loss=21.8244 Le=0.0670 Lc=1.1669 Ld=3.4521 lr=2.073e-06 peak_mem=25.49GiB
epoch=8 step=23140/29520 loss=19.7015 Le=0.0490 Lc=1.1398 Ld=3.4047 lr=2.066e-06 peak_mem=25.49GiB
epoch=8 step=23160/29520 loss=39.5146 Le=0.2392 Lc=1.2505 Ld=3.0877 lr=2.060e-06 peak_mem=25.49GiB
epoch=8 step=23180/29520 loss=21.9094 Le=0.0620 Lc=1.2231 Ld=3.4799 lr=2.054e-06 peak_mem=25.49GiB
epoch=8 step=23200/29520 loss=18.0309 Le=0.0220 Lc=1.2355 Ld=3.4788 lr=2.047e-06 peak_mem=25.49GiB
epoch=8 step=23220/29520 loss=20.2487 Le=0.0503 Lc=1.1720 Ld=3.5022 lr=2.041e-06 peak_mem=25.49GiB
epoch=8 step=23240/29520 loss=26.7625 Le=0.1019 Lc=1.3172 Ld=3.3995 lr=2.034e-06 peak_mem=25.49GiB
epoch=8 step=23260/29520 loss=31.4383 Le=0.1613 Lc=1.1958 Ld=3.3500 lr=2.028e-06 peak_mem=25.49GiB
epoch=8 step=23280/29520 loss=20.8524 Le=0.0451 Lc=1.2904 Ld=3.4359 lr=2.022e-06 peak_mem=25.49GiB
epoch=8 step=23300/29520 loss=23.9010 Le=0.0762 Lc=1.3005 Ld=3.2716 lr=2.016e-06 peak_mem=25.49GiB
epoch=8 step=23320/29520 loss=23.5562 Le=0.0814 Lc=1.2117 Ld=3.3020 lr=2.009e-06 peak_mem=25.49GiB
epoch=8 step=23340/29520 loss=26.7319 Le=0.1074 Lc=1.2611 Ld=3.3778 lr=2.003e-06 peak_mem=25.49GiB
epoch=8 step=23360/29520 loss=21.1112 Le=0.0486 Lc=1.2810 Ld=3.4446 lr=1.997e-06 peak_mem=25.49GiB
epoch=8 step=23380/29520 loss=28.4846 Le=0.1277 Lc=1.2253 Ld=3.4590 lr=1.991e-06 peak_mem=25.49GiB
epoch=8 step=23400/29520 loss=26.3708 Le=0.1070 Lc=1.2208 Ld=3.4623 lr=1.984e-06 peak_mem=25.49GiB
epoch=8 step=23420/29520 loss=41.6757 Le=0.2507 Lc=1.3041 Ld=3.5676 lr=1.978e-06 peak_mem=25.49GiB
epoch=8 step=23440/29520 loss=24.7907 Le=0.0827 Lc=1.3005 Ld=3.5172 lr=1.972e-06 peak_mem=25.49GiB
epoch=8 step=23460/29520 loss=28.5446 Le=0.1228 Lc=1.3069 Ld=3.1972 lr=1.966e-06 peak_mem=25.49GiB
epoch=8 step=23480/29520 loss=28.3507 Le=0.1238 Lc=1.2426 Ld=3.5485 lr=1.960e-06 peak_mem=25.49GiB
epoch=8 step=23500/29520 loss=29.1331 Le=0.1198 Lc=1.3761 Ld=3.3890 lr=1.954e-06 peak_mem=25.49GiB
epoch=8 step=23520/29520 loss=34.8123 Le=0.1914 Lc=1.2224 Ld=3.4514 lr=1.948e-06 peak_mem=25.49GiB
epoch=8 step=23540/29520 loss=25.8765 Le=0.0894 Lc=1.3596 Ld=3.3354 lr=1.942e-06 peak_mem=25.49GiB
epoch=8 step=23560/29520 loss=28.0598 Le=0.1271 Lc=1.2167 Ld=3.1835 lr=1.935e-06 peak_mem=25.49GiB
epoch=8 step=23580/29520 loss=27.5807 Le=0.1115 Lc=1.3353 Ld=3.0786 lr=1.929e-06 peak_mem=25.49GiB
epoch=8 step=23600/29520 loss=27.6363 Le=0.1051 Lc=1.3802 Ld=3.3282 lr=1.923e-06 peak_mem=25.49GiB
epoch=8 checkpoints saved
epoch=9 step=23620/29520 loss=21.7276 Le=0.0504 Lc=1.3348 Ld=3.3371 lr=1.917e-06 peak_mem=25.49GiB
epoch=9 step=23640/29520 loss=30.0542 Le=0.1408 Lc=1.2689 Ld=3.2826 lr=1.911e-06 peak_mem=25.49GiB
epoch=9 step=23660/29520 loss=30.1091 Le=0.1442 Lc=1.2410 Ld=3.2830 lr=1.905e-06 peak_mem=25.49GiB
epoch=9 step=23680/29520 loss=29.6969 Le=0.1268 Lc=1.3619 Ld=3.3944 lr=1.899e-06 peak_mem=25.49GiB
epoch=9 step=23700/29520 loss=23.9497 Le=0.0760 Lc=1.3075 Ld=3.2735 lr=1.894e-06 peak_mem=25.49GiB
epoch=9 step=23720/29520 loss=25.8304 Le=0.0917 Lc=1.3277 Ld=3.3869 lr=1.888e-06 peak_mem=25.49GiB
epoch=9 step=23740/29520 loss=27.8848 Le=0.1211 Lc=1.2425 Ld=3.3511 lr=1.882e-06 peak_mem=25.49GiB
epoch=9 step=23760/29520 loss=25.6672 Le=0.1089 Lc=1.1282 Ld=3.4975 lr=1.876e-06 peak_mem=25.49GiB
epoch=9 step=23780/29520 loss=27.4027 Le=0.1169 Lc=1.2163 Ld=3.5493 lr=1.870e-06 peak_mem=25.49GiB
epoch=9 step=23800/29520 loss=19.2845 Le=0.0458 Lc=1.1261 Ld=3.4389 lr=1.864e-06 peak_mem=25.49GiB
epoch=9 step=23820/29520 loss=23.7363 Le=0.0814 Lc=1.2334 Ld=3.2594 lr=1.858e-06 peak_mem=25.49GiB
epoch=9 step=23840/29520 loss=22.6322 Le=0.0663 Lc=1.2692 Ld=3.3073 lr=1.852e-06 peak_mem=25.49GiB
epoch=9 step=23860/29520 loss=29.4944 Le=0.1377 Lc=1.2429 Ld=3.2945 lr=1.847e-06 peak_mem=25.49GiB
epoch=9 step=23880/29520 loss=20.8902 Le=0.0567 Lc=1.1745 Ld=3.4719 lr=1.841e-06 peak_mem=25.49GiB
epoch=9 step=23900/29520 loss=19.6159 Le=0.0371 Lc=1.2564 Ld=3.3420 lr=1.835e-06 peak_mem=25.49GiB
epoch=9 step=23920/29520 loss=18.8637 Le=0.0357 Lc=1.1945 Ld=3.3468 lr=1.829e-06 peak_mem=25.49GiB
epoch=9 step=23940/29520 loss=24.4782 Le=0.0768 Lc=1.3311 Ld=3.4833 lr=1.824e-06 peak_mem=25.49GiB
epoch=9 step=23960/29520 loss=30.0618 Le=0.1351 Lc=1.3153 Ld=3.3976 lr=1.818e-06 peak_mem=25.49GiB
epoch=9 step=23980/29520 loss=24.4346 Le=0.0887 Lc=1.2305 Ld=3.2576 lr=1.812e-06 peak_mem=25.49GiB
epoch=9 step=24000/29520 loss=27.0659 Le=0.1148 Lc=1.2311 Ld=3.2722 lr=1.807e-06 peak_mem=25.49GiB
epoch=9 step=24020/29520 loss=24.5350 Le=0.0753 Lc=1.3562 Ld=3.4425 lr=1.801e-06 peak_mem=25.49GiB
epoch=9 step=24040/29520 loss=25.2865 Le=0.0877 Lc=1.3032 Ld=3.4819 lr=1.795e-06 peak_mem=25.49GiB
epoch=9 step=24060/29520 loss=26.5800 Le=0.1169 Lc=1.1698 Ld=3.1922 lr=1.790e-06 peak_mem=25.49GiB
epoch=9 step=24080/29520 loss=33.2308 Le=0.1610 Lc=1.3720 Ld=3.4072 lr=1.784e-06 peak_mem=25.49GiB
epoch=9 step=24100/29520 loss=19.0158 Le=0.0387 Lc=1.1819 Ld=3.3228 lr=1.778e-06 peak_mem=25.49GiB
epoch=9 step=24120/29520 loss=22.0980 Le=0.0583 Lc=1.2927 Ld=3.3391 lr=1.773e-06 peak_mem=25.49GiB
epoch=9 step=24140/29520 loss=26.1049 Le=0.1046 Lc=1.2348 Ld=3.2932 lr=1.767e-06 peak_mem=25.49GiB
epoch=9 step=24160/29520 loss=22.3819 Le=0.0577 Lc=1.3006 Ld=3.6097 lr=1.762e-06 peak_mem=25.49GiB
epoch=9 step=24180/29520 loss=31.2239 Le=0.1425 Lc=1.3275 Ld=3.7024 lr=1.756e-06 peak_mem=25.49GiB
epoch=9 step=24200/29520 loss=26.8844 Le=0.1123 Lc=1.2366 Ld=3.2873 lr=1.751e-06 peak_mem=25.49GiB
epoch=9 step=24220/29520 loss=22.2316 Le=0.0639 Lc=1.2547 Ld=3.2950 lr=1.745e-06 peak_mem=25.49GiB
epoch=9 step=24240/29520 loss=22.9563 Le=0.0726 Lc=1.2588 Ld=3.1043 lr=1.740e-06 peak_mem=25.49GiB
epoch=9 step=24260/29520 loss=23.7418 Le=0.0700 Lc=1.3361 Ld=3.3779 lr=1.734e-06 peak_mem=25.49GiB
epoch=9 step=24280/29520 loss=19.8542 Le=0.0330 Lc=1.3194 Ld=3.3618 lr=1.729e-06 peak_mem=25.49GiB
epoch=9 step=24300/29520 loss=24.1019 Le=0.0823 Lc=1.2328 Ld=3.5429 lr=1.724e-06 peak_mem=25.49GiB
epoch=9 step=24320/29520 loss=37.7645 Le=0.2069 Lc=1.3504 Ld=3.5731 lr=1.718e-06 peak_mem=25.49GiB
epoch=9 step=24340/29520 loss=23.0054 Le=0.0613 Lc=1.3500 Ld=3.3751 lr=1.713e-06 peak_mem=25.49GiB
epoch=9 step=24360/29520 loss=24.6024 Le=0.0973 Lc=1.1504 Ld=3.3647 lr=1.708e-06 peak_mem=25.49GiB
epoch=9 step=24380/29520 loss=24.4761 Le=0.0733 Lc=1.3664 Ld=3.4818 lr=1.702e-06 peak_mem=25.49GiB
epoch=9 step=24400/29520 loss=31.6853 Le=0.1615 Lc=1.2104 Ld=3.4263 lr=1.697e-06 peak_mem=25.49GiB
epoch=9 step=24420/29520 loss=31.5787 Le=0.1659 Lc=1.1793 Ld=3.2010 lr=1.692e-06 peak_mem=25.49GiB
epoch=9 step=24440/29520 loss=18.0404 Le=0.0265 Lc=1.1809 Ld=3.5800 lr=1.686e-06 peak_mem=25.49GiB
epoch=9 step=24460/29520 loss=23.8212 Le=0.0785 Lc=1.2579 Ld=3.3961 lr=1.681e-06 peak_mem=25.49GiB
epoch=9 step=24480/29520 loss=20.0479 Le=0.0464 Lc=1.1849 Ld=3.5551 lr=1.676e-06 peak_mem=25.49GiB
epoch=9 step=24500/29520 loss=26.9172 Le=0.0949 Lc=1.4008 Ld=3.4181 lr=1.671e-06 peak_mem=25.49GiB
epoch=9 step=24520/29520 loss=23.1806 Le=0.0601 Lc=1.3943 Ld=3.2241 lr=1.665e-06 peak_mem=25.49GiB
epoch=9 step=24540/29520 loss=29.9227 Le=0.1281 Lc=1.3851 Ld=3.2575 lr=1.660e-06 peak_mem=25.49GiB
epoch=9 step=24560/29520 loss=19.1539 Le=0.0337 Lc=1.2507 Ld=3.2794 lr=1.655e-06 peak_mem=25.49GiB
epoch=9 step=24580/29520 loss=25.9100 Le=0.1044 Lc=1.2011 Ld=3.4636 lr=1.650e-06 peak_mem=25.49GiB
epoch=9 step=24600/29520 loss=19.7887 Le=0.0318 Lc=1.3087 Ld=3.5252 lr=1.645e-06 peak_mem=25.49GiB
epoch=9 step=24620/29520 loss=23.2402 Le=0.0785 Lc=1.2098 Ld=3.2901 lr=1.640e-06 peak_mem=25.49GiB
epoch=9 step=24640/29520 loss=19.4790 Le=0.0211 Lc=1.3973 Ld=3.3916 lr=1.635e-06 peak_mem=25.49GiB
epoch=9 step=24660/29520 loss=28.4301 Le=0.1152 Lc=1.3617 Ld=3.2924 lr=1.630e-06 peak_mem=25.49GiB
epoch=9 step=24680/29520 loss=23.1470 Le=0.0601 Lc=1.3686 Ld=3.4494 lr=1.625e-06 peak_mem=25.49GiB
epoch=9 step=24700/29520 loss=29.8456 Le=0.1356 Lc=1.3110 Ld=3.1787 lr=1.620e-06 peak_mem=25.49GiB
epoch=9 step=24720/29520 loss=23.8212 Le=0.0690 Lc=1.3626 Ld=3.2948 lr=1.615e-06 peak_mem=25.49GiB
epoch=9 step=24740/29520 loss=23.2912 Le=0.0679 Lc=1.2955 Ld=3.5415 lr=1.610e-06 peak_mem=25.49GiB
epoch=9 step=24760/29520 loss=22.1238 Le=0.0559 Lc=1.3239 Ld=3.2918 lr=1.605e-06 peak_mem=25.49GiB
epoch=9 step=24780/29520 loss=32.2304 Le=0.1643 Lc=1.2404 Ld=3.3930 lr=1.600e-06 peak_mem=25.49GiB
epoch=9 step=24800/29520 loss=21.5830 Le=0.0649 Lc=1.1659 Ld=3.4371 lr=1.595e-06 peak_mem=25.49GiB
epoch=9 step=24820/29520 loss=22.8129 Le=0.0639 Lc=1.3206 Ld=3.2216 lr=1.590e-06 peak_mem=25.49GiB
epoch=9 step=24840/29520 loss=23.0959 Le=0.0783 Lc=1.1857 Ld=3.4108 lr=1.585e-06 peak_mem=25.49GiB
epoch=9 step=24860/29520 loss=20.2626 Le=0.0471 Lc=1.2135 Ld=3.4149 lr=1.580e-06 peak_mem=25.49GiB
epoch=9 step=24880/29520 loss=19.0493 Le=0.0440 Lc=1.1116 Ld=3.5366 lr=1.575e-06 peak_mem=25.49GiB
epoch=9 step=24900/29520 loss=22.2912 Le=0.0600 Lc=1.2938 Ld=3.3508 lr=1.570e-06 peak_mem=25.49GiB
epoch=9 step=24920/29520 loss=28.8267 Le=0.1256 Lc=1.2868 Ld=3.4011 lr=1.565e-06 peak_mem=25.49GiB
epoch=9 step=24940/29520 loss=23.5328 Le=0.0766 Lc=1.2271 Ld=3.5980 lr=1.561e-06 peak_mem=25.49GiB
epoch=9 step=24960/29520 loss=26.7988 Le=0.1096 Lc=1.2617 Ld=3.2222 lr=1.556e-06 peak_mem=25.49GiB
epoch=9 step=24980/29520 loss=18.0516 Le=0.0288 Lc=1.1892 Ld=3.2745 lr=1.551e-06 peak_mem=25.49GiB
epoch=9 step=25000/29520 loss=22.4688 Le=0.0748 Lc=1.1517 Ld=3.4762 lr=1.546e-06 peak_mem=25.49GiB
epoch=9 step=25020/29520 loss=23.0999 Le=0.0567 Lc=1.3924 Ld=3.5054 lr=1.542e-06 peak_mem=25.49GiB
epoch=9 step=25040/29520 loss=29.0327 Le=0.1251 Lc=1.3071 Ld=3.4477 lr=1.537e-06 peak_mem=25.49GiB
epoch=9 step=25060/29520 loss=24.8321 Le=0.0897 Lc=1.2702 Ld=3.1624 lr=1.532e-06 peak_mem=25.49GiB
epoch=9 step=25080/29520 loss=27.8791 Le=0.1224 Lc=1.2173 Ld=3.4643 lr=1.528e-06 peak_mem=25.49GiB
epoch=9 step=25100/29520 loss=27.3245 Le=0.1070 Lc=1.2974 Ld=3.6489 lr=1.523e-06 peak_mem=25.49GiB
epoch=9 step=25120/29520 loss=23.2127 Le=0.0729 Lc=1.2664 Ld=3.2568 lr=1.518e-06 peak_mem=25.49GiB
epoch=9 step=25140/29520 loss=28.4298 Le=0.1268 Lc=1.2261 Ld=3.4901 lr=1.514e-06 peak_mem=25.49GiB
epoch=9 step=25160/29520 loss=24.1293 Le=0.0788 Lc=1.2748 Ld=3.5024 lr=1.509e-06 peak_mem=25.49GiB
epoch=9 step=25180/29520 loss=24.9090 Le=0.0879 Lc=1.2689 Ld=3.4290 lr=1.505e-06 peak_mem=25.49GiB
epoch=9 step=25200/29520 loss=29.7783 Le=0.1228 Lc=1.4093 Ld=3.4019 lr=1.500e-06 peak_mem=25.49GiB
epoch=9 step=25220/29520 loss=27.6622 Le=0.1277 Lc=1.1501 Ld=3.3959 lr=1.495e-06 peak_mem=25.49GiB
epoch=9 step=25240/29520 loss=19.9960 Le=0.0383 Lc=1.2853 Ld=3.3101 lr=1.491e-06 peak_mem=25.49GiB
epoch=9 step=25260/29520 loss=26.9889 Le=0.1139 Lc=1.2292 Ld=3.3108 lr=1.486e-06 peak_mem=25.49GiB
epoch=9 step=25280/29520 loss=24.2689 Le=0.0978 Lc=1.1361 Ld=3.1281 lr=1.482e-06 peak_mem=25.49GiB
epoch=9 step=25300/29520 loss=24.6343 Le=0.0833 Lc=1.2925 Ld=3.3784 lr=1.478e-06 peak_mem=25.49GiB
epoch=9 step=25320/29520 loss=20.2731 Le=0.0548 Lc=1.1408 Ld=3.3871 lr=1.473e-06 peak_mem=25.49GiB
epoch=9 step=25340/29520 loss=22.1913 Le=0.0643 Lc=1.2444 Ld=3.3193 lr=1.469e-06 peak_mem=25.49GiB
epoch=9 step=25360/29520 loss=20.5161 Le=0.0489 Lc=1.2048 Ld=3.5770 lr=1.464e-06 peak_mem=25.49GiB
epoch=9 step=25380/29520 loss=29.2316 Le=0.1466 Lc=1.1545 Ld=3.0232 lr=1.460e-06 peak_mem=25.49GiB
epoch=9 step=25400/29520 loss=34.8953 Le=0.1800 Lc=1.3562 Ld=3.3362 lr=1.456e-06 peak_mem=25.49GiB
epoch=9 step=25420/29520 loss=25.1184 Le=0.0956 Lc=1.2174 Ld=3.3810 lr=1.451e-06 peak_mem=25.49GiB
epoch=9 step=25440/29520 loss=39.6996 Le=0.2256 Lc=1.3865 Ld=3.2789 lr=1.447e-06 peak_mem=25.49GiB
epoch=9 step=25460/29520 loss=18.3833 Le=0.0252 Lc=1.2508 Ld=3.3535 lr=1.443e-06 peak_mem=25.49GiB
epoch=9 step=25480/29520 loss=24.1227 Le=0.0853 Lc=1.2072 Ld=3.5165 lr=1.438e-06 peak_mem=25.49GiB
epoch=9 step=25500/29520 loss=24.0510 Le=0.0728 Lc=1.3474 Ld=3.3019 lr=1.434e-06 peak_mem=25.49GiB
epoch=9 step=25520/29520 loss=31.7550 Le=0.1557 Lc=1.2985 Ld=3.1991 lr=1.430e-06 peak_mem=25.49GiB
epoch=9 step=25540/29520 loss=28.1570 Le=0.1139 Lc=1.3346 Ld=3.4171 lr=1.426e-06 peak_mem=25.49GiB
epoch=9 step=25560/29520 loss=26.0487 Le=0.0992 Lc=1.2885 Ld=3.2467 lr=1.421e-06 peak_mem=25.49GiB
epoch=9 step=25580/29520 loss=26.0962 Le=0.1014 Lc=1.2459 Ld=3.5004 lr=1.417e-06 peak_mem=25.49GiB
epoch=9 step=25600/29520 loss=23.5378 Le=0.0850 Lc=1.1914 Ld=3.1215 lr=1.413e-06 peak_mem=25.49GiB
epoch=9 step=25620/29520 loss=21.3046 Le=0.0546 Lc=1.2640 Ld=3.2071 lr=1.409e-06 peak_mem=25.49GiB
epoch=9 step=25640/29520 loss=21.0862 Le=0.0646 Lc=1.1298 Ld=3.3293 lr=1.405e-06 peak_mem=25.49GiB
epoch=9 step=25660/29520 loss=26.1290 Le=0.1000 Lc=1.2606 Ld=3.5222 lr=1.401e-06 peak_mem=25.49GiB
epoch=9 step=25680/29520 loss=20.9348 Le=0.0561 Lc=1.2064 Ld=3.2565 lr=1.397e-06 peak_mem=25.49GiB
epoch=9 step=25700/29520 loss=28.7171 Le=0.1372 Lc=1.1721 Ld=3.2747 lr=1.393e-06 peak_mem=25.49GiB
epoch=9 step=25720/29520 loss=22.7177 Le=0.0743 Lc=1.1915 Ld=3.3728 lr=1.389e-06 peak_mem=25.49GiB
epoch=9 step=25740/29520 loss=20.1146 Le=0.0385 Lc=1.2689 Ld=3.5781 lr=1.384e-06 peak_mem=25.49GiB
epoch=9 step=25760/29520 loss=28.4571 Le=0.1219 Lc=1.2988 Ld=3.2747 lr=1.380e-06 peak_mem=25.49GiB
epoch=9 step=25780/29520 loss=22.7619 Le=0.0687 Lc=1.2544 Ld=3.3492 lr=1.377e-06 peak_mem=25.49GiB
epoch=9 step=25800/29520 loss=21.0318 Le=0.0502 Lc=1.2492 Ld=3.5184 lr=1.373e-06 peak_mem=25.49GiB
epoch=9 step=25820/29520 loss=27.3852 Le=0.1308 Lc=1.0822 Ld=3.4850 lr=1.369e-06 peak_mem=25.49GiB
epoch=9 step=25840/29520 loss=21.8721 Le=0.0733 Lc=1.1159 Ld=3.3821 lr=1.365e-06 peak_mem=25.49GiB
epoch=9 step=25860/29520 loss=21.5224 Le=0.0597 Lc=1.2156 Ld=3.3978 lr=1.361e-06 peak_mem=25.49GiB
epoch=9 step=25880/29520 loss=19.9899 Le=0.0420 Lc=1.2278 Ld=3.5165 lr=1.357e-06 peak_mem=25.49GiB
epoch=9 step=25900/29520 loss=34.3141 Le=0.1890 Lc=1.2040 Ld=3.3756 lr=1.353e-06 peak_mem=25.49GiB
epoch=9 step=25920/29520 loss=31.8156 Le=0.1539 Lc=1.3215 Ld=3.2071 lr=1.349e-06 peak_mem=25.49GiB
epoch=9 step=25940/29520 loss=21.5036 Le=0.0421 Lc=1.4095 Ld=3.1941 lr=1.345e-06 peak_mem=25.49GiB
epoch=9 step=25960/29520 loss=23.9471 Le=0.0919 Lc=1.1303 Ld=3.4565 lr=1.342e-06 peak_mem=25.49GiB
epoch=9 step=25980/29520 loss=35.7750 Le=0.1915 Lc=1.3162 Ld=3.4621 lr=1.338e-06 peak_mem=25.49GiB
epoch=9 step=26000/29520 loss=21.7298 Le=0.0654 Lc=1.1969 Ld=3.2211 lr=1.334e-06 peak_mem=25.49GiB
epoch=9 step=26020/29520 loss=23.1424 Le=0.0862 Lc=1.1166 Ld=3.3606 lr=1.330e-06 peak_mem=25.49GiB
epoch=9 step=26040/29520 loss=25.4994 Le=0.0917 Lc=1.2779 Ld=3.5467 lr=1.327e-06 peak_mem=25.49GiB
epoch=9 step=26060/29520 loss=22.6460 Le=0.0742 Lc=1.1841 Ld=3.3803 lr=1.323e-06 peak_mem=25.49GiB
epoch=9 step=26080/29520 loss=21.7693 Le=0.0637 Lc=1.2251 Ld=3.1522 lr=1.319e-06 peak_mem=25.49GiB
epoch=9 step=26100/29520 loss=18.8056 Le=0.0285 Lc=1.2722 Ld=3.2312 lr=1.316e-06 peak_mem=25.49GiB
epoch=9 step=26120/29520 loss=23.1063 Le=0.0704 Lc=1.2918 Ld=3.1467 lr=1.312e-06 peak_mem=25.49GiB
epoch=9 step=26140/29520 loss=26.4991 Le=0.1082 Lc=1.2310 Ld=3.3641 lr=1.308e-06 peak_mem=25.49GiB
epoch=9 step=26160/29520 loss=25.4635 Le=0.1001 Lc=1.2023 Ld=3.4281 lr=1.305e-06 peak_mem=25.49GiB
epoch=9 step=26180/29520 loss=29.1536 Le=0.1446 Lc=1.1341 Ld=3.3538 lr=1.301e-06 peak_mem=25.49GiB
epoch=9 step=26200/29520 loss=27.8784 Le=0.1118 Lc=1.3166 Ld=3.5329 lr=1.298e-06 peak_mem=25.49GiB
epoch=9 step=26220/29520 loss=20.6186 Le=0.0483 Lc=1.2491 Ld=3.2956 lr=1.294e-06 peak_mem=25.49GiB
epoch=9 step=26240/29520 loss=20.6203 Le=0.0276 Lc=1.4534 Ld=3.3273 lr=1.291e-06 peak_mem=25.49GiB
epoch=9 step=26260/29520 loss=19.7978 Le=0.0359 Lc=1.2716 Ld=3.4910 lr=1.287e-06 peak_mem=25.49GiB
epoch=9 step=26280/29520 loss=22.3565 Le=0.0659 Lc=1.2179 Ld=3.5905 lr=1.284e-06 peak_mem=25.49GiB
epoch=9 step=26300/29520 loss=30.1360 Le=0.1442 Lc=1.2376 Ld=3.3363 lr=1.280e-06 peak_mem=25.49GiB
epoch=9 step=26320/29520 loss=22.9188 Le=0.0606 Lc=1.3294 Ld=3.5596 lr=1.277e-06 peak_mem=25.49GiB
epoch=9 step=26340/29520 loss=26.8360 Le=0.1169 Lc=1.1780 Ld=3.3626 lr=1.273e-06 peak_mem=25.49GiB
epoch=9 step=26360/29520 loss=20.6074 Le=0.0553 Lc=1.1825 Ld=3.2567 lr=1.270e-06 peak_mem=25.49GiB
epoch=9 step=26380/29520 loss=21.8619 Le=0.0629 Lc=1.2408 Ld=3.1621 lr=1.267e-06 peak_mem=25.49GiB
epoch=9 step=26400/29520 loss=24.7114 Le=0.0882 Lc=1.2571 Ld=3.3248 lr=1.263e-06 peak_mem=25.49GiB
epoch=9 step=26420/29520 loss=25.9690 Le=0.1131 Lc=1.1401 Ld=3.2570 lr=1.260e-06 peak_mem=25.49GiB
epoch=9 step=26440/29520 loss=22.5326 Le=0.0668 Lc=1.2510 Ld=3.3477 lr=1.257e-06 peak_mem=25.49GiB
epoch=9 step=26460/29520 loss=31.8085 Le=0.1509 Lc=1.3354 Ld=3.3631 lr=1.253e-06 peak_mem=25.49GiB
epoch=9 step=26480/29520 loss=28.2193 Le=0.1121 Lc=1.3655 Ld=3.3547 lr=1.250e-06 peak_mem=25.49GiB
epoch=9 step=26500/29520 loss=27.6880 Le=0.1302 Lc=1.1620 Ld=3.0453 lr=1.247e-06 peak_mem=25.49GiB
epoch=9 step=26520/29520 loss=18.7533 Le=0.0339 Lc=1.1842 Ld=3.5217 lr=1.243e-06 peak_mem=25.49GiB
epoch=9 step=26540/29520 loss=29.8324 Le=0.1369 Lc=1.2667 Ld=3.4771 lr=1.240e-06 peak_mem=25.49GiB
epoch=9 step=26560/29520 loss=28.9284 Le=0.1214 Lc=1.3619 Ld=3.1689 lr=1.237e-06 peak_mem=25.49GiB
epoch=9 checkpoints saved
epoch=10 step=26580/29520 loss=26.0472 Le=0.1013 Lc=1.2383 Ld=3.5382 lr=1.234e-06 peak_mem=25.49GiB
epoch=10 step=26600/29520 loss=26.6086 Le=0.1092 Lc=1.2653 Ld=3.0344 lr=1.231e-06 peak_mem=25.49GiB
epoch=10 step=26620/29520 loss=38.6334 Le=0.2193 Lc=1.2942 Ld=3.7593 lr=1.228e-06 peak_mem=25.49GiB
epoch=10 step=26640/29520 loss=21.1259 Le=0.0639 Lc=1.1580 Ld=3.1537 lr=1.225e-06 peak_mem=25.49GiB
epoch=10 step=26660/29520 loss=34.6049 Le=0.1880 Lc=1.2261 Ld=3.5417 lr=1.221e-06 peak_mem=25.49GiB
epoch=10 step=26680/29520 loss=22.7536 Le=0.0657 Lc=1.2667 Ld=3.5160 lr=1.218e-06 peak_mem=25.49GiB
epoch=10 step=26700/29520 loss=20.6413 Le=0.0559 Lc=1.1850 Ld=3.2039 lr=1.215e-06 peak_mem=25.49GiB
epoch=10 step=26720/29520 loss=23.4241 Le=0.0712 Lc=1.2987 Ld=3.3157 lr=1.212e-06 peak_mem=25.49GiB
epoch=10 step=26740/29520 loss=25.0399 Le=0.0966 Lc=1.2205 Ld=3.1745 lr=1.209e-06 peak_mem=25.49GiB
epoch=10 step=26760/29520 loss=18.9299 Le=0.0374 Lc=1.1723 Ld=3.4642 lr=1.206e-06 peak_mem=25.49GiB
epoch=10 step=26780/29520 loss=25.4074 Le=0.0962 Lc=1.2429 Ld=3.3631 lr=1.203e-06 peak_mem=25.49GiB
epoch=10 step=26800/29520 loss=17.7528 Le=0.0252 Lc=1.1969 Ld=3.2628 lr=1.200e-06 peak_mem=25.49GiB
epoch=10 step=26820/29520 loss=25.2742 Le=0.0954 Lc=1.2576 Ld=3.1590 lr=1.198e-06 peak_mem=25.49GiB
epoch=10 step=26840/29520 loss=20.7840 Le=0.0368 Lc=1.3598 Ld=3.5081 lr=1.195e-06 peak_mem=25.49GiB
epoch=10 step=26860/29520 loss=24.5039 Le=0.0769 Lc=1.3461 Ld=3.3508 lr=1.192e-06 peak_mem=25.49GiB
epoch=10 step=26880/29520 loss=15.2361 Le=0.0157 Lc=1.0145 Ld=3.5214 lr=1.189e-06 peak_mem=25.49GiB
epoch=10 step=26900/29520 loss=31.1669 Le=0.1554 Lc=1.2017 Ld=3.6063 lr=1.186e-06 peak_mem=25.49GiB
epoch=10 step=26920/29520 loss=17.9985 Le=0.0192 Lc=1.2632 Ld=3.4448 lr=1.183e-06 peak_mem=25.49GiB
epoch=10 step=26940/29520 loss=23.9089 Le=0.0806 Lc=1.2192 Ld=3.6545 lr=1.181e-06 peak_mem=25.49GiB
epoch=10 step=26960/29520 loss=18.4804 Le=0.0319 Lc=1.1979 Ld=3.3125 lr=1.178e-06 peak_mem=25.49GiB
epoch=10 step=26980/29520 loss=22.7827 Le=0.0701 Lc=1.2708 Ld=3.0614 lr=1.175e-06 peak_mem=25.49GiB
epoch=10 step=27000/29520 loss=27.0231 Le=0.1047 Lc=1.3325 Ld=3.2231 lr=1.172e-06 peak_mem=25.49GiB
epoch=10 step=27020/29520 loss=24.8429 Le=0.0850 Lc=1.3134 Ld=3.2089 lr=1.170e-06 peak_mem=25.49GiB
epoch=10 step=27040/29520 loss=19.4987 Le=0.0413 Lc=1.2136 Ld=3.2295 lr=1.167e-06 peak_mem=25.49GiB
epoch=10 step=27060/29520 loss=22.6714 Le=0.0640 Lc=1.2781 Ld=3.4899 lr=1.164e-06 peak_mem=25.49GiB
epoch=10 step=27080/29520 loss=20.5279 Le=0.0460 Lc=1.2423 Ld=3.5054 lr=1.162e-06 peak_mem=25.49GiB
epoch=10 step=27100/29520 loss=22.0784 Le=0.0742 Lc=1.1366 Ld=3.2887 lr=1.159e-06 peak_mem=25.49GiB
epoch=10 step=27120/29520 loss=23.4167 Le=0.0844 Lc=1.1867 Ld=3.1069 lr=1.156e-06 peak_mem=25.49GiB
epoch=10 step=27140/29520 loss=23.1076 Le=0.0721 Lc=1.2789 Ld=3.1041 lr=1.154e-06 peak_mem=25.49GiB
epoch=10 step=27160/29520 loss=27.8793 Le=0.1198 Lc=1.2813 Ld=3.0844 lr=1.151e-06 peak_mem=25.49GiB
epoch=10 step=27180/29520 loss=21.3274 Le=0.0461 Lc=1.3204 Ld=3.5161 lr=1.149e-06 peak_mem=25.49GiB
epoch=10 step=27200/29520 loss=29.0349 Le=0.1337 Lc=1.2548 Ld=3.1165 lr=1.146e-06 peak_mem=25.49GiB
epoch=10 step=27220/29520 loss=22.0285 Le=0.0728 Lc=1.1380 Ld=3.3682 lr=1.144e-06 peak_mem=25.49GiB
epoch=10 step=27240/29520 loss=32.5188 Le=0.1681 Lc=1.2330 Ld=3.3739 lr=1.141e-06 peak_mem=25.49GiB
epoch=10 step=27260/29520 loss=20.6267 Le=0.0447 Lc=1.2839 Ld=3.3213 lr=1.139e-06 peak_mem=25.49GiB
epoch=10 step=27280/29520 loss=34.4503 Le=0.1825 Lc=1.2991 Ld=3.2129 lr=1.136e-06 peak_mem=25.49GiB
epoch=10 step=27300/29520 loss=25.2442 Le=0.0899 Lc=1.2855 Ld=3.4032 lr=1.134e-06 peak_mem=25.49GiB
epoch=10 step=27320/29520 loss=18.2681 Le=0.0298 Lc=1.2140 Ld=3.1507 lr=1.131e-06 peak_mem=25.49GiB
epoch=10 step=27340/29520 loss=21.8773 Le=0.0548 Lc=1.2965 Ld=3.4295 lr=1.129e-06 peak_mem=25.49GiB
epoch=10 step=27360/29520 loss=30.9755 Le=0.1465 Lc=1.3001 Ld=3.3274 lr=1.127e-06 peak_mem=25.49GiB
epoch=10 step=27380/29520 loss=25.3639 Le=0.0769 Lc=1.4325 Ld=3.3463 lr=1.124e-06 peak_mem=25.49GiB
epoch=10 step=27400/29520 loss=18.2439 Le=0.0196 Lc=1.3018 Ld=3.2635 lr=1.122e-06 peak_mem=25.49GiB
epoch=10 step=27420/29520 loss=20.7211 Le=0.0603 Lc=1.1363 Ld=3.3275 lr=1.120e-06 peak_mem=25.49GiB
epoch=10 step=27440/29520 loss=25.5541 Le=0.1018 Lc=1.2008 Ld=3.3674 lr=1.118e-06 peak_mem=25.49GiB
epoch=10 step=27460/29520 loss=28.0172 Le=0.1280 Lc=1.1865 Ld=3.3501 lr=1.115e-06 peak_mem=25.49GiB
epoch=10 step=27480/29520 loss=21.0504 Le=0.0473 Lc=1.2851 Ld=3.4668 lr=1.113e-06 peak_mem=25.49GiB
epoch=10 step=27500/29520 loss=26.7281 Le=0.1189 Lc=1.1579 Ld=3.2559 lr=1.111e-06 peak_mem=25.49GiB
epoch=10 step=27520/29520 loss=25.7608 Le=0.0848 Lc=1.3916 Ld=3.3608 lr=1.109e-06 peak_mem=25.49GiB
epoch=10 step=27540/29520 loss=21.9154 Le=0.0491 Lc=1.3499 Ld=3.5037 lr=1.107e-06 peak_mem=25.49GiB
epoch=10 step=27560/29520 loss=22.5698 Le=0.0677 Lc=1.2455 Ld=3.3494 lr=1.104e-06 peak_mem=25.49GiB
epoch=10 step=27580/29520 loss=23.6355 Le=0.0777 Lc=1.2388 Ld=3.4763 lr=1.102e-06 peak_mem=25.49GiB
epoch=10 step=27600/29520 loss=25.4725 Le=0.0995 Lc=1.2340 Ld=3.1876 lr=1.100e-06 peak_mem=25.49GiB
epoch=10 step=27620/29520 loss=23.5869 Le=0.0830 Lc=1.1885 Ld=3.4000 lr=1.098e-06 peak_mem=25.49GiB
epoch=10 step=27640/29520 loss=16.8468 Le=0.0203 Lc=1.1535 Ld=3.2795 lr=1.096e-06 peak_mem=25.49GiB
epoch=10 step=27660/29520 loss=26.9558 Le=0.1038 Lc=1.3492 Ld=3.0867 lr=1.094e-06 peak_mem=25.49GiB
epoch=10 step=27680/29520 loss=22.2362 Le=0.0802 Lc=1.0813 Ld=3.4036 lr=1.092e-06 peak_mem=25.49GiB
epoch=10 step=27700/29520 loss=20.7659 Le=0.0557 Lc=1.1721 Ld=3.4745 lr=1.090e-06 peak_mem=25.49GiB
epoch=10 step=27720/29520 loss=20.8973 Le=0.0567 Lc=1.1836 Ld=3.3943 lr=1.088e-06 peak_mem=25.49GiB
epoch=10 step=27740/29520 loss=29.7827 Le=0.1317 Lc=1.3344 Ld=3.2666 lr=1.086e-06 peak_mem=25.49GiB
epoch=10 step=27760/29520 loss=26.4048 Le=0.1021 Lc=1.3051 Ld=3.1428 lr=1.084e-06 peak_mem=25.49GiB
epoch=10 step=27780/29520 loss=18.2373 Le=0.0199 Lc=1.2928 Ld=3.3178 lr=1.082e-06 peak_mem=25.49GiB
epoch=10 step=27800/29520 loss=25.2863 Le=0.1029 Lc=1.1698 Ld=3.2960 lr=1.081e-06 peak_mem=25.49GiB
epoch=10 step=27820/29520 loss=17.7964 Le=0.0255 Lc=1.2224 Ld=3.0262 lr=1.079e-06 peak_mem=25.49GiB
epoch=10 step=27840/29520 loss=22.9787 Le=0.0785 Lc=1.1628 Ld=3.4991 lr=1.077e-06 peak_mem=25.49GiB
epoch=10 step=27860/29520 loss=30.4855 Le=0.1498 Lc=1.2249 Ld=3.2526 lr=1.075e-06 peak_mem=25.49GiB
epoch=10 step=27880/29520 loss=16.3282 Le=0.0160 Lc=1.1539 Ld=3.1942 lr=1.073e-06 peak_mem=25.49GiB
epoch=10 step=27900/29520 loss=25.4551 Le=0.1006 Lc=1.2061 Ld=3.3381 lr=1.071e-06 peak_mem=25.49GiB
epoch=10 step=27920/29520 loss=19.6440 Le=0.0447 Lc=1.1925 Ld=3.2502 lr=1.070e-06 peak_mem=25.49GiB
epoch=10 step=27940/29520 loss=16.6645 Le=0.0129 Lc=1.2015 Ld=3.3624 lr=1.068e-06 peak_mem=25.49GiB
epoch=10 step=27960/29520 loss=20.4944 Le=0.0437 Lc=1.2640 Ld=3.4811 lr=1.066e-06 peak_mem=25.49GiB
epoch=10 step=27980/29520 loss=32.7429 Le=0.1666 Lc=1.2833 Ld=3.2465 lr=1.065e-06 peak_mem=25.49GiB
epoch=10 step=28000/29520 loss=25.8193 Le=0.1024 Lc=1.2383 Ld=3.1999 lr=1.063e-06 peak_mem=25.49GiB
epoch=10 step=28020/29520 loss=20.3116 Le=0.0489 Lc=1.2059 Ld=3.3634 lr=1.061e-06 peak_mem=25.49GiB
epoch=10 step=28040/29520 loss=31.4704 Le=0.1449 Lc=1.3532 Ld=3.4460 lr=1.060e-06 peak_mem=25.49GiB
epoch=10 step=28060/29520 loss=21.3721 Le=0.0627 Lc=1.1903 Ld=3.1958 lr=1.058e-06 peak_mem=25.49GiB
epoch=10 step=28080/29520 loss=28.6608 Le=0.1270 Lc=1.2724 Ld=3.2349 lr=1.056e-06 peak_mem=25.49GiB
epoch=10 step=28100/29520 loss=24.0913 Le=0.0860 Lc=1.2242 Ld=3.2505 lr=1.055e-06 peak_mem=25.49GiB
epoch=10 step=28120/29520 loss=25.1219 Le=0.0826 Lc=1.3859 Ld=2.9998 lr=1.053e-06 peak_mem=25.49GiB
epoch=10 step=28140/29520 loss=20.7650 Le=0.0526 Lc=1.2145 Ld=3.3561 lr=1.052e-06 peak_mem=25.49GiB
epoch=10 step=28160/29520 loss=21.5067 Le=0.0581 Lc=1.2441 Ld=3.2541 lr=1.050e-06 peak_mem=25.49GiB
epoch=10 step=28180/29520 loss=19.2599 Le=0.0251 Lc=1.3240 Ld=3.5151 lr=1.049e-06 peak_mem=25.49GiB
epoch=10 step=28200/29520 loss=20.4975 Le=0.0650 Lc=1.0854 Ld=3.1462 lr=1.047e-06 peak_mem=25.49GiB
epoch=10 step=28220/29520 loss=21.6018 Le=0.0674 Lc=1.1732 Ld=3.1303 lr=1.046e-06 peak_mem=25.49GiB
epoch=10 step=28240/29520 loss=20.4767 Le=0.0563 Lc=1.1563 Ld=3.2856 lr=1.045e-06 peak_mem=25.49GiB
epoch=10 step=28260/29520 loss=28.7643 Le=0.1286 Lc=1.2617 Ld=3.2871 lr=1.043e-06 peak_mem=25.49GiB
epoch=10 step=28280/29520 loss=22.4935 Le=0.0730 Lc=1.1820 Ld=3.3754 lr=1.042e-06 peak_mem=25.49GiB
epoch=10 step=28300/29520 loss=29.0559 Le=0.1451 Lc=1.1148 Ld=3.4032 lr=1.041e-06 peak_mem=25.49GiB
epoch=10 step=28320/29520 loss=25.8707 Le=0.1123 Lc=1.1277 Ld=3.3637 lr=1.039e-06 peak_mem=25.49GiB
epoch=10 step=28340/29520 loss=19.6157 Le=0.0404 Lc=1.2164 Ld=3.4128 lr=1.038e-06 peak_mem=25.49GiB
epoch=10 step=28360/29520 loss=22.7682 Le=0.0616 Lc=1.3303 Ld=3.3007 lr=1.037e-06 peak_mem=25.49GiB
epoch=10 step=28380/29520 loss=27.1488 Le=0.1010 Lc=1.3754 Ld=3.2903 lr=1.035e-06 peak_mem=25.49GiB
epoch=10 step=28400/29520 loss=23.1493 Le=0.0659 Lc=1.3191 Ld=3.3697 lr=1.034e-06 peak_mem=25.49GiB
epoch=10 step=28420/29520 loss=28.2371 Le=0.1322 Lc=1.1607 Ld=3.4109 lr=1.033e-06 peak_mem=25.49GiB
epoch=10 step=28440/29520 loss=21.5556 Le=0.0591 Lc=1.2340 Ld=3.3052 lr=1.032e-06 peak_mem=25.49GiB
epoch=10 step=28460/29520 loss=19.5200 Le=0.0395 Lc=1.2173 Ld=3.3967 lr=1.031e-06 peak_mem=25.49GiB
epoch=10 step=28480/29520 loss=26.7140 Le=0.1185 Lc=1.1717 Ld=3.1432 lr=1.029e-06 peak_mem=25.49GiB
epoch=10 step=28500/29520 loss=23.2372 Le=0.0773 Lc=1.2169 Ld=3.3433 lr=1.028e-06 peak_mem=25.49GiB
epoch=10 step=28520/29520 loss=32.3357 Le=0.1602 Lc=1.3051 Ld=3.2622 lr=1.027e-06 peak_mem=25.49GiB
epoch=10 step=28540/29520 loss=26.9723 Le=0.1076 Lc=1.2993 Ld=3.2170 lr=1.026e-06 peak_mem=25.49GiB
epoch=10 step=28560/29520 loss=26.5331 Le=0.1035 Lc=1.2562 Ld=3.6178 lr=1.025e-06 peak_mem=25.49GiB
epoch=10 step=28580/29520 loss=27.2843 Le=0.1259 Lc=1.1464 Ld=3.2279 lr=1.024e-06 peak_mem=25.49GiB
epoch=10 step=28600/29520 loss=26.7832 Le=0.1151 Lc=1.1948 Ld=3.3207 lr=1.023e-06 peak_mem=25.49GiB
epoch=10 step=28620/29520 loss=22.9275 Le=0.0829 Lc=1.1268 Ld=3.3690 lr=1.022e-06 peak_mem=25.49GiB
epoch=10 step=28640/29520 loss=26.4142 Le=0.0937 Lc=1.3571 Ld=3.4735 lr=1.021e-06 peak_mem=25.49GiB
epoch=10 step=28660/29520 loss=18.0613 Le=0.0210 Lc=1.2870 Ld=3.0917 lr=1.020e-06 peak_mem=25.49GiB
epoch=10 step=28680/29520 loss=15.8411 Le=0.0136 Lc=1.1223 Ld=3.2568 lr=1.019e-06 peak_mem=25.49GiB
epoch=10 step=28700/29520 loss=19.9983 Le=0.0563 Lc=1.1055 Ld=3.3107 lr=1.018e-06 peak_mem=25.49GiB
epoch=10 step=28720/29520 loss=21.3957 Le=0.0579 Lc=1.2434 Ld=3.1744 lr=1.017e-06 peak_mem=25.49GiB
epoch=10 step=28740/29520 loss=21.0144 Le=0.0385 Lc=1.3986 Ld=3.1809 lr=1.017e-06 peak_mem=25.49GiB
epoch=10 step=28760/29520 loss=20.9840 Le=0.0576 Lc=1.1642 Ld=3.5800 lr=1.016e-06 peak_mem=25.49GiB
epoch=10 step=28780/29520 loss=23.2658 Le=0.0762 Lc=1.2425 Ld=3.2223 lr=1.015e-06 peak_mem=25.49GiB
epoch=10 step=28800/29520 loss=21.0761 Le=0.0495 Lc=1.2859 Ld=3.2650 lr=1.014e-06 peak_mem=25.49GiB
epoch=10 step=28820/29520 loss=26.8440 Le=0.1019 Lc=1.3068 Ld=3.5844 lr=1.013e-06 peak_mem=25.49GiB
epoch=10 step=28840/29520 loss=15.5470 Le=0.0100 Lc=1.1355 Ld=3.1874 lr=1.013e-06 peak_mem=25.49GiB
epoch=10 step=28860/29520 loss=21.7420 Le=0.0496 Lc=1.3337 Ld=3.4425 lr=1.012e-06 peak_mem=25.49GiB
epoch=10 step=28880/29520 loss=30.7555 Le=0.1481 Lc=1.2658 Ld=3.2842 lr=1.011e-06 peak_mem=25.49GiB
epoch=10 step=28900/29520 loss=22.5451 Le=0.0725 Lc=1.2122 Ld=3.1776 lr=1.010e-06 peak_mem=25.49GiB
epoch=10 step=28920/29520 loss=25.3615 Le=0.0943 Lc=1.2468 Ld=3.4619 lr=1.010e-06 peak_mem=25.49GiB
epoch=10 step=28940/29520 loss=22.0646 Le=0.0715 Lc=1.1566 Ld=3.3501 lr=1.009e-06 peak_mem=25.49GiB
epoch=10 step=28960/29520 loss=22.7442 Le=0.0592 Lc=1.3497 Ld=3.3245 lr=1.009e-06 peak_mem=25.49GiB
epoch=10 step=28980/29520 loss=17.5786 Le=0.0259 Lc=1.1543 Ld=3.4473 lr=1.008e-06 peak_mem=25.49GiB
epoch=10 step=29000/29520 loss=29.8721 Le=0.1455 Lc=1.1855 Ld=3.4711 lr=1.007e-06 peak_mem=25.49GiB
epoch=10 step=29020/29520 loss=24.8166 Le=0.0917 Lc=1.1947 Ld=3.6952 lr=1.007e-06 peak_mem=25.49GiB
epoch=10 step=29040/29520 loss=27.6336 Le=0.1089 Lc=1.3445 Ld=3.2964 lr=1.006e-06 peak_mem=25.49GiB
epoch=10 step=29060/29520 loss=17.3791 Le=0.0182 Lc=1.2154 Ld=3.4011 lr=1.006e-06 peak_mem=25.49GiB
epoch=10 step=29080/29520 loss=22.4898 Le=0.0770 Lc=1.1275 Ld=3.5150 lr=1.005e-06 peak_mem=25.49GiB
epoch=10 step=29100/29520 loss=18.8162 Le=0.0199 Lc=1.3408 Ld=3.4162 lr=1.005e-06 peak_mem=25.49GiB
epoch=10 step=29120/29520 loss=27.0079 Le=0.1108 Lc=1.2450 Ld=3.4779 lr=1.004e-06 peak_mem=25.49GiB
epoch=10 step=29140/29520 loss=32.1175 Le=0.1668 Lc=1.1833 Ld=3.6057 lr=1.004e-06 peak_mem=25.49GiB
epoch=10 step=29160/29520 loss=20.1024 Le=0.0427 Lc=1.2726 Ld=3.1084 lr=1.004e-06 peak_mem=25.49GiB
epoch=10 step=29180/29520 loss=24.8869 Le=0.0773 Lc=1.3702 Ld=3.4557 lr=1.003e-06 peak_mem=25.49GiB
epoch=10 step=29200/29520 loss=25.8822 Le=0.1033 Lc=1.2301 Ld=3.2561 lr=1.003e-06 peak_mem=25.49GiB
epoch=10 step=29220/29520 loss=22.3027 Le=0.0764 Lc=1.1448 Ld=3.2183 lr=1.002e-06 peak_mem=25.49GiB
epoch=10 step=29240/29520 loss=17.9653 Le=0.0244 Lc=1.2222 Ld=3.3035 lr=1.002e-06 peak_mem=25.49GiB
epoch=10 step=29260/29520 loss=20.7812 Le=0.0378 Lc=1.3478 Ld=3.5271 lr=1.002e-06 peak_mem=25.49GiB
epoch=10 step=29280/29520 loss=25.3040 Le=0.0906 Lc=1.2741 Ld=3.5030 lr=1.002e-06 peak_mem=25.49GiB
epoch=10 step=29300/29520 loss=21.7777 Le=0.0487 Lc=1.3645 Ld=3.2665 lr=1.001e-06 peak_mem=25.49GiB
epoch=10 step=29320/29520 loss=23.0072 Le=0.0651 Lc=1.3045 Ld=3.4545 lr=1.001e-06 peak_mem=25.49GiB
epoch=10 step=29340/29520 loss=27.0805 Le=0.1051 Lc=1.3143 Ld=3.4247 lr=1.001e-06 peak_mem=25.49GiB
epoch=10 step=29360/29520 loss=26.5535 Le=0.1002 Lc=1.2957 Ld=3.5745 lr=1.001e-06 peak_mem=25.49GiB
epoch=10 step=29380/29520 loss=26.0134 Le=0.0942 Lc=1.3423 Ld=3.1716 lr=1.001e-06 peak_mem=25.49GiB
epoch=10 step=29400/29520 loss=25.8527 Le=0.1063 Lc=1.1790 Ld=3.4286 lr=1.000e-06 peak_mem=25.49GiB
epoch=10 step=29420/29520 loss=26.0221 Le=0.0769 Lc=1.4834 Ld=3.4941 lr=1.000e-06 peak_mem=25.49GiB
epoch=10 step=29440/29520 loss=31.5397 Le=0.1707 Lc=1.1334 Ld=3.1399 lr=1.000e-06 peak_mem=25.49GiB
epoch=10 step=29460/29520 loss=34.7980 Le=0.1784 Lc=1.3295 Ld=3.6651 lr=1.000e-06 peak_mem=25.49GiB
epoch=10 step=29480/29520 loss=20.9937 Le=0.0492 Lc=1.2608 Ld=3.4658 lr=1.000e-06 peak_mem=25.49GiB
epoch=10 step=29500/29520 loss=26.1283 Le=0.0891 Lc=1.3994 Ld=3.2201 lr=1.000e-06 peak_mem=25.49GiB
epoch=10 step=29520/29520 loss=19.2372 Le=0.0403 Lc=1.1781 Ld=3.4312 lr=1.000e-06 peak_mem=25.49GiB
epoch=10 checkpoints saved
