epoch,step,loss,embedding,classification,decoder,lr,gate_lr,alpha_mean,alpha_std,alpha_p10,alpha_p50,alpha_p90,seconds
1,1,464.8631286621094,4.22990608215332,3.076737880706787,11.105144500732422,1e-08,1e-08,0.5,0.0,0.5,0.5,0.5,8.520249605178833
1,20,331.74676513671875,2.8974802494049072,3.0910277366638184,11.088472366333008,2.0000000000000002e-07,2.0000000000000002e-07,0.5,0.0,0.5,0.5,0.5,24.03984761238098
1,40,376.07696533203125,3.3453595638275146,3.0481081008911133,11.05994701385498,4.0000000000000003e-07,4.0000000000000003e-07,0.5,0.0,0.5,0.5,0.5,39.02397537231445
1,60,245.85728454589844,2.0356664657592773,3.127788543701172,11.012738227844238,6.000000000000001e-07,6.000000000000001e-07,0.5,0.0,0.5,0.5,0.5,55.72564363479614
1,80,219.6755828857422,1.772789478302002,3.1472365856170654,10.924264907836914,8.000000000000001e-07,8.000000000000001e-07,0.5,0.0,0.5,0.5,0.5,73.1876769065857
1,100,205.19200134277344,1.6406502723693848,3.0368852615356445,10.758115768432617,1.0000000000000002e-06,1.0000000000000002e-06,0.5,0.0,0.5,0.5,0.5,89.84174108505249
1,120,146.99090576171875,1.0595552921295166,3.048675060272217,10.548628807067871,1.2000000000000002e-06,1.2000000000000002e-06,0.5,0.0,0.5,0.5,0.5,106.27907180786133
1,140,174.48068237304688,1.3252551555633545,3.167067289352417,10.284506797790527,1.4000000000000001e-06,1.4000000000000001e-06,0.5,0.0,0.5,0.5,0.5,123.10861849784851
1,160,152.5511474609375,1.1126646995544434,3.126495122909546,10.019721984863281,1.6000000000000001e-06,1.6000000000000001e-06,0.5,0.0,0.5,0.5,0.5,139.52488255500793
1,180,156.90777587890625,1.152401089668274,3.1843466758728027,9.82419490814209,1.8000000000000001e-06,1.8000000000000001e-06,0.5,0.0,0.5,0.5,0.5,155.11600852012634
1,200,134.43858337402344,0.9327653646469116,3.1577517986297607,9.5845308303833,2.0000000000000003e-06,2.0000000000000003e-06,0.5,0.0,0.5,0.5,0.5,169.34442615509033
1,220,150.62246704101562,1.10541832447052,3.061695098876953,9.463679313659668,2.2e-06,2.2e-06,0.5,0.0,0.5,0.5,0.5,185.601411819458
1,240,141.00698852539062,0.999126672744751,3.193312644958496,9.161197662353516,2.4000000000000003e-06,2.4000000000000003e-06,0.5,0.0,0.5,0.5,0.5,201.61329460144043
1,260,137.36383056640625,0.9777820110321045,3.039696216583252,9.18867015838623,2.6e-06,2.6e-06,0.5,0.0,0.5,0.5,0.5,218.2785234451294
1,280,135.98989868164062,0.9684047698974609,3.014103651046753,9.008380889892578,2.8000000000000003e-06,2.8000000000000003e-06,0.5,0.0,0.5,0.5,0.5,233.79750776290894
1,300,126.39262390136719,0.8666757345199585,3.077939033508301,8.945662498474121,3e-06,3e-06,0.5,0.0,0.5,0.5,0.5,250.69227051734924
1,320,122.05020904541016,0.819624662399292,3.1342475414276123,8.745270729064941,3.2000000000000003e-06,3.2000000000000003e-06,0.5,0.0,0.5,0.5,0.5,266.09944343566895
1,340,128.01022338867188,0.874428391456604,3.187955617904663,8.687820434570312,3.4000000000000005e-06,3.4000000000000005e-06,0.5,0.0,0.5,0.5,0.5,280.76133012771606
1,360,126.07534790039062,0.864408016204834,3.1051442623138428,8.58310317993164,3.6000000000000003e-06,3.6000000000000003e-06,0.5,0.0,0.5,0.5,0.5,296.8580992221832
1,380,125.82720184326172,0.8536134362220764,3.1859145164489746,8.606712341308594,3.8000000000000005e-06,3.8000000000000005e-06,0.5,0.0,0.5,0.5,0.5,313.53867650032043
1,400,99.46847534179688,0.6095523834228516,2.9951772689819336,8.5614652633667,4.000000000000001e-06,4.000000000000001e-06,0.5,0.0,0.5,0.5,0.5,329.85415267944336
1,420,106.9501953125,0.6815265417098999,3.0260214805603027,8.537323951721191,4.2000000000000004e-06,4.2000000000000004e-06,0.5,0.0,0.5,0.5,0.5,347.20926570892334
1,440,138.3756561279297,0.9992445707321167,3.0107545852661133,8.343652725219727,4.4e-06,4.4e-06,0.5,0.0,0.5,0.5,0.5,362.9822840690613
1,460,143.79713439941406,1.0469765663146973,3.0842108726501465,8.257372856140137,4.600000000000001e-06,4.600000000000001e-06,0.5,0.0,0.5,0.5,0.5,379.2108383178711
1,480,143.69192504882812,1.0477205514907837,3.055792808532715,8.361933708190918,4.800000000000001e-06,4.800000000000001e-06,0.5,0.0,0.5,0.5,0.5,392.8456697463989
1,500,114.04481506347656,0.7565732002258301,3.01839542388916,8.203547477722168,5e-06,5e-06,0.5,0.0,0.5,0.5,0.5,410.8686752319336
1,520,137.76461791992188,0.9922074675559998,3.0339772701263428,8.204106330871582,5.2e-06,5.2e-06,0.5,0.0,0.5,0.5,0.5,427.14210510253906
1,540,107.7212142944336,0.7048110961914062,2.919499158859253,8.045110702514648,5.400000000000001e-06,5.400000000000001e-06,0.5,0.0,0.5,0.5,0.5,443.70195960998535
1,560,108.71572875976562,0.7075681686401367,2.973970413208008,8.219208717346191,5.600000000000001e-06,5.600000000000001e-06,0.5,0.0,0.5,0.5,0.5,459.79060459136963
1,580,127.33683013916016,0.8919084072113037,3.0044734477996826,8.101252555847168,5.8e-06,5.8e-06,0.5,0.0,0.5,0.5,0.5,476.65535521507263
1,600,110.92705535888672,0.7381491661071777,2.9011878967285156,8.100257873535156,6e-06,6e-06,0.5,0.0,0.5,0.5,0.5,493.43964433670044
1,620,109.57600402832031,0.7241322994232178,2.9037177562713623,8.125597953796387,6.200000000000001e-06,6.200000000000001e-06,0.5,0.0,0.5,0.5,0.5,511.4826328754425
1,640,96.96513366699219,0.5991906523704529,2.902092695236206,8.025144577026367,6.4000000000000006e-06,6.4000000000000006e-06,0.5,0.0,0.5,0.5,0.5,528.8576073646545
1,660,99.70439910888672,0.6287772059440613,2.896615505218506,7.860525608062744,6.600000000000001e-06,6.600000000000001e-06,0.5,0.0,0.5,0.5,0.5,544.445586681366
1,680,103.17816162109375,0.6595422029495239,2.9496562480926514,7.72736930847168,6.800000000000001e-06,6.800000000000001e-06,0.5,0.0,0.5,0.5,0.5,558.6141903400421
1,700,115.56796264648438,0.7886528372764587,2.889071464538574,7.811966419219971,7e-06,7e-06,0.5,0.0,0.5,0.5,0.5,574.0248765945435
1,720,122.82157135009766,0.8649187684059143,2.8636269569396973,7.6934285163879395,7.2000000000000005e-06,7.2000000000000005e-06,0.5,0.0,0.5,0.5,0.5,589.1134328842163
1,740,117.64261627197266,0.8155840635299683,2.8367180824279785,7.7170329093933105,7.4e-06,7.4e-06,0.5,0.0,0.5,0.5,0.5,606.9548444747925
1,760,83.5284194946289,0.47018730640411377,2.8775458335876465,7.734231948852539,7.600000000000001e-06,7.600000000000001e-06,0.5,0.0,0.5,0.5,0.5,623.1724979877472
1,780,122.15318298339844,0.8683093786239624,2.7735462188720703,7.586777210235596,7.800000000000002e-06,7.800000000000002e-06,0.5,0.0,0.5,0.5,0.5,639.1157793998718
1,800,99.08360290527344,0.6442375183105469,2.6992452144622803,7.667395114898682,8.000000000000001e-06,8.000000000000001e-06,0.5,0.0,0.5,0.5,0.5,654.5606005191803
1,820,106.83416748046875,0.7263360023498535,2.6659278869628906,7.541291236877441,8.2e-06,8.2e-06,0.5,0.0,0.5,0.5,0.5,670.5972762107849
1,840,115.08006286621094,0.7873042821884155,2.8837087154388428,7.512543201446533,8.400000000000001e-06,8.400000000000001e-06,0.5,0.0,0.5,0.5,0.5,687.1830379962921
1,860,72.34602355957031,0.3704192042350769,2.7897613048553467,7.406492710113525,8.6e-06,8.6e-06,0.5,0.0,0.5,0.5,0.5,704.0814740657806
1,880,123.18092346191406,0.8854019045829773,2.7208566665649414,7.432165622711182,8.8e-06,8.8e-06,0.5,0.0,0.5,0.5,0.5,720.9112124443054
1,900,96.97018432617188,0.6053898334503174,2.899534225463867,7.4358601570129395,9e-06,9e-06,0.5,0.0,0.5,0.5,0.5,737.3642544746399
1,920,104.06519317626953,0.6938889026641846,2.7332637310028076,7.343665599822998,9.200000000000002e-06,9.200000000000002e-06,0.5,0.0,0.5,0.5,0.5,754.0567224025726
1,940,103.1281967163086,0.6872761249542236,2.7082996368408203,7.317587852478027,9.4e-06,9.4e-06,0.5,0.0,0.5,0.5,0.5,768.0927934646606
1,960,91.21797180175781,0.5638501048088074,2.7513749599456787,7.3192138671875,9.600000000000001e-06,9.600000000000001e-06,0.5,0.0,0.5,0.5,0.5,784.0502943992615
1,980,110.34613037109375,0.77205491065979,2.571302890777588,7.427614688873291,9.800000000000001e-06,9.800000000000001e-06,0.5,0.0,0.5,0.5,0.5,801.1549897193909
1,1000,100.21387481689453,0.664162278175354,2.655799150466919,7.239652633666992,1e-05,1e-05,0.5,0.0,0.5,0.5,0.5,817.6789293289185
1,1020,81.01861572265625,0.46952956914901733,2.677882194519043,7.286833763122559,9.999989079487085e-06,9.999989079487085e-06,0.5,0.0,0.5,0.5,0.5,834.0952773094177
1,1040,77.8441390991211,0.4615142345428467,2.4582483768463135,7.110227584838867,9.999956318001344e-06,9.999956318001344e-06,0.5,0.0,0.5,0.5,0.5,849.1234872341156
1,1060,118.34187316894531,0.8510387539863586,2.633819103240967,6.899813652038574,9.999901715701785e-06,9.999901715701785e-06,0.5,0.0,0.5,0.5,0.5,864.3795855045319
1,1080,81.52870178222656,0.5014640092849731,2.4541964530944824,6.840331554412842,9.999825272853424e-06,9.999825272853424e-06,0.5,0.0,0.5,0.5,0.5,881.9253857135773
1,1100,92.36713409423828,0.6125890612602234,2.4147121906280518,6.961104869842529,9.999726989827282e-06,9.999726989827282e-06,0.5,0.0,0.5,0.5,0.5,899.1948955059052
1,1120,99.17066192626953,0.6738862991333008,2.4693689346313477,7.088349342346191,9.99960686710038e-06,9.99960686710038e-06,0.5,0.0,0.5,0.5,0.5,915.8736531734467
1,1140,75.76710510253906,0.44579756259918213,2.4364683628082275,6.822662830352783,9.999464905255745e-06,9.999464905255745e-06,0.5,0.0,0.5,0.5,0.5,932.8404426574707
1,1160,74.58415222167969,0.4531136751174927,2.2406859397888184,6.865921497344971,9.999301104982392e-06,9.999301104982392e-06,0.5,0.0,0.5,0.5,0.5,950.2872910499573
1,1180,113.71147918701172,0.827582597732544,2.4013681411743164,6.9395365715026855,9.99911546707534e-06,9.99911546707534e-06,0.5,0.0,0.5,0.5,0.5,965.7458829879761
1,1200,59.35578155517578,0.3140155076980591,2.111203670501709,6.8421950340271,9.998907992435593e-06,9.998907992435593e-06,0.5,0.0,0.5,0.5,0.5,979.2283277511597
1,1220,107.19359588623047,0.7803377509117126,2.2449557781219482,6.710259914398193,9.99867868207014e-06,9.99867868207014e-06,0.5,0.0,0.5,0.5,0.5,996.3963825702667
1,1240,81.99745178222656,0.5168071389198303,2.3586831092834473,6.729901313781738,9.998427537091955e-06,9.998427537091955e-06,0.5,0.0,0.5,0.5,0.5,1012.9138436317444
1,1260,89.31547546386719,0.615791916847229,2.085982322692871,6.876455783843994,9.998154558719984e-06,9.998154558719984e-06,0.5,0.0,0.5,0.5,0.5,1029.7595036029816
1,1280,77.8990707397461,0.47671523690223694,2.354034900665283,6.687201023101807,9.997859748279145e-06,9.997859748279145e-06,0.5,0.0,0.5,0.5,0.5,1047.1496267318726
1,1300,98.4533920288086,0.7069361209869385,2.122736930847168,6.53240966796875,9.99754310720032e-06,9.99754310720032e-06,0.5,0.0,0.5,0.5,0.5,1062.1904437541962
1,1320,65.73506164550781,0.3667767643928528,2.2429020404815674,6.628360748291016,9.997204637020343e-06,9.997204637020343e-06,0.5,0.0,0.5,0.5,0.5,1077.1369576454163
1,1340,83.14046478271484,0.5438916683197021,2.2058281898498535,6.693018913269043,9.996844339382001e-06,9.996844339382001e-06,0.5,0.0,0.5,0.5,0.5,1094.1288785934448
1,1360,81.16343688964844,0.5255507826805115,2.215712547302246,6.451230049133301,9.996462216034021e-06,9.996462216034021e-06,0.5,0.0,0.5,0.5,0.5,1110.2961165904999
1,1380,74.72086334228516,0.47067660093307495,2.121971607208252,6.4334845542907715,9.996058268831064e-06,9.996058268831064e-06,0.5,0.0,0.5,0.5,0.5,1126.4478597640991
1,1400,79.49322509765625,0.5238415002822876,2.0726287364959717,6.38278341293335,9.99563249973371e-06,9.99563249973371e-06,0.5,0.0,0.5,0.5,0.5,1144.1046795845032
1,1420,69.88996887207031,0.43809229135513306,1.9549782276153564,6.5309600830078125,9.995184910808455e-06,9.995184910808455e-06,0.5,0.0,0.5,0.5,0.5,1159.930623292923
1,1440,97.59589385986328,0.7079204320907593,2.0471367835998535,6.332479000091553,9.9947155042277e-06,9.9947155042277e-06,0.5,0.0,0.5,0.5,0.5,1176.0342831611633
1,1460,73.31831359863281,0.45255035161972046,2.163019895553589,6.43307638168335,9.994224282269737e-06,9.994224282269737e-06,0.5,0.0,0.5,0.5,0.5,1193.796893119812
1,1480,98.56011199951172,0.7116605043411255,2.092015266418457,6.473908424377441,9.993711247318747e-06,9.993711247318747e-06,0.5,0.0,0.5,0.5,0.5,1210.8597848415375
1,1500,70.3128433227539,0.44969481229782104,1.911346435546875,6.229898452758789,9.993176401864772e-06,9.993176401864772e-06,0.5,0.0,0.5,0.5,0.5,1227.9258379936218
1,1520,77.35706329345703,0.502449095249176,2.0889840126037598,6.222309589385986,9.992619748503719e-06,9.992619748503719e-06,0.5,0.0,0.5,0.5,0.5,1245.1810891628265
1,1540,56.66365051269531,0.3122544288635254,1.9167741537094116,6.270467758178711,9.992041289937337e-06,9.992041289937337e-06,0.5,0.0,0.5,0.5,0.5,1261.417006969452
1,1560,82.14895629882812,0.5499202013015747,2.0870940685272217,6.285996913909912,9.991441028973214e-06,9.991441028973214e-06,0.5,0.0,0.5,0.5,0.5,1278.713404417038
1,1580,74.01531982421875,0.47286456823349,2.0428972244262695,6.299890995025635,9.99081896852475e-06,9.99081896852475e-06,0.5,0.0,0.5,0.5,0.5,1294.6312718391418
1,1600,85.11434936523438,0.5902948379516602,1.9872095584869385,6.212769985198975,9.990175111611154e-06,9.990175111611154e-06,0.5,0.0,0.5,0.5,0.5,1310.6637432575226
1,1620,78.1444320678711,0.5181194543838501,2.0061025619506836,6.271463871002197,9.989509461357428e-06,9.989509461357428e-06,0.5,0.0,0.5,0.5,0.5,1327.0951046943665
1,1640,70.83304595947266,0.45102280378341675,1.965722918510437,6.073537349700928,9.98882202099434e-06,9.98882202099434e-06,0.5,0.0,0.5,0.5,0.5,1346.4104039669037
1,1660,66.96529388427734,0.4060436487197876,2.0153262615203857,6.207667827606201,9.988112793858431e-06,9.988112793858431e-06,0.5,0.0,0.5,0.5,0.5,1363.2256779670715
1,1680,82.89104461669922,0.5676807165145874,1.9983117580413818,6.139857769012451,9.987381783391975e-06,9.987381783391975e-06,0.5,0.0,0.5,0.5,0.5,1379.7697052955627
1,1700,75.30436706542969,0.5075879096984863,1.8370530605316162,6.175050258636475,9.986628993142976e-06,9.986628993142976e-06,0.5,0.0,0.5,0.5,0.5,1396.7571215629578
1,1720,64.29039764404297,0.3862428367137909,1.935686469078064,6.309252738952637,9.985854426765148e-06,9.985854426765148e-06,0.5,0.0,0.5,0.5,0.5,1412.783970117569
1,1740,75.1332778930664,0.5114821195602417,1.7725528478622437,6.25954008102417,9.985058088017898e-06,9.985058088017898e-06,0.5,0.0,0.5,0.5,0.5,1429.6109941005707
1,1760,64.55216979980469,0.39294013381004333,1.9190289974212646,6.067866802215576,9.9842399807663e-06,9.9842399807663e-06,0.5,0.0,0.5,0.5,0.5,1447.3132693767548
1,1780,45.49380874633789,0.21772676706314087,1.7628836631774902,6.0922980308532715,9.983400108981094e-06,9.983400108981094e-06,0.5,0.0,0.5,0.5,0.5,1463.990874528885
1,1800,80.53395080566406,0.560819149017334,1.8612947463989258,5.839085102081299,9.982538476738646e-06,9.982538476738646e-06,0.5,0.0,0.5,0.5,0.5,1480.3114912509918
1,1820,73.89327239990234,0.4909132719039917,1.8838361501693726,5.963582515716553,9.98165508822094e-06,9.98165508822094e-06,0.5,0.0,0.5,0.5,0.5,1497.7947862148285
1,1840,65.07172393798828,0.4037178158760071,1.886620044708252,5.833743572235107,9.980749947715557e-06,9.980749947715557e-06,0.5,0.0,0.5,0.5,0.5,1514.3049912452698
1,1860,57.050323486328125,0.3119340240955353,1.98081374168396,6.048782825469971,9.979823059615653e-06,9.979823059615653e-06,0.5,0.0,0.5,0.5,0.5,1529.0298807621002
1,1880,69.81805419921875,0.443200945854187,1.9574694633483887,5.923259735107422,9.978874428419936e-06,9.978874428419936e-06,0.5,0.0,0.5,0.5,0.5,1546.7064521312714
1,1900,71.40381622314453,0.4553872346878052,2.009373664855957,5.771351337432861,9.977904058732645e-06,9.977904058732645e-06,0.5,0.0,0.5,0.5,0.5,1563.804051399231
1,1920,75.22591400146484,0.4989420473575592,1.9288915395736694,6.042789936065674,9.976911955263528e-06,9.976911955263528e-06,0.5,0.0,0.5,0.5,0.5,1580.2179379463196
1,1940,63.801204681396484,0.3815178871154785,1.9862213134765625,5.787205696105957,9.975898122827822e-06,9.975898122827822e-06,0.5,0.0,0.5,0.5,0.5,1597.029254436493
1,1960,69.85060119628906,0.453863263130188,1.8659765720367432,5.804508209228516,9.974862566346225e-06,9.974862566346225e-06,0.5,0.0,0.5,0.5,0.5,1613.4351148605347
1,1980,62.32185745239258,0.37870854139328003,1.8808228969573975,5.6427717208862305,9.973805290844871e-06,9.973805290844871e-06,0.5,0.0,0.5,0.5,0.5,1628.1270596981049
1,2000,81.5267562866211,0.5665344595909119,1.9035066366195679,5.8382439613342285,9.972726301455314e-06,9.972726301455314e-06,0.5,0.0,0.5,0.5,0.5,1644.3790230751038
1,2020,65.4568099975586,0.42129725217819214,1.7276462316513062,6.050617694854736,9.971625603414492e-06,9.971625603414492e-06,0.5,0.0,0.5,0.5,0.5,1660.5224916934967
1,2040,61.384483337402344,0.3715313673019409,1.8234822750091553,5.99652099609375,9.970503202064716e-06,9.970503202064716e-06,0.5,0.0,0.5,0.5,0.5,1677.4865109920502
1,2060,92.7596206665039,0.6725106835365295,1.9607741832733154,5.9008073806762695,9.969359102853624e-06,9.969359102853624e-06,0.5,0.0,0.5,0.5,0.5,1694.019471168518
1,2080,84.44559478759766,0.6063799858093262,1.812441110610962,5.68318510055542,9.968193311334176e-06,9.968193311334176e-06,0.5,0.0,0.5,0.5,0.5,1710.5649199485779
1,2100,77.61336517333984,0.5356795787811279,1.8422025442123413,5.623384475708008,9.96700583316461e-06,9.96700583316461e-06,0.5,0.0,0.5,0.5,0.5,1726.8254539966583
1,2120,59.757843017578125,0.35257235169410706,1.8504133224487305,5.996474742889404,9.965796674108424e-06,9.965796674108424e-06,0.5,0.0,0.5,0.5,0.5,1741.7867648601532
1,2140,64.28976440429688,0.39318233728408813,1.9243152141571045,5.728379249572754,9.964565840034348e-06,9.964565840034348e-06,0.5,0.0,0.5,0.5,0.5,1756.0539376735687
1,2160,85.43157196044922,0.6055235266685486,1.8913962841033936,5.96525764465332,9.963313336916307e-06,9.963313336916307e-06,0.5,0.0,0.5,0.5,0.5,1772.6125111579895
1,2180,45.872589111328125,0.2241443693637848,1.7780547142028809,5.6776041984558105,9.962039170833407e-06,9.962039170833407e-06,0.5,0.0,0.5,0.5,0.5,1790.0914618968964
1,2200,64.48684692382812,0.3984120190143585,1.909397840499878,5.551665306091309,9.960743347969885e-06,9.960743347969885e-06,0.5,0.0,0.5,0.5,0.5,1806.876872062683
1,2220,57.51904296875,0.33710116147994995,1.8065255880355835,5.7436676025390625,9.9594258746151e-06,9.9594258746151e-06,0.5,0.0,0.5,0.5,0.5,1822.0428392887115
1,2240,62.26228713989258,0.388122022151947,1.7850518226623535,5.599566459655762,9.958086757163489e-06,9.958086757163489e-06,0.5,0.0,0.5,0.5,0.5,1836.2794024944305
1,2260,71.4721908569336,0.4803652763366699,1.787197470664978,5.563683032989502,9.956726002114542e-06,9.956726002114542e-06,0.5,0.0,0.5,0.5,0.5,1852.7598021030426
1,2280,70.76221466064453,0.45234543085098267,1.9926217794418335,5.601452827453613,9.955343616072765e-06,9.955343616072765e-06,0.5,0.0,0.5,0.5,0.5,1868.9565498828888
1,2300,63.062618255615234,0.40690016746520996,1.697882056236267,5.393779754638672,9.953939605747655e-06,9.953939605747655e-06,0.5,0.0,0.5,0.5,0.5,1886.6553514003754
1,2320,59.600257873535156,0.35065606236457825,1.9023139476776123,5.51151180267334,9.95251397795366e-06,9.95251397795366e-06,0.5,0.0,0.5,0.5,0.5,1903.0011172294617
1,2340,54.58306121826172,0.3225437104701996,1.684844970703125,5.480238914489746,9.951066739610154e-06,9.951066739610154e-06,0.5,0.0,0.5,0.5,0.5,1918.6281135082245
1,2360,61.10905456542969,0.3646908700466156,1.903224229812622,5.607725620269775,9.949597897741397e-06,9.949597897741397e-06,0.5,0.0,0.5,0.5,0.5,1936.3880298137665
1,2380,64.83433532714844,0.4148782789707184,1.775345802307129,5.593045234680176,9.948107459476502e-06,9.948107459476502e-06,0.5,0.0,0.5,0.5,0.5,1950.8977646827698
1,2400,68.36359405517578,0.44753050804138184,1.8200420141220093,5.4101243019104,9.946595432049402e-06,9.946595432049402e-06,0.5,0.0,0.5,0.5,0.5,1964.772933959961
1,2420,80.24301147460938,0.5606710314750671,1.8760087490081787,5.415820121765137,9.945061822798817e-06,9.945061822798817e-06,0.5,0.0,0.5,0.5,0.5,1981.6522274017334
1,2440,70.17328643798828,0.46703243255615234,1.800654649734497,5.463494300842285,9.943506639168213e-06,9.943506639168213e-06,0.5,0.0,0.5,0.5,0.5,1997.8397178649902
1,2460,53.98585510253906,0.31448590755462646,1.7064628601074219,5.4726338386535645,9.941929888705765e-06,9.941929888705765e-06,0.5,0.0,0.5,0.5,0.5,2014.432443857193
1,2480,42.7777099609375,0.1963953822851181,1.7679437398910522,5.458734035491943,9.940331579064335e-06,9.940331579064335e-06,0.5,0.0,0.5,0.5,0.5,2031.6874446868896
1,2500,73.7525863647461,0.4973868727684021,1.8609120845794678,5.404774188995361,9.938711718001412e-06,9.938711718001412e-06,0.5,0.0,0.5,0.5,0.5,2047.0174124240875
1,2520,69.4573745727539,0.4652365744113922,1.7524093389511108,5.409624099731445,9.937070313379092e-06,9.937070313379092e-06,0.5,0.0,0.5,0.5,0.5,2062.0034317970276
1,2540,74.21051788330078,0.5022070407867432,1.8476810455322266,5.513005256652832,9.935407373164031e-06,9.935407373164031e-06,0.5,0.0,0.5,0.5,0.5,2078.5764389038086
1,2560,62.44832992553711,0.39620473980903625,1.752898931503296,5.298861026763916,9.933722905427415e-06,9.933722905427415e-06,0.5,0.0,0.5,0.5,0.5,2094.341083049774
1,2580,49.27693557739258,0.2581636905670166,1.7928969860076904,5.5315985679626465,9.932016918344908e-06,9.932016918344908e-06,0.5,0.0,0.5,0.5,0.5,2110.893707036972
1,2600,53.49479293823242,0.2979792356491089,1.834668517112732,5.350186347961426,9.930289420196627e-06,9.930289420196627e-06,0.5,0.0,0.5,0.5,0.5,2127.795421361923
1,2620,48.76189041137695,0.2689225673675537,1.6318793296813965,5.55083703994751,9.928540419367087e-06,9.928540419367087e-06,0.5,0.0,0.5,0.5,0.5,2145.653913259506
1,2640,47.408958435058594,0.23495042324066162,1.8480031490325928,5.433883190155029,9.92676992434517e-06,9.92676992434517e-06,0.5,0.0,0.5,0.5,0.5,2161.699247598648
1,2660,77.2114028930664,0.5434765815734863,1.731703758239746,5.54671049118042,9.924977943724085e-06,9.924977943724085e-06,0.5,0.0,0.5,0.5,0.5,2177.9897787570953
1,2680,53.35685729980469,0.3033447861671448,1.7414474487304688,5.607903957366943,9.923164486201318e-06,9.923164486201318e-06,0.5,0.0,0.5,0.5,0.5,2193.998602628708
1,2700,62.064701080322266,0.39046403765678406,1.7603248357772827,5.415050506591797,9.921329560578595e-06,9.921329560578595e-06,0.5,0.0,0.5,0.5,0.5,2211.046322107315
1,2720,69.10832977294922,0.4495319724082947,1.864798903465271,5.507142543792725,9.919473175761844e-06,9.919473175761844e-06,0.5,0.0,0.5,0.5,0.5,2228.644495487213
1,2740,53.896766662597656,0.29621365666389465,1.894895315170288,5.3264479637146,9.91759534076114e-06,9.91759534076114e-06,0.5,0.0,0.5,0.5,0.5,2245.2329511642456
1,2760,64.57953643798828,0.42452073097229004,1.6645238399505615,5.482222080230713,9.915696064690669e-06,9.915696064690669e-06,0.5,0.0,0.5,0.5,0.5,2261.8658916950226
1,2780,69.88380432128906,0.4698125123977661,1.7512359619140625,5.390200614929199,9.913775356768685e-06,9.913775356768685e-06,0.5,0.0,0.5,0.5,0.5,2277.8324751853943
1,2800,57.949676513671875,0.35165923833847046,1.751534342765808,5.268408298492432,9.911833226317462e-06,9.911833226317462e-06,0.5,0.0,0.5,0.5,0.5,2291.9620542526245
1,2820,53.64260482788086,0.31074798107147217,1.7400840520858765,5.166965007781982,9.90986968276325e-06,9.90986968276325e-06,0.5,0.0,0.5,0.5,0.5,2308.164768218994
1,2840,65.72583770751953,0.42101919651031494,1.8383344411849976,5.240567207336426,9.907884735636226e-06,9.907884735636226e-06,0.5,0.0,0.5,0.5,0.5,2325.726786375046
1,2860,52.240074157714844,0.28715837001800537,1.822265625,5.301584243774414,9.905878394570453e-06,9.905878394570453e-06,0.5,0.0,0.5,0.5,0.5,2342.2742249965668
1,2880,56.82318115234375,0.3209691047668457,1.9393351078033447,5.332923889160156,9.903850669303832e-06,9.903850669303832e-06,0.5,0.0,0.5,0.5,0.5,2358.0681660175323
1,2900,56.931663513183594,0.3400364816188812,1.7526086568832397,5.401933670043945,9.90180156967805e-06,9.90180156967805e-06,0.5,0.0,0.5,0.5,0.5,2374.60835647583
1,2920,63.20853805541992,0.3993070721626282,1.8041404485702515,5.2364277839660645,9.89973110563854e-06,9.89973110563854e-06,0.5,0.0,0.5,0.5,0.5,2389.2328584194183
1,2940,45.74177551269531,0.2255340814590454,1.7896125316619873,5.2922444343566895,9.897639287234422e-06,9.897639287234422e-06,0.5,0.0,0.5,0.5,0.5,2404.202404022217
2,2960,56.21012878417969,0.33745795488357544,1.724326491355896,5.2210693359375,9.895526124618469e-06,9.895526124618469e-06,0.5,0.0,0.5,0.5,0.5,2432.89857172966
2,2980,61.109642028808594,0.37794822454452515,1.807281255722046,5.242003917694092,9.893391628047044e-06,9.893391628047044e-06,0.5,0.0,0.5,0.5,0.5,2449.0636973381042
2,3000,72.76152801513672,0.4992564022541046,1.7649257183074951,5.186629772186279,9.891235807880054e-06,9.891235807880054e-06,0.5,0.0,0.5,0.5,0.5,2465.275425672531
2,3020,49.222713470458984,0.2713623046875,1.6766319274902344,5.320165157318115,9.889058674580908e-06,9.889058674580908e-06,0.5,0.0,0.5,0.5,0.5,2480.925934314728
2,3040,56.44516372680664,0.33554762601852417,1.7575396299362183,5.315006732940674,9.886860238716457e-06,9.886860238716457e-06,0.5,0.0,0.5,0.5,0.5,2496.7357733249664
2,3060,56.174251556396484,0.33357515931129456,1.7449052333831787,5.367679595947266,9.88464051095694e-06,9.88464051095694e-06,0.5,0.0,0.5,0.5,0.5,2513.480795145035
2,3080,63.18696975708008,0.38272857666015625,1.976324439048767,5.150867938995361,9.882399502075943e-06,9.882399502075943e-06,0.5,0.0,0.5,0.5,0.5,2530.272494316101
2,3100,67.5392837524414,0.42287421226501465,1.994303584098816,5.308823585510254,9.880137222950342e-06,9.880137222950342e-06,0.5,0.0,0.5,0.5,0.5,2546.453553915024
2,3120,45.517608642578125,0.2210693061351776,1.8217477798461914,5.193201065063477,9.877853684560246e-06,9.877853684560246e-06,0.5,0.0,0.5,0.5,0.5,2562.6085634231567
2,3140,78.18521118164062,0.5583594441413879,1.7394660711288452,4.954608917236328,9.87554889798895e-06,9.87554889798895e-06,0.5,0.0,0.5,0.5,0.5,2580.3992590904236
2,3160,50.59327697753906,0.25801149010658264,1.9651073217391968,5.141050815582275,9.873222874422873e-06,9.873222874422873e-06,0.5,0.0,0.5,0.5,0.5,2595.684758901596
2,3180,44.005218505859375,0.2274198979139328,1.6256675720214844,5.006552696228027,9.870875625151519e-06,9.870875625151519e-06,0.5,0.0,0.5,0.5,0.5,2612.558563709259
2,3200,61.22064208984375,0.39538687467575073,1.6777414083480835,4.904542922973633,9.8685071615674e-06,9.8685071615674e-06,0.5,0.0,0.5,0.5,0.5,2630.3471596240997
2,3220,54.568233489990234,0.30101531744003296,1.9521478414535522,4.945226192474365,9.866117495166001e-06,9.866117495166001e-06,0.5,0.0,0.5,0.5,0.5,2646.342020750046
2,3240,62.44463348388672,0.40113991498947144,1.7055368423461914,5.275275230407715,9.863706637545717e-06,9.863706637545717e-06,0.5,0.0,0.5,0.5,0.5,2663.5196421146393
2,3260,66.67475891113281,0.44543230533599854,1.7237043380737305,4.894489288330078,9.861274600407792e-06,9.861274600407792e-06,0.5,0.0,0.5,0.5,0.5,2679.5099601745605
2,3280,65.89823150634766,0.4293011724948883,1.7823607921600342,5.144505977630615,9.858821395556265e-06,9.858821395556265e-06,0.5,0.0,0.5,0.5,0.5,2695.2336328029633
2,3300,49.66047286987305,0.25692227482795715,1.875712275505066,5.211123466491699,9.85634703489792e-06,9.85634703489792e-06,0.5,0.0,0.5,0.5,0.5,2711.1508190631866
2,3320,52.297607421875,0.29540300369262695,1.760981798171997,5.14749002456665,9.853851530442216e-06,9.853851530442216e-06,0.5,0.0,0.5,0.5,0.5,2727.591209411621
2,3340,41.02272415161133,0.1692972183227539,1.887096881866455,5.222033500671387,9.851334894301236e-06,9.851334894301236e-06,0.5,0.0,0.5,0.5,0.5,2744.083653688431
2,3360,35.70323181152344,0.13797014951705933,1.6682090759277344,5.224125385284424,9.848797138689629e-06,9.848797138689629e-06,0.5,0.0,0.5,0.5,0.5,2761.350059747696
2,3380,51.652408599853516,0.29396897554397583,1.732588768005371,4.929624080657959,9.846238275924547e-06,9.846238275924547e-06,0.5,0.0,0.5,0.5,0.5,2778.2710235118866
2,3400,73.06472778320312,0.4971250891685486,1.8255680799484253,5.096539497375488,9.843658318425586e-06,9.843658318425586e-06,0.5,0.0,0.5,0.5,0.5,2795.08509850502
2,3420,57.5242919921875,0.33590418100357056,1.8772706985473633,5.161164283752441,9.841057278714731e-06,9.841057278714731e-06,0.5,0.0,0.5,0.5,0.5,2811.9458377361298
2,3440,68.02455139160156,0.46193480491638184,1.6747105121612549,5.083963871002197,9.838435169416284e-06,9.838435169416284e-06,0.5,0.0,0.5,0.5,0.5,2827.4321525096893
2,3460,52.075191497802734,0.315767765045166,1.5542004108428955,4.956409454345703,9.83579200325682e-06,9.83579200325682e-06,0.5,0.0,0.5,0.5,0.5,2842.9902596473694
2,3480,56.6209831237793,0.35058754682540894,1.6496042013168335,5.066189765930176,9.833127793065098e-06,9.833127793065098e-06,0.5,0.0,0.5,0.5,0.5,2860.1227462291718
2,3500,64.13383483886719,0.4248654246330261,1.672123908996582,4.926058292388916,9.830442551772032e-06,9.830442551772032e-06,0.5,0.0,0.5,0.5,0.5,2877.431179046631
2,3520,43.89271926879883,0.20482057332992554,1.8287380933761597,5.1232805252075195,9.827736292410604e-06,9.827736292410604e-06,0.5,0.0,0.5,0.5,0.5,2893.7232003211975
2,3540,45.6900634765625,0.22709184885025024,1.7847298383712769,5.1335835456848145,9.82500902811581e-06,9.82500902811581e-06,0.5,0.0,0.5,0.5,0.5,2910.3807423114777
2,3560,53.221900939941406,0.30166324973106384,1.8158525228500366,4.8970489501953125,9.822260772124592e-06,9.822260772124592e-06,0.5,0.0,0.5,0.5,0.5,2927.295940876007
2,3580,63.251861572265625,0.40204399824142456,1.7878941297531128,5.168519973754883,9.819491537775782e-06,9.819491537775782e-06,0.5,0.0,0.5,0.5,0.5,2942.9881551265717
2,3600,45.75285720825195,0.22793398797512054,1.7874597311019897,5.084860801696777,9.816701338510027e-06,9.816701338510027e-06,0.5,0.0,0.5,0.5,0.5,2957.5424275398254
2,3620,50.74970245361328,0.26887112855911255,1.8983190059661865,4.879398822784424,9.813890187869733e-06,9.813890187869733e-06,0.5,0.0,0.5,0.5,0.5,2974.9055774211884
2,3640,44.921119689941406,0.22478747367858887,1.740323781967163,5.0391316413879395,9.811058099498988e-06,9.811058099498988e-06,0.5,0.0,0.5,0.5,0.5,2991.4217581748962
2,3660,70.07199096679688,0.4678533375263214,1.822794795036316,5.058706283569336,9.808205087143506e-06,9.808205087143506e-06,0.5,0.0,0.5,0.5,0.5,3007.960616350174
2,3680,56.78972625732422,0.33925747871398926,1.790852427482605,4.9554548263549805,9.805331164650563e-06,9.805331164650563e-06,0.5,0.0,0.5,0.5,0.5,3025.479761838913
2,3700,42.81109619140625,0.20011591911315918,1.7820491790771484,4.979009628295898,9.802436345968911e-06,9.802436345968911e-06,0.5,0.0,0.5,0.5,0.5,3041.285271167755
2,3720,63.34133529663086,0.41994404792785645,1.6545701026916504,4.80123233795166,9.799520645148734e-06,9.799520645148734e-06,0.5,0.0,0.5,0.5,0.5,3056.759042739868
2,3740,58.23625183105469,0.36065325140953064,1.7284749746322632,4.886176109313965,9.796584076341567e-06,9.796584076341567e-06,0.5,0.0,0.5,0.5,0.5,3074.8826439380646
2,3760,56.346500396728516,0.3289598822593689,1.8474563360214233,4.975949287414551,9.79362665380022e-06,9.79362665380022e-06,0.5,0.0,0.5,0.5,0.5,3091.7982161045074
2,3780,66.40242004394531,0.42266425490379333,1.9044702053070068,5.091293811798096,9.79064839187873e-06,9.79064839187873e-06,0.5,0.0,0.5,0.5,0.5,3108.826877593994
2,3800,51.04279708862305,0.2898132801055908,1.7167237997055054,4.894230365753174,9.787649305032272e-06,9.787649305032272e-06,0.5,0.0,0.5,0.5,0.5,3125.649985551834
2,3820,43.31029510498047,0.20271120965480804,1.803962230682373,4.999549388885498,9.784629407817098e-06,9.784629407817098e-06,0.5,0.0,0.5,0.5,0.5,3141.940817594528
2,3840,52.96981430053711,0.3133762776851654,1.6788257360458374,4.843929290771484,9.781588714890463e-06,9.781588714890463e-06,0.5,0.0,0.5,0.5,0.5,3157.67706489563
2,3860,76.77053833007812,0.5485433340072632,1.7002830505371094,4.9133758544921875,9.778527241010559e-06,9.778527241010559e-06,0.5,0.0,0.5,0.5,0.5,3174.7538464069366
2,3880,50.808048248291016,0.2740328013896942,1.8409417867660522,4.995350360870361,9.775445001036434e-06,9.775445001036434e-06,0.5,0.0,0.5,0.5,0.5,3191.005513906479
2,3900,45.860740661621094,0.21973446011543274,1.8973697423934937,4.913599014282227,9.772342009927932e-06,9.772342009927932e-06,0.5,0.0,0.5,0.5,0.5,3207.3708634376526
2,3920,66.31165313720703,0.44078946113586426,1.7224262952804565,5.008443355560303,9.769218282745609e-06,9.769218282745609e-06,0.5,0.0,0.5,0.5,0.5,3224.480992078781
2,3940,51.50428771972656,0.30973488092422485,1.563856840133667,4.8922319412231445,9.766073834650665e-06,9.766073834650665e-06,0.5,0.0,0.5,0.5,0.5,3240.524713039398
2,3960,36.43519592285156,0.14364567399024963,1.6978464126586914,5.092162132263184,9.762908680904873e-06,9.762908680904873e-06,0.5,0.0,0.5,0.5,0.5,3257.0634360313416
2,3980,62.14267349243164,0.39039814472198486,1.8080772161483765,5.0220866203308105,9.7597228368705e-06,9.7597228368705e-06,0.5,0.0,0.5,0.5,0.5,3272.5378019809723
2,4000,79.13573455810547,0.5551865100860596,1.8874757289886475,4.74232816696167,9.756516318010237e-06,9.756516318010237e-06,0.5,0.0,0.5,0.5,0.5,3287.500486135483
2,4020,42.73294448852539,0.21379856765270233,1.631423830986023,5.038852691650391,9.753289139887119e-06,9.753289139887119e-06,0.5,0.0,0.5,0.5,0.5,3303.541058063507
2,4040,49.404632568359375,0.2728097140789032,1.7306175231933594,4.817487716674805,9.750041318164452e-06,9.750041318164452e-06,0.5,0.0,0.5,0.5,0.5,3320.6842470169067
2,4060,55.2894287109375,0.32791489362716675,1.751931071281433,4.978628158569336,9.746772868605738e-06,9.746772868605738e-06,0.5,0.0,0.5,0.5,0.5,3337.061504840851
2,4080,74.9074935913086,0.5309176445007324,1.6966369152069092,4.8493571281433105,9.7434838070746e-06,9.7434838070746e-06,0.5,0.0,0.5,0.5,0.5,3353.584450483322
2,4100,72.80171203613281,0.5140804648399353,1.6471502780914307,4.92216157913208,9.740174149534694e-06,9.740174149534694e-06,0.5,0.0,0.5,0.5,0.5,3368.7037675380707
2,4120,53.6263313293457,0.3245953619480133,1.638100028038025,4.785793781280518,9.736843912049649e-06,9.736843912049649e-06,0.5,0.0,0.5,0.5,0.5,3383.531993865967
2,4140,59.70848846435547,0.3536698818206787,1.9491422176361084,4.850075721740723,9.733493110782978e-06,9.733493110782978e-06,0.5,0.0,0.5,0.5,0.5,3399.5747134685516
2,4160,48.91106414794922,0.28307098150253296,1.556156039237976,5.042405128479004,9.730121761998e-06,9.730121761998e-06,0.5,0.0,0.5,0.5,0.5,3416.2885432243347
2,4180,51.673824310302734,0.3060554265975952,1.628804087638855,4.780237674713135,9.726729882057762e-06,9.726729882057762e-06,0.5,0.0,0.5,0.5,0.5,3432.562302827835
2,4200,58.27009201049805,0.35911428928375244,1.7330701351165771,5.027956485748291,9.72331748742496e-06,9.72331748742496e-06,0.5,0.0,0.5,0.5,0.5,3448.65464925766
2,4220,63.55819320678711,0.38585561513900757,2.0239875316619873,4.732756614685059,9.719884594661864e-06,9.719884594661864e-06,0.5,0.0,0.5,0.5,0.5,3465.8271663188934
2,4240,68.59556579589844,0.45533210039138794,1.82393479347229,4.823006629943848,9.716431220430225e-06,9.716431220430225e-06,0.5,0.0,0.5,0.5,0.5,3480.654772758484
2,4260,66.84471130371094,0.4409393072128296,1.7561614513397217,5.189170837402344,9.71295738149121e-06,9.71295738149121e-06,0.5,0.0,0.5,0.5,0.5,3495.211227416992
2,4280,57.299346923828125,0.3414562940597534,1.8438327312469482,4.715390205383301,9.709463094705308e-06,9.709463094705308e-06,0.5,0.0,0.5,0.5,0.5,3512.729332923889
2,4300,54.863460540771484,0.3466847538948059,1.5591511726379395,4.60347318649292,9.705948377032253e-06,9.705948377032253e-06,0.5,0.0,0.5,0.5,0.5,3529.0751326084137
2,4320,49.427467346191406,0.26636993885040283,1.8041191101074219,4.74928092956543,9.702413245530946e-06,9.702413245530946e-06,0.5,0.0,0.5,0.5,0.5,3545.834725379944
2,4340,50.012935638427734,0.2736594080924988,1.7809407711029053,4.837587833404541,9.69885771735936e-06,9.69885771735936e-06,0.5,0.0,0.5,0.5,0.5,3563.6509335041046
2,4360,42.366615295410156,0.1999431550502777,1.7644332647323608,4.727965354919434,9.695281809774473e-06,9.695281809774473e-06,0.5,0.0,0.5,0.5,0.5,3579.7968254089355
2,4380,52.81983947753906,0.3071576952934265,1.733121633529663,4.772854804992676,9.69168554013217e-06,9.69168554013217e-06,0.5,0.0,0.5,0.5,0.5,3594.7528731822968
2,4400,57.09327697753906,0.3510590195655823,1.7353248596191406,4.634122848510742,9.688068925887165e-06,9.688068925887165e-06,0.5,0.0,0.5,0.5,0.5,3610.537554502487
2,4420,48.797359466552734,0.266634464263916,1.7297176122665405,4.836734294891357,9.684431984592919e-06,9.684431984592919e-06,0.5,0.0,0.5,0.5,0.5,3627.039979696274
2,4440,44.52674865722656,0.23739442229270935,1.6123237609863281,4.664069652557373,9.680774733901546e-06,9.680774733901546e-06,0.5,0.0,0.5,0.5,0.5,3643.5844328403473
2,4460,49.26245880126953,0.2807929515838623,1.6802616119384766,4.380546569824219,9.67709719156374e-06,9.67709719156374e-06,0.5,0.0,0.5,0.5,0.5,3661.0700533390045
2,4480,43.369285583496094,0.2127661257982254,1.714895248413086,4.943717956542969,9.673399375428677e-06,9.673399375428677e-06,0.5,0.0,0.5,0.5,0.5,3677.941648244858
2,4500,41.437686920166016,0.1909431368112564,1.7584199905395508,4.759174346923828,9.669681303443934e-06,9.669681303443934e-06,0.5,0.0,0.5,0.5,0.5,3694.532527923584
2,4520,43.25196838378906,0.21595066785812378,1.6960232257843018,4.696671485900879,9.665942993655402e-06,9.665942993655402e-06,0.5,0.0,0.5,0.5,0.5,3709.8575472831726
2,4540,51.72043991088867,0.3031100034713745,1.6793674230575562,4.615763187408447,9.662184464207196e-06,9.662184464207196e-06,0.5,0.0,0.5,0.5,0.5,3724.7578179836273
2,4560,63.554771423339844,0.42529624700546265,1.649656057357788,4.52858829498291,9.658405733341569e-06,9.658405733341569e-06,0.5,0.0,0.5,0.5,0.5,3739.880704641342
2,4580,39.44559860229492,0.18257223069667816,1.6556251049041748,4.632122993469238,9.654606819398825e-06,9.654606819398825e-06,0.5,0.0,0.5,0.5,0.5,3757.196698665619
2,4600,53.3522834777832,0.30654624104499817,1.8079814910888672,4.6178436279296875,9.65078774081722e-06,9.65078774081722e-06,0.5,0.0,0.5,0.5,0.5,3773.5788445472717
2,4620,50.02254104614258,0.2802003026008606,1.7188204526901245,4.814305305480957,9.646948516132893e-06,9.646948516132893e-06,0.5,0.0,0.5,0.5,0.5,3790.537784099579
2,4640,61.855751037597656,0.39823800325393677,1.7443536520004272,4.588417053222656,9.643089163979752e-06,9.643089163979752e-06,0.5,0.0,0.5,0.5,0.5,3807.0078642368317
2,4660,51.823463439941406,0.29691648483276367,1.746225357055664,4.669564723968506,9.6392097030894e-06,9.6392097030894e-06,0.5,0.0,0.5,0.5,0.5,3821.779276609421
2,4680,52.6893424987793,0.3113260567188263,1.688994288444519,4.666794776916504,9.635310152291038e-06,9.635310152291038e-06,0.5,0.0,0.5,0.5,0.5,3836.9286193847656
2,4700,52.27670669555664,0.2959597110748291,1.7780742645263672,4.899994373321533,9.631390530511377e-06,9.631390530511377e-06,0.5,0.0,0.5,0.5,0.5,3854.0811851024628
2,4720,38.92295837402344,0.18294483423233032,1.5744633674621582,4.883844375610352,9.62745085677454e-06,9.62745085677454e-06,0.5,0.0,0.5,0.5,0.5,3870.5936782360077
2,4740,48.487796783447266,0.2730160653591156,1.6523412466049194,4.66277551651001,9.623491150201973e-06,9.623491150201973e-06,0.5,0.0,0.5,0.5,0.5,3887.210875749588
2,4760,51.330902099609375,0.2983921766281128,1.6821434497833252,4.67025089263916,9.619511430012358e-06,9.619511430012358e-06,0.5,0.0,0.5,0.5,0.5,3903.1176900863647
2,4780,54.92505645751953,0.32722151279449463,1.7375993728637695,4.826911926269531,9.615511715521509e-06,9.615511715521509e-06,0.5,0.0,0.5,0.5,0.5,3918.8573417663574
2,4800,49.37765121459961,0.29016023874282837,1.5566205978393555,4.795421600341797,9.611492026142287e-06,9.611492026142287e-06,0.5,0.0,0.5,0.5,0.5,3935.072149038315
2,4820,61.73627471923828,0.3824133276939392,1.8668893575668335,4.826050758361816,9.607452381384499e-06,9.607452381384499e-06,0.5,0.0,0.5,0.5,0.5,3952.934791326523
2,4840,40.809627532958984,0.19795262813568115,1.6321468353271484,4.692899227142334,9.603392800854808e-06,9.603392800854808e-06,0.5,0.0,0.5,0.5,0.5,3971.032219648361
2,4860,53.67691421508789,0.3165128529071808,1.7227084636688232,4.7985429763793945,9.599313304256637e-06,9.599313304256637e-06,0.5,0.0,0.5,0.5,0.5,3987.050925731659
2,4880,41.3599739074707,0.20416957139968872,1.630644679069519,4.636569499969482,9.595213911390077e-06,9.595213911390077e-06,0.5,0.0,0.5,0.5,0.5,4004.4332690238953
2,4900,53.353485107421875,0.31261682510375977,1.740309715270996,4.688704490661621,9.59109464215178e-06,9.59109464215178e-06,0.5,0.0,0.5,0.5,0.5,4020.6769058704376
2,4920,50.18959426879883,0.2717181146144867,1.821833848953247,4.799441814422607,9.586955516534867e-06,9.586955516534867e-06,0.5,0.0,0.5,0.5,0.5,4037.2940380573273
2,4940,51.3317985534668,0.291823148727417,1.736428141593933,4.785202503204346,9.582796554628844e-06,9.582796554628844e-06,0.5,0.0,0.5,0.5,0.5,4054.11621260643
2,4960,43.66077423095703,0.2295621633529663,1.636085033416748,4.343704700469971,9.578617776619486e-06,9.578617776619486e-06,0.5,0.0,0.5,0.5,0.5,4070.8054459095
2,4980,33.70451354980469,0.11667372286319733,1.739809274673462,4.63905143737793,9.574419202788745e-06,9.574419202788745e-06,0.5,0.0,0.5,0.5,0.5,4087.9637167453766
2,5000,43.01539611816406,0.21780793368816376,1.6662640571594238,4.571960926055908,9.570200853514662e-06,9.570200853514662e-06,0.5,0.0,0.5,0.5,0.5,4105.751618385315
2,5020,48.36727523803711,0.26393380761146545,1.7289328575134277,4.684565544128418,9.565962749271251e-06,9.565962749271251e-06,0.5,0.0,0.5,0.5,0.5,4121.573438882828
2,5040,50.05613327026367,0.28315675258636475,1.7236430644989014,4.504023551940918,9.56170491062841e-06,9.56170491062841e-06,0.5,0.0,0.5,0.5,0.5,4138.380470275879
2,5060,51.562007904052734,0.29732856154441833,1.7041634321212769,4.787518501281738,9.557427358251821e-06,9.557427358251821e-06,0.5,0.0,0.5,0.5,0.5,4156.478401660919
2,5080,62.0970458984375,0.4052269458770752,1.683453917503357,4.739814281463623,9.553130112902845e-06,9.553130112902845e-06,0.5,0.0,0.5,0.5,0.5,4173.3524651527405
2,5100,44.021697998046875,0.21170806884765625,1.7937288284301758,4.913603782653809,9.548813195438427e-06,9.548813195438427e-06,0.5,0.0,0.5,0.5,0.5,4189.69825220108
2,5120,65.0493392944336,0.42923906445503235,1.7335014343261719,4.7904181480407715,9.544476626810992e-06,9.544476626810992e-06,0.5,0.0,0.5,0.5,0.5,4207.743978738785
2,5140,39.39246368408203,0.18957370519638062,1.5645685195922852,4.78940486907959,9.540120428068337e-06,9.540120428068337e-06,0.5,0.0,0.5,0.5,0.5,4223.837277412415
2,5160,47.24292755126953,0.26322290301322937,1.6376800537109375,4.5438385009765625,9.535744620353545e-06,9.535744620353545e-06,0.5,0.0,0.5,0.5,0.5,4239.528210878372
2,5180,48.032108306884766,0.2723267674446106,1.6128389835357666,4.671038627624512,9.531349224904865e-06,9.531349224904865e-06,0.5,0.0,0.5,0.5,0.5,4256.495655536652
2,5200,41.854061126708984,0.20727244019508362,1.619834303855896,4.928473949432373,9.526934263055616e-06,9.526934263055616e-06,0.5,0.0,0.5,0.5,0.5,4273.083272695541
2,5220,45.48711395263672,0.2477806955575943,1.6121277809143066,4.587769985198975,9.52249975623409e-06,9.52249975623409e-06,0.5,0.0,0.5,0.5,0.5,4289.872018814087
2,5240,67.33522033691406,0.4451301097869873,1.824918508529663,4.57302188873291,9.518045725963434e-06,9.518045725963434e-06,0.5,0.0,0.5,0.5,0.5,4307.214958667755
2,5260,46.8337516784668,0.25099894404411316,1.7257354259490967,4.476504802703857,9.513572193861557e-06,9.513572193861557e-06,0.5,0.0,0.5,0.5,0.5,4324.0560920238495
2,5280,49.67479705810547,0.2869846224784851,1.64984130859375,4.477922439575195,9.509079181641026e-06,9.509079181641026e-06,0.5,0.0,0.5,0.5,0.5,4340.638627290726
2,5300,59.459285736083984,0.3829823434352875,1.6713478565216064,4.447575092315674,9.504566711108944e-06,9.504566711108944e-06,0.5,0.0,0.5,0.5,0.5,4356.052008867264
2,5320,42.36176300048828,0.216354638338089,1.6190741062164307,4.535559177398682,9.500034804166872e-06,9.500034804166872e-06,0.5,0.0,0.5,0.5,0.5,4371.42812371254
2,5340,43.976600646972656,0.21559172868728638,1.7845157384872437,4.57227087020874,9.495483482810688e-06,9.495483482810688e-06,0.5,0.0,0.5,0.5,0.5,4388.191094636917
2,5360,41.70843505859375,0.1975691318511963,1.7448997497558594,4.5025248527526855,9.490912769130518e-06,9.490912769130518e-06,0.5,0.0,0.5,0.5,0.5,4405.481264829636
2,5380,52.361915588378906,0.3272147476673126,1.5080547332763672,4.559894561767578,9.486322685310598e-06,9.486322685310598e-06,0.5,0.0,0.5,0.5,0.5,4421.617712259293
2,5400,59.051856994628906,0.3635469973087311,1.840883731842041,4.288323879241943,9.48171325362918e-06,9.48171325362918e-06,0.5,0.0,0.5,0.5,0.5,4438.072243690491
2,5420,35.89506912231445,0.15992256999015808,1.5429210662841797,4.4736008644104,9.477084496458422e-06,9.477084496458422e-06,0.5,0.0,0.5,0.5,0.5,4454.955099582672
2,5440,49.942378997802734,0.29411929845809937,1.5909699201583862,4.620750427246094,9.472436436264283e-06,9.472436436264283e-06,0.5,0.0,0.5,0.5,0.5,4469.844992399216
2,5460,66.68350219726562,0.4536314606666565,1.6952061653137207,4.368296146392822,9.467769095606409e-06,9.467769095606409e-06,0.5,0.0,0.5,0.5,0.5,4485.547982215881
2,5480,62.03441619873047,0.41274386644363403,1.6343128681182861,4.416898727416992,9.463082497138021e-06,9.463082497138021e-06,0.5,0.0,0.5,0.5,0.5,4502.731576681137
2,5500,42.42503356933594,0.21829652786254883,1.631797194480896,4.27741003036499,9.458376663605815e-06,9.458376663605815e-06,0.5,0.0,0.5,0.5,0.5,4519.286586761475
2,5520,54.8443717956543,0.34353893995285034,1.599632740020752,4.494151592254639,9.45365161784984e-06,9.45365161784984e-06,0.5,0.0,0.5,0.5,0.5,4535.650961637497
2,5540,44.22306442260742,0.23814165592193604,1.5904721021652222,4.504178047180176,9.448907382803396e-06,9.448907382803396e-06,0.5,0.0,0.5,0.5,0.5,4552.847663402557
2,5560,53.215003967285156,0.323140412569046,1.6481759548187256,4.419206142425537,9.44414398149292e-06,9.44414398149292e-06,0.5,0.0,0.5,0.5,0.5,4568.83830165863
2,5580,52.39100646972656,0.3084220886230469,1.7096608877182007,4.452187538146973,9.439361437037869e-06,9.439361437037869e-06,0.5,0.0,0.5,0.5,0.5,4585.2551856040955
2,5600,46.37936019897461,0.2501051723957062,1.7022655010223389,4.346186637878418,9.43455977265062e-06,9.43455977265062e-06,0.5,0.0,0.5,0.5,0.5,4600.97207403183
2,5620,45.15733337402344,0.2351764440536499,1.7070434093475342,4.569253921508789,9.429739011636343e-06,9.429739011636343e-06,0.5,0.0,0.5,0.5,0.5,4617.81133389473
2,5640,35.25062942504883,0.14238424599170685,1.6783087253570557,4.229119300842285,9.424899177392896e-06,9.424899177392896e-06,0.5,0.0,0.5,0.5,0.5,4634.075226306915
2,5660,36.867034912109375,0.1712476909160614,1.5200427770614624,4.541840076446533,9.420040293410711e-06,9.420040293410711e-06,0.5,0.0,0.5,0.5,0.5,4651.475134849548
2,5680,47.030521392822266,0.2803705632686615,1.4536314010620117,4.457150459289551,9.415162383272683e-06,9.415162383272683e-06,0.5,0.0,0.5,0.5,0.5,4667.252799272537
2,5700,51.82548904418945,0.30830201506614685,1.627724528312683,4.718045234680176,9.410265470654046e-06,9.410265470654046e-06,0.5,0.0,0.5,0.5,0.5,4683.035466432571
2,5720,48.53955841064453,0.2810576856136322,1.5839780569076538,4.594007968902588,9.405349579322264e-06,9.405349579322264e-06,0.5,0.0,0.5,0.5,0.5,4700.572314500809
2,5740,57.13700866699219,0.3626944422721863,1.6447792053222656,4.419772148132324,9.400414733136917e-06,9.400414733136917e-06,0.5,0.0,0.5,0.5,0.5,4717.094623804092
2,5760,57.79933166503906,0.3626249432563782,1.7123311758041382,4.413527011871338,9.395460956049585e-06,9.395460956049585e-06,0.5,0.0,0.5,0.5,0.5,4733.811965227127
2,5780,48.00902557373047,0.27337223291397095,1.619048833847046,4.481316089630127,9.390488272103728e-06,9.390488272103728e-06,0.5,0.0,0.5,0.5,0.5,4751.380789518356
2,5800,49.22124481201172,0.28139612078666687,1.6512231826782227,4.569401264190674,9.385496705434572e-06,9.385496705434572e-06,0.5,0.0,0.5,0.5,0.5,4768.07110285759
2,5820,44.41703414916992,0.24862097203731537,1.5082683563232422,4.472254276275635,9.380486280268994e-06,9.380486280268994e-06,0.5,0.0,0.5,0.5,0.5,4784.286057949066
2,5840,44.61882019042969,0.24495548009872437,1.5745384693145752,4.377886772155762,9.375457020925394e-06,9.375457020925394e-06,0.5,0.0,0.5,0.5,0.5,4800.596638679504
2,5860,45.964378356933594,0.24875321984291077,1.6599262952804565,4.489792823791504,9.370408951813597e-06,9.370408951813597e-06,0.5,0.0,0.5,0.5,0.5,4816.364240407944
2,5880,42.85356140136719,0.21955233812332153,1.6284849643707275,4.61347770690918,9.365342097434715e-06,9.365342097434715e-06,0.5,0.0,0.5,0.5,0.5,4832.523923397064
2,5900,40.062416076660156,0.19938501715660095,1.5729649066925049,4.394262313842773,9.360256482381032e-06,9.360256482381032e-06,0.5,0.0,0.5,0.5,0.5,4850.222165107727
3,5920,42.71957778930664,0.22686168551445007,1.5537283420562744,4.496128082275391,9.355152131335894e-06,9.355152131335894e-06,0.5,0.0,0.5,0.5,0.5,4880.395008563995
3,5940,41.177452087402344,0.2180149257183075,1.5108102560043335,4.267858505249023,9.350029069073585e-06,9.350029069073585e-06,0.5,0.0,0.5,0.5,0.5,4895.924306631088
3,5960,52.4657096862793,0.30849725008010864,1.7127550840377808,4.488433837890625,9.3448873204592e-06,9.3448873204592e-06,0.5,0.0,0.5,0.5,0.5,4910.900775671005
3,5980,47.928314208984375,0.2753105163574219,1.5870733261108398,4.526525974273682,9.339726910448528e-06,9.339726910448528e-06,0.5,0.0,0.5,0.5,0.5,4927.306805372238
3,6000,53.325233459472656,0.32260411977767944,1.6614205837249756,4.450613975524902,9.334547864087939e-06,9.334547864087939e-06,0.5,0.0,0.5,0.5,0.5,4944.122279882431
3,6020,38.371402740478516,0.18896536529064178,1.5031938552856445,4.442928791046143,9.32935020651425e-06,9.32935020651425e-06,0.5,0.0,0.5,0.5,0.5,4961.45015668869
3,6040,63.27572250366211,0.43160244822502136,1.5685423612594604,4.4300537109375,9.324133962954612e-06,9.324133962954612e-06,0.5,0.0,0.5,0.5,0.5,4978.5122883319855
3,6060,44.108070373535156,0.23971988260746002,1.567262887954712,4.463455677032471,9.31889915872638e-06,9.31889915872638e-06,0.5,0.0,0.5,0.5,0.5,4995.395479440689
3,6080,45.390785217285156,0.2532171905040741,1.5820258855819702,4.248809814453125,9.313645819237e-06,9.313645819237e-06,0.5,0.0,0.5,0.5,0.5,5010.719029664993
3,6100,41.39287185668945,0.21134896576404572,1.5897719860076904,4.360257148742676,9.308373969983877e-06,9.308373969983877e-06,0.5,0.0,0.5,0.5,0.5,5027.7960703372955
3,6120,51.93878936767578,0.3175111413002014,1.5811847448349,4.375827312469482,9.303083636554255e-06,9.303083636554255e-06,0.5,0.0,0.5,0.5,0.5,5044.607967853546
3,6140,49.82029342651367,0.2928188443183899,1.5987651348114014,4.550754547119141,9.29777484462509e-06,9.29777484462509e-06,0.5,0.0,0.5,0.5,0.5,5062.250074148178
3,6160,38.962867736816406,0.196756049990654,1.4935005903244019,4.3522562980651855,9.29244761996293e-06,9.29244761996293e-06,0.5,0.0,0.5,0.5,0.5,5078.1599724292755
3,6180,38.84165954589844,0.19853609800338745,1.4604289531707764,4.383759498596191,9.287101988423784e-06,9.287101988423784e-06,0.5,0.0,0.5,0.5,0.5,5094.483193874359
3,6200,40.11627197265625,0.19335266947746277,1.6188781261444092,4.592226028442383,9.281737975953008e-06,9.281737975953008e-06,0.5,0.0,0.5,0.5,0.5,5111.589171886444
3,6220,41.64176559448242,0.21387887001037598,1.5820317268371582,4.433563232421875,9.276355608585156e-06,9.276355608585156e-06,0.5,0.0,0.5,0.5,0.5,5127.2530789375305
3,6240,42.8176383972168,0.22381022572517395,1.613104224205017,4.3055739402771,9.270954912443888e-06,9.270954912443888e-06,0.5,0.0,0.5,0.5,0.5,5143.810427904129
3,6260,44.1121826171875,0.24811716377735138,1.4847159385681152,4.453306674957275,9.26553591374181e-06,9.26553591374181e-06,0.5,0.0,0.5,0.5,0.5,5160.969380140305
3,6280,48.02651596069336,0.2581132650375366,1.7931382656097412,4.283806324005127,9.260098638780362e-06,9.260098638780362e-06,0.5,0.0,0.5,0.5,0.5,5177.889743089676
3,6300,40.362548828125,0.20032191276550293,1.605780839920044,4.272547721862793,9.254643113949693e-06,9.254643113949693e-06,0.5,0.0,0.5,0.5,0.5,5194.1124958992
3,6320,42.98741149902344,0.2184818685054779,1.6581857204437256,4.557365894317627,9.249169365728528e-06,9.249169365728528e-06,0.5,0.0,0.5,0.5,0.5,5211.90363407135
3,6340,47.31829071044922,0.27881401777267456,1.487533450126648,4.561555862426758,9.243677420684037e-06,9.243677420684037e-06,0.5,0.0,0.5,0.5,0.5,5227.4755001068115
3,6360,52.58632278442383,0.3218310475349426,1.5976732969284058,4.426483154296875,9.238167305471716e-06,9.238167305471716e-06,0.5,0.0,0.5,0.5,0.5,5242.991238117218
3,6380,62.603702545166016,0.4266366958618164,1.542534589767456,4.514688014984131,9.232639046835242e-06,9.232639046835242e-06,0.5,0.0,0.5,0.5,0.5,5260.632049322128
3,6400,45.55356979370117,0.2502748966217041,1.6000112295150757,4.525968074798584,9.227092671606362e-06,9.227092671606362e-06,0.5,0.0,0.5,0.5,0.5,5277.487690448761
3,6420,39.35834884643555,0.1953205168247223,1.537994384765625,4.446354389190674,9.221528206704745e-06,9.221528206704745e-06,0.5,0.0,0.5,0.5,0.5,5293.174245357513
3,6440,42.585609436035156,0.220075324177742,1.6252965927124023,4.32511043548584,9.215945679137865e-06,9.215945679137865e-06,0.5,0.0,0.5,0.5,0.5,5311.301146268845
3,6460,46.23788070678711,0.2634963393211365,1.5495399236679077,4.392850399017334,9.210345116000856e-06,9.210345116000856e-06,0.5,0.0,0.5,0.5,0.5,5327.649836778641
3,6480,40.48905563354492,0.19290849566459656,1.6901023387908936,4.297184944152832,9.204726544476402e-06,9.204726544476402e-06,0.5,0.0,0.5,0.5,0.5,5343.000415086746
3,6500,32.117916107177734,0.1193637102842331,1.5632069110870361,4.5494771003723145,9.19908999183458e-06,9.19908999183458e-06,0.5,0.0,0.5,0.5,0.5,5359.397578001022
3,6520,48.04198455810547,0.2817719578742981,1.5305187702178955,4.559601783752441,9.193435485432744e-06,9.193435485432744e-06,0.5,0.0,0.5,0.5,0.5,5376.358346700668
3,6540,39.22128677368164,0.18678441643714905,1.5940732955932617,4.602111339569092,9.187763052715388e-06,9.187763052715388e-06,0.5,0.0,0.5,0.5,0.5,5392.52555847168
3,6560,25.968929290771484,0.06377800554037094,1.5008025169372559,4.583103656768799,9.182072721214012e-06,9.182072721214012e-06,0.5,0.0,0.5,0.5,0.5,5410.126625299454
3,6580,29.833965301513672,0.08441305160522461,1.7086181640625,4.306478977203369,9.17636451854699e-06,9.17636451854699e-06,0.5,0.0,0.5,0.5,0.5,5427.225010633469
3,6600,38.79771423339844,0.18102559447288513,1.6239032745361328,4.456123352050781,9.17063847241943e-06,9.17063847241943e-06,0.5,0.0,0.5,0.5,0.5,5443.297054052353
3,6620,46.352298736572266,0.2509056329727173,1.6787004470825195,4.474732875823975,9.164894610623051e-06,9.164894610623051e-06,0.5,0.0,0.5,0.5,0.5,5459.742613792419
3,6640,37.469078063964844,0.18497014045715332,1.4721195697784424,4.25086784362793,9.159132961036038e-06,9.159132961036038e-06,0.5,0.0,0.5,0.5,0.5,5475.972976446152
3,6660,41.409027099609375,0.22018328309059143,1.5177887678146362,4.212808609008789,9.15335355162291e-06,9.15335355162291e-06,0.5,0.0,0.5,0.5,0.5,5492.236983299255
3,6680,43.25434112548828,0.2377389371395111,1.5385764837265015,4.094681262969971,9.147556410434383e-06,9.147556410434383e-06,0.5,0.0,0.5,0.5,0.5,5509.082720518112
3,6700,35.39949035644531,0.16176404058933258,1.4792373180389404,4.43071174621582,9.14174156560724e-06,9.14174156560724e-06,0.5,0.0,0.5,0.5,0.5,5525.555545330048
3,6720,42.78763961791992,0.2257939875125885,1.5842101573944092,4.366138458251953,9.135909045364186e-06,9.135909045364186e-06,0.5,0.0,0.5,0.5,0.5,5542.296753644943
3,6740,45.84703063964844,0.267109751701355,1.4939031600952148,4.197023391723633,9.130058878013712e-06,9.130058878013712e-06,0.5,0.0,0.5,0.5,0.5,5559.684804201126
3,6760,50.4849739074707,0.30670273303985596,1.527607798576355,4.538623332977295,9.124191091949968e-06,9.124191091949968e-06,0.5,0.0,0.5,0.5,0.5,5575.598234415054
3,6780,59.81106948852539,0.39424318075180054,1.6112393140792847,4.274360656738281,9.118305715652614e-06,9.118305715652614e-06,0.5,0.0,0.5,0.5,0.5,5591.072775840759
3,6800,43.83957290649414,0.22541388869285583,1.680940866470337,4.488772392272949,9.112402777686682e-06,9.112402777686682e-06,0.5,0.0,0.5,0.5,0.5,5608.128522396088
3,6820,37.871761322021484,0.18528202176094055,1.5000370740890503,4.343190670013428,9.106482306702444e-06,9.106482306702444e-06,0.5,0.0,0.5,0.5,0.5,5625.273536205292
3,6840,40.762001037597656,0.21827657520771027,1.4600551128387451,4.333792209625244,9.100544331435269e-06,9.100544331435269e-06,0.5,0.0,0.5,0.5,0.5,5641.637465715408
3,6860,56.32440948486328,0.35702142119407654,1.6487663984298706,4.13460636138916,9.094588880705481e-06,9.094588880705481e-06,0.5,0.0,0.5,0.5,0.5,5659.091442346573
3,6880,45.0473747253418,0.26054179668426514,1.4824025630950928,4.16917085647583,9.088615983418229e-06,9.088615983418229e-06,0.5,0.0,0.5,0.5,0.5,5675.12242937088
3,6900,44.235286712646484,0.23045000433921814,1.6663668155670166,4.526619911193848,9.082625668563337e-06,9.082625668563337e-06,0.5,0.0,0.5,0.5,0.5,5690.991367340088
3,6920,37.71744918823242,0.17210207879543304,1.608107566833496,4.426166534423828,9.076617965215164e-06,9.076617965215164e-06,0.5,0.0,0.5,0.5,0.5,5708.26470541954
3,6940,35.30032730102539,0.16545015573501587,1.4504202604293823,4.251108646392822,9.070592902532464e-06,9.070592902532464e-06,0.5,0.0,0.5,0.5,0.5,5725.370891571045
3,6960,50.39834213256836,0.29230403900146484,1.6802661418914795,4.365276336669922,9.064550509758249e-06,9.064550509758249e-06,0.5,0.0,0.5,0.5,0.5,5741.534574985504
3,6980,44.82261276245117,0.23983056843280792,1.6426713466644287,4.412841320037842,9.058490816219644e-06,9.058490816219644e-06,0.5,0.0,0.5,0.5,0.5,5759.124590396881
3,7000,58.80207824707031,0.3965339660644531,1.5039710998535156,4.10897159576416,9.052413851327744e-06,9.052413851327744e-06,0.5,0.0,0.5,0.5,0.5,5775.701725721359
3,7020,33.12004852294922,0.14828774333000183,1.417546272277832,4.115808486938477,9.046319644577467e-06,9.046319644577467e-06,0.5,0.0,0.5,0.5,0.5,5791.421641588211
3,7040,47.64970016479492,0.2664915919303894,1.679214358329773,4.208401679992676,9.040208225547424e-06,9.040208225547424e-06,0.5,0.0,0.5,0.5,0.5,5808.496078968048
3,7060,37.82724380493164,0.18031367659568787,1.5417345762252808,4.3785295486450195,9.034079623899756e-06,9.034079623899756e-06,0.5,0.0,0.5,0.5,0.5,5825.64878487587
3,7080,39.33616638183594,0.18988382816314697,1.6122541427612305,4.225244045257568,9.027933869380012e-06,9.027933869380012e-06,0.5,0.0,0.5,0.5,0.5,5842.8584043979645
3,7100,46.10749053955078,0.2677430212497711,1.5161809921264648,4.171379566192627,9.021770991816984e-06,9.021770991816984e-06,0.5,0.0,0.5,0.5,0.5,5861.622287511826
3,7120,38.10346984863281,0.17286284267902374,1.6704769134521484,4.112419128417969,9.01559102112258e-06,9.01559102112258e-06,0.5,0.0,0.5,0.5,0.5,5878.018563270569
3,7140,44.78544616699219,0.24306775629520416,1.6212036609649658,4.266632080078125,9.009393987291662e-06,9.009393987291662e-06,0.5,0.0,0.5,0.5,0.5,5894.0416831970215
3,7160,51.48933792114258,0.31398507952690125,1.5530192852020264,4.560634613037109,9.00317992040192e-06,9.00317992040192e-06,0.5,0.0,0.5,0.5,0.5,5910.242687702179
3,7180,45.64594268798828,0.2520124316215515,1.6109050512313843,4.335649013519287,8.996948850613703e-06,8.996948850613703e-06,0.5,0.0,0.5,0.5,0.5,5926.810146570206
3,7200,45.77537536621094,0.25581851601600647,1.6152851581573486,4.040671348571777,8.99070080816989e-06,8.99070080816989e-06,0.5,0.0,0.5,0.5,0.5,5943.779844045639
3,7220,38.584075927734375,0.17755195498466492,1.6311206817626953,4.517671585083008,8.984435823395741e-06,8.984435823395741e-06,0.5,0.0,0.5,0.5,0.5,5960.506987571716
3,7240,39.242210388183594,0.1976931095123291,1.5317591428756714,4.155305862426758,8.978153926698744e-06,8.978153926698744e-06,0.5,0.0,0.5,0.5,0.5,5976.782597064972
3,7260,47.31700134277344,0.2634962499141693,1.6593126058578491,4.374253273010254,8.971855148568466e-06,8.971855148568466e-06,0.5,0.0,0.5,0.5,0.5,5993.50997877121
3,7280,38.56285095214844,0.185594379901886,1.581236720085144,4.191042423248291,8.965539519576414e-06,8.965539519576414e-06,0.5,0.0,0.5,0.5,0.5,6008.719975233078
3,7300,40.08510971069336,0.20256367325782776,1.5300941467285156,4.527801990509033,8.959207070375885e-06,8.959207070375885e-06,0.5,0.0,0.5,0.5,0.5,6024.496509552002
3,7320,38.70609664916992,0.1843682825565338,1.6012072563171387,4.257195949554443,8.952857831701803e-06,8.952857831701803e-06,0.5,0.0,0.5,0.5,0.5,6040.162716388702
3,7340,42.87646484375,0.23964685201644897,1.4493603706359863,4.4181742668151855,8.946491834370591e-06,8.946491834370591e-06,0.5,0.0,0.5,0.5,0.5,6057.792971372604
3,7360,38.110511779785156,0.19748356938362122,1.4070415496826172,4.291740894317627,8.940109109280007e-06,8.940109109280007e-06,0.5,0.0,0.5,0.5,0.5,6074.014569282532
3,7380,47.55091094970703,0.27742743492126465,1.566155195236206,4.146613121032715,8.933709687408994e-06,8.933709687408994e-06,0.5,0.0,0.5,0.5,0.5,6090.184549808502
3,7400,45.213077545166016,0.25552821159362793,1.5552301406860352,4.107952117919922,8.927293599817543e-06,8.927293599817543e-06,0.5,0.0,0.5,0.5,0.5,6108.80873465538
3,7420,47.321170806884766,0.28273966908454895,1.5102814435958862,3.9443883895874023,8.920860877646529e-06,8.920860877646529e-06,0.5,0.0,0.5,0.5,0.5,6125.18702507019
3,7440,32.52903366088867,0.12651033699512482,1.5385675430297852,4.492325782775879,8.91441155211756e-06,8.91441155211756e-06,0.5,0.0,0.5,0.5,0.5,6140.7896456718445
3,7460,38.70199966430664,0.166879341006279,1.774523138999939,4.268831729888916,8.907945654532834e-06,8.907945654532834e-06,0.5,0.0,0.5,0.5,0.5,6157.783775568008
3,7480,45.19268035888672,0.22841686010360718,1.812706708908081,4.223925590515137,8.901463216274982e-06,8.901463216274982e-06,0.5,0.0,0.5,0.5,0.5,6174.246562242508
3,7500,48.0593376159668,0.2730168104171753,1.6591399908065796,4.166256427764893,8.894964268806916e-06,8.894964268806916e-06,0.5,0.0,0.5,0.5,0.5,6190.076483488083
3,7520,51.8153190612793,0.3174704313278198,1.561292052268982,4.455358028411865,8.888448843671674e-06,8.888448843671674e-06,0.5,0.0,0.5,0.5,0.5,6206.8418135643005
3,7540,37.231346130371094,0.15630267560482025,1.7566239833831787,4.034841060638428,8.881916972492272e-06,8.881916972492272e-06,0.5,0.0,0.5,0.5,0.5,6223.598787784576
3,7560,38.990413665771484,0.19658979773521423,1.5186316967010498,4.145115852355957,8.875368686971548e-06,8.875368686971548e-06,0.5,0.0,0.5,0.5,0.5,6238.674386978149
3,7580,33.614112854003906,0.15589864552021027,1.4016904830932617,4.0073418617248535,8.868804018892006e-06,8.868804018892006e-06,0.5,0.0,0.5,0.5,0.5,6253.493382692337
3,7600,49.385658264160156,0.289412260055542,1.6265721321105957,4.178709506988525,8.862223000115665e-06,8.862223000115665e-06,0.5,0.0,0.5,0.5,0.5,6269.369159460068
3,7620,40.480133056640625,0.19298094511032104,1.6849555969238281,4.332481861114502,8.855625662583904e-06,8.855625662583904e-06,0.5,0.0,0.5,0.5,0.5,6285.864718198776
3,7640,43.055328369140625,0.2258756458759308,1.6304502487182617,4.163259983062744,8.849012038317303e-06,8.849012038317303e-06,0.5,0.0,0.5,0.5,0.5,6303.2253205776215
3,7660,35.78120040893555,0.1653415560722351,1.4866554737091064,4.380490303039551,8.842382159415496e-06,8.842382159415496e-06,0.5,0.0,0.5,0.5,0.5,6319.842923164368
3,7680,39.044921875,0.19388200342655182,1.5287964344024658,4.36876106262207,8.835736058057003e-06,8.835736058057003e-06,0.5,0.0,0.5,0.5,0.5,6336.536461114883
3,7700,50.831581115722656,0.3081582486629486,1.5874221324920654,4.141534805297852,8.829073766499087e-06,8.829073766499087e-06,0.5,0.0,0.5,0.5,0.5,6353.014316320419
3,7720,40.31897735595703,0.20612561702728271,1.5485332012176514,4.2210845947265625,8.822395317077589e-06,8.822395317077589e-06,0.5,0.0,0.5,0.5,0.5,6367.60088634491
3,7740,33.565147399902344,0.12844468653202057,1.6508214473724365,4.212464332580566,8.815700742206768e-06,8.815700742206768e-06,0.5,0.0,0.5,0.5,0.5,6381.700510978699
3,7760,28.806659698486328,0.09672367572784424,1.505592703819275,4.078364849090576,8.808990074379162e-06,8.808990074379162e-06,0.5,0.0,0.5,0.5,0.5,6399.764655590057
3,7780,46.8191032409668,0.2843586206436157,1.4112675189971924,4.270565509796143,8.802263346165399e-06,8.802263346165399e-06,0.5,0.0,0.5,0.5,0.5,6415.935886621475
3,7800,33.79153823852539,0.1430007964372635,1.5190156698226929,4.301303386688232,8.795520590214071e-06,8.795520590214071e-06,0.5,0.0,0.5,0.5,0.5,6433.569521665573
3,7820,31.524986267089844,0.1290682852268219,1.4314191341400146,4.303967475891113,8.78876183925156e-06,8.78876183925156e-06,0.5,0.0,0.5,0.5,0.5,6448.695103406906
3,7840,33.45293045043945,0.1404971480369568,1.5447406768798828,3.955808639526367,8.781987126081873e-06,8.781987126081873e-06,0.5,0.0,0.5,0.5,0.5,6463.822225093842
3,7860,39.494773864746094,0.20454096794128418,1.4857020378112793,4.183655738830566,8.7751964835865e-06,8.7751964835865e-06,0.5,0.0,0.5,0.5,0.5,6480.763342618942
3,7880,27.728973388671875,0.08465231209993362,1.4869556427001953,4.394185543060303,8.768389944724237e-06,8.768389944724237e-06,0.5,0.0,0.5,0.5,0.5,6497.94504237175
3,7900,54.42996597290039,0.34284383058547974,1.5959008932113647,4.186574459075928,8.76156754253104e-06,8.76156754253104e-06,0.5,0.0,0.5,0.5,0.5,6514.405372142792
3,7920,49.50702667236328,0.3010444641113281,1.5150511264801025,4.252068519592285,8.754729310119857e-06,8.754729310119857e-06,0.5,0.0,0.5,0.5,0.5,6530.598836421967
3,7940,36.92060089111328,0.17440536618232727,1.538515329360962,4.094908714294434,8.747875280680464e-06,8.747875280680464e-06,0.5,0.0,0.5,0.5,0.5,6548.051089048386
3,7960,42.47099685668945,0.24047112464904785,1.4298690557479858,4.125195503234863,8.741005487479316e-06,8.741005487479316e-06,0.5,0.0,0.5,0.5,0.5,6564.276976108551
3,7980,35.585262298583984,0.17659476399421692,1.3807730674743652,4.118053913116455,8.734119963859377e-06,8.734119963859377e-06,0.5,0.0,0.5,0.5,0.5,6580.90918302536
3,8000,32.008514404296875,0.109810471534729,1.6880487203598022,4.146980285644531,8.727218743239955e-06,8.727218743239955e-06,0.5,0.0,0.5,0.5,0.5,6596.355318069458
3,8020,61.53116989135742,0.4150567650794983,1.577675700187683,4.2487359046936035,8.72030185911655e-06,8.72030185911655e-06,0.5,0.0,0.5,0.5,0.5,6613.198018789291
3,8040,34.13296127319336,0.15280601382255554,1.446332335472107,4.389037609100342,8.713369345060678e-06,8.713369345060678e-06,0.5,0.0,0.5,0.5,0.5,6630.388126850128
3,8060,49.94662094116211,0.3115702271461487,1.458837866783142,4.2012224197387695,8.706421234719726e-06,8.706421234719726e-06,0.5,0.0,0.5,0.5,0.5,6647.596817970276
3,8080,53.720420837402344,0.35637831687927246,1.3936465978622437,4.146120071411133,8.699457561816772e-06,8.699457561816772e-06,0.5,0.0,0.5,0.5,0.5,6664.500867128372
3,8100,46.729583740234375,0.2701790928840637,1.5480706691741943,4.230962753295898,8.692478360150428e-06,8.692478360150428e-06,0.5,0.0,0.5,0.5,0.5,6681.21407866478
3,8120,44.523284912109375,0.24194079637527466,1.612065315246582,4.2085490226745605,8.685483663594678e-06,8.685483663594678e-06,0.5,0.0,0.5,0.5,0.5,6696.816357374191
3,8140,42.20814895629883,0.23843997716903687,1.4500861167907715,3.8632893562316895,8.678473506098711e-06,8.678473506098711e-06,0.5,0.0,0.5,0.5,0.5,6715.029690504074
3,8160,42.60753631591797,0.23149168491363525,1.5126056671142578,4.332313537597656,8.671447921686757e-06,8.671447921686757e-06,0.5,0.0,0.5,0.5,0.5,6731.876863479614
3,8180,47.263572692871094,0.29339709877967834,1.3414108753204346,4.5097527503967285,8.664406944457917e-06,8.664406944457917e-06,0.5,0.0,0.5,0.5,0.5,6749.311195611954
3,8200,50.282169342041016,0.32491469383239746,1.3736908435821533,4.0537896156311035,8.657350608586008e-06,8.657350608586008e-06,0.5,0.0,0.5,0.5,0.5,6766.333307504654
3,8220,28.571876525878906,0.07681678980588913,1.661188006401062,4.278318881988525,8.650278948319388e-06,8.650278948319388e-06,0.5,0.0,0.5,0.5,0.5,6783.235664606094
3,8240,42.29341125488281,0.22508451342582703,1.5819110870361328,3.965851306915283,8.643191997980796e-06,8.643191997980796e-06,0.5,0.0,0.5,0.5,0.5,6800.585712432861
3,8260,31.577922821044922,0.12834800779819489,1.4253953695297241,4.489169120788574,8.636089791967178e-06,8.636089791967178e-06,0.5,0.0,0.5,0.5,0.5,6817.2896020412445
3,8280,33.24281311035156,0.1386258602142334,1.5355662107467651,4.02456521987915,8.628972364749524e-06,8.628972364749524e-06,0.5,0.0,0.5,0.5,0.5,6833.114281415939
3,8300,48.513545989990234,0.298927903175354,1.461484432220459,4.005911827087402,8.621839750872706e-06,8.621839750872706e-06,0.5,0.0,0.5,0.5,0.5,6850.091625213623
3,8320,27.077131271362305,0.0799931138753891,1.4835033416748047,4.242786407470703,8.614691984955303e-06,8.614691984955303e-06,0.5,0.0,0.5,0.5,0.5,6866.715646982193
3,8340,31.716230392456055,0.13009506464004517,1.4533908367156982,4.172815799713135,8.607529101689434e-06,8.607529101689434e-06,0.5,0.0,0.5,0.5,0.5,6883.0257930755615
3,8360,43.751129150390625,0.24212440848350525,1.5272172689437866,4.26651668548584,8.60035113584059e-06,8.60035113584059e-06,0.5,0.0,0.5,0.5,0.5,6901.039712190628
3,8380,48.874794006347656,0.29379522800445557,1.5374711751937866,4.120559215545654,8.593158122247472e-06,8.593158122247472e-06,0.5,0.0,0.5,0.5,0.5,6917.256523370743
3,8400,40.249019622802734,0.1989901065826416,1.610903263092041,4.240976810455322,8.58595009582181e-06,8.58595009582181e-06,0.5,0.0,0.5,0.5,0.5,6934.077571630478
3,8420,33.42855453491211,0.13178056478500366,1.6201356649398804,4.049140930175781,8.578727091548202e-06,8.578727091548202e-06,0.5,0.0,0.5,0.5,0.5,6950.737764835358
3,8440,34.82095718383789,0.16533491015434265,1.4359443187713623,3.928020715713501,8.571489144483945e-06,8.571489144483945e-06,0.5,0.0,0.5,0.5,0.5,6966.070053577423
3,8460,35.29383850097656,0.1545758694410324,1.5582830905914307,4.253420829772949,8.564236289758853e-06,8.564236289758853e-06,0.5,0.0,0.5,0.5,0.5,6982.4556386470795
3,8480,42.35728073120117,0.22021342813968658,1.6023049354553223,4.312889575958252,8.556968562575106e-06,8.556968562575106e-06,0.5,0.0,0.5,0.5,0.5,6999.847856044769
3,8500,32.40325927734375,0.14033262431621552,1.4116690158843994,4.25330924987793,8.549685998207062e-06,8.549685998207062e-06,0.5,0.0,0.5,0.5,0.5,7016.22051358223
3,8520,51.2252311706543,0.3225324749946594,1.4969794750213623,4.002188205718994,8.542388632001094e-06,8.542388632001094e-06,0.5,0.0,0.5,0.5,0.5,7032.840321063995
3,8540,30.073549270629883,0.11475056409835815,1.4418532848358154,4.179959774017334,8.535076499375415e-06,8.535076499375415e-06,0.5,0.0,0.5,0.5,0.5,7050.533902645111
3,8560,41.03133773803711,0.2315407544374466,1.393298625946045,3.9442760944366455,8.527749635819907e-06,8.527749635819907e-06,0.5,0.0,0.5,0.5,0.5,7067.325143814087
3,8580,39.26251983642578,0.18719255924224854,1.6533753871917725,4.009511947631836,8.520408076895957e-06,8.520408076895957e-06,0.5,0.0,0.5,0.5,0.5,7083.563692808151
3,8600,34.25596237182617,0.15636476874351501,1.4297183752059937,4.322300910949707,8.513051858236268e-06,8.513051858236268e-06,0.5,0.0,0.5,0.5,0.5,7099.095987081528
3,8620,40.27666473388672,0.22127732634544373,1.3868612051010132,4.280320167541504,8.505681015544696e-06,8.505681015544696e-06,0.5,0.0,0.5,0.5,0.5,7115.850020170212
3,8640,48.69314193725586,0.2942855954170227,1.506798267364502,4.19659948348999,8.49829558459608e-06,8.49829558459608e-06,0.5,0.0,0.5,0.5,0.5,7131.910031557083
3,8660,34.15634536743164,0.15009824931621552,1.5058854818344116,4.0876665115356445,8.490895601236063e-06,8.490895601236063e-06,0.5,0.0,0.5,0.5,0.5,7149.294396877289
3,8680,47.6295280456543,0.28113269805908203,1.5312784910202026,4.203472137451172,8.483481101380917e-06,8.483481101380917e-06,0.5,0.0,0.5,0.5,0.5,7165.234388589859
3,8700,40.65839385986328,0.21304047107696533,1.5221375226974487,4.13297176361084,8.476052121017368e-06,8.476052121017368e-06,0.5,0.0,0.5,0.5,0.5,7181.48356962204
3,8720,45.42643737792969,0.2688021659851074,1.4521825313568115,4.024396896362305,8.468608696202433e-06,8.468608696202433e-06,0.5,0.0,0.5,0.5,0.5,7198.884484767914
3,8740,41.776824951171875,0.21526113152503967,1.6144297122955322,4.10641622543335,8.46115086306323e-06,8.46115086306323e-06,0.5,0.0,0.5,0.5,0.5,7214.962491750717
3,8760,34.65251159667969,0.15712417662143707,1.4892442226409912,4.047651290893555,8.453678657796805e-06,8.453678657796805e-06,0.5,0.0,0.5,0.5,0.5,7230.064745187759
3,8780,40.08623504638672,0.20821109414100647,1.5139338970184326,4.125786781311035,8.446192116669966e-06,8.446192116669966e-06,0.5,0.0,0.5,0.5,0.5,7248.24307847023
3,8800,45.48575973510742,0.259581595659256,1.5503662824630737,4.023937225341797,8.438691276019103e-06,8.438691276019103e-06,0.5,0.0,0.5,0.5,0.5,7264.914173364639
3,8820,44.73170471191406,0.25760531425476074,1.491677165031433,4.05440092086792,8.431176172250002e-06,8.431176172250002e-06,0.5,0.0,0.5,0.5,0.5,7281.543360710144
3,8840,32.6126594543457,0.15149308741092682,1.3259508609771729,4.203842639923096,8.423646841837678e-06,8.423646841837678e-06,0.5,0.0,0.5,0.5,0.5,7299.164304256439
4,8860,40.86170959472656,0.22734519839286804,1.4174389839172363,3.9528005123138428,8.416103321326203e-06,8.416103321326203e-06,0.5,0.0,0.5,0.5,0.5,7329.091691970825
4,8880,41.43754959106445,0.21766021847724915,1.554736852645874,4.1241583824157715,8.408545647328513e-06,8.408545647328513e-06,0.5,0.0,0.5,0.5,0.5,7345.11606669426
4,8900,42.97734069824219,0.24650591611862183,1.4124512672424316,4.202236652374268,8.400973856526243e-06,8.400973856526243e-06,0.5,0.0,0.5,0.5,0.5,7362.916893482208
4,8920,41.873313903808594,0.23628102242946625,1.3996045589447021,4.24916934967041,8.393387985669541e-06,8.393387985669541e-06,0.5,0.0,0.5,0.5,0.5,7379.65472817421
4,8940,30.536476135253906,0.12211067974567413,1.4090745449066162,4.234661102294922,8.385788071576902e-06,8.385788071576902e-06,0.5,0.0,0.5,0.5,0.5,7395.622396707535
4,8960,43.348575592041016,0.2529855966567993,1.379011869430542,4.2599005699157715,8.378174151134968e-06,8.378174151134968e-06,0.5,0.0,0.5,0.5,0.5,7413.056520223618
4,8980,33.89850997924805,0.16311468183994293,1.3771165609359741,3.8158767223358154,8.370546261298375e-06,8.370546261298375e-06,0.5,0.0,0.5,0.5,0.5,7429.457914590836
4,9000,33.28212356567383,0.13891172409057617,1.5042016506195068,4.348935604095459,8.362904439089549e-06,8.362904439089549e-06,0.5,0.0,0.5,0.5,0.5,7446.402540922165
4,9020,45.96873474121094,0.27647480368614197,1.4094370603561401,4.226884841918945,8.355248721598544e-06,8.355248721598544e-06,0.5,0.0,0.5,0.5,0.5,7463.595197200775
4,9040,34.82252502441406,0.15784889459609985,1.5037492513656616,4.000142574310303,8.347579145982856e-06,8.347579145982856e-06,0.5,0.0,0.5,0.5,0.5,7478.773874998093
4,9060,32.90850830078125,0.1431829035282135,1.468022108078003,3.909996271133423,8.339895749467238e-06,8.339895749467238e-06,0.5,0.0,0.5,0.5,0.5,7496.531492471695
4,9080,29.70530128479004,0.11852063238620758,1.3920429944992065,3.932807207107544,8.332198569343527e-06,8.332198569343527e-06,0.5,0.0,0.5,0.5,0.5,7512.14790725708
4,9100,36.932125091552734,0.18067149817943573,1.4752449989318848,4.112525939941406,8.324487642970458e-06,8.324487642970458e-06,0.5,0.0,0.5,0.5,0.5,7530.858327150345
4,9120,41.27986526489258,0.2306407243013382,1.401220679283142,4.203586578369141,8.316763007773486e-06,8.316763007773486e-06,0.5,0.0,0.5,0.5,0.5,7548.046748876572
4,9140,35.5398063659668,0.16108116507530212,1.5267733335494995,4.163957118988037,8.3090247012446e-06,8.3090247012446e-06,0.5,0.0,0.5,0.5,0.5,7563.481417655945
4,9160,33.42981719970703,0.16456501185894012,1.2912709712982178,4.060607433319092,8.301272760942144e-06,8.301272760942144e-06,0.5,0.0,0.5,0.5,0.5,7581.294018507004
4,9180,31.955028533935547,0.13293571770191193,1.4678329229354858,3.9831275939941406,8.293507224490638e-06,8.293507224490638e-06,0.5,0.0,0.5,0.5,0.5,7599.442910671234
4,9200,23.529088973999023,0.05029955133795738,1.4411215782165527,4.087919235229492,8.285728129580589e-06,8.285728129580589e-06,0.5,0.0,0.5,0.5,0.5,7615.284033298492
4,9220,47.75468826293945,0.28970867395401,1.4699395895004272,4.0844221115112305,8.27793551396831e-06,8.27793551396831e-06,0.5,0.0,0.5,0.5,0.5,7635.4040060043335
4,9240,26.46257781982422,0.07450897991657257,1.4929323196411133,4.082355976104736,8.270129415475739e-06,8.270129415475739e-06,0.5,0.0,0.5,0.5,0.5,7654.45881485939
4,9260,38.386497497558594,0.2007911503314972,1.4273383617401123,4.03399658203125,8.262309871990251e-06,8.262309871990251e-06,0.5,0.0,0.5,0.5,0.5,7670.621999502182
4,9280,31.812450408935547,0.13283446431159973,1.4269955158233643,4.259049415588379,8.254476921464483e-06,8.254476921464483e-06,0.5,0.0,0.5,0.5,0.5,7687.490097284317
4,9300,38.75761413574219,0.2012196183204651,1.4781893491744995,3.8537580966949463,8.246630601916141e-06,8.246630601916141e-06,0.5,0.0,0.5,0.5,0.5,7705.768534183502
4,9320,33.70667266845703,0.1509624421596527,1.4576995372772217,4.033431053161621,8.238770951427814e-06,8.238770951427814e-06,0.5,0.0,0.5,0.5,0.5,7724.31184053421
4,9340,39.89892578125,0.2087906152009964,1.5008783340454102,4.011082172393799,8.230898008146799e-06,8.230898008146799e-06,0.5,0.0,0.5,0.5,0.5,7740.641002416611
4,9360,32.90024948120117,0.14594975113868713,1.4341139793395996,3.964134693145752,8.223011810284912e-06,8.223011810284912e-06,0.5,0.0,0.5,0.5,0.5,7757.084208488464
4,9380,44.523712158203125,0.2550283968448639,1.4995133876800537,4.0257368087768555,8.215112396118293e-06,8.215112396118293e-06,0.5,0.0,0.5,0.5,0.5,7774.430541753769
4,9400,28.74508285522461,0.10176635533571243,1.4613021612167358,3.9554243087768555,8.207199803987235e-06,8.207199803987235e-06,0.5,0.0,0.5,0.5,0.5,7791.216346025467
4,9420,35.577362060546875,0.1675635576248169,1.4680900573730469,4.140108108520508,8.199274072295988e-06,8.199274072295988e-06,0.5,0.0,0.5,0.5,0.5,7807.404546260834
4,9440,38.49357223510742,0.19593313336372375,1.499235987663269,3.9078972339630127,8.19133523951258e-06,8.19133523951258e-06,0.5,0.0,0.5,0.5,0.5,7826.002952814102
4,9460,32.181243896484375,0.12839558720588684,1.505746841430664,4.284217834472656,8.183383344168618e-06,8.183383344168618e-06,0.5,0.0,0.5,0.5,0.5,7843.653114318848
4,9480,50.696319580078125,0.3204713761806488,1.4666168689727783,3.9830145835876465,8.175418424859116e-06,8.175418424859116e-06,0.5,0.0,0.5,0.5,0.5,7859.853531360626
4,9500,61.57077407836914,0.41497886180877686,1.6080329418182373,3.992556095123291,8.167440520242298e-06,8.167440520242298e-06,0.5,0.0,0.5,0.5,0.5,7876.947085857391
4,9520,48.89397048950195,0.28584593534469604,1.6244233846664429,4.065142631530762,8.159449669039411e-06,8.159449669039411e-06,0.5,0.0,0.5,0.5,0.5,7894.160804986954
4,9540,30.04923439025879,0.10948395729064941,1.5034596920013428,4.066239833831787,8.151445910034544e-06,8.151445910034544e-06,0.5,0.0,0.5,0.5,0.5,7911.201550245285
4,9560,39.04510498046875,0.2141473889350891,1.3385165929794312,4.245201110839844,8.143429282074431e-06,8.143429282074431e-06,0.5,0.0,0.5,0.5,0.5,7932.814327001572
4,9580,25.91585922241211,0.0822363942861557,1.3633975982666016,4.058242321014404,8.135399824068267e-06,8.135399824068267e-06,0.5,0.0,0.5,0.5,0.5,7950.498510837555
4,9600,36.21217346191406,0.1779440939426422,1.4423679113388062,3.9940860271453857,8.127357574987515e-06,8.127357574987515e-06,0.5,0.0,0.5,0.5,0.5,7969.770016670227
4,9620,48.8255500793457,0.29506754875183105,1.5419334173202515,3.899460554122925,8.119302573865732e-06,8.119302573865732e-06,0.5,0.0,0.5,0.5,0.5,7987.542421579361
4,9640,44.775115966796875,0.2509343922138214,1.5723755359649658,3.957923650741577,8.111234859798353e-06,8.111234859798353e-06,0.5,0.0,0.5,0.5,0.5,8006.769712686539
4,9660,30.109519958496094,0.11889417469501495,1.4145314693450928,4.0747880935668945,8.103154471942524e-06,8.103154471942524e-06,0.5,0.0,0.5,0.5,0.5,8022.1671414375305
4,9680,36.250946044921875,0.1785491406917572,1.4334275722503662,4.061756134033203,8.095061449516904e-06,8.095061449516904e-06,0.5,0.0,0.5,0.5,0.5,8042.519390106201
4,9700,42.17515182495117,0.22960683703422546,1.5136083364486694,4.078385353088379,8.086955831801471e-06,8.086955831801471e-06,0.5,0.0,0.5,0.5,0.5,8059.956699132919
4,9720,38.44374465942383,0.21637247502803802,1.2919750213623047,3.886744499206543,8.078837658137342e-06,8.078837658137342e-06,0.5,0.0,0.5,0.5,0.5,8078.480265855789
4,9740,54.20044708251953,0.35571080446243286,1.458117961883545,4.048186779022217,8.070706967926565e-06,8.070706967926565e-06,0.5,0.0,0.5,0.5,0.5,8098.174131393433
4,9760,37.447208404541016,0.1902589201927185,1.4408591985702515,4.012723445892334,8.062563800631949e-06,8.062563800631949e-06,0.5,0.0,0.5,0.5,0.5,8117.41862988472
4,9780,31.93906593322754,0.13178086280822754,1.5029866695404053,3.7311110496520996,8.054408195776852e-06,8.054408195776852e-06,0.5,0.0,0.5,0.5,0.5,8134.559289216995
4,9800,41.38498306274414,0.22783228754997253,1.4624289274215698,3.9774656295776367,8.046240192945e-06,8.046240192945e-06,0.5,0.0,0.5,0.5,0.5,8151.6277441978455
4,9820,43.62371063232422,0.24476400017738342,1.4952644109725952,4.194664001464844,8.038059831780301e-06,8.038059831780301e-06,0.5,0.0,0.5,0.5,0.5,8171.357511281967
4,9840,34.87751007080078,0.16451416909694672,1.438612699508667,4.03996467590332,8.029867151986637e-06,8.029867151986637e-06,0.5,0.0,0.5,0.5,0.5,8186.0833122730255
4,9860,37.94326400756836,0.18908706307411194,1.4967899322509766,4.0666584968566895,8.02166219332768e-06,8.02166219332768e-06,0.5,0.0,0.5,0.5,0.5,8203.244941711426
4,9880,32.66139602661133,0.14493435621261597,1.410597801208496,4.061982154846191,8.0134449956267e-06,8.0134449956267e-06,0.5,0.0,0.5,0.5,0.5,8220.189078330994
4,9900,44.54602813720703,0.2614782154560089,1.4231990575790405,4.166212558746338,8.005215598766371e-06,8.005215598766371e-06,0.5,0.0,0.5,0.5,0.5,8236.796089410782
4,9920,20.828266143798828,0.02688382938504219,1.4167098999023438,3.972783088684082,7.996974042688574e-06,7.996974042688574e-06,0.5,0.0,0.5,0.5,0.5,8252.464880943298
4,9940,54.19769287109375,0.3448219299316406,1.5642321109771729,4.073181629180908,7.98872036739421e-06,7.98872036739421e-06,0.5,0.0,0.5,0.5,0.5,8269.886303186417
4,9960,25.921649932861328,0.06997183710336685,1.4972219467163086,3.9522480964660645,7.980454612942992e-06,7.980454612942992e-06,0.5,0.0,0.5,0.5,0.5,8286.51190495491
4,9980,36.969207763671875,0.18629634380340576,1.4211925268173218,4.127645969390869,7.972176819453269e-06,7.972176819453269e-06,0.5,0.0,0.5,0.5,0.5,8303.538589954376
4,10000,39.211326599121094,0.1945698857307434,1.569179892539978,4.062538146972656,7.96388702710182e-06,7.96388702710182e-06,0.5,0.0,0.5,0.5,0.5,8320.88328242302
4,10020,49.523895263671875,0.3135690689086914,1.4413694143295288,3.7532970905303955,7.95558527612366e-06,7.95558527612366e-06,0.5,0.0,0.5,0.5,0.5,8338.931829929352
4,10040,35.25223159790039,0.16448041796684265,1.503199815750122,3.772193670272827,7.947271606811845e-06,7.947271606811845e-06,0.5,0.0,0.5,0.5,0.5,8357.04081606865
4,10060,45.20640563964844,0.2686825692653656,1.4336090087890625,4.002060413360596,7.93894605951728e-06,7.93894605951728e-06,0.5,0.0,0.5,0.5,0.5,8373.697297096252
4,10080,40.569061279296875,0.223528653383255,1.427483320236206,3.941361904144287,7.930608674648517e-06,7.930608674648517e-06,0.5,0.0,0.5,0.5,0.5,8391.158633947372
4,10100,42.909263610839844,0.23521754145622253,1.5187652111053467,4.1998610496521,7.922259492671569e-06,7.922259492671569e-06,0.5,0.0,0.5,0.5,0.5,8408.33816075325
4,10120,36.752689361572266,0.18454766273498535,1.4348671436309814,3.949252128601074,7.913898554109698e-06,7.913898554109698e-06,0.5,0.0,0.5,0.5,0.5,8428.715102910995
4,10140,49.60003662109375,0.3227917551994324,1.3659782409667969,3.6610777378082275,7.905525899543231e-06,7.905525899543231e-06,0.5,0.0,0.5,0.5,0.5,8445.812123060226
4,10160,32.6570930480957,0.14526256918907166,1.4278526306152344,3.8523104190826416,7.897141569609364e-06,7.897141569609364e-06,0.5,0.0,0.5,0.5,0.5,8463.470503091812
4,10180,40.358150482177734,0.23545068502426147,1.2945327758789062,3.8677561283111572,7.888745605001955e-06,7.888745605001955e-06,0.5,0.0,0.5,0.5,0.5,8479.674299001694
4,10200,30.17560386657715,0.12229474633932114,1.4058789014816284,3.8873391151428223,7.880338046471331e-06,7.880338046471331e-06,0.5,0.0,0.5,0.5,0.5,8494.865996837616
4,10220,35.898536682128906,0.1912621259689331,1.2920523881912231,3.851799964904785,7.871918934824096e-06,7.871918934824096e-06,0.5,0.0,0.5,0.5,0.5,8510.782633543015
4,10240,30.571794509887695,0.13500258326530457,1.3022164106369019,4.049371719360352,7.86348831092292e-06,7.86348831092292e-06,0.5,0.0,0.5,0.5,0.5,8527.926489114761
4,10260,47.86175537109375,0.2982584238052368,1.3818225860595703,4.217689514160156,7.85504621568636e-06,7.85504621568636e-06,0.5,0.0,0.5,0.5,0.5,8546.304137945175
4,10280,33.197628021240234,0.14776919782161713,1.4545965194702148,3.8747429847717285,7.846592690088633e-06,7.846592690088633e-06,0.5,0.0,0.5,0.5,0.5,8562.752506256104
4,10300,36.55555725097656,0.17779088020324707,1.4812177419662476,3.9642953872680664,7.838127775159451e-06,7.838127775159451e-06,0.5,0.0,0.5,0.5,0.5,8578.573596954346
4,10320,31.738338470458984,0.11703738570213318,1.590764045715332,4.126960754394531,7.829651511983796e-06,7.829651511983796e-06,0.5,0.0,0.5,0.5,0.5,8597.835438489914
4,10340,31.8381404876709,0.1369633674621582,1.4246132373809814,3.895672082901001,7.82116394170173e-06,7.82116394170173e-06,0.5,0.0,0.5,0.5,0.5,8618.463627815247
4,10360,36.09756088256836,0.18637874722480774,1.3486993312835693,3.9726920127868652,7.812665105508194e-06,7.812665105508194e-06,0.5,0.0,0.5,0.5,0.5,8635.259508132935
4,10380,51.82514953613281,0.33835840225219727,1.4275999069213867,3.713308811187744,7.804155044652813e-06,7.804155044652813e-06,0.5,0.0,0.5,0.5,0.5,8650.767685174942
4,10400,37.171573638916016,0.1958182007074356,1.40018630027771,3.587891101837158,7.79563380043969e-06,7.79563380043969e-06,0.5,0.0,0.5,0.5,0.5,8668.774262189865
4,10420,52.432098388671875,0.33418983221054077,1.517603874206543,3.8370745182037354,7.787101414227202e-06,7.787101414227202e-06,0.5,0.0,0.5,0.5,0.5,8687.50353384018
4,10440,35.22803497314453,0.16627880930900574,1.478357195854187,3.816582679748535,7.778557927427812e-06,7.778557927427812e-06,0.5,0.0,0.5,0.5,0.5,8706.429267168045
4,10460,38.20024108886719,0.2007397711277008,1.3930318355560303,4.19594669342041,7.770003381507854e-06,7.770003381507854e-06,0.5,0.0,0.5,0.5,0.5,8724.13744187355
4,10480,38.51982498168945,0.20192542672157288,1.4277995824813843,4.049284934997559,7.761437817987343e-06,7.761437817987343e-06,0.5,0.0,0.5,0.5,0.5,8740.073122501373
4,10500,34.37217330932617,0.1675839126110077,1.3648269176483154,3.965512275695801,7.752861278439767e-06,7.752861278439767e-06,0.5,0.0,0.5,0.5,0.5,8755.94472527504
4,10520,34.962364196777344,0.17563295364379883,1.3531017303466797,3.8680529594421387,7.744273804491886e-06,7.744273804491886e-06,0.5,0.0,0.5,0.5,0.5,8772.97697353363
4,10540,30.688392639160156,0.1247638538479805,1.3998160362243652,4.213848114013672,7.73567543782353e-06,7.73567543782353e-06,0.5,0.0,0.5,0.5,0.5,8790.954231262207
4,10560,38.343780517578125,0.1970120668411255,1.450074553489685,4.141830921173096,7.727066220167398e-06,7.727066220167398e-06,0.5,0.0,0.5,0.5,0.5,8807.817697763443
4,10580,32.165138244628906,0.1490660011768341,1.3284072875976562,3.9744625091552734,7.71844619330886e-06,7.71844619330886e-06,0.5,0.0,0.5,0.5,0.5,8825.536617994308
4,10600,33.96617126464844,0.15908026695251465,1.3949058055877686,4.109086990356445,7.709815399085737e-06,7.709815399085737e-06,0.5,0.0,0.5,0.5,0.5,8845.029272317886
4,10620,31.154409408569336,0.13359469175338745,1.4121119976043701,3.673819065093994,7.701173879388128e-06,7.701173879388128e-06,0.5,0.0,0.5,0.5,0.5,8860.887950658798
4,10640,24.22307777404785,0.060046009719371796,1.440505027770996,3.813427686691284,7.69252167615817e-06,7.69252167615817e-06,0.5,0.0,0.5,0.5,0.5,8877.20244550705
4,10660,42.50754928588867,0.24535787105560303,1.3993638753890991,3.9781227111816406,7.683858831389866e-06,7.683858831389866e-06,0.5,0.0,0.5,0.5,0.5,8894.686499118805
4,10680,30.723112106323242,0.11678723990917206,1.4788364171981812,4.25602388381958,7.675185387128861e-06,7.675185387128861e-06,0.5,0.0,0.5,0.5,0.5,8911.7434425354
4,10700,34.079803466796875,0.16974154114723206,1.3013968467712402,4.091683387756348,7.666501385472253e-06,7.666501385472253e-06,0.5,0.0,0.5,0.5,0.5,8928.094982385635
4,10720,34.98933792114258,0.18424123525619507,1.2715765237808228,3.849449396133423,7.65780686856837e-06,7.65780686856837e-06,0.5,0.0,0.5,0.5,0.5,8945.607017040253
4,10740,35.378726959228516,0.18009281158447266,1.354614496231079,3.823301315307617,7.649101878616589e-06,7.649101878616589e-06,0.5,0.0,0.5,0.5,0.5,8965.16773724556
4,10760,31.147727966308594,0.1324075162410736,1.3893063068389893,4.013913154602051,7.64038645786711e-06,7.64038645786711e-06,0.5,0.0,0.5,0.5,0.5,8979.921992063522
4,10780,33.202789306640625,0.15387648344039917,1.3778966665267944,4.036174297332764,7.63166064862076e-06,7.63166064862076e-06,0.5,0.0,0.5,0.5,0.5,8995.03020477295
4,10800,40.742156982421875,0.22370481491088867,1.4667233228683472,3.7044429779052734,7.62292449322879e-06,7.62292449322879e-06,0.5,0.0,0.5,0.5,0.5,9012.761429309845
4,10820,34.736228942871094,0.16338515281677246,1.4548306465148926,3.8494057655334473,7.6141780340926675e-06,7.6141780340926675e-06,0.5,0.0,0.5,0.5,0.5,9030.30395102501
4,10840,29.465450286865234,0.11101371049880981,1.442516565322876,3.9389145374298096,7.605421313663864e-06,7.605421313663864e-06,0.5,0.0,0.5,0.5,0.5,9046.665400028229
4,10860,36.847164154052734,0.1866932064294815,1.4226202964782715,3.9516398906707764,7.596654374443665e-06,7.596654374443665e-06,0.5,0.0,0.5,0.5,0.5,9066.125288248062
4,10880,52.27967834472656,0.3377628028392792,1.4815561771392822,3.687836170196533,7.587877258982941e-06,7.587877258982941e-06,0.5,0.0,0.5,0.5,0.5,9085.675745248795
4,10900,50.03133010864258,0.31038758158683777,1.5124845504760742,3.867724895477295,7.579090009881965e-06,7.579090009881965e-06,0.5,0.0,0.5,0.5,0.5,9101.646732091904
4,10920,36.61953353881836,0.19679343700408936,1.31126070022583,3.8275845050811768,7.570292669790186e-06,7.570292669790186e-06,0.5,0.0,0.5,0.5,0.5,9118.24964427948
4,10940,38.76793670654297,0.2036450207233429,1.4297007322311401,4.106428146362305,7.5614852814060335e-06,7.5614852814060335e-06,0.5,0.0,0.5,0.5,0.5,9134.796529769897
4,10960,33.68775177001953,0.17021019756793976,1.3054885864257812,3.6118483543395996,7.552667887476709e-06,7.552667887476709e-06,0.5,0.0,0.5,0.5,0.5,9151.580271482468
4,10980,33.96998977661133,0.15862038731575012,1.4339170455932617,3.7687785625457764,7.543840530797971e-06,7.543840530797971e-06,0.5,0.0,0.5,0.5,0.5,9168.544920444489
4,11000,34.415225982666016,0.16984163224697113,1.3426716327667236,4.00434684753418,7.535003254213942e-06,7.535003254213942e-06,0.5,0.0,0.5,0.5,0.5,9184.330198049545
4,11020,52.99502944946289,0.34885549545288086,1.4308264255523682,3.8012123107910156,7.5261561006168785e-06,7.5261561006168785e-06,0.5,0.0,0.5,0.5,0.5,9204.941752910614
4,11040,38.195369720458984,0.19973739981651306,1.4448455572128296,3.773174524307251,7.517299112946986e-06,7.517299112946986e-06,0.5,0.0,0.5,0.5,0.5,9221.180422067642
4,11060,32.940128326416016,0.15806370973587036,1.325446605682373,3.8792922496795654,7.508432334192199e-06,7.508432334192199e-06,0.5,0.0,0.5,0.5,0.5,9237.109795093536
4,11080,35.91004180908203,0.1810418963432312,1.3907369375228882,3.898481607437134,7.49955580738797e-06,7.49955580738797e-06,0.5,0.0,0.5,0.5,0.5,9255.341603517532
4,11100,36.583377838134766,0.18973836302757263,1.3651580810546875,3.9579577445983887,7.490669575617065e-06,7.490669575617065e-06,0.5,0.0,0.5,0.5,0.5,9270.529348134995
4,11120,32.36799621582031,0.131384015083313,1.5240964889526367,3.9886317253112793,7.481773682009356e-06,7.481773682009356e-06,0.5,0.0,0.5,0.5,0.5,9289.929044008255
4,11140,28.963420867919922,0.08456239104270935,1.6609275341033936,3.897907257080078,7.472868169741606e-06,7.472868169741606e-06,0.5,0.0,0.5,0.5,0.5,9304.824347496033
4,11160,38.814178466796875,0.20891454815864563,1.4104083776474,3.818643569946289,7.463953082037266e-06,7.463953082037266e-06,0.5,0.0,0.5,0.5,0.5,9319.702055454254
4,11180,47.11133575439453,0.2832093834877014,1.4981439113616943,3.8089609146118164,7.4550284621662614e-06,7.4550284621662614e-06,0.5,0.0,0.5,0.5,0.5,9336.955786943436
4,11200,41.652278900146484,0.23332348465919495,1.434205412864685,3.9778780937194824,7.44609435344478e-06,7.44609435344478e-06,0.5,0.0,0.5,0.5,0.5,9355.164268255234
4,11220,38.328163146972656,0.20910707116127014,1.3548986911773682,3.868468761444092,7.43715079923507e-06,7.43715079923507e-06,0.5,0.0,0.5,0.5,0.5,9372.143055438995
4,11240,47.39378356933594,0.289665162563324,1.443975806236267,3.9875121116638184,7.428197842945215e-06,7.428197842945215e-06,0.5,0.0,0.5,0.5,0.5,9387.01329421997
4,11260,38.044837951660156,0.19326463341712952,1.4719972610473633,3.9984021186828613,7.419235528028938e-06,7.419235528028938e-06,0.5,0.0,0.5,0.5,0.5,9401.933581352234
4,11280,41.84946060180664,0.2398398220539093,1.415258765220642,3.7128899097442627,7.410263897985387e-06,7.410263897985387e-06,0.5,0.0,0.5,0.5,0.5,9417.173541545868
4,11300,45.54283905029297,0.2689456343650818,1.494125247001648,3.7070252895355225,7.401282996358915e-06,7.401282996358915e-06,0.5,0.0,0.5,0.5,0.5,9437.347622156143
4,11320,29.555517196655273,0.12363223731517792,1.321664571762085,3.975646734237671,7.39229286673888e-06,7.39229286673888e-06,0.5,0.0,0.5,0.5,0.5,9460.067867279053
4,11340,44.74182891845703,0.25861620903015137,1.4990198612213135,3.8900067806243896,7.383293552759427e-06,7.383293552759427e-06,0.5,0.0,0.5,0.5,0.5,9477.949930906296
4,11360,24.941856384277344,0.0750017762184143,1.356201171875,3.8796682357788086,7.374285098099279e-06,7.374285098099279e-06,0.5,0.0,0.5,0.5,0.5,9495.454334497452
4,11380,43.1020622253418,0.2546660304069519,1.3713458776474,3.92199969291687,7.3652675464815215e-06,7.3652675464815215e-06,0.5,0.0,0.5,0.5,0.5,9510.690888404846
4,11400,34.238990783691406,0.1763557493686676,1.2773791551589966,3.829625368118286,7.356240941673394e-06,7.356240941673394e-06,0.5,0.0,0.5,0.5,0.5,9528.897776842117
4,11420,36.28260040283203,0.18608245253562927,1.3826286792755127,3.848069190979004,7.347205327486076e-06,7.347205327486076e-06,0.5,0.0,0.5,0.5,0.5,9545.787818908691
4,11440,31.141023635864258,0.13728755712509155,1.3534314632415771,3.877953290939331,7.3381607477744764e-06,7.3381607477744764e-06,0.5,0.0,0.5,0.5,0.5,9564.73497390747
4,11460,27.047637939453125,0.10088391602039337,1.326197624206543,3.6972696781158447,7.329107246437016e-06,7.329107246437016e-06,0.5,0.0,0.5,0.5,0.5,9582.315721035004
4,11480,29.9555721282959,0.1305580735206604,1.3195204734802246,3.704561233520508,7.320044867415419e-06,7.320044867415419e-06,0.5,0.0,0.5,0.5,0.5,9598.74509215355
4,11500,35.434391021728516,0.18290820717811584,1.3511461019515991,3.6321070194244385,7.310973654694498e-06,7.310973654694498e-06,0.5,0.0,0.5,0.5,0.5,9617.709218740463
4,11520,30.47382164001465,0.12330378592014313,1.444019079208374,3.7032530307769775,7.301893652301938e-06,7.301893652301938e-06,0.5,0.0,0.5,0.5,0.5,9633.267820358276
4,11540,29.66116714477539,0.12526488304138184,1.3383960723876953,3.7507176399230957,7.292804904308087e-06,7.292804904308087e-06,0.5,0.0,0.5,0.5,0.5,9651.840525865555
4,11560,41.39008712768555,0.2284223586320877,1.4678725004196167,3.8691253662109375,7.283707454825744e-06,7.283707454825744e-06,0.5,0.0,0.5,0.5,0.5,9670.410727977753
4,11580,41.833595275878906,0.22312936186790466,1.5596330165863037,3.9243295192718506,7.274601348009934e-06,7.274601348009934e-06,0.5,0.0,0.5,0.5,0.5,9686.09348320961
4,11600,40.016090393066406,0.20564408600330353,1.5558050870895386,3.89363169670105,7.265486628057708e-06,7.265486628057708e-06,0.5,0.0,0.5,0.5,0.5,9700.687430381775
4,11620,34.22807312011719,0.1665552705526352,1.3997987508773804,3.5745577812194824,7.256363339207915e-06,7.256363339207915e-06,0.5,0.0,0.5,0.5,0.5,9718.217397212982
4,11640,36.523521423339844,0.1836601048707962,1.4356244802474976,3.8012638092041016,7.247231525740998e-06,7.247231525740998e-06,0.5,0.0,0.5,0.5,0.5,9735.74659371376
4,11660,36.320125579833984,0.1758657693862915,1.4797801971435547,3.9357492923736572,7.238091231978771e-06,7.238091231978771e-06,0.5,0.0,0.5,0.5,0.5,9752.361033916473
4,11680,33.27423858642578,0.16069287061691284,1.3505992889404297,3.6989591121673584,7.228942502284215e-06,7.228942502284215e-06,0.5,0.0,0.5,0.5,0.5,9769.181601762772
4,11700,27.546123504638672,0.0954483300447464,1.4354705810546875,3.646583080291748,7.219785381061247e-06,7.219785381061247e-06,0.5,0.0,0.5,0.5,0.5,9786.646176576614
4,11720,37.410400390625,0.191878542304039,1.4347610473632812,3.8749356269836426,7.210619912754518e-06,7.210619912754518e-06,0.5,0.0,0.5,0.5,0.5,9806.23386001587
4,11740,38.251609802246094,0.2004019170999527,1.4352002143859863,3.8594186305999756,7.201446141849186e-06,7.201446141849186e-06,0.5,0.0,0.5,0.5,0.5,9822.599306821823
4,11760,38.97805404663086,0.22015030682086945,1.3296600580215454,3.6664233207702637,7.1922641128707134e-06,7.1922641128707134e-06,0.5,0.0,0.5,0.5,0.5,9840.264189958572
4,11780,42.30000686645508,0.23787668347358704,1.4866783618927002,3.645557403564453,7.183073870384643e-06,7.183073870384643e-06,0.5,0.0,0.5,0.5,0.5,9859.282304525375
4,11800,34.92540740966797,0.16096125543117523,1.492138147354126,3.9079015254974365,7.1738754589963765e-06,7.1738754589963765e-06,0.5,0.0,0.5,0.5,0.5,9879.530287027359
5,11820,24.60203742980957,0.07463230192661285,1.3437364101409912,3.7014431953430176,7.164668923350968e-06,7.164668923350968e-06,0.5,0.0,0.5,0.5,0.5,9916.272277832031
5,11840,32.33094787597656,0.1455853134393692,1.386757254600525,3.9048409461975098,7.155454308132903e-06,7.155454308132903e-06,0.5,0.0,0.5,0.5,0.5,9929.306245565414
5,11860,29.78384780883789,0.12124595791101456,1.3660815954208374,3.998436689376831,7.146231658065883e-06,7.146231658065883e-06,0.5,0.0,0.5,0.5,0.5,9944.601981163025
5,11880,33.031280517578125,0.1570451855659485,1.3509092330932617,3.817667245864868,7.137001017912601e-06,7.137001017912601e-06,0.5,0.0,0.5,0.5,0.5,9958.34563422203
5,11900,36.33267593383789,0.18254201114177704,1.4134860038757324,3.943614959716797,7.12776243247454e-06,7.12776243247454e-06,0.5,0.0,0.5,0.5,0.5,9975.160675525665
5,11920,27.063642501831055,0.09946132451295853,1.3073773384094238,4.043736934661865,7.118515946591738e-06,7.118515946591738e-06,0.5,0.0,0.5,0.5,0.5,9991.061359167099
5,11940,29.443437576293945,0.1283528208732605,1.2863694429397583,3.74446177482605,7.1092616051425804e-06,7.1092616051425804e-06,0.5,0.0,0.5,0.5,0.5,10006.813238859177
5,11960,32.520660400390625,0.1322646290063858,1.520477533340454,4.089424133300781,7.099999453043581e-06,7.099999453043581e-06,0.5,0.0,0.5,0.5,0.5,10024.074850797653
5,11980,43.256587982177734,0.2605578899383545,1.3434112071990967,3.766685724258423,7.090729535249165e-06,7.090729535249165e-06,0.5,0.0,0.5,0.5,0.5,10039.643774747849
5,12000,25.897987365722656,0.0776912197470665,1.4191077947616577,3.937786817550659,7.0814518967514435e-06,7.0814518967514435e-06,0.5,0.0,0.5,0.5,0.5,10055.584484100342
5,12020,30.202468872070312,0.11753234267234802,1.4611241817474365,3.837994337081909,7.072166582580006e-06,7.072166582580006e-06,0.5,0.0,0.5,0.5,0.5,10072.226905345917
5,12040,34.086692810058594,0.16134946048259735,1.4260514974594116,3.6912295818328857,7.062873637801692e-06,7.062873637801692e-06,0.5,0.0,0.5,0.5,0.5,10086.332381486893
5,12060,25.8692569732666,0.0744568258523941,1.4609111547470093,3.814462900161743,7.05357310752038e-06,7.05357310752038e-06,0.5,0.0,0.5,0.5,0.5,10101.854989528656
5,12080,27.842288970947266,0.10070160031318665,1.3906034231185913,3.866093873977661,7.044265036876763e-06,7.044265036876763e-06,0.5,0.0,0.5,0.5,0.5,10119.255571365356
5,12100,39.3641357421875,0.22184373438358307,1.3266651630401611,3.913109302520752,7.034949471048133e-06,7.034949471048133e-06,0.5,0.0,0.5,0.5,0.5,10135.139444112778
5,12120,37.81159591674805,0.19628721475601196,1.4440935850143433,3.74194073677063,7.025626455248161e-06,7.025626455248161e-06,0.5,0.0,0.5,0.5,0.5,10150.861070632935
5,12140,38.06666946411133,0.20553535223007202,1.4002013206481934,3.5111184120178223,7.016296034726673e-06,7.016296034726673e-06,0.5,0.0,0.5,0.5,0.5,10168.16359782219
5,12160,38.77854537963867,0.21321962773799896,1.3728199005126953,3.7283830642700195,7.006958254769438e-06,7.006958254769438e-06,0.5,0.0,0.5,0.5,0.5,10184.241071224213
5,12180,39.25596618652344,0.2229556441307068,1.3351364135742188,3.609037399291992,6.997613160697945e-06,6.997613160697945e-06,0.5,0.0,0.5,0.5,0.5,10199.440846204758
5,12200,39.20406723022461,0.21842533349990845,1.3543989658355713,3.8175458908081055,6.988260797869177e-06,6.988260797869177e-06,0.5,0.0,0.5,0.5,0.5,10214.50766825676
5,12220,37.47624206542969,0.1981547772884369,1.3606376647949219,4.054390907287598,6.978901211675405e-06,6.978901211675405e-06,0.5,0.0,0.5,0.5,0.5,10231.092928409576
5,12240,33.918060302734375,0.1603003293275833,1.4197900295257568,3.6901252269744873,6.969534447543949e-06,6.969534447543949e-06,0.5,0.0,0.5,0.5,0.5,10247.405714035034
5,12260,34.06172180175781,0.15650677680969238,1.4695451259613037,3.715592622756958,6.960160550936979e-06,6.960160550936979e-06,0.5,0.0,0.5,0.5,0.5,10264.74256324768
5,12280,30.768728256225586,0.12874077260494232,1.4068632125854492,3.826019287109375,6.950779567351271e-06,6.950779567351271e-06,0.5,0.0,0.5,0.5,0.5,10280.40564608574
5,12300,34.2108154296875,0.16986404359340668,1.3737901449203491,3.4865097999572754,6.941391542318008e-06,6.941391542318008e-06,0.5,0.0,0.5,0.5,0.5,10296.129603624344
5,12320,33.50799560546875,0.16794021427631378,1.2992613315582275,3.721362352371216,6.931996521402543e-06,6.931996521402543e-06,0.5,0.0,0.5,0.5,0.5,10312.615463972092
5,12340,35.446720123291016,0.16236528754234314,1.5462052822113037,3.7481372356414795,6.922594550204187e-06,6.922594550204187e-06,0.5,0.0,0.5,0.5,0.5,10327.06194138527
5,12360,34.26007080078125,0.1652844399213791,1.4023733139038086,3.7078938484191895,6.913185674355981e-06,6.913185674355981e-06,0.5,0.0,0.5,0.5,0.5,10343.196124076843
5,12380,34.26580047607422,0.1590367704629898,1.454469084739685,3.817432403564453,6.903769939524484e-06,6.903769939524484e-06,0.5,0.0,0.5,0.5,0.5,10361.001889705658
5,12400,45.15615463256836,0.26862823963165283,1.4313883781433105,3.979445695877075,6.8943473914095394e-06,6.8943473914095394e-06,0.5,0.0,0.5,0.5,0.5,10376.656096220016
5,12420,22.606773376464844,0.06846137344837189,1.1837608814239502,3.923027992248535,6.884918075744065e-06,6.884918075744065e-06,0.5,0.0,0.5,0.5,0.5,10391.739300489426
5,12440,31.862070083618164,0.14312995970249176,1.3871557712554932,3.677516460418701,6.875482038293818e-06,6.875482038293818e-06,0.5,0.0,0.5,0.5,0.5,10409.072487354279
5,12460,25.06385040283203,0.07396582514047623,1.3947649002075195,3.719618797302246,6.866039324857189e-06,6.866039324857189e-06,0.5,0.0,0.5,0.5,0.5,10424.840469837189
5,12480,24.705442428588867,0.06917178630828857,1.4148305654525757,3.639957904815674,6.856589981264964e-06,6.856589981264964e-06,0.5,0.0,0.5,0.5,0.5,10439.130491018295
5,12500,34.67135238647461,0.15340283513069153,1.5617730617523193,3.713336944580078,6.847134053380113e-06,6.847134053380113e-06,0.5,0.0,0.5,0.5,0.5,10454.541659832
5,12520,24.848804473876953,0.08185986429452896,1.3012616634368896,3.6501994132995605,6.837671587097559e-06,6.837671587097559e-06,0.5,0.0,0.5,0.5,0.5,10470.380608558655
5,12540,30.67899513244629,0.13016988337039948,1.367985486984253,3.9821512699127197,6.828202628343963e-06,6.828202628343963e-06,0.5,0.0,0.5,0.5,0.5,10486.03884267807
5,12560,35.83475112915039,0.1788775473833084,1.4227584600448608,3.7194085121154785,6.818727223077498e-06,6.818727223077498e-06,0.5,0.0,0.5,0.5,0.5,10504.323838949203
5,12580,28.882238388061523,0.11131930351257324,1.3996223211288452,3.754084348678589,6.809245417287625e-06,6.809245417287625e-06,0.5,0.0,0.5,0.5,0.5,10520.164741516113
5,12600,35.9300422668457,0.17738908529281616,1.4377578496932983,3.8135550022125244,6.799757256994865e-06,6.799757256994865e-06,0.5,0.0,0.5,0.5,0.5,10536.463285446167
5,12620,28.426958084106445,0.12063146382570267,1.2562737464904785,3.8010737895965576,6.7902627882505914e-06,6.7902627882505914e-06,0.5,0.0,0.5,0.5,0.5,10552.198721647263
5,12640,46.64347457885742,0.2871091365814209,1.4052190780639648,3.880366325378418,6.780762057136787e-06,6.780762057136787e-06,0.5,0.0,0.5,0.5,0.5,10566.513098716736
5,12660,42.60274887084961,0.24125343561172485,1.4454654455184937,4.022749900817871,6.771255109765833e-06,6.771255109765833e-06,0.5,0.0,0.5,0.5,0.5,10581.834234952927
5,12680,19.890850067138672,0.031211059540510178,1.2820219993591309,3.949524164199829,6.761741992280282e-06,6.761741992280282e-06,0.5,0.0,0.5,0.5,0.5,10599.432935476303
5,12700,36.0521354675293,0.170791894197464,1.5320310592651367,3.6526358127593994,6.752222750852632e-06,6.752222750852632e-06,0.5,0.0,0.5,0.5,0.5,10615.398341178894
5,12720,37.820255279541016,0.19270473718643188,1.4857902526855469,3.6918792724609375,6.7426974316851035e-06,6.7426974316851035e-06,0.5,0.0,0.5,0.5,0.5,10631.210148096085
5,12740,39.96803283691406,0.22882825136184692,1.3668451309204102,3.4167540073394775,6.73316608100942e-06,6.73316608100942e-06,0.5,0.0,0.5,0.5,0.5,10648.442522287369
5,12760,27.226783752441406,0.10961587727069855,1.2405130863189697,3.8600659370422363,6.723628745086574e-06,6.723628745086574e-06,0.5,0.0,0.5,0.5,0.5,10664.258034229279
5,12780,38.811607360839844,0.2031974196434021,1.4723842144012451,3.7680208683013916,6.71408547020661e-06,6.71408547020661e-06,0.5,0.0,0.5,0.5,0.5,10679.58129811287
5,12800,41.525596618652344,0.2430880069732666,1.324519395828247,3.971602439880371,6.7045363026883995e-06,6.7045363026883995e-06,0.5,0.0,0.5,0.5,0.5,10696.59232378006
5,12820,36.135414123535156,0.19021667540073395,1.337447166442871,3.739274501800537,6.69498128887941e-06,6.69498128887941e-06,0.5,0.0,0.5,0.5,0.5,10712.445813894272
5,12840,40.81165313720703,0.2280457615852356,1.3939646482467651,4.067429065704346,6.685420475155488e-06,6.685420475155488e-06,0.5,0.0,0.5,0.5,0.5,10728.225672006607
5,12860,36.18334197998047,0.19209226965904236,1.3200795650482178,3.773319721221924,6.675853907920629e-06,6.675853907920629e-06,0.5,0.0,0.5,0.5,0.5,10745.513107299805
5,12880,36.6715087890625,0.18145278096199036,1.473649263381958,3.7897391319274902,6.666281633606752e-06,6.666281633606752e-06,0.5,0.0,0.5,0.5,0.5,10761.651055812836
5,12900,20.33104133605957,0.03274094685912132,1.3492645025253296,3.5643017292022705,6.656703698673482e-06,6.656703698673482e-06,0.5,0.0,0.5,0.5,0.5,10777.25620508194
5,12920,28.620845794677734,0.1001259833574295,1.4843523502349854,3.7647242546081543,6.647120149607907e-06,6.647120149607907e-06,0.5,0.0,0.5,0.5,0.5,10795.107994794846
5,12940,32.3726692199707,0.13907770812511444,1.4650182723999023,3.8147175312042236,6.63753103292437e-06,6.63753103292437e-06,0.5,0.0,0.5,0.5,0.5,10809.07723736763
5,12960,37.21736145019531,0.2074422836303711,1.27571702003479,3.71596360206604,6.627936395164243e-06,6.627936395164243e-06,0.5,0.0,0.5,0.5,0.5,10823.139796495438
5,12980,33.58563232421875,0.16225716471672058,1.3747267723083496,3.6126482486724854,6.618336282895683e-06,6.618336282895683e-06,0.5,0.0,0.5,0.5,0.5,10841.73275756836
5,13000,33.61997985839844,0.16393017768859863,1.3471436500549316,3.755525827407837,6.608730742713425e-06,6.608730742713425e-06,0.5,0.0,0.5,0.5,0.5,10857.900866031647
5,13020,35.53846740722656,0.16830892860889435,1.5054054260253906,3.653520107269287,6.599119821238546e-06,6.599119821238546e-06,0.5,0.0,0.5,0.5,0.5,10874.090069293976
5,13040,36.66232681274414,0.19290173053741455,1.3493608236312866,3.8785452842712402,6.589503565118245e-06,6.589503565118245e-06,0.5,0.0,0.5,0.5,0.5,10891.711309671402
5,13060,29.006216049194336,0.11375205218791962,1.3664262294769287,3.9667487144470215,6.5798820210256086e-06,6.5798820210256086e-06,0.5,0.0,0.5,0.5,0.5,10907.662372589111
5,13080,40.20117950439453,0.23437705636024475,1.3240405321121216,3.52306866645813,6.5702552356593905e-06,6.5702552356593905e-06,0.5,0.0,0.5,0.5,0.5,10922.042699337006
5,13100,28.493349075317383,0.1167033314704895,1.2932718992233276,3.8902971744537354,6.560623255743784e-06,6.560623255743784e-06,0.5,0.0,0.5,0.5,0.5,10938.28977060318
5,13120,29.952329635620117,0.12068414688110352,1.4075630903244019,3.8082828521728516,6.550986128028194e-06,6.550986128028194e-06,0.5,0.0,0.5,0.5,0.5,10954.066229820251
5,13140,24.50527000427246,0.07470668107271194,1.343106746673584,3.6035349369049072,6.541343899287012e-06,6.541343899287012e-06,0.5,0.0,0.5,0.5,0.5,10969.926709413528
5,13160,31.913002014160156,0.15507017076015472,1.2716072797775269,3.6899101734161377,6.531696616319384e-06,6.531696616319384e-06,0.5,0.0,0.5,0.5,0.5,10987.78872513771
5,13180,29.53951072692871,0.1140320748090744,1.4450420141220093,3.685882806777954,6.52204432594899e-06,6.52204432594899e-06,0.5,0.0,0.5,0.5,0.5,11003.370197534561
5,13200,37.85784149169922,0.1995977759361267,1.4033445119857788,3.8646178245544434,6.512387075023814e-06,6.512387075023814e-06,0.5,0.0,0.5,0.5,0.5,11019.363159179688
5,13220,22.616077423095703,0.054876767098903656,1.3190363645553589,3.9380388259887695,6.502724910415914e-06,6.502724910415914e-06,0.5,0.0,0.5,0.5,0.5,11036.414036273956
5,13240,44.34667205810547,0.2551864683628082,1.4974021911621094,3.8540031909942627,6.493057879021199e-06,6.493057879021199e-06,0.5,0.0,0.5,0.5,0.5,11050.714615821838
5,13260,33.1087760925293,0.14025646448135376,1.5286753177642822,3.7963783740997314,6.483386027759196e-06,6.483386027759196e-06,0.5,0.0,0.5,0.5,0.5,11065.51399922371
5,13280,29.544776916503906,0.11878345161676407,1.3928316831588745,3.7381134033203125,6.473709403572833e-06,6.473709403572833e-06,0.5,0.0,0.5,0.5,0.5,11082.73796582222
5,13300,27.74151611328125,0.09642613679170609,1.4415510892868042,3.6833906173706055,6.464028053428194e-06,6.464028053428194e-06,0.5,0.0,0.5,0.5,0.5,11098.526641368866
5,13320,42.248138427734375,0.24213355779647827,1.4315159320831299,3.719623565673828,6.454342024314307e-06,6.454342024314307e-06,0.5,0.0,0.5,0.5,0.5,11114.548162937164
5,13340,34.16704559326172,0.17507553100585938,1.3059207201004028,3.600285053253174,6.444651363242909e-06,6.444651363242909e-06,0.5,0.0,0.5,0.5,0.5,11133.373822689056
5,13360,37.70979690551758,0.21119916439056396,1.3043605089187622,3.546274423599243,6.4349561172482156e-06,6.4349561172482156e-06,0.5,0.0,0.5,0.5,0.5,11149.070113897324
5,13380,28.674991607666016,0.11607034504413605,1.333423137664795,3.7337260246276855,6.425256333386698e-06,6.425256333386698e-06,0.5,0.0,0.5,0.5,0.5,11162.900073766708
5,13400,27.40728187561035,0.10494479537010193,1.2946022748947144,3.9667792320251465,6.415552058736854e-06,6.415552058736854e-06,0.5,0.0,0.5,0.5,0.5,11178.735282421112
5,13420,31.78824234008789,0.1347598433494568,1.4650869369506836,3.661388635635376,6.405843340398971e-06,6.405843340398971e-06,0.5,0.0,0.5,0.5,0.5,11194.127770662308
5,13440,28.715852737426758,0.12266945093870163,1.2825291156768799,3.6236164569854736,6.396130225494913e-06,6.396130225494913e-06,0.5,0.0,0.5,0.5,0.5,11210.164556503296
5,13460,38.05118179321289,0.20114096999168396,1.459548830986023,3.3415942192077637,6.386412761167876e-06,6.386412761167876e-06,0.5,0.0,0.5,0.5,0.5,11227.08113193512
5,13480,31.395294189453125,0.1338987946510315,1.4193027019500732,3.812387466430664,6.3766909945821696e-06,6.3766909945821696e-06,0.5,0.0,0.5,0.5,0.5,11242.595462560654
5,13500,30.147602081298828,0.1497216820716858,1.150843620300293,3.666998863220215,6.366964972922984e-06,6.366964972922984e-06,0.5,0.0,0.5,0.5,0.5,11258.312247276306
5,13520,29.112422943115234,0.11892002075910568,1.364898443222046,3.57143497467041,6.357234743396161e-06,6.357234743396161e-06,0.5,0.0,0.5,0.5,0.5,11275.490664958954
5,13540,30.64789581298828,0.13004261255264282,1.3938572406768799,3.705063819885254,6.347500353227966e-06,6.347500353227966e-06,0.5,0.0,0.5,0.5,0.5,11289.752615451813
5,13560,36.14886474609375,0.20202992856502533,1.209808349609375,3.8477859497070312,6.337761849664857e-06,6.337761849664857e-06,0.5,0.0,0.5,0.5,0.5,11305.15297794342
5,13580,35.15826416015625,0.1783542037010193,1.367928385734558,3.6435582637786865,6.328019279973261e-06,6.328019279973261e-06,0.5,0.0,0.5,0.5,0.5,11322.918238639832
5,13600,47.89881134033203,0.3075692057609558,1.3360044956207275,3.7818455696105957,6.318272691439337e-06,6.318272691439337e-06,0.5,0.0,0.5,0.5,0.5,11338.320437431335
5,13620,35.26308059692383,0.17902661859989166,1.3690755367279053,3.6696622371673584,6.308522131368747e-06,6.308522131368747e-06,0.5,0.0,0.5,0.5,0.5,11354.367208719254
5,13640,35.76740646362305,0.17361316084861755,1.467126727104187,3.7348220348358154,6.2987676470864336e-06,6.2987676470864336e-06,0.5,0.0,0.5,0.5,0.5,11372.15541434288
5,13660,35.580074310302734,0.1840914487838745,1.3524993658065796,3.6459367275238037,6.289009285936384e-06,6.289009285936384e-06,0.5,0.0,0.5,0.5,0.5,11387.69607925415
5,13680,33.75106430053711,0.16831594705581665,1.3281769752502441,3.637699604034424,6.279247095281403e-06,6.279247095281403e-06,0.5,0.0,0.5,0.5,0.5,11403.970627069473
5,13700,27.08774185180664,0.09408610314130783,1.3991345167160034,3.687786340713501,6.269481122502881e-06,6.269481122502881e-06,0.5,0.0,0.5,0.5,0.5,11419.4575111866
5,13720,33.6949462890625,0.15014465153217316,1.5294370651245117,3.3861095905303955,6.259711415000563e-06,6.259711415000563e-06,0.5,0.0,0.5,0.5,0.5,11435.33874130249
5,13740,32.297767639160156,0.15425918996334076,1.320320963859558,3.6686410903930664,6.249938020192327e-06,6.249938020192327e-06,0.5,0.0,0.5,0.5,0.5,11451.771893978119
5,13760,23.832111358642578,0.05458728224039078,1.4612019062042236,3.7613632678985596,6.240160985513941e-06,6.240160985513941e-06,0.5,0.0,0.5,0.5,0.5,11468.620501756668
5,13780,37.52219009399414,0.1961713433265686,1.4077441692352295,3.8276143074035645,6.230380358418845e-06,6.230380358418845e-06,0.5,0.0,0.5,0.5,0.5,11484.829493761063
5,13800,43.67133331298828,0.2669387459754944,1.3184603452682495,3.7928531169891357,6.220596186377908e-06,6.220596186377908e-06,0.5,0.0,0.5,0.5,0.5,11500.456236839294
5,13820,25.011343002319336,0.07898356020450592,1.3186531066894531,3.9264564514160156,6.210808516879213e-06,6.210808516879213e-06,0.5,0.0,0.5,0.5,0.5,11516.876269102097
5,13840,32.522064208984375,0.15885959565639496,1.2962684631347656,3.6734209060668945,6.20101739742781e-06,6.20101739742781e-06,0.5,0.0,0.5,0.5,0.5,11531.077116012573
5,13860,27.579605102539062,0.10861489176750183,1.3150310516357422,3.567805290222168,6.1912228755455e-06,6.1912228755455e-06,0.5,0.0,0.5,0.5,0.5,11546.318537473679
5,13880,23.55341339111328,0.06036181375384331,1.3769587278366089,3.747645378112793,6.181424998770595e-06,6.181424998770595e-06,0.5,0.0,0.5,0.5,0.5,11563.49454164505
5,13900,32.047698974609375,0.14822709560394287,1.3655872344970703,3.5691165924072266,6.17162381465769e-06,6.17162381465769e-06,0.5,0.0,0.5,0.5,0.5,11579.309497594833
5,13920,39.348655700683594,0.21698230504989624,1.4173529148101807,3.476898670196533,6.161819370777433e-06,6.161819370777433e-06,0.5,0.0,0.5,0.5,0.5,11594.703110694885
5,13940,21.724321365356445,0.052747443318367004,1.2902964353561401,3.546612501144409,6.152011714716294e-06,6.152011714716294e-06,0.5,0.0,0.5,0.5,0.5,11612.341849565506
5,13960,32.74262237548828,0.15318337082862854,1.384795904159546,3.576324701309204,6.1422008940763315e-06,6.1422008940763315e-06,0.5,0.0,0.5,0.5,0.5,11628.455552101135
5,13980,31.937110900878906,0.14936678111553192,1.3296326398849487,3.704104423522949,6.132386956474966e-06,6.132386956474966e-06,0.5,0.0,0.5,0.5,0.5,11643.549415588379
5,14000,28.953598022460938,0.12304039299488068,1.3157391548156738,3.492169141769409,6.122569949544742e-06,6.122569949544742e-06,0.5,0.0,0.5,0.5,0.5,11658.774381637573
5,14020,25.851028442382812,0.09504164755344391,1.2646706104278564,3.7001566886901855,6.112749920933111e-06,6.112749920933111e-06,0.5,0.0,0.5,0.5,0.5,11674.356528759003
5,14040,32.786460876464844,0.16561442613601685,1.2677028179168701,3.547987937927246,6.102926918302177e-06,6.102926918302177e-06,0.5,0.0,0.5,0.5,0.5,11690.334455490112
5,14060,32.677642822265625,0.16348931193351746,1.262326955795288,3.7054431438446045,6.09310098932849e-06,6.09310098932849e-06,0.5,0.0,0.5,0.5,0.5,11707.710992336273
5,14080,28.143943786621094,0.10371992737054825,1.433639407157898,3.4355568885803223,6.083272181702795e-06,6.083272181702795e-06,0.5,0.0,0.5,0.5,0.5,11723.500628709793
5,14100,32.78271484375,0.16005481779575348,1.2924485206604004,3.852747917175293,6.073440543129816e-06,6.073440543129816e-06,0.5,0.0,0.5,0.5,0.5,11739.184019565582
5,14120,26.86638069152832,0.0874917209148407,1.4440377950668335,3.676830768585205,6.0636061213280105e-06,6.0636061213280105e-06,0.5,0.0,0.5,0.5,0.5,11755.834829568863
5,14140,30.842987060546875,0.14303982257843018,1.304667353630066,3.4923322200775146,6.053768964029348e-06,6.053768964029348e-06,0.5,0.0,0.5,0.5,0.5,11770.003096818924
5,14160,27.437170028686523,0.10313871502876282,1.3644256591796875,3.4790427684783936,6.043929118979075e-06,6.043929118979075e-06,0.5,0.0,0.5,0.5,0.5,11785.872426748276
5,14180,43.547080993652344,0.2692859172821045,1.3019428253173828,3.5990612506866455,6.034086633935486e-06,6.034086633935486e-06,0.5,0.0,0.5,0.5,0.5,11803.081496238708
5,14200,26.39865493774414,0.09050337225198746,1.3397531509399414,3.9507861137390137,6.024241556669678e-06,6.024241556669678e-06,0.5,0.0,0.5,0.5,0.5,11819.205220937729
5,14220,29.438047409057617,0.12207907438278198,1.3925756216049194,3.3043835163116455,6.014393934965342e-06,6.014393934965342e-06,0.5,0.0,0.5,0.5,0.5,11834.633634090424
5,14240,25.25748062133789,0.07957363873720169,1.3489665985107422,3.810451030731201,6.004543816618512e-06,6.004543816618512e-06,0.5,0.0,0.5,0.5,0.5,11852.23638677597
5,14260,37.504730224609375,0.20214475691318512,1.355790138244629,3.7323527336120605,5.994691249437342e-06,5.994691249437342e-06,0.5,0.0,0.5,0.5,0.5,11867.651382923126
5,14280,29.502513885498047,0.11739777028560638,1.4074296951293945,3.68843936920166,5.9848362812418724e-06,5.9848362812418724e-06,0.5,0.0,0.5,0.5,0.5,11882.219950437546
5,14300,31.801799774169922,0.14296123385429382,1.3910939693450928,3.5947368144989014,5.974978959863792e-06,5.974978959863792e-06,0.5,0.0,0.5,0.5,0.5,11897.110199689865
5,14320,49.0209846496582,0.2974773943424225,1.538749098777771,3.8857545852661133,5.965119333146215e-06,5.965119333146215e-06,0.5,0.0,0.5,0.5,0.5,11912.842724323273
5,14340,27.670259475708008,0.10840384662151337,1.3049230575561523,3.7806453704833984,5.955257448943446e-06,5.955257448943446e-06,0.5,0.0,0.5,0.5,0.5,11928.698344707489
5,14360,20.720067977905273,0.0358089804649353,1.3558930158615112,3.5802395343780518,5.945393355120743e-06,5.945393355120743e-06,0.5,0.0,0.5,0.5,0.5,11946.390261650085
5,14380,28.892091751098633,0.1131577342748642,1.3710956573486328,3.8653621673583984,5.9355270995540895e-06,5.9355270995540895e-06,0.5,0.0,0.5,0.5,0.5,11962.466171264648
5,14400,31.26673126220703,0.14352400600910187,1.3320555686950684,3.5937750339508057,5.925658730129963e-06,5.925658730129963e-06,0.5,0.0,0.5,0.5,0.5,11978.718328237534
5,14420,32.81403732299805,0.16154420375823975,1.306994080543518,3.58967661857605,5.915788294745099e-06,5.915788294745099e-06,0.5,0.0,0.5,0.5,0.5,11995.913599729538
5,14440,38.9116325378418,0.20708486437797546,1.4583847522735596,3.619296073913574,5.90591584130626e-06,5.90591584130626e-06,0.5,0.0,0.5,0.5,0.5,12010.606787443161
5,14460,50.400489807128906,0.34011438488960266,1.2649059295654297,3.7399914264678955,5.896041417730004e-06,5.896041417730004e-06,0.5,0.0,0.5,0.5,0.5,12024.498963356018
5,14480,26.1549015045166,0.09115855395793915,1.328065037727356,3.758396625518799,5.886165071942451e-06,5.886165071942451e-06,0.5,0.0,0.5,0.5,0.5,12042.64012670517
5,14500,29.7086238861084,0.13003742694854736,1.3227601051330566,3.4772820472717285,5.876286851879053e-06,5.876286851879053e-06,0.5,0.0,0.5,0.5,0.5,12058.29921579361
5,14520,29.666109085083008,0.12669771909713745,1.3335760831832886,3.6605756282806396,5.866406805484354e-06,5.866406805484354e-06,0.5,0.0,0.5,0.5,0.5,12074.18894147873
5,14540,32.58994674682617,0.15309301018714905,1.3551639318466187,3.729006767272949,5.856524980711765e-06,5.856524980711765e-06,0.5,0.0,0.5,0.5,0.5,12091.742842912674
5,14560,27.407257080078125,0.08477266132831573,1.5267658233642578,3.6623330116271973,5.846641425523328e-06,5.846641425523328e-06,0.5,0.0,0.5,0.5,0.5,12107.662291049957
5,14580,25.343273162841797,0.08710276335477829,1.2763166427612305,3.86983060836792,5.836756187889486e-06,5.836756187889486e-06,0.5,0.0,0.5,0.5,0.5,12121.86004781723
5,14600,21.148815155029297,0.04630623757839203,1.2608363628387451,3.909827947616577,5.826869315788844e-06,5.826869315788844e-06,0.5,0.0,0.5,0.5,0.5,12137.964883565903
5,14620,28.59862518310547,0.10804884135723114,1.4219090938568115,3.5746498107910156,5.816980857207941e-06,5.816980857207941e-06,0.5,0.0,0.5,0.5,0.5,12153.892258167267
5,14640,31.270627975463867,0.1542365700006485,1.2129288911819458,3.717682361602783,5.80709086014102e-06,5.80709086014102e-06,0.5,0.0,0.5,0.5,0.5,12170.08400774002
5,14660,34.225189208984375,0.18243607878684998,1.2199795246124268,3.781784772872925,5.797199372589786e-06,5.797199372589786e-06,0.5,0.0,0.5,0.5,0.5,12187.446874856949
5,14680,27.49064826965332,0.10641659796237946,1.3412007093429565,3.436980962753296,5.787306442563179e-06,5.787306442563179e-06,0.5,0.0,0.5,0.5,0.5,12203.532576560974
5,14700,26.54688262939453,0.09263073652982712,1.3381494283676147,3.9023141860961914,5.777412118077141e-06,5.777412118077141e-06,0.5,0.0,0.5,0.5,0.5,12219.51290512085
5,14720,27.817113876342773,0.107887864112854,1.316340446472168,3.8649234771728516,5.767516447154386e-06,5.767516447154386e-06,0.5,0.0,0.5,0.5,0.5,12237.001213312149
5,14740,28.286731719970703,0.12023651599884033,1.263650894165039,3.626572370529175,5.757619477824157e-06,5.757619477824157e-06,0.5,0.0,0.5,0.5,0.5,12250.462071180344
5,14760,21.9520206451416,0.04915929585695267,1.348479151725769,3.551297664642334,5.747721258122e-06,5.747721258122e-06,0.5,0.0,0.5,0.5,0.5,12264.81086730957
6,14780,34.18941116333008,0.17152178287506104,1.3559058904647827,3.478174924850464,5.7378218360895334e-06,5.7378218360895334e-06,0.5,0.0,0.5,0.5,0.5,12294.619806289673
6,14800,31.525205612182617,0.1373448371887207,1.388262152671814,3.9081008434295654,5.727921259774208e-06,5.727921259774208e-06,0.5,0.0,0.5,0.5,0.5,12310.167327165604
6,14820,26.708967208862305,0.09000054746866226,1.4071791172027588,3.6371219158172607,5.718019577229078e-06,5.718019577229078e-06,0.5,0.0,0.5,0.5,0.5,12326.25398015976
6,14840,42.2304573059082,0.2437385618686676,1.4133085012435913,3.723513603210449,5.708116836512566e-06,5.708116836512566e-06,0.5,0.0,0.5,0.5,0.5,12344.90635895729
6,14860,33.699928283691406,0.16574609279632568,1.332525610923767,3.8000621795654297,5.69821308568823e-06,5.69821308568823e-06,0.5,0.0,0.5,0.5,0.5,12358.97210597992
6,14880,33.22854232788086,0.16088718175888062,1.3563623428344727,3.576200246810913,5.688308372824535e-06,5.688308372824535e-06,0.5,0.0,0.5,0.5,0.5,12372.748464107513
6,14900,20.68474769592285,0.02772406116127968,1.4149181842803955,3.763159990310669,5.678402745994609e-06,5.678402745994609e-06,0.5,0.0,0.5,0.5,0.5,12390.529165744781
6,14920,25.784339904785156,0.09622204303741455,1.2779955863952637,3.3821799755096436,5.66849625327602e-06,5.66849625327602e-06,0.5,0.0,0.5,0.5,0.5,12406.180441856384
6,14940,29.464569091796875,0.11923594772815704,1.369896650314331,3.8420064449310303,5.658588942750537e-06,5.658588942750537e-06,0.5,0.0,0.5,0.5,0.5,12422.441514968872
6,14960,40.34591293334961,0.24135884642601013,1.2745850086212158,3.4641776084899902,5.6486808625039e-06,5.6486808625039e-06,0.5,0.0,0.5,0.5,0.5,12440.435852766037
6,14980,30.91229820251465,0.13803789019584656,1.3469637632369995,3.638871908187866,5.6387720606255855e-06,5.6387720606255855e-06,0.5,0.0,0.5,0.5,0.5,12456.273882627487
6,15000,38.19669723510742,0.21099069714546204,1.3287886381149292,3.8097426891326904,5.628862585208566e-06,5.628862585208566e-06,0.5,0.0,0.5,0.5,0.5,12472.328110456467
6,15020,35.74892807006836,0.1891445815563202,1.3252167701721191,3.5823028087615967,5.618952484349091e-06,5.618952484349091e-06,0.5,0.0,0.5,0.5,0.5,12488.586719036102
6,15040,23.251529693603516,0.07347892224788666,1.2401131391525269,3.502506732940674,5.609041806146442e-06,5.609041806146442e-06,0.5,0.0,0.5,0.5,0.5,12502.879153966904
6,15060,25.178178787231445,0.07834722101688385,1.3815863132476807,3.5275943279266357,5.599130598702704e-06,5.599130598702704e-06,0.5,0.0,0.5,0.5,0.5,12518.912335395813
6,15080,31.494844436645508,0.13830678164958954,1.3862956762313843,3.8012099266052246,5.589218910122529e-06,5.589218910122529e-06,0.5,0.0,0.5,0.5,0.5,12535.855751752853
6,15100,30.519399642944336,0.13536597788333893,1.321422815322876,3.768573045730591,5.579306788512904e-06,5.579306788512904e-06,0.5,0.0,0.5,0.5,0.5,12552.095541477203
6,15120,39.1504020690918,0.22929400205612183,1.242632269859314,3.7946813106536865,5.569394281982919e-06,5.569394281982919e-06,0.5,0.0,0.5,0.5,0.5,12567.760613918304
6,15140,28.20908546447754,0.09763425588607788,1.4880006313323975,3.5656535625457764,5.559481438643535e-06,5.559481438643535e-06,0.5,0.0,0.5,0.5,0.5,12585.201549768448
6,15160,32.74859619140625,0.1534332036972046,1.3739278316497803,3.665996551513672,5.5495683066073415e-06,5.5495683066073415e-06,0.5,0.0,0.5,0.5,0.5,12600.947676420212
6,15180,23.47165298461914,0.07024940103292465,1.2518975734710693,3.927736759185791,5.539654933988332e-06,5.539654933988332e-06,0.5,0.0,0.5,0.5,0.5,12615.162963151932
6,15200,26.866296768188477,0.09303157031536102,1.4053910970687866,3.509229898452759,5.529741368901672e-06,5.529741368901672e-06,0.5,0.0,0.5,0.5,0.5,12631.262474060059
6,15220,20.178363800048828,0.032638274133205414,1.3439826965332031,3.4747092723846436,5.519827659463455e-06,5.519827659463455e-06,0.5,0.0,0.5,0.5,0.5,12647.645456075668
6,15240,37.83880615234375,0.2172793745994568,1.2527904510498047,3.5829615592956543,5.509913853790476e-06,5.509913853790476e-06,0.5,0.0,0.5,0.5,0.5,12663.477822065353
6,15260,42.4088134765625,0.25130584836006165,1.3697136640548706,3.5810914039611816,5.500000000000001e-06,5.500000000000001e-06,0.5,0.0,0.5,0.5,0.5,12681.116934299469
6,15280,30.524301528930664,0.13863058388233185,1.2776310443878174,3.8849332332611084,5.490086146209526e-06,5.490086146209526e-06,0.5,0.0,0.5,0.5,0.5,12696.421321868896
6,15300,26.690746307373047,0.09445139765739441,1.3342618942260742,3.902988910675049,5.480172340536547e-06,5.480172340536547e-06,0.5,0.0,0.5,0.5,0.5,12711.933315038681
6,15320,31.747386932373047,0.1638675481081009,1.1900689601898193,3.459942102432251,5.470258631098328e-06,5.470258631098328e-06,0.5,0.0,0.5,0.5,0.5,12727.159700632095
6,15340,36.33344650268555,0.19740191102027893,1.2926385402679443,3.666869640350342,5.460345066011668e-06,5.460345066011668e-06,0.5,0.0,0.5,0.5,0.5,12742.417228460312
6,15360,22.899837493896484,0.0660388246178627,1.2873708009719849,3.422245979309082,5.450431693392662e-06,5.450431693392662e-06,0.5,0.0,0.5,0.5,0.5,12758.025753259659
6,15380,30.473552703857422,0.1414397656917572,1.2779697179794312,3.549879789352417,5.4405185613564685e-06,5.4405185613564685e-06,0.5,0.0,0.5,0.5,0.5,12776.074315786362
6,15400,30.646953582763672,0.146547332406044,1.243567705154419,3.5565426349639893,5.430605718017082e-06,5.430605718017082e-06,0.5,0.0,0.5,0.5,0.5,12791.835685253143
6,15420,42.90623474121094,0.25501853227615356,1.3795369863510132,3.6090095043182373,5.420693211487098e-06,5.420693211487098e-06,0.5,0.0,0.5,0.5,0.5,12808.120651483536
6,15440,30.082839965820312,0.12328905612230301,1.4061105251312256,3.6928300857543945,5.410781089877473e-06,5.410781089877473e-06,0.5,0.0,0.5,0.5,0.5,12825.59447479248
6,15460,30.293954849243164,0.13076075911521912,1.3519234657287598,3.6986446380615234,5.400869401297297e-06,5.400869401297297e-06,0.5,0.0,0.5,0.5,0.5,12841.643450737
6,15480,26.17689323425293,0.09170690923929214,1.317354440689087,3.832658052444458,5.3909581938535585e-06,5.3909581938535585e-06,0.5,0.0,0.5,0.5,0.5,12856.044817686081
6,15500,25.118122100830078,0.07822957634925842,1.3579643964767456,3.7155215740203857,5.381047515650909e-06,5.381047515650909e-06,0.5,0.0,0.5,0.5,0.5,12873.190165042877
6,15520,40.579856872558594,0.2424476593732834,1.2528512477874756,3.806581497192383,5.371137414791437e-06,5.371137414791437e-06,0.5,0.0,0.5,0.5,0.5,12888.963010787964
6,15540,31.26500701904297,0.14807991683483124,1.2887673377990723,3.5693414211273193,5.361227939374417e-06,5.361227939374417e-06,0.5,0.0,0.5,0.5,0.5,12905.187075138092
6,15560,24.923337936401367,0.08517378568649292,1.306266188621521,3.3432974815368652,5.351319137496101e-06,5.351319137496101e-06,0.5,0.0,0.5,0.5,0.5,12922.726514339447
6,15580,36.45280456542969,0.20568636059761047,1.225918173789978,3.6249845027923584,5.341411057249464e-06,5.341411057249464e-06,0.5,0.0,0.5,0.5,0.5,12939.09732747078
6,15600,24.159709930419922,0.07802344113588333,1.2871994972229004,3.4853708744049072,5.3315037467239814e-06,5.3315037467239814e-06,0.5,0.0,0.5,0.5,0.5,12954.733129739761
6,15620,31.816343307495117,0.13951334357261658,1.4196679592132568,3.6683292388916016,5.321597254005393e-06,5.321597254005393e-06,0.5,0.0,0.5,0.5,0.5,12970.151042222977
6,15640,37.1677360534668,0.2110731601715088,1.2401045560836792,3.659374475479126,5.311691627175466e-06,5.311691627175466e-06,0.5,0.0,0.5,0.5,0.5,12985.932950735092
6,15660,30.634069442749023,0.13534711301326752,1.3397140502929688,3.7022197246551514,5.30178691431177e-06,5.30178691431177e-06,0.5,0.0,0.5,0.5,0.5,13001.765329122543
6,15680,28.268634796142578,0.12121438980102539,1.261366605758667,3.53352952003479,5.291883163487437e-06,5.291883163487437e-06,0.5,0.0,0.5,0.5,0.5,13019.41137099266
6,15700,25.764060974121094,0.08891937136650085,1.3146276473999023,3.7258474826812744,5.281980422770924e-06,5.281980422770924e-06,0.5,0.0,0.5,0.5,0.5,13035.205981492996
6,15720,24.150997161865234,0.06991025805473328,1.3474316596984863,3.6856541633605957,5.272078740225793e-06,5.272078740225793e-06,0.5,0.0,0.5,0.5,0.5,13051.37224650383
6,15740,22.941234588623047,0.06511130183935165,1.2754240036010742,3.6758646965026855,5.262178163910469e-06,5.262178163910469e-06,0.5,0.0,0.5,0.5,0.5,13068.887564182281
6,15760,31.77267837524414,0.1433243751525879,1.3791816234588623,3.648423433303833,5.252278741878001e-06,5.252278741878001e-06,0.5,0.0,0.5,0.5,0.5,13083.884692907333
6,15780,34.93838119506836,0.187834233045578,1.2515387535095215,3.6395726203918457,5.242380522175845e-06,5.242380522175845e-06,0.5,0.0,0.5,0.5,0.5,13098.016110658646
6,15800,38.05153274536133,0.2151482105255127,1.3098664283752441,3.4380507469177246,5.232483552845615e-06,5.232483552845615e-06,0.5,0.0,0.5,0.5,0.5,13114.756985664368
6,15820,22.161855697631836,0.05856917053461075,1.2720363140106201,3.58457612991333,5.2225878819228595e-06,5.2225878819228595e-06,0.5,0.0,0.5,0.5,0.5,13130.282426834106
6,15840,24.26698875427246,0.07862971723079681,1.2657803297042847,3.7462143898010254,5.2126935574368245e-06,5.2126935574368245e-06,0.5,0.0,0.5,0.5,0.5,13146.23844075203
6,15860,37.7652473449707,0.2049873024225235,1.3642466068267822,3.624049186706543,5.2028006274102174e-06,5.2028006274102174e-06,0.5,0.0,0.5,0.5,0.5,13163.316468715668
6,15880,25.67888069152832,0.08974513411521912,1.323967456817627,3.464693784713745,5.192909139858981e-06,5.192909139858981e-06,0.5,0.0,0.5,0.5,0.5,13178.823143720627
6,15900,24.36234474182129,0.0831739753484726,1.2649344205856323,3.395603895187378,5.183019142792059e-06,5.183019142792059e-06,0.5,0.0,0.5,0.5,0.5,13194.363253355026
6,15920,31.317445755004883,0.15172508358955383,1.2578322887420654,3.5666139125823975,5.173130684211157e-06,5.173130684211157e-06,0.5,0.0,0.5,0.5,0.5,13211.064548254013
6,15940,24.591564178466797,0.08048492670059204,1.3195542097091675,3.3475306034088135,5.163243812110516e-06,5.163243812110516e-06,0.5,0.0,0.5,0.5,0.5,13225.402739524841
6,15960,20.92815589904785,0.051900558173656464,1.227099895477295,3.4671006202697754,5.153358574476672e-06,5.153358574476672e-06,0.5,0.0,0.5,0.5,0.5,13241.655130386353
6,15980,32.87407302856445,0.1544712781906128,1.397312045097351,3.453822612762451,5.143475019288237e-06,5.143475019288237e-06,0.5,0.0,0.5,0.5,0.5,13259.782250881195
6,16000,33.99294662475586,0.16468872129917145,1.3871263265609741,3.6528103351593018,5.133593194515649e-06,5.133593194515649e-06,0.5,0.0,0.5,0.5,0.5,13275.297213315964
6,16020,25.873489379882812,0.08719871193170547,1.3271946907043457,3.88167142868042,5.123713148120948e-06,5.123713148120948e-06,0.5,0.0,0.5,0.5,0.5,13291.309927463531
6,16040,27.120712280273438,0.10993219166994095,1.2469152212142944,3.6583409309387207,5.11383492805755e-06,5.11383492805755e-06,0.5,0.0,0.5,0.5,0.5,13309.437227487564
6,16060,27.317291259765625,0.10570215433835983,1.2851033210754395,3.8960418701171875,5.103958582269997e-06,5.103958582269997e-06,0.5,0.0,0.5,0.5,0.5,13324.189020633698
6,16080,28.63147735595703,0.10902449488639832,1.446491003036499,3.26411771774292,5.0940841586937416e-06,5.0940841586937416e-06,0.5,0.0,0.5,0.5,0.5,13338.928026676178
6,16100,30.675256729125977,0.14117218554019928,1.3092855215072632,3.465181350708008,5.0842117052549035e-06,5.0842117052549035e-06,0.5,0.0,0.5,0.5,0.5,13356.876293420792
6,16120,25.130338668823242,0.09124066680669785,1.2304413318634033,3.7018604278564453,5.074341269870038e-06,5.074341269870038e-06,0.5,0.0,0.5,0.5,0.5,13372.462763309479
6,16140,23.218507766723633,0.05857830122113228,1.3866193294525146,3.4944841861724854,5.064472900445911e-06,5.064472900445911e-06,0.5,0.0,0.5,0.5,0.5,13387.947130680084
6,16160,30.77269172668457,0.14385583996772766,1.266701579093933,3.72009015083313,5.05460664487926e-06,5.05460664487926e-06,0.5,0.0,0.5,0.5,0.5,13404.768010139465
6,16180,21.397594451904297,0.04358877241611481,1.35785710811615,3.460146427154541,5.0447425510565564e-06,5.0447425510565564e-06,0.5,0.0,0.5,0.5,0.5,13420.610512256622
6,16200,87.90889739990234,0.7149883508682251,1.297450065612793,3.4355621337890625,5.034880666853786e-06,5.034880666853786e-06,0.5,0.0,0.5,0.5,0.5,13436.085219621658
6,16220,22.157737731933594,0.06712090969085693,1.1749298572540283,3.696347236633301,5.02502104013621e-06,5.02502104013621e-06,0.5,0.0,0.5,0.5,0.5,13452.682247400284
6,16240,40.64726638793945,0.24283069372177124,1.285444974899292,3.509744882583618,5.015163718758129e-06,5.015163718758129e-06,0.5,0.0,0.5,0.5,0.5,13467.057750940323
6,16260,25.24468231201172,0.09295621514320374,1.2530639171600342,3.4184210300445557,5.0053087505626585e-06,5.0053087505626585e-06,0.5,0.0,0.5,0.5,0.5,13483.013456344604
6,16280,31.028963088989258,0.137397900223732,1.3596904277801514,3.692267894744873,4.995456183381488e-06,4.995456183381488e-06,0.5,0.0,0.5,0.5,0.5,13499.2628531456
6,16300,27.497604370117188,0.10790397971868515,1.2971317768096924,3.7358899116516113,4.985606065034659e-06,4.985606065034659e-06,0.5,0.0,0.5,0.5,0.5,13514.702662944794
6,16320,31.984182357788086,0.16660873591899872,1.1785920858383179,3.537388563156128,4.975758443330325e-06,4.975758443330325e-06,0.5,0.0,0.5,0.5,0.5,13530.334013938904
6,16340,34.94902038574219,0.17543596029281616,1.3918570280075073,3.486855983734131,4.965913366064517e-06,4.965913366064517e-06,0.5,0.0,0.5,0.5,0.5,13547.486950159073
6,16360,27.868831634521484,0.10763204842805862,1.3809773921966553,3.2958531379699707,4.9560708810209255e-06,4.9560708810209255e-06,0.5,0.0,0.5,0.5,0.5,13562.036630153656
6,16380,27.979881286621094,0.11065437644720078,1.2963447570800781,3.950995683670044,4.9462310359706525e-06,4.9462310359706525e-06,0.5,0.0,0.5,0.5,0.5,13575.985170841217
6,16400,29.117368698120117,0.13448908925056458,1.2215136289596558,3.45332407951355,4.936393878671991e-06,4.936393878671991e-06,0.5,0.0,0.5,0.5,0.5,13593.967176914215
6,16420,28.464656829833984,0.10988110303878784,1.3574002981185913,3.9025418758392334,4.926559456870185e-06,4.926559456870185e-06,0.5,0.0,0.5,0.5,0.5,13609.854099988937
6,16440,26.078075408935547,0.09791691601276398,1.275876760482788,3.5276150703430176,4.916727818297205e-06,4.916727818297205e-06,0.5,0.0,0.5,0.5,0.5,13625.607734680176
6,16460,26.19141960144043,0.08151278644800186,1.4447731971740723,3.5924084186553955,4.90689901067151e-06,4.90689901067151e-06,0.5,0.0,0.5,0.5,0.5,13643.655517578125
6,16480,32.704345703125,0.15625892579555511,1.3429629802703857,3.648822546005249,4.897073081697825e-06,4.897073081697825e-06,0.5,0.0,0.5,0.5,0.5,13659.631404161453
6,16500,30.558773040771484,0.12988723814487457,1.3940227031707764,3.62982177734375,4.8872500790668915e-06,4.8872500790668915e-06,0.5,0.0,0.5,0.5,0.5,13675.288003921509
6,16520,28.31662368774414,0.11196166276931763,1.3529350757598877,3.5911073684692383,4.877430050455259e-06,4.877430050455259e-06,0.5,0.0,0.5,0.5,0.5,13690.831300973892
6,16540,26.007213592529297,0.08139332383871078,1.4069702625274658,3.7981786727905273,4.8676130435250365e-06,4.8676130435250365e-06,0.5,0.0,0.5,0.5,0.5,13704.818316459656
6,16560,28.871618270874023,0.12217419594526291,1.3036417961120605,3.617781400680542,4.85779910592367e-06,4.85779910592367e-06,0.5,0.0,0.5,0.5,0.5,13720.717236042023
6,16580,28.990976333618164,0.11655287444591522,1.362781047821045,3.7078776359558105,4.847988285283707e-06,4.847988285283707e-06,0.5,0.0,0.5,0.5,0.5,13738.190518140793
6,16600,23.617671966552734,0.0771302580833435,1.2113399505615234,3.791245698928833,4.838180629222567e-06,4.838180629222567e-06,0.5,0.0,0.5,0.5,0.5,13754.041619062424
6,16620,33.11773681640625,0.1478700190782547,1.4545811414718628,3.7849225997924805,4.8283761853423094e-06,4.8283761853423094e-06,0.5,0.0,0.5,0.5,0.5,13769.664205312729
6,16640,26.118457794189453,0.09078098088502884,1.3567218780517578,3.473140001296997,4.818575001229406e-06,4.818575001229406e-06,0.5,0.0,0.5,0.5,0.5,13786.736974716187
6,16660,25.57448959350586,0.08277586847543716,1.3665355443954468,3.6315455436706543,4.808777124454501e-06,4.808777124454501e-06,0.5,0.0,0.5,0.5,0.5,13801.703536510468
6,16680,28.54810905456543,0.11727851629257202,1.3194859027862549,3.625399351119995,4.798982602572191e-06,4.798982602572191e-06,0.5,0.0,0.5,0.5,0.5,13815.946627378464
6,16700,35.18440246582031,0.17595244944095612,1.4032752513885498,3.5564041137695312,4.789191483120789e-06,4.789191483120789e-06,0.5,0.0,0.5,0.5,0.5,13832.012306928635
6,16720,28.554121017456055,0.11903692781925201,1.305924415588379,3.59118390083313,4.779403813622093e-06,4.779403813622093e-06,0.5,0.0,0.5,0.5,0.5,13848.46606016159
6,16740,31.80055046081543,0.154825359582901,1.2628482580184937,3.6895320415496826,4.7696196415811565e-06,4.7696196415811565e-06,0.5,0.0,0.5,0.5,0.5,13864.41472196579
6,16760,25.793670654296875,0.07929819822311401,1.4242734909057617,3.62111759185791,4.75983901448606e-06,4.75983901448606e-06,0.5,0.0,0.5,0.5,0.5,13881.356725931168
6,16780,31.773662567138672,0.14239703118801117,1.3796253204345703,3.737705945968628,4.750061979807674e-06,4.750061979807674e-06,0.5,0.0,0.5,0.5,0.5,13897.580547332764
6,16800,21.268436431884766,0.053458839654922485,1.2417998313903809,3.5045549869537354,4.740288584999438e-06,4.740288584999438e-06,0.5,0.0,0.5,0.5,0.5,13912.632889509201
6,16820,35.74094772338867,0.18234261870384216,1.3865045309066772,3.6416380405426025,4.730518877497122e-06,4.730518877497122e-06,0.5,0.0,0.5,0.5,0.5,13927.403845310211
6,16840,25.05816650390625,0.0887993574142456,1.287216305732727,3.3060693740844727,4.720752904718598e-06,4.720752904718598e-06,0.5,0.0,0.5,0.5,0.5,13940.880478858948
6,16860,37.711299896240234,0.20016904175281525,1.4170554876327515,3.523838520050049,4.7109907140636175e-06,4.7109907140636175e-06,0.5,0.0,0.5,0.5,0.5,13954.386056184769
6,16880,49.27449417114258,0.31928694248199463,1.3863859176635742,3.4819400310516357,4.701232352913569e-06,4.701232352913569e-06,0.5,0.0,0.5,0.5,0.5,13971.84612607956
6,16900,30.54718780517578,0.13763567805290222,1.3128776550292969,3.654841899871826,4.691477868631254e-06,4.691477868631254e-06,0.5,0.0,0.5,0.5,0.5,13987.429775476456
6,16920,31.938758850097656,0.15493503212928772,1.2760562896728516,3.684692859649658,4.6817273085606655e-06,4.6817273085606655e-06,0.5,0.0,0.5,0.5,0.5,14003.472664833069
6,16940,26.95054817199707,0.09928514063358307,1.3585199117660522,3.4368350505828857,4.671980720026739e-06,4.671980720026739e-06,0.5,0.0,0.5,0.5,0.5,14020.902846097946
6,16960,37.61563491821289,0.20279569923877716,1.3791111707687378,3.5449540615081787,4.662238150335144e-06,4.662238150335144e-06,0.5,0.0,0.5,0.5,0.5,14035.725165128708
6,16980,25.378450393676758,0.08937276154756546,1.2792940139770508,3.648233652114868,4.652499646772037e-06,4.652499646772037e-06,0.5,0.0,0.5,0.5,0.5,14053.216795682907
6,17000,31.739404678344727,0.1519424170255661,1.2902371883392334,3.642789363861084,4.642765256603841e-06,4.642765256603841e-06,0.5,0.0,0.5,0.5,0.5,14068.24656033516
6,17020,33.636993408203125,0.176125168800354,1.2627167701721191,3.3973093032836914,4.633035027077018e-06,4.633035027077018e-06,0.5,0.0,0.5,0.5,0.5,14084.575045108795
6,17040,24.45085906982422,0.08497495949268341,1.2281818389892578,3.671544075012207,4.623309005417832e-06,4.623309005417832e-06,0.5,0.0,0.5,0.5,0.5,14098.957193136215
6,17060,28.54037094116211,0.13618306815624237,1.149214267730713,3.429919958114624,4.613587238832125e-06,4.613587238832125e-06,0.5,0.0,0.5,0.5,0.5,14115.856619119644
6,17080,32.106300354003906,0.1689763367176056,1.1941088438034058,3.2675788402557373,4.603869774505089e-06,4.603869774505089e-06,0.5,0.0,0.5,0.5,0.5,14128.609503269196
6,17100,34.249351501464844,0.17580978572368622,1.3200459480285645,3.4679150581359863,4.594156659601029e-06,4.594156659601029e-06,0.5,0.0,0.5,0.5,0.5,14144.731254816055
6,17120,34.8481559753418,0.18320995569229126,1.3156746625900269,3.370414972305298,4.584447941263148e-06,4.584447941263148e-06,0.5,0.0,0.5,0.5,0.5,14162.694439411163
6,17140,23.555959701538086,0.06603997200727463,1.3476536273956299,3.4754271507263184,4.574743666613304e-06,4.574743666613304e-06,0.5,0.0,0.5,0.5,0.5,14177.162140369415
6,17160,39.27477264404297,0.22778663039207458,1.2660492658615112,3.8356151580810547,4.565043882751786e-06,4.565043882751786e-06,0.5,0.0,0.5,0.5,0.5,14191.747318267822
6,17180,30.03167724609375,0.14074915647506714,1.2371883392333984,3.5848772525787354,4.555348636757093e-06,4.555348636757093e-06,0.5,0.0,0.5,0.5,0.5,14207.94801068306
6,17200,26.896739959716797,0.08813493698835373,1.4533679485321045,3.549565315246582,4.5456579756856936e-06,4.5456579756856936e-06,0.5,0.0,0.5,0.5,0.5,14223.315973043442
6,17220,25.876184463500977,0.09064923226833344,1.3403056859970093,3.408205509185791,4.535971946571807e-06,4.535971946571807e-06,0.5,0.0,0.5,0.5,0.5,14239.516534805298
6,17240,22.146812438964844,0.06731408834457397,1.1889173984527588,3.5262298583984375,4.526290596427168e-06,4.526290596427168e-06,0.5,0.0,0.5,0.5,0.5,14258.161198616028
6,17260,28.651121139526367,0.11519528925418854,1.3492496013641357,3.6390950679779053,4.516613972240804e-06,4.516613972240804e-06,0.5,0.0,0.5,0.5,0.5,14273.452261447906
6,17280,33.01601028442383,0.1503259241580963,1.4286613464355469,3.696803092956543,4.506942120978804e-06,4.506942120978804e-06,0.5,0.0,0.5,0.5,0.5,14289.636397123337
6,17300,25.961347579956055,0.08733004331588745,1.377785086631775,3.4504904747009277,4.497275089584088e-06,4.497275089584088e-06,0.5,0.0,0.5,0.5,0.5,14307.30906176567
6,17320,39.70807647705078,0.22267432510852814,1.4005560874938965,3.4350802898406982,4.487612924976188e-06,4.487612924976188e-06,0.5,0.0,0.5,0.5,0.5,14321.456713676453
6,17340,45.71123504638672,0.28526026010513306,1.3795008659362793,3.390202045440674,4.477955674051011e-06,4.477955674051011e-06,0.5,0.0,0.5,0.5,0.5,14334.18274140358
6,17360,24.988130569458008,0.08153266459703445,1.3268444538116455,3.5664193630218506,4.468303383680617e-06,4.468303383680617e-06,0.5,0.0,0.5,0.5,0.5,14350.93156003952
6,17380,31.958261489868164,0.1408616006374359,1.4011869430541992,3.8602311611175537,4.45865610071299e-06,4.45865610071299e-06,0.5,0.0,0.5,0.5,0.5,14366.694021224976
6,17400,29.04716682434082,0.12078922986984253,1.3312467336654663,3.6557748317718506,4.449013871971806e-06,4.449013871971806e-06,0.5,0.0,0.5,0.5,0.5,14382.031973838806
6,17420,27.807676315307617,0.11550771445035934,1.2436288595199585,3.8206164836883545,4.439376744256217e-06,4.439376744256217e-06,0.5,0.0,0.5,0.5,0.5,14400.082503080368
6,17440,23.21109390258789,0.07068082690238953,1.2664875984191895,3.478133201599121,4.429744764340612e-06,4.429744764340612e-06,0.5,0.0,0.5,0.5,0.5,14416.017832517624
6,17460,30.32194709777832,0.13040907680988312,1.3665307760238647,3.615731716156006,4.420117978974394e-06,4.420117978974394e-06,0.5,0.0,0.5,0.5,0.5,14430.357115030289
6,17480,24.858381271362305,0.08550599962472916,1.266252040863037,3.6452622413635254,4.410496434881756e-06,4.410496434881756e-06,0.5,0.0,0.5,0.5,0.5,14447.401763916016
6,17500,44.663902282714844,0.27315059304237366,1.374493956565857,3.6039042472839355,4.400880178761455e-06,4.400880178761455e-06,0.5,0.0,0.5,0.5,0.5,14462.432001829147
6,17520,31.864547729492188,0.16396325826644897,1.208895206451416,3.379268169403076,4.391269257286575e-06,4.391269257286575e-06,0.5,0.0,0.5,0.5,0.5,14478.315306663513
6,17540,23.008516311645508,0.07521649450063705,1.2015044689178467,3.4718220233917236,4.381663717104318e-06,4.381663717104318e-06,0.5,0.0,0.5,0.5,0.5,14495.409514904022
6,17560,35.738162994384766,0.19596651196479797,1.2586411237716675,3.55509877204895,4.372063604835757e-06,4.372063604835757e-06,0.5,0.0,0.5,0.5,0.5,14510.820036888123
6,17580,35.02000427246094,0.17406544089317322,1.3977422714233398,3.6360371112823486,4.362468967075629e-06,4.362468967075629e-06,0.5,0.0,0.5,0.5,0.5,14526.690253734589
6,17600,37.51577377319336,0.20897160470485687,1.2861356735229492,3.75726056098938,4.3528798503920965e-06,4.3528798503920965e-06,0.5,0.0,0.5,0.5,0.5,14543.26944899559
6,17620,32.01261901855469,0.15423303842544556,1.2810866832733154,3.7784485816955566,4.343296301326521e-06,4.343296301326521e-06,0.5,0.0,0.5,0.5,0.5,14557.561911582947
6,17640,28.856260299682617,0.12788571417331696,1.2535008192062378,3.5326805114746094,4.333718366393248e-06,4.333718366393248e-06,0.5,0.0,0.5,0.5,0.5,14573.165847539902
6,17660,31.34849739074707,0.14744731783866882,1.3105605840682983,3.498159885406494,4.324146092079373e-06,4.324146092079373e-06,0.5,0.0,0.5,0.5,0.5,14590.826918125153
6,17680,29.576969146728516,0.12472957372665405,1.349671721458435,3.6072938442230225,4.314579524844513e-06,4.314579524844513e-06,0.5,0.0,0.5,0.5,0.5,14606.054489850998
6,17700,29.79572296142578,0.12834382057189941,1.3413114547729492,3.5482263565063477,4.305018711120591e-06,4.305018711120591e-06,0.5,0.0,0.5,0.5,0.5,14622.174733161926
7,17720,41.551029205322266,0.2556593418121338,1.2381019592285156,3.6040773391723633,4.295463697311601e-06,4.295463697311601e-06,0.5,0.0,0.5,0.5,0.5,14651.365389347076
7,17740,23.780498504638672,0.079662024974823,1.2232160568237305,3.582134962081909,4.285914529793391e-06,4.285914529793391e-06,0.5,0.0,0.5,0.5,0.5,14667.602461576462
7,17760,25.22028923034668,0.07985658198595047,1.3576029539108276,3.6586015224456787,4.276371254913429e-06,4.276371254913429e-06,0.5,0.0,0.5,0.5,0.5,14681.942797422409
7,17780,27.245145797729492,0.08992303907871246,1.471678614616394,3.5360546112060547,4.266833918990582e-06,4.266833918990582e-06,0.5,0.0,0.5,0.5,0.5,14697.806295871735
7,17800,26.27593994140625,0.08156128972768784,1.4333992004394531,3.785820245742798,4.257302568314898e-06,4.257302568314898e-06,0.5,0.0,0.5,0.5,0.5,14712.944402456284
7,17820,32.920684814453125,0.15859073400497437,1.3456180095672607,3.605428695678711,4.24777724914737e-06,4.24777724914737e-06,0.5,0.0,0.5,0.5,0.5,14728.634600639343
7,17840,28.240896224975586,0.10235905647277832,1.4284238815307617,3.7207515239715576,4.23825800771972e-06,4.23825800771972e-06,0.5,0.0,0.5,0.5,0.5,14746.106552362442
7,17860,38.16088104248047,0.2163166105747223,1.3032134771347046,3.497084379196167,4.228744890234169e-06,4.228744890234169e-06,0.5,0.0,0.5,0.5,0.5,14762.068192243576
7,17880,26.102436065673828,0.10056013613939285,1.255906581878662,3.4873569011688232,4.219237942863214e-06,4.219237942863214e-06,0.5,0.0,0.5,0.5,0.5,14777.028899431229
7,17900,24.711048126220703,0.08295494318008423,1.2791845798492432,3.6237077713012695,4.209737211749409e-06,4.209737211749409e-06,0.5,0.0,0.5,0.5,0.5,14792.909629821777
7,17920,30.889291763305664,0.14012253284454346,1.3432916402816772,3.4441215991973877,4.200242743005136e-06,4.200242743005136e-06,0.5,0.0,0.5,0.5,0.5,14806.589571475983
7,17940,29.772432327270508,0.12174593657255173,1.3917020559310913,3.680818557739258,4.190754582712378e-06,4.190754582712378e-06,0.5,0.0,0.5,0.5,0.5,14821.737000465393
7,17960,29.611841201782227,0.11636596918106079,1.4264358282089233,3.710886240005493,4.181272776922504e-06,4.181272776922504e-06,0.5,0.0,0.5,0.5,0.5,14838.011046886444
7,17980,30.49410629272461,0.13604217767715454,1.3417452573776245,3.4724349975585938,4.171797371656038e-06,4.171797371656038e-06,0.5,0.0,0.5,0.5,0.5,14853.60049700737
7,18000,20.069744110107422,0.04730428010225296,1.1687062978744507,3.652252674102783,4.162328412902443e-06,4.162328412902443e-06,0.5,0.0,0.5,0.5,0.5,14869.183684110641
7,18020,31.618640899658203,0.15384191274642944,1.2339346408843994,3.8951032161712646,4.15286594661989e-06,4.15286594661989e-06,0.5,0.0,0.5,0.5,0.5,14887.059661865234
7,18040,26.68058204650879,0.10143319517374039,1.3077186346054077,3.4600777626037598,4.143410018735037e-06,4.143410018735037e-06,0.5,0.0,0.5,0.5,0.5,14902.509528636932
7,18060,38.63677215576172,0.20510157942771912,1.4529471397399902,3.597142457962036,4.133960675142813e-06,4.133960675142813e-06,0.5,0.0,0.5,0.5,0.5,14918.223551750183
7,18080,35.752113342285156,0.18719720840454102,1.3169182538986206,3.8632068634033203,4.1245179617061835e-06,4.1245179617061835e-06,0.5,0.0,0.5,0.5,0.5,14933.927477359772
7,18100,22.351154327392578,0.060012366622686386,1.3032077550888062,3.317840814590454,4.115081924255938e-06,4.115081924255938e-06,0.5,0.0,0.5,0.5,0.5,14947.858876466751
7,18120,28.853275299072266,0.11639098823070526,1.3708299398422241,3.5058774948120117,4.105652608590462e-06,4.105652608590462e-06,0.5,0.0,0.5,0.5,0.5,14962.839736938477
7,18140,30.95496940612793,0.1517823189496994,1.211257815361023,3.6641604900360107,4.0962300604755176e-06,4.0962300604755176e-06,0.5,0.0,0.5,0.5,0.5,14979.572836875916
7,18160,22.798751831054688,0.06384321302175522,1.2905421257019043,3.5090105533599854,4.086814325644019e-06,4.086814325644019e-06,0.5,0.0,0.5,0.5,0.5,14995.199680566788
7,18180,29.656692504882812,0.11331723630428314,1.4667575359344482,3.657395362854004,4.077405449795814e-06,4.077405449795814e-06,0.5,0.0,0.5,0.5,0.5,15010.142403841019
7,18200,23.766902923583984,0.06549100577831268,1.3907339572906494,3.310462474822998,4.068003478597457e-06,4.068003478597457e-06,0.5,0.0,0.5,0.5,0.5,15027.134517908096
7,18220,26.134002685546875,0.09961040318012238,1.237971305847168,3.793248176574707,4.058608457681992e-06,4.058608457681992e-06,0.5,0.0,0.5,0.5,0.5,15042.455770730972
7,18240,28.32932472229004,0.12082254886627197,1.2882533073425293,3.3645386695861816,4.04922043264873e-06,4.04922043264873e-06,0.5,0.0,0.5,0.5,0.5,15057.940546512604
7,18260,24.988380432128906,0.08261901140213013,1.3283694982528687,3.4427833557128906,4.039839449063023e-06,4.039839449063023e-06,0.5,0.0,0.5,0.5,0.5,15074.93937253952
7,18280,33.40003967285156,0.16423995792865753,1.35223388671875,3.4537034034729004,4.030465552456051e-06,4.030465552456051e-06,0.5,0.0,0.5,0.5,0.5,15089.19402384758
7,18300,28.5803279876709,0.12549149990081787,1.2574641704559326,3.456536054611206,4.021098788324596e-06,4.021098788324596e-06,0.5,0.0,0.5,0.5,0.5,15104.978741168976
7,18320,24.461559295654297,0.06101991981267929,1.488411784172058,3.4754481315612793,4.011739202130824e-06,4.011739202130824e-06,0.5,0.0,0.5,0.5,0.5,15122.58223581314
7,18340,21.898698806762695,0.05872108042240143,1.2717450857162476,3.3091390132904053,4.002386839302056e-06,4.002386839302056e-06,0.5,0.0,0.5,0.5,0.5,15138.158926010132
7,18360,26.942466735839844,0.10007345676422119,1.3565963506698608,3.3691577911376953,3.993041745230562e-06,3.993041745230562e-06,0.5,0.0,0.5,0.5,0.5,15153.10379242897
7,18380,29.508617401123047,0.13529926538467407,1.2295925617218018,3.6827664375305176,3.983703965273327e-06,3.983703965273327e-06,0.5,0.0,0.5,0.5,0.5,15170.297054052353
7,18400,28.240774154663086,0.10606814920902252,1.3971617221832275,3.662341356277466,3.97437354475184e-06,3.97437354475184e-06,0.5,0.0,0.5,0.5,0.5,15185.471453905106
7,18420,28.14322280883789,0.10820983350276947,1.380858302116394,3.5136561393737793,3.965050528951867e-06,3.965050528951867e-06,0.5,0.0,0.5,0.5,0.5,15200.16723227501
7,18440,46.6169319152832,0.28851449489593506,1.4318044185638428,3.4474384784698486,3.955734963123238e-06,3.955734963123238e-06,0.5,0.0,0.5,0.5,0.5,15215.995356082916
7,18460,31.73136329650879,0.151125967502594,1.2838554382324219,3.7802131175994873,3.946426892479621e-06,3.946426892479621e-06,0.5,0.0,0.5,0.5,0.5,15229.940813064575
7,18480,32.13594436645508,0.15777967870235443,1.2665722370147705,3.692253828048706,3.9371263621983096e-06,3.9371263621983096e-06,0.5,0.0,0.5,0.5,0.5,15245.664397001266
7,18500,27.32815170288086,0.11282896995544434,1.2635936737060547,3.409317970275879,3.927833417419996e-06,3.927833417419996e-06,0.5,0.0,0.5,0.5,0.5,15263.513553380966
7,18520,33.50665283203125,0.1688457429409027,1.3245048522949219,3.3770294189453125,3.918548103248558e-06,3.918548103248558e-06,0.5,0.0,0.5,0.5,0.5,15279.262434244156
7,18540,25.00628089904785,0.08503970503807068,1.29533851146698,3.548924684524536,3.909270464750836e-06,3.909270464750836e-06,0.5,0.0,0.5,0.5,0.5,15294.63169336319
7,18560,27.798097610473633,0.11466684937477112,1.2592333555221558,3.739079236984253,3.90000054695642e-06,3.90000054695642e-06,0.5,0.0,0.5,0.5,0.5,15312.076036930084
7,18580,19.126075744628906,0.012812796980142593,1.4562957286834717,3.2818381786346436,3.890738394857422e-06,3.890738394857422e-06,0.5,0.0,0.5,0.5,0.5,15328.088978767395
7,18600,22.644039154052734,0.05533802881836891,1.3625919818878174,3.484318256378174,3.881484053408264e-06,3.881484053408264e-06,0.5,0.0,0.5,0.5,0.5,15343.886771917343
7,18620,29.35958480834961,0.12374535948038101,1.3322372436523438,3.6626787185668945,3.8722375675254615e-06,3.8722375675254615e-06,0.5,0.0,0.5,0.5,0.5,15360.098823547363
7,18640,21.23325538635254,0.051595550030469894,1.2666237354278564,3.4074625968933105,3.8629989820874e-06,3.8629989820874e-06,0.5,0.0,0.5,0.5,0.5,15374.435002565384
7,18660,38.09469223022461,0.2089964747428894,1.3541473150253296,3.6535720825195312,3.8537683419341195e-06,3.8537683419341195e-06,0.5,0.0,0.5,0.5,0.5,15389.828912258148
7,18680,24.05742835998535,0.06238344684243202,1.4379053115844727,3.4400317668914795,3.844545691867098e-06,3.844545691867098e-06,0.5,0.0,0.5,0.5,0.5,15406.738262414932
7,18700,41.8017692565918,0.261577308177948,1.1965311765670776,3.678725242614746,3.835331076649032e-06,3.835331076649032e-06,0.5,0.0,0.5,0.5,0.5,15422.541984319687
7,18720,34.6180534362793,0.1815956085920334,1.2844629287719727,3.613863229751587,3.826124541003626e-06,3.826124541003626e-06,0.5,0.0,0.5,0.5,0.5,15438.832065582275
7,18740,39.18156433105469,0.2358982264995575,1.2238483428955078,3.353254795074463,3.816926129615359e-06,3.816926129615359e-06,0.5,0.0,0.5,0.5,0.5,15455.5009059906
7,18760,20.56760025024414,0.04966393858194351,1.207134485244751,3.52986216545105,3.8077358871292867e-06,3.8077358871292867e-06,0.5,0.0,0.5,0.5,0.5,15470.313982963562
7,18780,35.01053237915039,0.19131529331207275,1.2270498275756836,3.608506202697754,3.798553858150816e-06,3.798553858150816e-06,0.5,0.0,0.5,0.5,0.5,15484.804752349854
7,18800,26.527252197265625,0.10563404113054276,1.2443954944610596,3.519893169403076,3.7893800872454845e-06,3.7893800872454845e-06,0.5,0.0,0.5,0.5,0.5,15500.44532251358
7,18820,22.865684509277344,0.061934493482112885,1.3194254636764526,3.4779796600341797,3.780214618938754e-06,3.780214618938754e-06,0.5,0.0,0.5,0.5,0.5,15515.917682647705
7,18840,26.718856811523438,0.10242436826229095,1.2841070890426636,3.635349988937378,3.771057497715786e-06,3.771057497715786e-06,0.5,0.0,0.5,0.5,0.5,15531.763555526733
7,18860,23.791799545288086,0.08347024023532867,1.1591122150421143,3.853654384613037,3.7619087680212283e-06,3.7619087680212283e-06,0.5,0.0,0.5,0.5,0.5,15549.052268981934
7,18880,26.359607696533203,0.08678396046161652,1.4204543828964233,3.476667881011963,3.752768474259004e-06,3.752768474259004e-06,0.5,0.0,0.5,0.5,0.5,15564.740293502808
7,18900,30.49518585205078,0.13479892909526825,1.3724949359893799,3.290343999862671,3.7436366607920877e-06,3.7436366607920877e-06,0.5,0.0,0.5,0.5,0.5,15580.090157985687
7,18920,26.132556915283203,0.09429887682199478,1.3110467195510864,3.5922021865844727,3.7345133719422944e-06,3.7345133719422944e-06,0.5,0.0,0.5,0.5,0.5,15596.889938354492
7,18940,32.741493225097656,0.1597903072834015,1.3094890117645264,3.667571783065796,3.7253986519900674e-06,3.7253986519900674e-06,0.5,0.0,0.5,0.5,0.5,15612.20321893692
7,18960,23.13846206665039,0.05235744267702103,1.4460128545761108,3.442589044570923,3.716292545174257e-06,3.716292545174257e-06,0.5,0.0,0.5,0.5,0.5,15626.256071329117
7,18980,48.101261138916016,0.32469847798347473,1.2046345472335815,3.5850672721862793,3.707195095691913e-06,3.707195095691913e-06,0.5,0.0,0.5,0.5,0.5,15641.681075334549
7,19000,20.49189567565918,0.03859866037964821,1.30231773853302,3.6088521480560303,3.698106347698063e-06,3.698106347698063e-06,0.5,0.0,0.5,0.5,0.5,15657.532566070557
7,19020,27.617631912231445,0.11575096845626831,1.2448618412017822,3.593916177749634,3.6890263453055035e-06,3.6890263453055035e-06,0.5,0.0,0.5,0.5,0.5,15673.050134420395
7,19040,29.934688568115234,0.1377822458744049,1.2722816467285156,3.433647394180298,3.679955132584583e-06,3.679955132584583e-06,0.5,0.0,0.5,0.5,0.5,15690.304174661636
7,19060,23.325584411621094,0.07456059753894806,1.2285423278808594,3.5841002464294434,3.6708927535629857e-06,3.6708927535629857e-06,0.5,0.0,0.5,0.5,0.5,15705.330708503723
7,19080,30.67315101623535,0.12894900143146515,1.4236536026000977,3.5417163372039795,3.6618392522255254e-06,3.6618392522255254e-06,0.5,0.0,0.5,0.5,0.5,15719.931659460068
7,19100,43.38495635986328,0.275917112827301,1.2515487670898438,3.2777538299560547,3.6527946725139247e-06,3.6527946725139247e-06,0.5,0.0,0.5,0.5,0.5,15736.037563085556
7,19120,28.56922721862793,0.13242757320404053,1.202648401260376,3.2999866008758545,3.643759058326607e-06,3.643759058326607e-06,0.5,0.0,0.5,0.5,0.5,15751.836677074432
7,19140,28.21529769897461,0.1059197336435318,1.4096815586090088,3.5265092849731445,3.6347324535184803e-06,3.6347324535184803e-06,0.5,0.0,0.5,0.5,0.5,15766.470747709274
7,19160,32.422271728515625,0.14894746243953705,1.4094653129577637,3.4328718185424805,3.625714901900722e-06,3.625714901900722e-06,0.5,0.0,0.5,0.5,0.5,15780.945741891861
7,19180,29.532955169677734,0.13459068536758423,1.2860321998596191,3.213566780090332,3.616706447240573e-06,3.616706447240573e-06,0.5,0.0,0.5,0.5,0.5,15794.45086812973
7,19200,29.7115535736084,0.12484996020793915,1.3618448972702026,3.6081087589263916,3.6077071332611213e-06,3.6077071332611213e-06,0.5,0.0,0.5,0.5,0.5,15808.259383440018
7,19220,19.394067764282227,0.036675211042165756,1.2080256938934326,3.646289110183716,3.598717003641086e-06,3.598717003641086e-06,0.5,0.0,0.5,0.5,0.5,15825.541316509247
7,19240,22.623525619506836,0.06479207426309586,1.2485588788986206,3.6587302684783936,3.5897361020146156e-06,3.5897361020146156e-06,0.5,0.0,0.5,0.5,0.5,15841.032061100006
7,19260,26.992294311523438,0.09966351091861725,1.3421504497528076,3.6044387817382812,3.580764471971063e-06,3.580764471971063e-06,0.5,0.0,0.5,0.5,0.5,15856.666441440582
7,19280,22.017253875732422,0.04997223988175392,1.3387792110443115,3.6322364807128906,3.571802157054787e-06,3.571802157054787e-06,0.5,0.0,0.5,0.5,0.5,15874.111481904984
7,19300,23.825336456298828,0.07322707027196884,1.3063030242919922,3.439598798751831,3.5628492007649306e-06,3.5628492007649306e-06,0.5,0.0,0.5,0.5,0.5,15889.909205913544
7,19320,28.544706344604492,0.12822869420051575,1.2053141593933105,3.6686956882476807,3.5539056465552203e-06,3.5539056465552203e-06,0.5,0.0,0.5,0.5,0.5,15905.472115755081
7,19340,33.99140548706055,0.1612670123577118,1.4295530319213867,3.5691750049591064,3.5449715378337387e-06,3.5449715378337387e-06,0.5,0.0,0.5,0.5,0.5,15923.122435331345
7,19360,24.801889419555664,0.07932016253471375,1.3391937017440796,3.477936029434204,3.5360469179627355e-06,3.5360469179627355e-06,0.5,0.0,0.5,0.5,0.5,15936.63753581047
7,19380,29.62327003479004,0.13593566417694092,1.2258052825927734,3.7716495990753174,3.527131830258395e-06,3.527131830258395e-06,0.5,0.0,0.5,0.5,0.5,15950.395457029343
7,19400,27.87325668334961,0.11029671132564545,1.337958812713623,3.4639971256256104,3.518226317990646e-06,3.518226317990646e-06,0.5,0.0,0.5,0.5,0.5,15967.102189779282
7,19420,24.002756118774414,0.07261950522661209,1.3066587448120117,3.6742186546325684,3.5093304243829375e-06,3.5093304243829375e-06,0.5,0.0,0.5,0.5,0.5,15982.049837350845
7,19440,24.835737228393555,0.07510243356227875,1.3975410461425781,3.350084066390991,3.500444192612032e-06,3.500444192612032e-06,0.5,0.0,0.5,0.5,0.5,15997.575355291367
7,19460,19.907573699951172,0.04404085502028465,1.1953614950180054,3.5498738288879395,3.491567665807802e-06,3.491567665807802e-06,0.5,0.0,0.5,0.5,0.5,16014.702529907227
7,19480,32.169437408447266,0.15309712290763855,1.3251410722732544,3.608315944671631,3.482700887053015e-06,3.482700887053015e-06,0.5,0.0,0.5,0.5,0.5,16030.746783733368
7,19500,23.056339263916016,0.06859204173088074,1.2831448316574097,3.365687131881714,3.4738438993831225e-06,3.4738438993831225e-06,0.5,0.0,0.5,0.5,0.5,16046.654462575912
7,19520,30.66550064086914,0.12975932657718658,1.391329050064087,3.7762770652770996,3.4649967457860616e-06,3.4649967457860616e-06,0.5,0.0,0.5,0.5,0.5,16064.44067120552
7,19540,23.080745697021484,0.06334935128688812,1.3407824039459229,3.337986469268799,3.4561594692020295e-06,3.4561594692020295e-06,0.5,0.0,0.5,0.5,0.5,16078.959027051926
7,19560,23.965038299560547,0.07048779726028442,1.3517124652862549,3.399134874343872,3.4473321125232923e-06,3.4473321125232923e-06,0.5,0.0,0.5,0.5,0.5,16093.40764093399
7,19580,27.258455276489258,0.09353592246770859,1.4405910968780518,3.498952627182007,3.4385147185939683e-06,3.4385147185939683e-06,0.5,0.0,0.5,0.5,0.5,16111.230353593826
7,19600,28.43035888671875,0.1172526553273201,1.3186711072921753,3.518383026123047,3.4297073302098156e-06,3.4297073302098156e-06,0.5,0.0,0.5,0.5,0.5,16127.63152551651
7,19620,27.755512237548828,0.12317827343940735,1.1974438428878784,3.4632461071014404,3.4209099901180363e-06,3.4209099901180363e-06,0.5,0.0,0.5,0.5,0.5,16143.912963151932
7,19640,29.127431869506836,0.11925911903381348,1.3746150732040405,3.4553699493408203,3.4121227410170602e-06,3.4121227410170602e-06,0.5,0.0,0.5,0.5,0.5,16160.542006492615
7,19660,34.75642395019531,0.1921248435974121,1.2125623226165771,3.4183170795440674,3.4033456255563366e-06,3.4033456255563366e-06,0.5,0.0,0.5,0.5,0.5,16176.079684972763
7,19680,29.532878875732422,0.13449512422084808,1.2628252506256104,3.4551146030426025,3.3945786863361375e-06,3.3945786863361375e-06,0.5,0.0,0.5,0.5,0.5,16191.909236907959
7,19700,31.727872848510742,0.1475532054901123,1.3460344076156616,3.512209177017212,3.385821965907335e-06,3.385821965907335e-06,0.5,0.0,0.5,0.5,0.5,16208.07400560379
7,19720,26.85112762451172,0.10677146166563034,1.2923049926757812,3.25093150138855,3.3770755067712113e-06,3.3770755067712113e-06,0.5,0.0,0.5,0.5,0.5,16222.691655397415
7,19740,20.645864486694336,0.038529492914676666,1.3109056949615479,3.68385910987854,3.368339351379243e-06,3.368339351379243e-06,0.5,0.0,0.5,0.5,0.5,16238.081595659256
7,19760,31.365406036376953,0.1468498557806015,1.3362348079681396,3.3180737495422363,3.359613542132893e-06,3.359613542132893e-06,0.5,0.0,0.5,0.5,0.5,16255.601900339127
7,19780,30.809484481811523,0.1440039873123169,1.3139477968215942,3.269609212875366,3.3508981213834114e-06,3.3508981213834114e-06,0.5,0.0,0.5,0.5,0.5,16271.036265850067
7,19800,26.96249008178711,0.09825470298528671,1.381046175956726,3.3265581130981445,3.342193131431629e-06,3.342193131431629e-06,0.5,0.0,0.5,0.5,0.5,16286.644664049149
7,19820,26.057456970214844,0.0952584445476532,1.304175853729248,3.4898529052734375,3.333498614527749e-06,3.333498614527749e-06,0.5,0.0,0.5,0.5,0.5,16303.884002923965
7,19840,26.989910125732422,0.11284872889518738,1.2145652770996094,3.5593841075897217,3.3248146128711408e-06,3.3248146128711408e-06,0.5,0.0,0.5,0.5,0.5,16319.605384111404
7,19860,24.513256072998047,0.0700773149728775,1.4034661054611206,3.47086238861084,3.316141168610136e-06,3.316141168610136e-06,0.5,0.0,0.5,0.5,0.5,16335.47927069664
7,19880,35.20616912841797,0.17958715558052063,1.3839915990829468,3.4075381755828857,3.307478323841831e-06,3.307478323841831e-06,0.5,0.0,0.5,0.5,0.5,16351.644980669022
7,19900,27.84242057800293,0.1293441653251648,1.1511144638061523,3.396859884262085,3.298826120611875e-06,3.298826120611875e-06,0.5,0.0,0.5,0.5,0.5,16365.8315513134
7,19920,29.85382652282715,0.1330985128879547,1.3037046194076538,3.5069289207458496,3.2901846009142623e-06,3.2901846009142623e-06,0.5,0.0,0.5,0.5,0.5,16381.717144489288
7,19940,21.441801071166992,0.049821749329566956,1.3023176193237305,3.4364497661590576,3.2815538066911416e-06,3.2815538066911416e-06,0.5,0.0,0.5,0.5,0.5,16398.680094003677
7,19960,27.706829071044922,0.11394037306308746,1.320961356163025,3.103178024291992,3.2729337798326015e-06,3.2729337798326015e-06,0.5,0.0,0.5,0.5,0.5,16414.387758255005
7,19980,21.315139770507812,0.05097879469394684,1.2540826797485352,3.6764326095581055,3.264324562176472e-06,3.264324562176472e-06,0.5,0.0,0.5,0.5,0.5,16430.03401708603
7,20000,27.43964958190918,0.11079564690589905,1.2954578399658203,3.405505418777466,3.2557261955081167e-06,3.2557261955081167e-06,0.5,0.0,0.5,0.5,0.5,16447.72518157959
7,20020,23.560741424560547,0.06873532384634018,1.3274908065795898,3.412299394607544,3.2471387215602348e-06,3.2471387215602348e-06,0.5,0.0,0.5,0.5,0.5,16462.97565984726
7,20040,28.9210147857666,0.1289018988609314,1.2570796012878418,3.4600279331207275,3.2385621820126573e-06,3.2385621820126573e-06,0.5,0.0,0.5,0.5,0.5,16478.948130607605
7,20060,35.66980743408203,0.19250696897506714,1.3105735778808594,3.313377618789673,3.2299966184921475e-06,3.2299966184921475e-06,0.5,0.0,0.5,0.5,0.5,16494.175498485565
7,20080,24.303682327270508,0.08494328707456589,1.2714991569519043,3.0943617820739746,3.22144207257219e-06,3.22144207257219e-06,0.5,0.0,0.5,0.5,0.5,16509.217091321945
7,20100,30.110370635986328,0.15187977254390717,1.1436570882797241,3.485823154449463,3.212898585772799e-06,3.212898585772799e-06,0.5,0.0,0.5,0.5,0.5,16524.606241226196
7,20120,30.70201873779297,0.14936575293540955,1.2203114032745361,3.5623302459716797,3.204366199560311e-06,3.204366199560311e-06,0.5,0.0,0.5,0.5,0.5,16541.78311610222
7,20140,27.67877197265625,0.10570788383483887,1.3562883138656616,3.5451016426086426,3.1958449553471875e-06,3.1958449553471875e-06,0.5,0.0,0.5,0.5,0.5,16557.57967734337
7,20160,28.93600845336914,0.12924975156784058,1.2458207607269287,3.552825927734375,3.1873348944918074e-06,3.1873348944918074e-06,0.5,0.0,0.5,0.5,0.5,16573.657578229904
7,20180,29.568981170654297,0.13696621358394623,1.2365561723709106,3.5067968368530273,3.1788360582982717e-06,3.1788360582982717e-06,0.5,0.0,0.5,0.5,0.5,16591.302516222
7,20200,25.215017318725586,0.08937734365463257,1.2637038230895996,3.640244722366333,3.170348488016205e-06,3.170348488016205e-06,0.5,0.0,0.5,0.5,0.5,16606.75112771988
7,20220,23.047470092773438,0.04987132549285889,1.4715003967285156,3.3453330993652344,3.1618722248405504e-06,3.1618722248405504e-06,0.5,0.0,0.5,0.5,0.5,16622.356241226196
7,20240,26.538301467895508,0.10766440629959106,1.2473456859588623,3.2984025478363037,3.1534073099113675e-06,3.1534073099113675e-06,0.5,0.0,0.5,0.5,0.5,16637.789957761765
7,20260,31.701946258544922,0.15591444075107574,1.2521387338638306,3.5891144275665283,3.1449537843136423e-06,3.1449537843136423e-06,0.5,0.0,0.5,0.5,0.5,16652.975423812866
7,20280,25.400867462158203,0.10155435651540756,1.193589687347412,3.309535503387451,3.1365116890770786e-06,3.1365116890770786e-06,0.5,0.0,0.5,0.5,0.5,16668.718306541443
7,20300,19.875905990600586,0.039082176983356476,1.2599220275878906,3.3684680461883545,3.1280810651759054e-06,3.1280810651759054e-06,0.5,0.0,0.5,0.5,0.5,16685.990150928497
7,20320,25.4974308013916,0.09113452583551407,1.301236867904663,3.3716084957122803,3.1196619535286704e-06,3.1196619535286704e-06,0.5,0.0,0.5,0.5,0.5,16701.497897148132
7,20340,38.32512283325195,0.20842579007148743,1.4029444456100464,3.4530980587005615,3.111254394998047e-06,3.111254394998047e-06,0.5,0.0,0.5,0.5,0.5,16717.792419195175
7,20360,25.935407638549805,0.0938303992152214,1.2878310680389404,3.6740570068359375,3.1028584303906374e-06,3.1028584303906374e-06,0.5,0.0,0.5,0.5,0.5,16735.40031194687
7,20380,34.4656982421875,0.17306965589523315,1.352700114250183,3.631734609603882,3.094474100456769e-06,3.094474100456769e-06,0.5,0.0,0.5,0.5,0.5,16751.18843269348
7,20400,32.28791046142578,0.16382765769958496,1.2674283981323242,3.230858087539673,3.0861014458903045e-06,3.0861014458903045e-06,0.5,0.0,0.5,0.5,0.5,16766.875571489334
7,20420,27.25846290588379,0.09751246869564056,1.3981754779815674,3.525460720062256,3.0777405073284326e-06,3.0777405073284326e-06,0.5,0.0,0.5,0.5,0.5,16782.377951860428
7,20440,23.776973724365234,0.0742923766374588,1.3233027458190918,3.1147079467773438,3.0693913253514822e-06,3.0693913253514822e-06,0.5,0.0,0.5,0.5,0.5,16797.4320499897
7,20460,29.41460609436035,0.13732200860977173,1.219574213027954,3.4866631031036377,3.061053940482721e-06,3.061053940482721e-06,0.5,0.0,0.5,0.5,0.5,16812.7773373127
7,20480,21.266101837158203,0.054353803396224976,1.217476725578308,3.655954122543335,3.052728393188157e-06,3.052728393188157e-06,0.5,0.0,0.5,0.5,0.5,16830.130059957504
7,20500,26.835378646850586,0.09750530868768692,1.381252646446228,3.272322416305542,3.0444147238763417e-06,3.0444147238763417e-06,0.5,0.0,0.5,0.5,0.5,16845.359763622284
7,20520,27.349552154541016,0.11580163240432739,1.241938591003418,3.350001335144043,3.0361129728981803e-06,3.0361129728981803e-06,0.5,0.0,0.5,0.5,0.5,16861.070198774338
7,20540,40.494415283203125,0.23841209709644318,1.3251283168792725,3.4019253253936768,3.0278231805467317e-06,3.0278231805467317e-06,0.5,0.0,0.5,0.5,0.5,16878.569689273834
7,20560,32.10270690917969,0.1489076018333435,1.3801593780517578,3.4103524684906006,3.019545387057011e-06,3.019545387057011e-06,0.5,0.0,0.5,0.5,0.5,16894.254859685898
7,20580,30.721393585205078,0.12992092967033386,1.399344801902771,3.735851526260376,3.011279632605793e-06,3.011279632605793e-06,0.5,0.0,0.5,0.5,0.5,16908.529732227325
7,20600,37.53700637817383,0.20875373482704163,1.333944320678711,3.322187662124634,3.0030259573114264e-06,3.0030259573114264e-06,0.5,0.0,0.5,0.5,0.5,16925.351112127304
7,20620,34.44243621826172,0.1834033727645874,1.266503095626831,3.4370672702789307,2.9947844012336296e-06,2.9947844012336296e-06,0.5,0.0,0.5,0.5,0.5,16941.437312841415
7,20640,21.41320037841797,0.042848750948905945,1.3413938283920288,3.7143867015838623,2.9865550043733033e-06,2.9865550043733033e-06,0.5,0.0,0.5,0.5,0.5,16957.43448281288
7,20660,18.131933212280273,0.031312182545661926,1.149123191833496,3.5094833374023438,2.9783378066723227e-06,2.9783378066723227e-06,0.5,0.0,0.5,0.5,0.5,16975.089179039
8,20680,28.844791412353516,0.12771295011043549,1.2615618705749512,3.4578773975372314,2.9701328480133656e-06,2.9701328480133656e-06,0.5,0.0,0.5,0.5,0.5,17001.99376487732
8,20700,27.343446731567383,0.10658082365989685,1.3528417348861694,3.1569461822509766,2.961940168219699e-06,2.961940168219699e-06,0.5,0.0,0.5,0.5,0.5,17016.59932565689
8,20720,20.807226181030273,0.05657651647925377,1.188637614250183,3.2631983757019043,2.9537598070550004e-06,2.9537598070550004e-06,0.5,0.0,0.5,0.5,0.5,17034.452401161194
8,20740,24.59298324584961,0.09222234785556793,1.1884204149246216,3.4865455627441406,2.94559180422315e-06,2.94559180422315e-06,0.5,0.0,0.5,0.5,0.5,17048.249897956848
8,20760,28.59059715270996,0.12344302982091904,1.291248083114624,3.333813428878784,2.9374361993680516e-06,2.9374361993680516e-06,0.5,0.0,0.5,0.5,0.5,17062.553692817688
8,20780,32.13386917114258,0.14601127803325653,1.3958635330200195,3.5741069316864014,2.9292930320734337e-06,2.9292930320734337e-06,0.5,0.0,0.5,0.5,0.5,17079.798850536346
8,20800,30.638757705688477,0.14515835046768188,1.2708885669708252,3.414036989212036,2.9211623418626617e-06,2.9211623418626617e-06,0.5,0.0,0.5,0.5,0.5,17095.56456375122
8,20820,24.047134399414062,0.08621722459793091,1.2101062536239624,3.324347734451294,2.9130441681985306e-06,2.9130441681985306e-06,0.5,0.0,0.5,0.5,0.5,17111.302064180374
8,20840,27.705381393432617,0.10459481179714203,1.362412929534912,3.6217706203460693,2.9049385504830987e-06,2.9049385504830987e-06,0.5,0.0,0.5,0.5,0.5,17129.140085935593
8,20860,23.727622985839844,0.0798037201166153,1.2326571941375732,3.420679807662964,2.8968455280574775e-06,2.8968455280574775e-06,0.5,0.0,0.5,0.5,0.5,17145.435781240463
8,20880,27.40387725830078,0.1175418496131897,1.2128537893295288,3.52115535736084,2.8887651402016505e-06,2.8887651402016505e-06,0.5,0.0,0.5,0.5,0.5,17161.953131198883
8,20900,31.858428955078125,0.14951783418655396,1.363882064819336,3.2678258419036865,2.8806974261342704e-06,2.8806974261342704e-06,0.5,0.0,0.5,0.5,0.5,17177.900639772415
8,20920,29.74676513671875,0.12838228046894073,1.335283637046814,3.5557003021240234,2.8726424250124847e-06,2.8726424250124847e-06,0.5,0.0,0.5,0.5,0.5,17192.089334249496
8,20940,35.56237030029297,0.1883590966463089,1.3316658735275269,3.4098002910614014,2.8646001759317337e-06,2.8646001759317337e-06,0.5,0.0,0.5,0.5,0.5,17207.596843004227
8,20960,25.895469665527344,0.09696658700704575,1.274460792541504,3.454202651977539,2.85657071792557e-06,2.85657071792557e-06,0.5,0.0,0.5,0.5,0.5,17225.365325689316
8,20980,30.20931625366211,0.13157586753368378,1.3778877258300781,3.2728524208068848,2.8485540899654574e-06,2.8485540899654574e-06,0.5,0.0,0.5,0.5,0.5,17241.197707653046
8,21000,24.720321655273438,0.08931832015514374,1.2361090183258057,3.4273993968963623,2.8405503309605896e-06,2.8405503309605896e-06,0.5,0.0,0.5,0.5,0.5,17257.07151865959
8,21020,24.29184341430664,0.07482612133026123,1.321605920791626,3.593172073364258,2.8325594797577034e-06,2.8325594797577034e-06,0.5,0.0,0.5,0.5,0.5,17274.53141784668
8,21040,29.870637893676758,0.13737694919109344,1.2761085033416748,3.371858596801758,2.8245815751408855e-06,2.8245815751408855e-06,0.5,0.0,0.5,0.5,0.5,17290.391963005066
8,21060,25.936325073242188,0.08906234055757523,1.3818421363830566,3.2116706371307373,2.816616655831383e-06,2.816616655831383e-06,0.5,0.0,0.5,0.5,0.5,17306.20973134041
8,21080,26.64936065673828,0.10580410063266754,1.2670364379882812,3.3985860347747803,2.808664760487421e-06,2.808664760487421e-06,0.5,0.0,0.5,0.5,0.5,17322.39859509468
8,21100,32.0324592590332,0.15705566108226776,1.3044393062591553,3.2824978828430176,2.8007259277040113e-06,2.8007259277040113e-06,0.5,0.0,0.5,0.5,0.5,17336.22302365303
8,21120,22.888643264770508,0.06674978137016296,1.284937858581543,3.3642871379852295,2.792800196012766e-06,2.792800196012766e-06,0.5,0.0,0.5,0.5,0.5,17352.07031083107
8,21140,20.900768280029297,0.04544795677065849,1.2822329998016357,3.533642292022705,2.7848876038817095e-06,2.7848876038817095e-06,0.5,0.0,0.5,0.5,0.5,17368.948016405106
8,21160,27.458297729492188,0.10874664783477783,1.291757345199585,3.6660590171813965,2.7769881897150903e-06,2.7769881897150903e-06,0.5,0.0,0.5,0.5,0.5,17384.584651708603
8,21180,30.242156982421875,0.1444721519947052,1.2405693531036377,3.3892481327056885,2.7691019918532015e-06,2.7691019918532015e-06,0.5,0.0,0.5,0.5,0.5,17400.369371414185
8,21200,23.54914093017578,0.06628455966711044,1.3639142513275146,3.281541347503662,2.761229048572187e-06,2.761229048572187e-06,0.5,0.0,0.5,0.5,0.5,17417.76155757904
8,21220,29.6549015045166,0.13534075021743774,1.2592687606811523,3.5281383991241455,2.7533693980838617e-06,2.7533693980838617e-06,0.5,0.0,0.5,0.5,0.5,17433.54025888443
8,21240,23.193572998046875,0.06347505748271942,1.3449701070785522,3.3963663578033447,2.745523078535517e-06,2.745523078535517e-06,0.5,0.0,0.5,0.5,0.5,17449.168379306793
8,21260,21.600337982177734,0.06136910989880562,1.2190675735473633,3.2727510929107666,2.7376901280097483e-06,2.7376901280097483e-06,0.5,0.0,0.5,0.5,0.5,17465.263764858246
8,21280,21.579374313354492,0.0447479784488678,1.344316840171814,3.661407470703125,2.729870584524263e-06,2.729870584524263e-06,0.5,0.0,0.5,0.5,0.5,17480.555148601532
8,21300,26.95469093322754,0.11043045669794083,1.231727957725525,3.5943660736083984,2.7220644860316925e-06,2.7220644860316925e-06,0.5,0.0,0.5,0.5,0.5,17496.437130451202
8,21320,22.340011596679688,0.06418702751398087,1.2248919010162354,3.672389507293701,2.714271870419413e-06,2.714271870419413e-06,0.5,0.0,0.5,0.5,0.5,17514.870067358017
8,21340,18.802227020263672,0.02737874537706375,1.2659482955932617,3.4048681259155273,2.7064927755093624e-06,2.7064927755093624e-06,0.5,0.0,0.5,0.5,0.5,17531.621954917908
8,21360,24.544891357421875,0.08293157815933228,1.2966583967208862,3.285148859024048,2.698727239057856e-06,2.698727239057856e-06,0.5,0.0,0.5,0.5,0.5,17547.349920272827
8,21380,29.95252799987793,0.13058963418006897,1.3448995351791382,3.444568395614624,2.6909752987554023e-06,2.6909752987554023e-06,0.5,0.0,0.5,0.5,0.5,17564.753834962845
8,21400,27.128904342651367,0.11239747703075409,1.2650175094604492,3.238980770111084,2.6832369922265156e-06,2.6832369922265156e-06,0.5,0.0,0.5,0.5,0.5,17580.426191568375
8,21420,31.024436950683594,0.13840383291244507,1.3577218055725098,3.606835126876831,2.6755123570295423e-06,2.6755123570295423e-06,0.5,0.0,0.5,0.5,0.5,17595.2273979187
8,21440,24.90850257873535,0.08332082629203796,1.3123838901519775,3.4525818824768066,2.6678014306564743e-06,2.6678014306564743e-06,0.5,0.0,0.5,0.5,0.5,17609.924268484116
8,21460,31.27357292175293,0.14538070559501648,1.3244960308074951,3.490541934967041,2.660104250532764e-06,2.660104250532764e-06,0.5,0.0,0.5,0.5,0.5,17625.640718460083
8,21480,27.144821166992188,0.09671463072299957,1.396633505821228,3.507023572921753,2.652420854017146e-06,2.652420854017146e-06,0.5,0.0,0.5,0.5,0.5,17641.600657701492
8,21500,26.235004425048828,0.09062914550304413,1.3725130558013916,3.446960210800171,2.644751278401456e-06,2.644751278401456e-06,0.5,0.0,0.5,0.5,0.5,17658.734545469284
8,21520,23.317462921142578,0.05661995708942413,1.428417444229126,3.371291160583496,2.6370955609104517e-06,2.6370955609104517e-06,0.5,0.0,0.5,0.5,0.5,17672.999039411545
8,21540,18.21684455871582,0.025839267298579216,1.2219982147216797,3.4129347801208496,2.6294537387016267e-06,2.6294537387016267e-06,0.5,0.0,0.5,0.5,0.5,17688.059777736664
8,21560,22.13869285583496,0.05784659832715988,1.2963526248931885,3.390507459640503,2.6218258488650318e-06,2.6218258488650318e-06,0.5,0.0,0.5,0.5,0.5,17704.85638642311
8,21580,29.151039123535156,0.12981140613555908,1.266566514968872,3.504234552383423,2.614211928423099e-06,2.614211928423099e-06,0.5,0.0,0.5,0.5,0.5,17720.39560675621
8,21600,29.491884231567383,0.12958751618862152,1.2930974960327148,3.6021571159362793,2.6066120143304592e-06,2.6066120143304592e-06,0.5,0.0,0.5,0.5,0.5,17735.135172843933
8,21620,30.133453369140625,0.14051982760429382,1.2783787250518799,3.2976834774017334,2.5990261434737596e-06,2.5990261434737596e-06,0.5,0.0,0.5,0.5,0.5,17749.811723709106
8,21640,24.395973205566406,0.07134785503149033,1.3830101490020752,3.431086778640747,2.5914543526714884e-06,2.5914543526714884e-06,0.5,0.0,0.5,0.5,0.5,17763.120644569397
8,21660,21.852293014526367,0.057982586324214935,1.2488322257995605,3.565711498260498,2.5838966786737986e-06,2.5838966786737986e-06,0.5,0.0,0.5,0.5,0.5,17778.74290919304
8,21680,25.81351661682129,0.087864451110363,1.3698062896728516,3.3290083408355713,2.5763531581623217e-06,2.5763531581623217e-06,0.5,0.0,0.5,0.5,0.5,17795.836235046387
8,21700,40.495826721191406,0.23280209302902222,1.3681097030639648,3.5345232486724854,2.568823827750001e-06,2.568823827750001e-06,0.5,0.0,0.5,0.5,0.5,17811.391316890717
8,21720,19.539194107055664,0.03718440234661102,1.2329962253570557,3.4907915592193604,2.561308723980899e-06,2.561308723980899e-06,0.5,0.0,0.5,0.5,0.5,17827.23104786873
8,21740,23.738325119018555,0.08024673908948898,1.2280328273773193,3.4333229064941406,2.553807883330033e-06,2.553807883330033e-06,0.5,0.0,0.5,0.5,0.5,17845.148006916046
8,21760,31.226961135864258,0.14797888696193695,1.3057122230529785,3.3719494342803955,2.5463213422031966e-06,2.5463213422031966e-06,0.5,0.0,0.5,0.5,0.5,17861.32284760475
8,21780,28.50460433959961,0.12983056902885437,1.2080974578857422,3.440572500228882,2.538849136936772e-06,2.538849136936772e-06,0.5,0.0,0.5,0.5,0.5,17876.653119564056
8,21800,34.96083068847656,0.1906757950782776,1.210477352142334,3.788477897644043,2.5313913037975674e-06,2.5313913037975674e-06,0.5,0.0,0.5,0.5,0.5,17892.15440917015
8,21820,25.621227264404297,0.09151730686426163,1.2839393615722656,3.6301040649414062,2.5239478789826323e-06,2.5239478789826323e-06,0.5,0.0,0.5,0.5,0.5,17907.821040153503
8,21840,35.03218460083008,0.18749231100082397,1.292809247970581,3.3548619747161865,2.5165188986190846e-06,2.5165188986190846e-06,0.5,0.0,0.5,0.5,0.5,17923.854292869568
8,21860,25.73719024658203,0.09087641537189484,1.339869499206543,3.250854730606079,2.5091043987639385e-06,2.5091043987639385e-06,0.5,0.0,0.5,0.5,0.5,17941.35253381729
8,21880,25.972572326660156,0.0980832576751709,1.2746832370758057,3.417414903640747,2.5017044154039205e-06,2.5017044154039205e-06,0.5,0.0,0.5,0.5,0.5,17957.415271282196
8,21900,23.005281448364258,0.06699906289577484,1.2745636701583862,3.559738874435425,2.4943189844553046e-06,2.4943189844553046e-06,0.5,0.0,0.5,0.5,0.5,17972.52902030945
8,21920,22.796632766723633,0.07505656033754349,1.190323829650879,3.3877391815185547,2.4869481417637343e-06,2.4869481417637343e-06,0.5,0.0,0.5,0.5,0.5,17989.321430683136
8,21940,27.034456253051758,0.109270378947258,1.2583374977111816,3.524042844772339,2.479591923104043e-06,2.479591923104043e-06,0.5,0.0,0.5,0.5,0.5,18005.112590551376
8,21960,21.790367126464844,0.06105685234069824,1.2385568618774414,3.2991139888763428,2.472250364180093e-06,2.472250364180093e-06,0.5,0.0,0.5,0.5,0.5,18020.036784410477
8,21980,25.147489547729492,0.08602389693260193,1.308458685874939,3.460512161254883,2.4649235006245864e-06,2.4649235006245864e-06,0.5,0.0,0.5,0.5,0.5,18035.341341733932
8,22000,29.730026245117188,0.13313539326190948,1.2727242708206177,3.6892426013946533,2.4576113679989066e-06,2.4576113679989066e-06,0.5,0.0,0.5,0.5,0.5,18050.515983581543
8,22020,25.964580535888672,0.09280413389205933,1.3081908226013184,3.60225772857666,2.4503140017929384e-06,2.4503140017929384e-06,0.5,0.0,0.5,0.5,0.5,18065.448266267776
8,22040,25.204689025878906,0.08740005642175674,1.2936688661575317,3.5279970169067383,2.4430314374248935e-06,2.4430314374248935e-06,0.5,0.0,0.5,0.5,0.5,18083.01092362404
8,22060,19.58449935913086,0.035948995500802994,1.251969337463379,3.4699063301086426,2.4357637102411464e-06,2.4357637102411464e-06,0.5,0.0,0.5,0.5,0.5,18098.614072084427
8,22080,38.680240631103516,0.23169469833374023,1.2332360744476318,3.178408145904541,2.4285108555160576e-06,2.4285108555160576e-06,0.5,0.0,0.5,0.5,0.5,18113.339797258377
8,22100,24.96375274658203,0.07658688724040985,1.3658771514892578,3.6462931632995605,2.4212729084517985e-06,2.4212729084517985e-06,0.5,0.0,0.5,0.5,0.5,18130.01408314705
8,22120,40.94015884399414,0.22770127654075623,1.4555790424346924,3.614238977432251,2.414049904178192e-06,2.414049904178192e-06,0.5,0.0,0.5,0.5,0.5,18145.685819387436
8,22140,22.148880004882812,0.06061084568500519,1.259047269821167,3.497321844100952,2.4068418777525292e-06,2.4068418777525292e-06,0.5,0.0,0.5,0.5,0.5,18160.8091673851
8,22160,38.265647888183594,0.217652827501297,1.3247097730636597,3.2532637119293213,2.39964886415941e-06,2.39964886415941e-06,0.5,0.0,0.5,0.5,0.5,18176.578010559082
8,22180,29.658435821533203,0.14501959085464478,1.175785779953003,3.398617744445801,2.3924708983105672e-06,2.3924708983105672e-06,0.5,0.0,0.5,0.5,0.5,18192.147612810135
8,22200,33.15309143066406,0.16646671295166016,1.2958437204360962,3.5479812622070312,2.385308015044699e-06,2.385308015044699e-06,0.5,0.0,0.5,0.5,0.5,18208.065033197403
8,22220,25.38629150390625,0.10298018157482147,1.168162226676941,3.4066498279571533,2.3781602491272943e-06,2.3781602491272943e-06,0.5,0.0,0.5,0.5,0.5,18224.82556462288
8,22240,31.04583168029785,0.14277228713035583,1.3159887790679932,3.6087167263031006,2.3710276352504776e-06,2.3710276352504776e-06,0.5,0.0,0.5,0.5,0.5,18239.72155857086
8,22260,23.037811279296875,0.07575970888137817,1.2324612140655518,3.13723087310791,2.363910208032824e-06,2.363910208032824e-06,0.5,0.0,0.5,0.5,0.5,18254.35659480095
8,22280,29.518056869506836,0.12469619512557983,1.3789434432983398,3.2590034008026123,2.3568080020192057e-06,2.3568080020192057e-06,0.5,0.0,0.5,0.5,0.5,18270.2746860981
8,22300,22.93682861328125,0.059299536049366,1.3503336906433105,3.503537178039551,2.3497210516806125e-06,2.3497210516806125e-06,0.5,0.0,0.5,0.5,0.5,18285.693651914597
8,22320,23.96957015991211,0.07392524927854538,1.304884910583496,3.5281970500946045,2.3426493914139924e-06,2.3426493914139924e-06,0.5,0.0,0.5,0.5,0.5,18299.782011270523
8,22340,33.397254943847656,0.16686201095581055,1.332000732421875,3.391045331954956,2.3355930555420838e-06,2.3355930555420838e-06,0.5,0.0,0.5,0.5,0.5,18315.97136569023
8,22360,28.38821029663086,0.12653833627700806,1.2075670957565308,3.658707618713379,2.3285520783132455e-06,2.3285520783132455e-06,0.5,0.0,0.5,0.5,0.5,18330.87576341629
8,22380,26.645645141601562,0.09048138558864594,1.402639627456665,3.571110248565674,2.3215264939012892e-06,2.3215264939012892e-06,0.5,0.0,0.5,0.5,0.5,18346.243827342987
8,22400,20.98999786376953,0.044903386384248734,1.293925404548645,3.5604066848754883,2.314516336405323e-06,2.314516336405323e-06,0.5,0.0,0.5,0.5,0.5,18363.35759282112
8,22420,27.370105743408203,0.11637692153453827,1.2275145053863525,3.4572675228118896,2.307521639849573e-06,2.307521639849573e-06,0.5,0.0,0.5,0.5,0.5,18379.10273718834
8,22440,21.100053787231445,0.03616504371166229,1.4040858745574951,3.442690134048462,2.3005424381832304e-06,2.3005424381832304e-06,0.5,0.0,0.5,0.5,0.5,18393.803104162216
8,22460,29.641450881958008,0.14373286068439484,1.1945232152938843,3.3229310512542725,2.2935787652802755e-06,2.2935787652802755e-06,0.5,0.0,0.5,0.5,0.5,18409.90686273575
8,22480,28.405698776245117,0.11904899775981903,1.303502082824707,3.465778350830078,2.2866306549393226e-06,2.2866306549393226e-06,0.5,0.0,0.5,0.5,0.5,18425.060687065125
8,22500,19.381927490234375,0.045818671584129333,1.1442562341690063,3.3574979305267334,2.279698140883452e-06,2.279698140883452e-06,0.5,0.0,0.5,0.5,0.5,18439.155740261078
8,22520,33.36559295654297,0.16586153209209442,1.3145521879196167,3.633918285369873,2.272781256760046e-06,2.272781256760046e-06,0.5,0.0,0.5,0.5,0.5,18454.7244720459
8,22540,20.418325424194336,0.045664362609386444,1.2465287446975708,3.3866024017333984,2.2658800361406238e-06,2.2658800361406238e-06,0.5,0.0,0.5,0.5,0.5,18469.273683309555
8,22560,23.847911834716797,0.08622042834758759,1.166348934173584,3.5623788833618164,2.258994512520684e-06,2.258994512520684e-06,0.5,0.0,0.5,0.5,0.5,18483.607085943222
8,22580,27.315593719482422,0.1026734784245491,1.3429529666900635,3.6187167167663574,2.252124719319537e-06,2.252124719319537e-06,0.5,0.0,0.5,0.5,0.5,18499.409997463226
8,22600,19.588294982910156,0.0333111397922039,1.2914478778839111,3.342703342437744,2.245270689880146e-06,2.245270689880146e-06,0.5,0.0,0.5,0.5,0.5,18514.64046573639
8,22620,21.188570022583008,0.052386075258255005,1.2380869388580322,3.569094181060791,2.238432457468961e-06,2.238432457468961e-06,0.5,0.0,0.5,0.5,0.5,18529.994998455048
8,22640,28.491235733032227,0.12347902357578278,1.2746665477752686,3.39666748046875,2.2316100552757635e-06,2.2316100552757635e-06,0.5,0.0,0.5,0.5,0.5,18546.59854030609
8,22660,21.765642166137695,0.04961957782506943,1.3540008068084717,3.263676404953003,2.2248035164135006e-06,2.2248035164135006e-06,0.5,0.0,0.5,0.5,0.5,18561.41792702675
8,22680,33.906532287597656,0.17362460494041443,1.305655598640442,3.4875142574310303,2.218012873918128e-06,2.218012873918128e-06,0.5,0.0,0.5,0.5,0.5,18574.98887515068
8,22700,31.036258697509766,0.14974352717399597,1.2576227188110352,3.4856789112091064,2.2112381607484413e-06,2.2112381607484413e-06,0.5,0.0,0.5,0.5,0.5,18590.991255283356
8,22720,25.61870765686035,0.09321428835391998,1.2976024150848389,3.3212528228759766,2.20447940978593e-06,2.20447940978593e-06,0.5,0.0,0.5,0.5,0.5,18606.758780241013
8,22740,19.003877639770508,0.033730048686265945,1.1898479461669922,3.732393741607666,2.1977366538346028e-06,2.1977366538346028e-06,0.5,0.0,0.5,0.5,0.5,18621.936226129532
8,22760,39.00924301147461,0.22211450338363647,1.3262536525726318,3.5352537631988525,2.1910099256208406e-06,2.1910099256208406e-06,0.5,0.0,0.5,0.5,0.5,18637.584118127823
8,22780,21.86033058166504,0.05349789187312126,1.316739559173584,3.343144655227661,2.184299257793232e-06,2.184299257793232e-06,0.5,0.0,0.5,0.5,0.5,18652.777312755585
8,22800,24.549104690551758,0.07772202789783478,1.345658540725708,3.3203165531158447,2.177604682922413e-06,2.177604682922413e-06,0.5,0.0,0.5,0.5,0.5,18667.60656452179
8,22820,20.24509620666504,0.04726060852408409,1.2173399925231934,3.3456368446350098,2.1709262335009133e-06,2.1709262335009133e-06,0.5,0.0,0.5,0.5,0.5,18684.633029699326
8,22840,35.483280181884766,0.18561527132987976,1.3607773780822754,3.313979387283325,2.1642639419429985e-06,2.1642639419429985e-06,0.5,0.0,0.5,0.5,0.5,18699.729408979416
8,22860,25.897327423095703,0.09593001008033752,1.3068517446517944,3.235809803009033,2.157617840584506e-06,2.157617840584506e-06,0.5,0.0,0.5,0.5,0.5,18713.14300608635
8,22880,21.908763885498047,0.0740094780921936,1.1305108070373535,3.202709674835205,2.150987961682699e-06,2.150987961682699e-06,0.5,0.0,0.5,0.5,0.5,18728.97326350212
8,22900,18.88689613342285,0.03608567267656326,1.1902048587799072,3.3762810230255127,2.1443743374160987e-06,2.1443743374160987e-06,0.5,0.0,0.5,0.5,0.5,18744.152042627335
8,22920,40.86474609375,0.23450349271297455,1.3934816122055054,3.479580879211426,2.1377769998843365e-06,2.1377769998843365e-06,0.5,0.0,0.5,0.5,0.5,18759.96050786972
8,22940,21.4284610748291,0.05051977187395096,1.305513620376587,3.3213484287261963,2.1311959811079964e-06,2.1311959811079964e-06,0.5,0.0,0.5,0.5,0.5,18776.60960650444
8,22960,28.544658660888672,0.13029024004936218,1.2029306888580322,3.4863274097442627,2.1246313130284535e-06,2.1246313130284535e-06,0.5,0.0,0.5,0.5,0.5,18791.679337739944
8,22980,22.825061798095703,0.08089981973171234,1.1094850301742554,3.6402273178100586,2.118083027507729e-06,2.118083027507729e-06,0.5,0.0,0.5,0.5,0.5,18806.678869247437
8,23000,24.069242477416992,0.07188443094491959,1.3372167348861694,3.5086309909820557,2.1115511563283283e-06,2.1115511563283283e-06,0.5,0.0,0.5,0.5,0.5,18822.395615816116
8,23020,23.909496307373047,0.07031441479921341,1.336348295211792,3.514573097229004,2.1050357311930853e-06,2.1050357311930853e-06,0.5,0.0,0.5,0.5,0.5,18838.398137807846
8,23040,29.67977523803711,0.14586806297302246,1.1670403480529785,3.4225661754608154,2.098536783725019e-06,2.098536783725019e-06,0.5,0.0,0.5,0.5,0.5,18853.31867337227
8,23060,26.300243377685547,0.10224033147096634,1.2792140245437622,3.2840685844421387,2.0920543454671668e-06,2.0920543454671668e-06,0.5,0.0,0.5,0.5,0.5,18869.338995218277
8,23080,25.61338996887207,0.08546493202447891,1.3585898876190186,3.4809963703155518,2.085588447882441e-06,2.085588447882441e-06,0.5,0.0,0.5,0.5,0.5,18884.315266609192
8,23100,25.951480865478516,0.09680163860321045,1.283990740776062,3.4314072132110596,2.0791391223534727e-06,2.0791391223534727e-06,0.5,0.0,0.5,0.5,0.5,18899.864207983017
8,23120,20.869911193847656,0.05583451688289642,1.18028724193573,3.483588218688965,2.0727064001824577e-06,2.0727064001824577e-06,0.5,0.0,0.5,0.5,0.5,18916.210911750793
8,23140,20.87525177001953,0.058763276785612106,1.1561388969421387,3.437534809112549,2.0662903125910067e-06,2.0662903125910067e-06,0.5,0.0,0.5,0.5,0.5,18931.03261399269
8,23160,30.580245971679688,0.1485164612531662,1.2604665756225586,3.123933792114258,2.059890890719995e-06,2.059890890719995e-06,0.5,0.0,0.5,0.5,0.5,18945.904083251953
8,23180,23.031137466430664,0.07196877896785736,1.2314343452453613,3.5199170112609863,2.0535081656294105e-06,2.0535081656294105e-06,0.5,0.0,0.5,0.5,0.5,18962.784970998764
8,23200,19.951419830322266,0.03949884697794914,1.2484773397445679,3.51676082611084,2.0471421682981983e-06,2.0471421682981983e-06,0.5,0.0,0.5,0.5,0.5,18976.968396425247
8,23220,21.51289176940918,0.061603836715221405,1.1807119846343994,3.54538893699646,2.040792929624117e-06,2.040792929624117e-06,0.5,0.0,0.5,0.5,0.5,18990.862528562546
8,23240,29.58086395263672,0.12916190922260284,1.3229237794876099,3.4354355335235596,2.0344604804235855e-06,2.0344604804235855e-06,0.5,0.0,0.5,0.5,0.5,19007.105250120163
8,23260,32.796173095703125,0.17340368032455444,1.2066916227340698,3.3888907432556152,2.028144851431536e-06,2.028144851431536e-06,0.5,0.0,0.5,0.5,0.5,19022.618011713028
8,23280,25.790613174438477,0.09352213144302368,1.2975224256515503,3.4631755352020264,2.0218460733012583e-06,2.0218460733012583e-06,0.5,0.0,0.5,0.5,0.5,19036.9113407135
8,23300,23.88695526123047,0.0755159929394722,1.3035963773727417,3.2993924617767334,2.015564176604259e-06,2.015564176604259e-06,0.5,0.0,0.5,0.5,0.5,19052.89089179039
8,23320,24.550674438476562,0.08914579451084137,1.2299811840057373,3.336282968521118,2.0092991918301106e-06,2.0092991918301106e-06,0.5,0.0,0.5,0.5,0.5,19067.957854270935
8,23340,28.386438369750977,0.12205734848976135,1.2761497497558594,3.419206380844116,2.0030511493862996e-06,2.0030511493862996e-06,0.5,0.0,0.5,0.5,0.5,19082.992572546005
8,23360,28.502439498901367,0.12113864719867706,1.2905782461166382,3.4827914237976074,1.996820079598083e-06,1.996820079598083e-06,0.5,0.0,0.5,0.5,0.5,19099.701951026917
8,23380,30.478805541992188,0.14693906903266907,1.228959560394287,3.4953041076660156,1.9906060127083388e-06,1.9906060127083388e-06,0.5,0.0,0.5,0.5,0.5,19114.67033267021
8,23400,27.490909576416016,0.11613021790981293,1.2380969524383545,3.4969184398651123,1.9844089788774217e-06,1.9844089788774217e-06,0.5,0.0,0.5,0.5,0.5,19128.826424837112
8,23420,48.8453483581543,0.32030189037323,1.321341872215271,3.6017425060272217,1.9782290081830177e-06,1.9782290081830177e-06,0.5,0.0,0.5,0.5,0.5,19145.315294742584
8,23440,25.247846603393555,0.08543223142623901,1.3149616718292236,3.5550057888031006,1.97206613061999e-06,1.97206613061999e-06,0.5,0.0,0.5,0.5,0.5,19160.048996925354
8,23460,30.149471282958984,0.1367362141609192,1.3251389265060425,3.224461317062378,1.965920376100245e-06,1.965920376100245e-06,0.5,0.0,0.5,0.5,0.5,19174.857562065125
8,23480,33.40546417236328,0.17375120520591736,1.2439255714416504,3.5910885334014893,1.959791774452578e-06,1.959791774452578e-06,0.5,0.0,0.5,0.5,0.5,19191.680694818497
8,23500,31.598764419555664,0.14276856184005737,1.3893073797225952,3.428834915161133,1.9536803554225335e-06,1.9536803554225335e-06,0.5,0.0,0.5,0.5,0.5,19206.583129644394
8,23520,33.91383361816406,0.18172699213027954,1.2247905731201172,3.493230104446411,1.9475861486722586e-06,1.9475861486722586e-06,0.5,0.0,0.5,0.5,0.5,19221.423078775406
8,23540,36.80961608886719,0.19751012325286865,1.3683593273162842,3.3750057220458984,1.9415091837803574e-06,1.9415091837803574e-06,0.5,0.0,0.5,0.5,0.5,19238.749514341354
8,23560,28.957595825195312,0.13337191939353943,1.2391468286514282,3.2289345264434814,1.9354494902417524e-06,1.9354494902417524e-06,0.5,0.0,0.5,0.5,0.5,19252.946748495102
8,23580,25.86187744140625,0.09314536303281784,1.343884825706482,3.108494758605957,1.929407097467539e-06,1.929407097467539e-06,0.5,0.0,0.5,0.5,0.5,19266.489951848984
8,23600,27.7541446685791,0.10486074537038803,1.3905651569366455,3.362419366836548,1.923382034784838e-06,1.923382034784838e-06,0.5,0.0,0.5,0.5,0.5,19282.77167415619
9,23620,20.49498176574707,0.03731778636574745,1.3388714790344238,3.3744893074035645,1.9173743314366635e-06,1.9173743314366635e-06,0.5,0.0,0.5,0.5,0.5,19309.982954740524
9,23640,29.019681930541992,0.12921243906021118,1.2781884670257568,3.3165533542633057,1.9113840165817702e-06,1.9113840165817702e-06,0.5,0.0,0.5,0.5,0.5,19325.452461004257
9,23660,27.765411376953125,0.11891067028045654,1.2550995349884033,3.323349952697754,1.90541111929452e-06,1.90541111929452e-06,0.5,0.0,0.5,0.5,0.5,19343.123664855957
9,23680,28.477783203125,0.11341658979654312,1.3702080249786377,3.4340436458587646,1.8994556685647345e-06,1.8994556685647345e-06,0.5,0.0,0.5,0.5,0.5,19358.55250453949
9,23700,29.743627548217773,0.13216936588287354,1.3220618963241577,3.3060715198516846,1.8935176932975585e-06,1.8935176932975585e-06,0.5,0.0,0.5,0.5,0.5,19374.04120540619
9,23720,23.666160583496094,0.06831519305706024,1.3407014608383179,3.4276270866394043,1.8875972223133194e-06,1.8875972223133194e-06,0.5,0.0,0.5,0.5,0.5,19390.255199193954
9,23740,27.316829681396484,0.11401043832302094,1.2532761096954346,3.383026123046875,1.8816942843473868e-06,1.8816942843473868e-06,0.5,0.0,0.5,0.5,0.5,19403.659075021744
9,23760,22.13577651977539,0.07251641899347305,1.1357619762420654,3.5265133380889893,1.8758089080500326e-06,1.8758089080500326e-06,0.5,0.0,0.5,0.5,0.5,19417.067662239075
9,23780,26.18567657470703,0.10300157219171524,1.2294553518295288,3.5909645557403564,1.8699411219862886e-06,1.8699411219862886e-06,0.5,0.0,0.5,0.5,0.5,19431.92847967148
9,23800,21.72428321838379,0.068150095641613,1.142914056777954,3.480132579803467,1.864090954635816e-06,1.864090954635816e-06,0.5,0.0,0.5,0.5,0.5,19447.557869434357
9,23820,24.74304962158203,0.08978210389614105,1.24657142162323,3.2991249561309814,1.8582584343927618e-06,1.8582584343927618e-06,0.5,0.0,0.5,0.5,0.5,19463.193536043167
9,23840,20.937427520751953,0.04726284742355347,1.286648154258728,3.344662666320801,1.852443589565619e-06,1.852443589565619e-06,0.5,0.0,0.5,0.5,0.5,19480.514941215515
9,23860,29.46260643005371,0.1358613818883896,1.2548072338104248,3.328395128250122,1.8466464483770918e-06,1.8466464483770918e-06,0.5,0.0,0.5,0.5,0.5,19496.121028661728
9,23880,21.123027801513672,0.05671621859073639,1.1945369243621826,3.5060372352600098,1.8408670389639628e-06,1.8408670389639628e-06,0.5,0.0,0.5,0.5,0.5,19511.29026699066
9,23900,20.980030059814453,0.04914066195487976,1.2695245742797852,3.370718240737915,1.8351053893769485e-06,1.8351053893769485e-06,0.5,0.0,0.5,0.5,0.5,19527.465342760086
9,23920,20.517311096191406,0.05114363133907318,1.2018002271652222,3.384943962097168,1.8293615275805709e-06,1.8293615275805709e-06,0.5,0.0,0.5,0.5,0.5,19542.553084611893
9,23940,24.863523483276367,0.07910600304603577,1.344004511833191,3.512878179550171,1.823635481453011e-06,1.823635481453011e-06,0.5,0.0,0.5,0.5,0.5,19557.59852361679
9,23960,39.023834228515625,0.22369855642318726,1.3229447603225708,3.4245283603668213,1.8179272787859875e-06,1.8179272787859875e-06,0.5,0.0,0.5,0.5,0.5,19572.649888038635
9,23980,23.7045841217041,0.07935716956853867,1.247348666191101,3.295379400253296,1.8122369472846116e-06,1.8122369472846116e-06,0.5,0.0,0.5,0.5,0.5,19589.087932109833
9,24000,31.32415771484375,0.15662169456481934,1.2362033128738403,3.2999556064605713,1.8065645145672578e-06,1.8065645145672578e-06,0.5,0.0,0.5,0.5,0.5,19604.14891409874
9,24020,24.55243682861328,0.07392466068267822,1.3683279752731323,3.476689338684082,1.8009100081654216e-06,1.8009100081654216e-06,0.5,0.0,0.5,0.5,0.5,19621.138127565384
9,24040,29.26803207397461,0.12498651444911957,1.3254871368408203,3.514509439468384,1.795273455523599e-06,1.795273455523599e-06,0.5,0.0,0.5,0.5,0.5,19636.342786073685
9,24060,27.52297592163086,0.12453876435756683,1.1845473051071167,3.2236244678497314,1.789654883999144e-06,1.789654883999144e-06,0.5,0.0,0.5,0.5,0.5,19651.79776573181
9,24080,37.43531036376953,0.2003869116306305,1.3947652578353882,3.4489688873291016,1.7840543208621378e-06,1.7840543208621378e-06,0.5,0.0,0.5,0.5,0.5,19669.102463245392
9,24100,17.94769859313965,0.026377664878964424,1.1950762271881104,3.3591701984405518,1.7784717932952558e-06,1.7784717932952558e-06,0.5,0.0,0.5,0.5,0.5,19683.66956305504
9,24120,23.523283004760742,0.07060100138187408,1.3084161281585693,3.3790199756622314,1.7729073283936386e-06,1.7729073283936386e-06,0.5,0.0,0.5,0.5,0.5,19698.112008094788
9,24140,26.850433349609375,0.11075184494256973,1.2439649105072021,3.3355982303619385,1.7673609531647574e-06,1.7673609531647574e-06,0.5,0.0,0.5,0.5,0.5,19715.32812166214
9,24160,20.152423858642578,0.03443347290158272,1.3061760663986206,3.64731502532959,1.7618326945282866e-06,1.7618326945282866e-06,0.5,0.0,0.5,0.5,0.5,19730.83374285698
9,24180,25.883174896240234,0.08729017525911331,1.341569423675537,3.738464832305908,1.7563225793159641e-06,1.7563225793159641e-06,0.5,0.0,0.5,0.5,0.5,19745.762026786804
9,24200,26.870967864990234,0.10948264598846436,1.259717583656311,3.3255274295806885,1.7508306342714743e-06,1.7508306342714743e-06,0.5,0.0,0.5,0.5,0.5,19762.15834546089
9,24220,24.886653900146484,0.08904007077217102,1.2648842334747314,3.3338053226470947,1.7453568860503078e-06,1.7453568860503078e-06,0.5,0.0,0.5,0.5,0.5,19777.96554017067
9,24240,25.97685432434082,0.10106237232685089,1.27301824092865,3.140434503555298,1.7399013612196403e-06,1.7399013612196403e-06,0.5,0.0,0.5,0.5,0.5,19793.660584688187
9,24260,25.78085708618164,0.0896804928779602,1.339830756187439,3.4145002365112305,1.7344640862581918e-06,1.7344640862581918e-06,0.5,0.0,0.5,0.5,0.5,19809.616585493088
9,24280,21.292930603027344,0.0465443916618824,1.324495553970337,3.3935353755950928,1.729045087556112e-06,1.729045087556112e-06,0.5,0.0,0.5,0.5,0.5,19823.42807984352
9,24300,25.710676193237305,0.09686076641082764,1.2445001602172852,3.579596996307373,1.723644391414843e-06,1.723644391414843e-06,0.5,0.0,0.5,0.5,0.5,19839.165095806122
9,24320,25.99168586730957,0.08784616738557816,1.3600151538848877,3.606919050216675,1.7182620240469949e-06,1.7182620240469949e-06,0.5,0.0,0.5,0.5,0.5,19856.116718530655
9,24340,22.26299476623535,0.05173264816403389,1.3680849075317383,3.4088809490203857,1.712898011576217e-06,1.712898011576217e-06,0.5,0.0,0.5,0.5,0.5,19872.258106946945
9,24360,27.726171493530273,0.12688779830932617,1.163708209991455,3.40030837059021,1.707552380037072e-06,1.707552380037072e-06,0.5,0.0,0.5,0.5,0.5,19888.344753742218
9,24380,24.05879020690918,0.0676490068435669,1.3779009580612183,3.514878988265991,1.702225155374911e-06,1.702225155374911e-06,0.5,0.0,0.5,0.5,0.5,19906.277688741684
9,24400,29.80470848083496,0.14164137840270996,1.2185639142990112,3.4549319744110107,1.6969163634457466e-06,1.6969163634457466e-06,0.5,0.0,0.5,0.5,0.5,19920.11050271988
9,24420,30.053123474121094,0.14970506727695465,1.184089183807373,3.2417259216308594,1.691626030016123e-06,1.691626030016123e-06,0.5,0.0,0.5,0.5,0.5,19935.061125278473
9,24440,18.6275577545166,0.02994374930858612,1.2021187543869019,3.6119954586029053,1.686354180763e-06,1.686354180763e-06,0.5,0.0,0.5,0.5,0.5,19952.65257716179
9,24460,22.700847625732422,0.06535087525844574,1.2733018398284912,3.432742118835449,1.6811008412736205e-06,1.6811008412736205e-06,0.5,0.0,0.5,0.5,0.5,19967.912229776382
9,24480,19.044174194335938,0.03495900705456734,1.1957154273986816,3.5911200046539307,1.6758660370453904e-06,1.6758660370453904e-06,0.5,0.0,0.5,0.5,0.5,19984.052004814148
9,24500,32.090301513671875,0.1451537311077118,1.4127287864685059,3.4476404190063477,1.6706497934857525e-06,1.6706497934857525e-06,0.5,0.0,0.5,0.5,0.5,20001.572618961334
9,24520,23.725698471069336,0.06467152386903763,1.399580717086792,3.2627384662628174,1.665452135912063e-06,1.665452135912063e-06,0.5,0.0,0.5,0.5,0.5,20017.47285413742
9,24540,32.29420852661133,0.14936117827892303,1.4064245223999023,3.293846607208252,1.660273089551473e-06,1.660273089551473e-06,0.5,0.0,0.5,0.5,0.5,20033.227837324142
9,24560,21.913969039916992,0.05988645926117897,1.260716199874878,3.3181610107421875,1.6551126795408015e-06,1.6551126795408015e-06,0.5,0.0,0.5,0.5,0.5,20047.819880962372
9,24580,29.83441162109375,0.1423901915550232,1.2103203535079956,3.4921884536743164,1.6499709309264155e-06,1.6499709309264155e-06,0.5,0.0,0.5,0.5,0.5,20061.897535085678
9,24600,21.240264892578125,0.0455254502594471,1.3122413158416748,3.565305233001709,1.644847868664105e-06,1.644847868664105e-06,0.5,0.0,0.5,0.5,0.5,20077.412074565887
9,24620,21.970705032348633,0.06451353430747986,1.218873381614685,3.330618143081665,1.639743517618968e-06,1.639743517618968e-06,0.5,0.0,0.5,0.5,0.5,20094.099183321
9,24640,20.93791961669922,0.03375188261270523,1.4142780303955078,3.419949531555176,1.6346579025652865e-06,1.6346579025652865e-06,0.5,0.0,0.5,0.5,0.5,20109.051469802856
9,24660,29.88068962097168,0.12859803438186646,1.3703498840332031,3.3173890113830566,1.6295910481864031e-06,1.6295910481864031e-06,0.5,0.0,0.5,0.5,0.5,20124.13494181633
9,24680,24.256746292114258,0.06909655034542084,1.385865569114685,3.4884350299835205,1.6245429790746058e-06,1.6245429790746058e-06,0.5,0.0,0.5,0.5,0.5,20140.750483989716
9,24700,29.9392147064209,0.13549064099788666,1.3181540966033936,3.2086081504821777,1.6195137197310077e-06,1.6195137197310077e-06,0.5,0.0,0.5,0.5,0.5,20156.18866300583
9,24720,25.9952449798584,0.08896876871585846,1.3767716884613037,3.3306498527526855,1.614503294565428e-06,1.614503294565428e-06,0.5,0.0,0.5,0.5,0.5,20171.24928331375
9,24740,23.016298294067383,0.0638652890920639,1.3056881427764893,3.5728893280029297,1.6095117278962732e-06,1.6095117278962732e-06,0.5,0.0,0.5,0.5,0.5,20186.573392629623
9,24760,22.132368087768555,0.05461740866303444,1.3340567350387573,3.3300588130950928,1.6045390439504158e-06,1.6045390439504158e-06,0.5,0.0,0.5,0.5,0.5,20202.454980373383
9,24780,33.163875579833984,0.172714501619339,1.2463500499725342,3.4289255142211914,1.5995852668630834e-06,1.5995852668630834e-06,0.5,0.0,0.5,0.5,0.5,20218.675676107407
9,24800,26.423635482788086,0.11167695373296738,1.1787019968032837,3.4689197540283203,1.5946504206777374e-06,1.5946504206777374e-06,0.5,0.0,0.5,0.5,0.5,20234.57799935341
9,24820,25.304643630981445,0.08721008896827698,1.3329721689224243,3.2539122104644775,1.589734529345956e-06,1.589734529345956e-06,0.5,0.0,0.5,0.5,0.5,20249.890280485153
9,24840,20.86567497253418,0.05402149260044098,1.2021524906158447,3.4420006275177,1.5848376167273173e-06,1.5848376167273173e-06,0.5,0.0,0.5,0.5,0.5,20266.696998357773
9,24860,20.908119201660156,0.052361324429512024,1.2218592166900635,3.4533958435058594,1.5799597065892883e-06,1.5799597065892883e-06,0.5,0.0,0.5,0.5,0.5,20282.37364768982
9,24880,18.932092666625977,0.04100204259157181,1.125896692276001,3.5729212760925293,1.5751008226071047e-06,1.5751008226071047e-06,0.5,0.0,0.5,0.5,0.5,20296.858471155167
9,24900,24.678577423095703,0.08198996633291245,1.3092058897018433,3.387521266937256,1.5702609883636587e-06,1.5702609883636587e-06,0.5,0.0,0.5,0.5,0.5,20313.395694732666
9,24920,23.187129974365234,0.06770670413970947,1.2975871562957764,3.4405879974365234,1.5654402273493808e-06,1.5654402273493808e-06,0.5,0.0,0.5,0.5,0.5,20329.279843568802
9,24940,25.171472549438477,0.09107217192649841,1.2431185245513916,3.6330692768096924,1.5606385629621302e-06,1.5606385629621302e-06,0.5,0.0,0.5,0.5,0.5,20345.0623190403
9,24960,28.7637882232666,0.12717628479003906,1.2790188789367676,3.2559726238250732,1.5558560185070813e-06,1.5558560185070813e-06,0.5,0.0,0.5,0.5,0.5,20362.423542261124
9,24980,19.94880485534668,0.04590107500553131,1.2047687768936157,3.3110110759735107,1.551092617196605e-06,1.551092617196605e-06,0.5,0.0,0.5,0.5,0.5,20378.017404079437
9,25000,23.675825119018555,0.0849243625998497,1.1674031019210815,3.509357452392578,1.5463483821501615e-06,1.5463483821501615e-06,0.5,0.0,0.5,0.5,0.5,20393.37432694435
9,25020,24.31830596923828,0.06694599986076355,1.4083499908447266,3.5402071475982666,1.5416233363941866e-06,1.5416233363941866e-06,0.5,0.0,0.5,0.5,0.5,20410.358115434647
9,25040,29.941410064697266,0.13293491303920746,1.3164148330688477,3.4837710857391357,1.5369175028619795e-06,1.5369175028619795e-06,0.5,0.0,0.5,0.5,0.5,20424.83363699913
9,25060,26.35456085205078,0.10387339442968369,1.2774418592453003,3.1928017139434814,1.5322309043935927e-06,1.5322309043935927e-06,0.5,0.0,0.5,0.5,0.5,20439.852607011795
9,25080,30.776973724365234,0.14964285492897034,1.2313146591186523,3.499542713165283,1.527563563735718e-06,1.527563563735718e-06,0.5,0.0,0.5,0.5,0.5,20456.54435658455
9,25100,26.48737335205078,0.097507543861866,1.3052600622177124,3.6840176582336426,1.5229155035415788e-06,1.5229155035415788e-06,0.5,0.0,0.5,0.5,0.5,20471.536467075348
9,25120,21.263986587524414,0.05136711895465851,1.282958984375,3.2976856231689453,1.5182867463708231e-06,1.5182867463708231e-06,0.5,0.0,0.5,0.5,0.5,20487.184230566025
9,25140,26.712614059448242,0.10811539739370346,1.238014817237854,3.5209250450134277,1.5136773146894036e-06,1.5136773146894036e-06,0.5,0.0,0.5,0.5,0.5,20503.890787124634
9,25160,28.278717041015625,0.119744673371315,1.277255892753601,3.531691312789917,1.5090872308694828e-06,1.5090872308694828e-06,0.5,0.0,0.5,0.5,0.5,20518.754800081253
9,25180,21.372045516967773,0.050100795924663544,1.2902579307556152,3.4593870639801025,1.5045165171893117e-06,1.5045165171893117e-06,0.5,0.0,0.5,0.5,0.5,20532.836090803146
9,25200,23.918928146362305,0.0635271966457367,1.4129509925842285,3.436699390411377,1.4999651958331296e-06,1.4999651958331296e-06,0.5,0.0,0.5,0.5,0.5,20548.85986971855
9,25220,22.226123809814453,0.07175200432538986,1.1614716053009033,3.4362072944641113,1.4954332888910557e-06,1.4954332888910557e-06,0.5,0.0,0.5,0.5,0.5,20564.049159526825
9,25240,20.87133026123047,0.04569440335035324,1.2962616682052612,3.33927321434021,1.4909208183589756e-06,1.4909208183589756e-06,0.5,0.0,0.5,0.5,0.5,20579.6578040123
9,25260,25.604591369628906,0.09827408194541931,1.2433652877807617,3.34352970123291,1.4864278061384424e-06,1.4864278061384424e-06,0.5,0.0,0.5,0.5,0.5,20596.378345251083
9,25280,22.856298446655273,0.08196517825126648,1.1491718292236328,3.1680614948272705,1.4819542740365676e-06,1.4819542740365676e-06,0.5,0.0,0.5,0.5,0.5,20611.38337278366
9,25300,25.812503814697266,0.09278853982686996,1.3120923042297363,3.412727117538452,1.477500243765911e-06,1.477500243765911e-06,0.5,0.0,0.5,0.5,0.5,20627.049043655396
9,25320,21.31856918334961,0.06361069530248642,1.1533094644546509,3.4244039058685303,1.4730657369443845e-06,1.4730657369443845e-06,0.5,0.0,0.5,0.5,0.5,20643.488149642944
9,25340,20.521018981933594,0.045555759221315384,1.2613160610198975,3.3522822856903076,1.4686507750951363e-06,1.4686507750951363e-06,0.5,0.0,0.5,0.5,0.5,20657.27272081375
9,25360,22.33056640625,0.06486308574676514,1.2231260538101196,3.6129963397979736,1.464255379646455e-06,1.464255379646455e-06,0.5,0.0,0.5,0.5,0.5,20671.724715709686
9,25380,29.745399475097656,0.1501041054725647,1.166845679283142,3.066533088684082,1.459879571931663e-06,1.459879571931663e-06,0.5,0.0,0.5,0.5,0.5,20688.25783109665
9,25400,36.1050910949707,0.19001023471355438,1.3740686178207397,3.363380193710327,1.4555233731890097e-06,1.4555233731890097e-06,0.5,0.0,0.5,0.5,0.5,20703.959369421005
9,25420,25.099842071533203,0.09462103992700577,1.2215447425842285,3.4222917556762695,1.4511868045615735e-06,1.4511868045615735e-06,0.5,0.0,0.5,0.5,0.5,20719.940887451172
9,25440,40.46443176269531,0.2328816056251526,1.3862152099609375,3.3141160011291504,1.4468698870971566e-06,1.4468698870971566e-06,0.5,0.0,0.5,0.5,0.5,20737.245582818985
9,25460,19.630802154541016,0.03612764924764633,1.2625157833099365,3.392879009246826,1.4425726417481805e-06,1.4425726417481805e-06,0.5,0.0,0.5,0.5,0.5,20752.768203020096
9,25480,24.270566940307617,0.08521580696105957,1.2194938659667969,3.5540478229522705,1.4382950893715914e-06,1.4382950893715914e-06,0.5,0.0,0.5,0.5,0.5,20767.640464305878
9,25500,25.693424224853516,0.08862291276454926,1.3494057655334473,3.337073564529419,1.43403725072875e-06,1.43403725072875e-06,0.5,0.0,0.5,0.5,0.5,20782.840406179428
9,25520,29.551122665405273,0.13244345784187317,1.307113528251648,3.2356410026550293,1.4297991464853382e-06,1.4297991464853382e-06,0.5,0.0,0.5,0.5,0.5,20797.160046339035
9,25540,34.106014251708984,0.17190095782279968,1.3454655408859253,3.461261510848999,1.425580797211254e-06,1.425580797211254e-06,0.5,0.0,0.5,0.5,0.5,20813.021266222
9,25560,29.343305587768555,0.1303168684244156,1.3024178743362427,3.2874395847320557,1.4213822233805154e-06,1.4213822233805154e-06,0.5,0.0,0.5,0.5,0.5,20829.819952249527
9,25580,27.22237777709961,0.11093682050704956,1.2589221000671387,3.5394749641418457,1.4172034453711568e-06,1.4172034453711568e-06,0.5,0.0,0.5,0.5,0.5,20846.298051595688
9,25600,23.926395416259766,0.08700628578662872,1.2066580057144165,3.159186363220215,1.4130444834651341e-06,1.4130444834651341e-06,0.5,0.0,0.5,0.5,0.5,20862.54843688011
9,25620,21.232383728027344,0.053250838071107864,1.2664991617202759,3.2423095703125,1.408905357848223e-06,1.408905357848223e-06,0.5,0.0,0.5,0.5,0.5,20880.37625312805
9,25640,20.183914184570312,0.05446377024054527,1.137809157371521,3.359445333480835,1.404786088609924e-06,1.404786088609924e-06,0.5,0.0,0.5,0.5,0.5,20895.283274650574
9,25660,24.34530258178711,0.08101256191730499,1.2692818641662598,3.55122709274292,1.4006866957433624e-06,1.4006866957433624e-06,0.5,0.0,0.5,0.5,0.5,20909.55653643608
9,25680,21.560762405395508,0.06156161427497864,1.2118499279022217,3.286100149154663,1.396607199145193e-06,1.396607199145193e-06,0.5,0.0,0.5,0.5,0.5,20926.76931333542
9,25700,27.10409164428711,0.12008977681398392,1.1787422895431519,3.3076889514923096,1.3925476186155022e-06,1.3925476186155022e-06,0.5,0.0,0.5,0.5,0.5,20942.81259727478
9,25720,25.472503662109375,0.10006070137023926,1.2055914402008057,3.410519599914551,1.3885079738577142e-06,1.3885079738577142e-06,0.5,0.0,0.5,0.5,0.5,20958.93493747711
9,25740,21.585742950439453,0.05200741067528725,1.2772541046142578,3.6124613285064697,1.384488284478491e-06,1.384488284478491e-06,0.5,0.0,0.5,0.5,0.5,20976.46958374977
9,25760,27.583457946777344,0.11131034791469574,1.313946008682251,3.3129637241363525,1.3804885699876428e-06,1.3804885699876428e-06,0.5,0.0,0.5,0.5,0.5,20992.253504276276
9,25780,21.564424514770508,0.055450208485126495,1.2637875080108643,3.381528854370117,1.3765088497980275e-06,1.3765088497980275e-06,0.5,0.0,0.5,0.5,0.5,21008.27917766571
9,25800,19.459320068359375,0.0314614474773407,1.2756248712539673,3.556926965713501,1.3725491432254622e-06,1.3725491432254622e-06,0.5,0.0,0.5,0.5,0.5,21024.21655702591
9,25820,26.259326934814453,0.11842483282089233,1.0897961854934692,3.5188827514648438,1.368609469488624e-06,1.368609469488624e-06,0.5,0.0,0.5,0.5,0.5,21038.33101439476
9,25840,22.718772888183594,0.08056376129388809,1.1251327991485596,3.4110684394836426,1.3646898477089623e-06,1.3646898477089623e-06,0.5,0.0,0.5,0.5,0.5,21054.53088760376
9,25860,21.379751205444336,0.05710623413324356,1.2233619689941406,3.4355080127716064,1.3607902969106012e-06,1.3607902969106012e-06,0.5,0.0,0.5,0.5,0.5,21072.219277620316
9,25880,24.140846252441406,0.08196559548377991,1.2394952774047852,3.549333095550537,1.3569108360202496e-06,1.3569108360202496e-06,0.5,0.0,0.5,0.5,0.5,21088.778154611588
9,25900,29.99575424194336,0.14440187811851501,1.2140916585922241,3.414649724960327,1.3530514838671086e-06,1.3530514838671086e-06,0.5,0.0,0.5,0.5,0.5,21105.107976913452
9,25920,36.642948150634766,0.20094293355941772,1.3312175273895264,3.2364752292633057,1.349212259182781e-06,1.349212259182781e-06,0.5,0.0,0.5,0.5,0.5,21122.889749765396
9,25940,21.134990692138672,0.03736487030982971,1.4168176651000977,3.230328321456909,1.345393180601178e-06,1.345393180601178e-06,0.5,0.0,0.5,0.5,0.5,21137.034633159637
9,25960,23.728904724121094,0.08827859163284302,1.1411031484603882,3.49001407623291,1.3415942666584328e-06,1.3415942666584328e-06,0.5,0.0,0.5,0.5,0.5,21151.953986406326
9,25980,33.40679931640625,0.16626432538032532,1.3284192085266113,3.4961724281311035,1.3378155357928055e-06,1.3378155357928055e-06,0.5,0.0,0.5,0.5,0.5,21169.488123178482
9,26000,23.797334671020508,0.08419227600097656,1.211426019668579,3.2638471126556396,1.3340570063445992e-06,1.3340570063445992e-06,0.5,0.0,0.5,0.5,0.5,21185.762135744095
9,26020,25.730945587158203,0.11055534332990646,1.128400206565857,3.391408920288086,1.3303186965560666e-06,1.3303186965560666e-06,0.5,0.0,0.5,0.5,0.5,21201.43167591095
9,26040,26.18062973022461,0.0976208746433258,1.283348798751831,3.5850517749786377,1.3266006245713244e-06,1.3266006245713244e-06,0.5,0.0,0.5,0.5,0.5,21219.277488708496
9,26060,21.038122177124023,0.05710805207490921,1.1908924579620361,3.4183928966522217,1.322902808436261e-06,1.322902808436261e-06,0.5,0.0,0.5,0.5,0.5,21235.46152615547
9,26080,22.2695369720459,0.06604988873004913,1.2468845844268799,3.195704221725464,1.319225266098456e-06,1.319225266098456e-06,0.5,0.0,0.5,0.5,0.5,21251.07745409012
9,26100,20.001976013183594,0.03996432572603226,1.2741230726242065,3.264312744140625,1.3155680154070841e-06,1.3155680154070841e-06,0.5,0.0,0.5,0.5,0.5,21266.618146896362
9,26120,25.40330696105957,0.09048035740852356,1.3167510032653809,3.187761068344116,1.3119310741128364e-06,1.3119310741128364e-06,0.5,0.0,0.5,0.5,0.5,21281.720614671707
9,26140,25.95806121826172,0.10140901803970337,1.2418869733810425,3.3982884883880615,1.3083144598678321e-06,1.3083144598678321e-06,0.5,0.0,0.5,0.5,0.5,21297.704479455948
9,26160,26.56456184387207,0.11010529100894928,1.209118366241455,3.4628493785858154,1.3047181902255281e-06,1.3047181902255281e-06,0.5,0.0,0.5,0.5,0.5,21314.497423410416
9,26180,25.85086441040039,0.11086998879909515,1.1374034881591797,3.38983154296875,1.30114228264064e-06,1.30114228264064e-06,0.5,0.0,0.5,0.5,0.5,21329.179785966873
9,26200,28.4107608795166,0.11640496551990509,1.3200453519821167,3.569810390472412,1.2975867544690556e-06,1.2975867544690556e-06,0.5,0.0,0.5,0.5,0.5,21343.353197336197
9,26220,22.343935012817383,0.0644870400428772,1.2562386989593506,3.3328444957733154,1.294051622967747e-06,1.294051622967747e-06,0.5,0.0,0.5,0.5,0.5,21359.017859697342
9,26240,19.080989837646484,0.010713807307183743,1.4651708602905273,3.3579001426696777,1.2905369052946935e-06,1.2905369052946935e-06,0.5,0.0,0.5,0.5,0.5,21373.890530109406
9,26260,19.771982192993164,0.033881645649671555,1.285498857498169,3.528829336166382,1.2870426185087914e-06,1.2870426185087914e-06,0.5,0.0,0.5,0.5,0.5,21388.141642808914
9,26280,21.984363555908203,0.06033693999052048,1.2320646047592163,3.6300241947174072,1.283568779569776e-06,1.283568779569776e-06,0.5,0.0,0.5,0.5,0.5,21403.406834840775
9,26300,27.34033203125,0.11445501446723938,1.2520928382873535,3.373901128768921,1.2801154053381386e-06,1.2801154053381386e-06,0.5,0.0,0.5,0.5,0.5,21418.572848320007
9,26320,23.0660457611084,0.060613781213760376,1.3412784337997437,3.5918819904327393,1.276682512575041e-06,1.276682512575041e-06,0.5,0.0,0.5,0.5,0.5,21434.345270633698
9,26340,32.571346282958984,0.17241527140140533,1.1929657459259033,3.400160789489746,1.2732701179422397e-06,1.2732701179422397e-06,0.5,0.0,0.5,0.5,0.5,21451.88185453415
9,26360,22.70805549621582,0.07417108118534088,1.1995387077331543,3.2955615520477295,1.2698782380020015e-06,1.2698782380020015e-06,0.5,0.0,0.5,0.5,0.5,21467.62265110016
9,26380,20.710590362548828,0.04981239512562752,1.2533581256866455,3.195770025253296,1.2665068892170227e-06,1.2665068892170227e-06,0.5,0.0,0.5,0.5,0.5,21483.410306215286
9,26400,25.02355194091797,0.08873306214809418,1.2801413536071777,3.348832130432129,1.2631560879503522e-06,1.2631560879503522e-06,0.5,0.0,0.5,0.5,0.5,21500.36620759964
9,26420,31.145401000976562,0.16356632113456726,1.1495692729949951,3.2930753231048584,1.2598258504653082e-06,1.2598258504653082e-06,0.5,0.0,0.5,0.5,0.5,21514.932854890823
9,26440,24.100910186767578,0.08132676780223846,1.2582027912139893,3.3862061500549316,1.2565161929254028e-06,1.2565161929254028e-06,0.5,0.0,0.5,0.5,0.5,21529.073003530502
9,26460,30.185216903686523,0.13428714871406555,1.3358252048492432,3.398250102996826,1.2532271313942635e-06,1.2532271313942635e-06,0.5,0.0,0.5,0.5,0.5,21546.557602882385
9,26480,30.41551971435547,0.13265521824359894,1.3765349388122559,3.3846473693847656,1.2499586818355493e-06,1.2499586818355493e-06,0.5,0.0,0.5,0.5,0.5,21561.76584005356
9,26500,25.995424270629883,0.11187656223773956,1.1727237701416016,3.0805304050445557,1.246710860112882e-06,1.246710860112882e-06,0.5,0.0,0.5,0.5,0.5,21577.464513778687
9,26520,18.042383193969727,0.025552062317728996,1.1936113834381104,3.551062822341919,1.2434836819897635e-06,1.2434836819897635e-06,0.5,0.0,0.5,0.5,0.5,21594.044795274734
9,26540,27.589792251586914,0.11307187378406525,1.2767434120178223,3.5151705741882324,1.2402771631295004e-06,1.2402771631295004e-06,0.5,0.0,0.5,0.5,0.5,21608.850543498993
9,26560,29.50418472290039,0.12588143348693848,1.3714027404785156,3.2020158767700195,1.2370913190951287e-06,1.2370913190951287e-06,0.5,0.0,0.5,0.5,0.5,21624.885568380356
10,26580,25.506954193115234,0.09484889358282089,1.2445106506347656,3.576958656311035,1.2339261653493368e-06,1.2339261653493368e-06,0.5,0.0,0.5,0.5,0.5,21653.09095931053
10,26600,26.288972854614258,0.10404004156589508,1.2814085483551025,3.0708835124969482,1.2307817172543928e-06,1.2307817172543928e-06,0.5,0.0,0.5,0.5,0.5,21669.056086063385
10,26620,42.11330795288086,0.25277525186538696,1.3040311336517334,3.7954728603363037,1.2276579900720696e-06,1.2276579900720696e-06,0.5,0.0,0.5,0.5,0.5,21683.871717453003
10,26640,22.128192901611328,0.07173196971416473,1.176448941230774,3.190506935119629,1.2245549989635668e-06,1.2245549989635668e-06,0.5,0.0,0.5,0.5,0.5,21700.055032491684
10,26660,30.339242935180664,0.14461781084537506,1.2298088073730469,3.579373836517334,1.2214727589894424e-06,1.2214727589894424e-06,0.5,0.0,0.5,0.5,0.5,21717.787847995758
10,26680,23.761310577392578,0.07423274964094162,1.2787439823150635,3.550595760345459,1.2184112851095373e-06,1.2184112851095373e-06,0.5,0.0,0.5,0.5,0.5,21732.775844573975
10,26700,21.897062301635742,0.06719572097063065,1.193353533744812,3.24395489692688,1.2153705921829033e-06,1.2153705921829033e-06,0.5,0.0,0.5,0.5,0.5,21747.15208530426
10,26720,30.204788208007812,0.13622871041297913,1.3231747150421143,3.3501694202423096,1.2123506949677297e-06,1.2123506949677297e-06,0.5,0.0,0.5,0.5,0.5,21762.146099090576
10,26740,26.954402923583984,0.11408521234989166,1.2335704565048218,3.2101755142211914,1.2093516081212708e-06,1.2093516081212708e-06,0.5,0.0,0.5,0.5,0.5,21777.69617652893
10,26760,20.057231903076172,0.046400848776102066,1.1916664838790894,3.5004830360412598,1.2063733461997804e-06,1.2063733461997804e-06,0.5,0.0,0.5,0.5,0.5,21793.39848423004
10,26780,25.921398162841797,0.10068334639072418,1.2455461025238037,3.397601842880249,1.203415923658435e-06,1.203415923658435e-06,0.5,0.0,0.5,0.5,0.5,21810.4048807621
10,26800,18.551496505737305,0.03198203071951866,1.2057838439941406,3.2954554557800293,1.2004793548512656e-06,1.2004793548512656e-06,0.5,0.0,0.5,0.5,0.5,21825.34752011299
10,26820,20.379335403442383,0.04478415846824646,1.2710005044937134,3.1909139156341553,1.1975636540310891e-06,1.1975636540310891e-06,0.5,0.0,0.5,0.5,0.5,21840.299888134003
10,26840,21.297468185424805,0.040434516966342926,1.3710474967956543,3.543541193008423,1.1946688353494385e-06,1.1946688353494385e-06,0.5,0.0,0.5,0.5,0.5,21858.16511631012
10,26860,22.860401153564453,0.05847260355949402,1.3622870445251465,3.390270233154297,1.1917949128564942e-06,1.1917949128564942e-06,0.5,0.0,0.5,0.5,0.5,21873.20848107338
10,26880,18.411344528198242,0.04631933942437172,1.0225770473480225,3.5536394119262695,1.1889419005010144e-06,1.1889419005010144e-06,0.5,0.0,0.5,0.5,0.5,21887.67071890831
10,26900,34.56760025024414,0.1877620816230774,1.215378999710083,3.637600898742676,1.186109812130269e-06,1.186109812130269e-06,0.5,0.0,0.5,0.5,0.5,21904.10288453102
10,26920,18.924152374267578,0.026486821472644806,1.2793854475021362,3.481614589691162,1.1832986614899724e-06,1.1832986614899724e-06,0.5,0.0,0.5,0.5,0.5,21919.58816742897
10,26940,26.181764602661133,0.1018332690000534,1.2310259342193604,3.6881797313690186,1.1805084622242183e-06,1.1805084622242183e-06,0.5,0.0,0.5,0.5,0.5,21936.072006225586
10,26960,19.124483108520508,0.03729977831244469,1.2046763896942139,3.34774112701416,1.1777392278754086e-06,1.1777392278754086e-06,0.5,0.0,0.5,0.5,0.5,21953.591283082962
10,26980,21.569576263427734,0.057058751583099365,1.2772964239120483,3.0907373428344727,1.1749909718841914e-06,1.1749909718841914e-06,0.5,0.0,0.5,0.5,0.5,21969.19669342041
10,27000,26.10566520690918,0.09340979158878326,1.3503990173339844,3.260695219039917,1.172263707589397e-06,1.172263707589397e-06,0.5,0.0,0.5,0.5,0.5,21984.59228157997
10,27020,26.933202743530273,0.10537703335285187,1.3156206607818604,3.2392935752868652,1.1695574482279692e-06,1.1695574482279692e-06,0.5,0.0,0.5,0.5,0.5,22000.917084932327
10,27040,18.72219467163086,0.031576093286275864,1.2299162149429321,3.265422821044922,1.166872206934904e-06,1.166872206934904e-06,0.5,0.0,0.5,0.5,0.5,22015.6646296978
10,27060,18.913578033447266,0.024389047175645828,1.2950736284255981,3.523937463760376,1.1642079967431833e-06,1.1642079967431833e-06,0.5,0.0,0.5,0.5,0.5,22031.606709718704
10,27080,20.080787658691406,0.03981449455022812,1.2562148571014404,3.537189245223999,1.1615648305837153e-06,1.1615648305837153e-06,0.5,0.0,0.5,0.5,0.5,22048.474509477615
10,27100,25.154478073120117,0.10336894541978836,1.1492788791656494,3.324794054031372,1.1589427212852698e-06,1.1589427212852698e-06,0.5,0.0,0.5,0.5,0.5,22063.80678677559
10,27120,25.388734817504883,0.10204607248306274,1.2044754028320312,3.139374017715454,1.156341681574415e-06,1.156341681574415e-06,0.5,0.0,0.5,0.5,0.5,22079.083600759506
10,27140,27.28275489807129,0.11232739686965942,1.291207194328308,3.1379432678222656,1.1537617240754545e-06,1.1537617240754545e-06,0.5,0.0,0.5,0.5,0.5,22095.460711717606
10,27160,28.332250595092773,0.12328772991895676,1.2889230251312256,3.1142475605010986,1.1512028613103726e-06,1.1512028613103726e-06,0.5,0.0,0.5,0.5,0.5,22110.594647169113
10,27180,21.128456115722656,0.04243076220154762,1.3328913450241089,3.5564656257629395,1.1486651056987654e-06,1.1486651056987654e-06,0.5,0.0,0.5,0.5,0.5,22125.133815288544
10,27200,27.451229095458984,0.11594335734844208,1.2704012393951416,3.1528806686401367,1.146148469557786e-06,1.146148469557786e-06,0.5,0.0,0.5,0.5,0.5,22140.3700466156
10,27220,23.01480484008789,0.08188311010599136,1.1422092914581299,3.404402732849121,1.1436529651020813e-06,1.1436529651020813e-06,0.5,0.0,0.5,0.5,0.5,22156.149831533432
10,27240,30.43202781677246,0.14608758687973022,1.2414863109588623,3.40840482711792,1.141178604443735e-06,1.141178604443735e-06,0.5,0.0,0.5,0.5,0.5,22171.841159582138
10,27260,21.584842681884766,0.05257151275873184,1.297173261642456,3.3559582233428955,1.138725399592209e-06,1.138725399592209e-06,0.5,0.0,0.5,0.5,0.5,22189.26555299759
10,27280,31.69709014892578,0.1539526879787445,1.3058770895004272,3.2430496215820312,1.1362933624542836e-06,1.1362933624542836e-06,0.5,0.0,0.5,0.5,0.5,22204.187022447586
10,27300,23.803844451904297,0.0743824690580368,1.2931158542633057,3.434441566467285,1.133882504833999e-06,1.133882504833999e-06,0.5,0.0,0.5,0.5,0.5,22219.14833164215
10,27320,19.371850967407227,0.03875047340989113,1.2314074039459229,3.1827292442321777,1.1314928384326015e-06,1.1314928384326015e-06,0.5,0.0,0.5,0.5,0.5,22235.99137854576
10,27340,25.502700805664062,0.08926934003829956,1.31119704246521,3.4637937545776367,1.1291243748484827e-06,1.1291243748484827e-06,0.5,0.0,0.5,0.5,0.5,22250.278353214264
10,27360,32.50567626953125,0.1597929447889328,1.3163471221923828,3.3629109859466553,1.1267771255771275e-06,1.1267771255771275e-06,0.5,0.0,0.5,0.5,0.5,22264.648943424225
10,27380,23.82037925720215,0.06004636734724045,1.4425534009933472,3.3902077674865723,1.1244511020110515e-06,1.1244511020110515e-06,0.5,0.0,0.5,0.5,0.5,22282.65999865532
10,27400,18.836782455444336,0.024531662464141846,1.3084162473678589,3.299453020095825,1.1221463154397539e-06,1.1221463154397539e-06,0.5,0.0,0.5,0.5,0.5,22299.40477848053
10,27420,24.80742835998535,0.09979286789894104,1.1469364166259766,3.358778476715088,1.1198627770496576e-06,1.1198627770496576e-06,0.5,0.0,0.5,0.5,0.5,22315.56175017357
10,27440,26.766918182373047,0.11233116686344147,1.2130823135375977,3.4029765129089355,1.1176004979240572e-06,1.1176004979240572e-06,0.5,0.0,0.5,0.5,0.5,22333.329973220825
10,27460,26.570398330688477,0.11123336851596832,1.206078290939331,3.386277437210083,1.115359489043061e-06,1.115359489043061e-06,0.5,0.0,0.5,0.5,0.5,22349.097571849823
10,27480,19.190574645996094,0.026779212057590485,1.300960659980774,3.5030462741851807,1.1131397612835442e-06,1.1131397612835442e-06,0.5,0.0,0.5,0.5,0.5,22363.184928894043
10,27500,29.180408477783203,0.14189162850379944,1.1703054904937744,3.288191795349121,1.1109413254190913e-06,1.1109413254190913e-06,0.5,0.0,0.5,0.5,0.5,22379.184465169907
10,27520,23.093433380126953,0.05620677024126053,1.407820463180542,3.3945493698120117,1.1087641921199462e-06,1.1087641921199462e-06,0.5,0.0,0.5,0.5,0.5,22395.136815071106
10,27540,22.089139938354492,0.04881066456437111,1.3666270971298218,3.5418028831481934,1.1066083719529583e-06,1.1066083719529583e-06,0.5,0.0,0.5,0.5,0.5,22410.920338392258
10,27560,22.698259353637695,0.06748539209365845,1.2570362091064453,3.379359006881714,1.1044738753815322e-06,1.1044738753815322e-06,0.5,0.0,0.5,0.5,0.5,22428.262054920197
10,27580,26.318553924560547,0.10343208909034729,1.2461450099945068,3.513892412185669,1.1023607127655783e-06,1.1023607127655783e-06,0.5,0.0,0.5,0.5,0.5,22444.465945243835
10,27600,25.286518096923828,0.09572745114564896,1.2491428852081299,3.222344398498535,1.1002688943614617e-06,1.1002688943614617e-06,0.5,0.0,0.5,0.5,0.5,22460.462639808655
10,27620,19.7343692779541,0.04367297515273094,1.192911148071289,3.4379591941833496,1.0981984303219504e-06,1.0981984303219504e-06,0.5,0.0,0.5,0.5,0.5,22478.47828245163
10,27640,16.347909927368164,0.013957547023892403,1.164455771446228,3.3075971603393555,1.0961493306961685e-06,1.0961493306961685e-06,0.5,0.0,0.5,0.5,0.5,22492.871643304825
10,27660,30.6102294921875,0.13918527960777283,1.3568047285079956,3.1236531734466553,1.0941216054295469e-06,1.0941216054295469e-06,0.5,0.0,0.5,0.5,0.5,22507.249304056168
10,27680,23.774539947509766,0.0943719744682312,1.0898350477218628,3.438990831375122,1.0921152643637748e-06,1.0921152643637748e-06,0.5,0.0,0.5,0.5,0.5,22524.32479596138
10,27700,20.941627502441406,0.056672364473342896,1.1763489246368408,3.51090145111084,1.0901303172367513e-06,1.0901303172367513e-06,0.5,0.0,0.5,0.5,0.5,22540.33350968361
10,27720,17.73983383178711,0.022726692259311676,1.2040300369262695,3.426863670349121,1.0881667736825384e-06,1.0881667736825384e-06,0.5,0.0,0.5,0.5,0.5,22555.671526432037
10,27740,24.592056274414062,0.07830218225717545,1.3462860584259033,3.298977851867676,1.0862246432313158e-06,1.0862246432313158e-06,0.5,0.0,0.5,0.5,0.5,22572.80047273636
10,27760,24.954429626464844,0.08635580539703369,1.3138121366500854,3.1807289123535156,1.0843039353093321e-06,1.0843039353093321e-06,0.5,0.0,0.5,0.5,0.5,22590.003794431686
10,27780,19.698951721191406,0.033392056822776794,1.3011044263839722,3.3487017154693604,1.0824046592388615e-06,1.0824046592388615e-06,0.5,0.0,0.5,0.5,0.5,22605.18891620636
10,27800,23.785917282104492,0.08532336354255676,1.1909890174865723,3.343691349029541,1.0805268242381566e-06,1.0805268242381566e-06,0.5,0.0,0.5,0.5,0.5,22620.83532810211
10,27820,20.47892189025879,0.05110213905572891,1.231063723564148,3.0580711364746094,1.0786704394214041e-06,1.0786704394214041e-06,0.5,0.0,0.5,0.5,0.5,22636.72631430626
10,27840,25.132402420043945,0.09835884720087051,1.1755316257476807,3.5411999225616455,1.0768355137986828e-06,1.0768355137986828e-06,0.5,0.0,0.5,0.5,0.5,22652.882591724396
10,27860,31.060890197753906,0.15431243181228638,1.2336255311965942,3.2933921813964844,1.075022056275916e-06,1.075022056275916e-06,0.5,0.0,0.5,0.5,0.5,22669.724967718124
10,27880,18.35489273071289,0.03421058505773544,1.1705212593078613,3.2286221981048584,1.0732300756548305e-06,1.0732300756548305e-06,0.5,0.0,0.5,0.5,0.5,22685.186060667038
10,27900,28.71417999267578,0.1320672333240509,1.2133278846740723,3.3741772174835205,1.0714595806329144e-06,1.0714595806329144e-06,0.5,0.0,0.5,0.5,0.5,22700.121485233307
10,27920,19.09331703186035,0.038455136120319366,1.1966984272003174,3.280820608139038,1.0697105798033737e-06,1.0697105798033737e-06,0.5,0.0,0.5,0.5,0.5,22716.01086330414
10,27940,17.16948127746582,0.016286250203847885,1.2145464420318604,3.3953921794891357,1.0679830816550918e-06,1.0679830816550918e-06,0.5,0.0,0.5,0.5,0.5,22730.826712846756
10,27960,19.943920135498047,0.036625251173973083,1.2757138013839722,3.5242574214935303,1.0662770945725858e-06,1.0662770945725858e-06,0.5,0.0,0.5,0.5,0.5,22745.01719546318
10,27980,32.10192108154297,0.15919135510921478,1.290336012840271,3.2794268131256104,1.0645926268359697e-06,1.0645926268359697e-06,0.5,0.0,0.5,0.5,0.5,22762.01446032524
10,28000,23.262435913085938,0.07559364289045334,1.2468620538711548,3.234450578689575,1.0629296866209104e-06,1.0629296866209104e-06,0.5,0.0,0.5,0.5,0.5,22777.628479719162
10,28020,22.868825912475586,0.07279252260923386,1.2188880443572998,3.4006946086883545,1.0612882819985896e-06,1.0612882819985896e-06,0.5,0.0,0.5,0.5,0.5,22792.76473402977
10,28040,33.42934799194336,0.16244879364967346,1.370976448059082,3.474705934524536,1.0596684209356665e-06,1.0596684209356665e-06,0.5,0.0,0.5,0.5,0.5,22810.133477926254
10,28060,20.988689422607422,0.05699855461716652,1.2058813571929932,3.230020046234131,1.0580701112942347e-06,1.0580701112942347e-06,0.5,0.0,0.5,0.5,0.5,22825.388588428497
10,28080,27.48821258544922,0.1136426031589508,1.285241961479187,3.271531105041504,1.0564933608317883e-06,1.0564933608317883e-06,0.5,0.0,0.5,0.5,0.5,22840.582468509674
10,28100,24.998092651367188,0.09373907744884491,1.2336606979370117,3.287578821182251,1.0549381772011834e-06,1.0549381772011834e-06,0.5,0.0,0.5,0.5,0.5,22856.7525472641
10,28120,27.050134658813477,0.10061752796173096,1.3954519033432007,3.033863067626953,1.0534045679505979e-06,1.0534045679505979e-06,0.5,0.0,0.5,0.5,0.5,22870.80124759674
10,28140,20.504512786865234,0.04876020923256874,1.2238831520080566,3.389660358428955,1.0518925405234988e-06,1.0518925405234988e-06,0.5,0.0,0.5,0.5,0.5,22887.250608444214
10,28160,22.203201293945312,0.06268738955259323,1.264397144317627,3.2904906272888184,1.0504021022586035e-06,1.0504021022586035e-06,0.5,0.0,0.5,0.5,0.5,22902.777080774307
10,28180,21.07582664489746,0.04067589342594147,1.3449952602386475,3.5582854747772217,1.0489332603898469e-06,1.0489332603898469e-06,0.5,0.0,0.5,0.5,0.5,22918.985401153564
10,28200,20.78817367553711,0.06567705422639847,1.1041252613067627,3.179215908050537,1.047486022046341e-06,1.047486022046341e-06,0.5,0.0,0.5,0.5,0.5,22935.244517326355
10,28220,20.486217498779297,0.054985661059617996,1.1831159591674805,3.1564924716949463,1.0460603942523467e-06,1.0460603942523467e-06,0.5,0.0,0.5,0.5,0.5,22952.71831560135
10,28240,20.607994079589844,0.05524870753288269,1.1773834228515625,3.3092877864837646,1.0446563839272362e-06,1.0446563839272362e-06,0.5,0.0,0.5,0.5,0.5,22967.838092565536
10,28260,30.92633819580078,0.14919082820415497,1.2681504487991333,3.325752019882202,1.0432739978854593e-06,1.0432739978854593e-06,0.5,0.0,0.5,0.5,0.5,22981.289454698563
10,28280,21.395427703857422,0.06090085580945015,1.188854455947876,3.4167985916137695,1.0419132428365116e-06,1.0419132428365116e-06,0.5,0.0,0.5,0.5,0.5,22998.22278356552
10,28300,30.94361686706543,0.1620626151561737,1.1300570964813232,3.436784029006958,1.0405741253849012e-06,1.0405741253849012e-06,0.5,0.0,0.5,0.5,0.5,23014.19845032692
10,28320,24.77244758605957,0.0995425134897232,1.1413153409957886,3.4050424098968506,1.039256652030116e-06,1.039256652030116e-06,0.5,0.0,0.5,0.5,0.5,23030.35247182846
10,28340,19.52793312072754,0.03780075162649155,1.2299302816390991,3.4485549926757812,1.0379608291665952e-06,1.0379608291665952e-06,0.5,0.0,0.5,0.5,0.5,23048.117665052414
10,28360,26.06954002380371,0.09337147325277328,1.3397482633590698,3.334908962249756,1.0366866630836928e-06,1.0366866630836928e-06,0.5,0.0,0.5,0.5,0.5,23064.282994508743
10,28380,25.304845809936523,0.08130689710378647,1.384779691696167,3.3263585567474365,1.0354341599656527e-06,1.0354341599656527e-06,0.5,0.0,0.5,0.5,0.5,23080.232036828995
10,28400,26.990955352783203,0.10271810740232468,1.3317925930023193,3.4012179374694824,1.0342033258915757e-06,1.0342033258915757e-06,0.5,0.0,0.5,0.5,0.5,23096.146169900894
10,28420,31.66616439819336,0.16463056206703186,1.176231861114502,3.440788984298706,1.0329941668353906e-06,1.0329941668353906e-06,0.5,0.0,0.5,0.5,0.5,23110.32731461525
10,28440,26.093971252441406,0.1028597354888916,1.246504783630371,3.3429481983184814,1.0318066886658248e-06,1.0318066886658248e-06,0.5,0.0,0.5,0.5,0.5,23126.235189437866
10,28460,19.74634552001953,0.04093968868255615,1.2228230237960815,3.4241461753845215,1.0306408971463757e-06,1.0306408971463757e-06,0.5,0.0,0.5,0.5,0.5,23144.108202695847
10,28480,26.114877700805664,0.11137354373931885,1.179891586303711,3.1786081790924072,1.029496797935285e-06,1.029496797935285e-06,0.5,0.0,0.5,0.5,0.5,23160.29798722267
10,28500,21.92253875732422,0.06171296536922455,1.2373303174972534,3.377938747406006,1.0283743965855071e-06,1.0283743965855071e-06,0.5,0.0,0.5,0.5,0.5,23175.983750343323
10,28520,30.025556564331055,0.13599327206611633,1.3131780624389648,3.2944486141204834,1.0272736985446873e-06,1.0272736985446873e-06,0.5,0.0,0.5,0.5,0.5,23194.669843673706
10,28540,32.12571334838867,0.1572517454624176,1.3145716190338135,3.2548224925994873,1.02619470915513e-06,1.02619470915513e-06,0.5,0.0,0.5,0.5,0.5,23209.038623809814
10,28560,25.51190757751465,0.09229249507188797,1.2634832859039307,3.6478254795074463,1.0251374336537763e-06,1.0251374336537763e-06,0.5,0.0,0.5,0.5,0.5,23223.755617141724
10,28580,27.654817581176758,0.12880879640579224,1.1520992517471313,3.2529470920562744,1.0241018771721783e-06,1.0241018771721783e-06,0.5,0.0,0.5,0.5,0.5,23240.86701154709
10,28600,24.391571044921875,0.08989115059375763,1.2041833400726318,3.360623359680176,1.0230880447364717e-06,1.0230880447364717e-06,0.5,0.0,0.5,0.5,0.5,23257.30851984024
10,28620,22.900299072265625,0.08185194432735443,1.1309734582901,3.4053711891174316,1.022095941267356e-06,1.022095941267356e-06,0.5,0.0,0.5,0.5,0.5,23273.416693925858
10,28640,26.339967727661133,0.09162214398384094,1.36647367477417,3.513016939163208,1.0211255715800649e-06,1.0211255715800649e-06,0.5,0.0,0.5,0.5,0.5,23289.033556461334
10,28660,18.80666160583496,0.02666381746530533,1.30133056640625,3.1269736289978027,1.0201769403843473e-06,1.0201769403843473e-06,0.5,0.0,0.5,0.5,0.5,23304.759652376175
10,28680,16.301782608032227,0.016759641468524933,1.1330153942108154,3.295664072036743,1.0192500522844436e-06,1.0192500522844436e-06,0.5,0.0,0.5,0.5,0.5,23321.08032298088
10,28700,20.782941818237305,0.06262153387069702,1.1173572540283203,3.3472161293029785,1.0183449117790613e-06,1.0183449117790613e-06,0.5,0.0,0.5,0.5,0.5,23336.953171014786
10,28720,21.891586303710938,0.06075310707092285,1.2601094245910645,3.215181827545166,1.0174615232613555e-06,1.0174615232613555e-06,0.5,0.0,0.5,0.5,0.5,23351.869265794754
10,28740,21.420738220214844,0.041222527623176575,1.4080003499984741,3.2184815406799316,1.0165998910189067e-06,1.0165998910189067e-06,0.5,0.0,0.5,0.5,0.5,23366.883308649063
10,28760,19.813758850097656,0.04511420801281929,1.1688408851623535,3.613929271697998,1.0157600192336994e-06,1.0157600192336994e-06,0.5,0.0,0.5,0.5,0.5,23382.77103495598
10,28780,23.412965774536133,0.0765761062502861,1.250070571899414,3.254650592803955,1.014941911982103e-06,1.014941911982103e-06,0.5,0.0,0.5,0.5,0.5,23398.880593776703
10,28800,21.783414840698242,0.05526792258024216,1.2956781387329102,3.299840211868286,1.0141455732348517e-06,1.0141455732348517e-06,0.5,0.0,0.5,0.5,0.5,23414.389184236526
10,28820,27.86021614074707,0.11096279323101044,1.3144253492355347,3.6196835041046143,1.0133710068570239e-06,1.0133710068570239e-06,0.5,0.0,0.5,0.5,0.5,23430.625821113586
10,28840,17.380081176757812,0.026515735313296318,1.1502814292907715,3.2256932258605957,1.0126182166080253e-06,1.0126182166080253e-06,0.5,0.0,0.5,0.5,0.5,23446.967110157013
10,28860,21.711483001708984,0.04682348668575287,1.355509638786316,3.4740381240844727,1.0118872061415688e-06,1.0118872061415688e-06,0.5,0.0,0.5,0.5,0.5,23462.465353488922
10,28880,31.789918899536133,0.1584281176328659,1.2623960971832275,3.3231472969055176,1.0111779790056588e-06,1.0111779790056588e-06,0.5,0.0,0.5,0.5,0.5,23477.44050884247
10,28900,21.53458595275879,0.06052691489458084,1.2272069454193115,3.209824800491333,1.0104905386425733e-06,1.0104905386425733e-06,0.5,0.0,0.5,0.5,0.5,23492.788541555405
10,28920,26.304931640625,0.1017831414937973,1.2634124755859375,3.4924936294555664,1.009824888388846e-06,1.009824888388846e-06,0.5,0.0,0.5,0.5,0.5,23510.281447649002
10,28940,23.91118812561035,0.0878979042172432,1.1730223894119263,3.391174077987671,1.0091810314752508e-06,1.0091810314752508e-06,0.5,0.0,0.5,0.5,0.5,23526.902252435684
10,28960,22.938608169555664,0.059935979545116425,1.3583171367645264,3.361837863922119,1.0085589710267869e-06,1.0085589710267869e-06,0.5,0.0,0.5,0.5,0.5,23543.41663455963
10,28980,20.40720558166504,0.052755337208509445,1.1652319431304932,3.4793527126312256,1.0079587100626627e-06,1.0079587100626627e-06,0.5,0.0,0.5,0.5,0.5,23560.140122413635
10,29000,33.106380462646484,0.17708641290664673,1.1888329982757568,3.5094099044799805,1.0073802514962822e-06,1.0073802514962822e-06,0.5,0.0,0.5,0.5,0.5,23575.183223485947
10,29020,23.91362762451172,0.08089747279882431,1.2096920013427734,3.726959466934204,1.0068235981352285e-06,1.0068235981352285e-06,0.5,0.0,0.5,0.5,0.5,23590.11127924919
10,29040,28.805124282836914,0.11896780133247375,1.3578519821166992,3.329824924468994,1.0062887526812534e-06,1.0062887526812534e-06,0.5,0.0,0.5,0.5,0.5,23606.004507303238
10,29060,18.33633041381836,0.026313936337828636,1.2265175580978394,3.4397618770599365,1.0057757177302625e-06,1.0057757177302625e-06,0.5,0.0,0.5,0.5,0.5,23623.131503105164
10,29080,25.040651321411133,0.10065655410289764,1.142819881439209,3.5467965602874756,1.0052844957723015e-06,1.0052844957723015e-06,0.5,0.0,0.5,0.5,0.5,23639.341939926147
10,29100,20.63518524169922,0.03591017425060272,1.3593971729278564,3.450197696685791,1.0048150891915466e-06,1.0048150891915466e-06,0.5,0.0,0.5,0.5,0.5,23655.82563138008
10,29120,29.552249908447266,0.13587790727615356,1.2459020614624023,3.5054404735565186,1.0043675002662916e-06,1.0043675002662916e-06,0.5,0.0,0.5,0.5,0.5,23672.336019277573
10,29140,32.413631439208984,0.168166846036911,1.1956093311309814,3.6408538818359375,1.003941731168937e-06,1.003941731168937e-06,0.5,0.0,0.5,0.5,0.5,23688.137888669968
10,29160,20.37140655517578,0.04365186020731926,1.2861518859863281,3.144700765609741,1.0035377839659783e-06,1.0035377839659783e-06,0.5,0.0,0.5,0.5,0.5,23703.016444444656
10,29180,21.816553115844727,0.045547470450401306,1.3780677318572998,3.4811289310455322,1.003155660617999e-06,1.003155660617999e-06,0.5,0.0,0.5,0.5,0.5,23717.9990067482
10,29200,25.603759765625,0.09826239943504333,1.248616099357605,3.2913599014282227,1.0027953629796583e-06,1.0027953629796583e-06,0.5,0.0,0.5,0.5,0.5,23733.458235502243
10,29220,23.967987060546875,0.09133286029100418,1.1581932306289673,3.2527689933776855,1.0024568927996815e-06,1.0024568927996815e-06,0.5,0.0,0.5,0.5,0.5,23750.191237688065
10,29240,18.49933433532715,0.028702130541205406,1.2292835712432861,3.3362863063812256,1.0021402517208556e-06,1.0021402517208556e-06,0.5,0.0,0.5,0.5,0.5,23766.940979719162
10,29260,19.762895584106445,0.026053786277770996,1.3596880435943604,3.5606367588043213,1.001845441280017e-06,1.001845441280017e-06,0.5,0.0,0.5,0.5,0.5,23783.46520280838
10,29280,23.414602279663086,0.06961888074874878,1.2909612655639648,3.5431008338928223,1.0015724629080463e-06,1.0015724629080463e-06,0.5,0.0,0.5,0.5,0.5,23801.509949684143
10,29300,21.086748123168945,0.03971685841679573,1.3811330795288086,3.3037314414978027,1.0013213179298609e-06,1.0013213179298609e-06,0.5,0.0,0.5,0.5,0.5,23816.410641908646
10,29320,27.426883697509766,0.10753467679023743,1.3190878629684448,3.4825360774993896,1.001092007564409e-06,1.001092007564409e-06,0.5,0.0,0.5,0.5,0.5,23831.415773630142
10,29340,29.303146362304688,0.125450000166893,1.3296685218811035,3.461461067199707,1.000884532924661e-06,1.000884532924661e-06,0.5,0.0,0.5,0.5,0.5,23847.553635120392
10,29360,27.145366668701172,0.1050727367401123,1.3023651838302612,3.6144402027130127,1.0006988950176085e-06,1.0006988950176085e-06,0.5,0.0,0.5,0.5,0.5,23863.38564968109
10,29380,23.440689086914062,0.06731061637401581,1.3496932983398438,3.212693929672241,1.0005350947442565e-06,1.0005350947442565e-06,0.5,0.0,0.5,0.5,0.5,23879.249958515167
10,29400,29.609745025634766,0.1414724886417389,1.2000001668930054,3.462494134902954,1.0003931328996202e-06,1.0003931328996202e-06,0.5,0.0,0.5,0.5,0.5,23895.685105085373
10,29420,27.627426147460938,0.0917869582772255,1.4923532009124756,3.5251989364624023,1.0002730101727195e-06,1.0002730101727195e-06,0.5,0.0,0.5,0.5,0.5,23912.21808862686
10,29440,36.262847900390625,0.21622642874717712,1.1458344459533691,3.1818602085113525,1.0001747271465772e-06,1.0001747271465772e-06,0.5,0.0,0.5,0.5,0.5,23928.767216444016
10,29460,31.938377380371094,0.14917929470539093,1.3316251039505005,3.704197883605957,1.0000982842982165e-06,1.0000982842982165e-06,0.5,0.0,0.5,0.5,0.5,23943.777767181396
10,29480,19.97732925415039,0.037333738058805466,1.2742260694503784,3.5016932487487793,1.0000436819986573e-06,1.0000436819986573e-06,0.5,0.0,0.5,0.5,0.5,23958.67556786537
10,29500,26.257572174072266,0.08855143189430237,1.415109634399414,3.2513320446014404,1.0000109205129148e-06,1.0000109205129148e-06,0.5,0.0,0.5,0.5,0.5,23974.594607114792
10,29520,24.934650421142578,0.09539636969566345,1.1926963329315186,3.468050956726074,1e-06,1e-06,0.5,0.0,0.5,0.5,0.5,23991.444026470184
