[rank0]:[W727 17:12:58.947995379 ProcessGroupNCCL.cpp:4115] [PG ID 0 PG GUID 0 Rank 0]  using GPU 0 to perform barrier as devices used by this process are currently unknown. This can potentially cause a hang if this rank to GPU mapping is incorrect.Specify device_ids in barrier() to force use of a particular device,or call init_process_group() with a device_id.
[rank1]:[W727 17:12:58.966274710 ProcessGroupNCCL.cpp:4115] [PG ID 0 PG GUID 0 Rank 1]  using GPU 1 to perform barrier as devices used by this process are currently unknown. This can potentially cause a hang if this rank to GPU mapping is incorrect.Specify device_ids in barrier() to force use of a particular device,or call init_process_group() with a device_id.
[clip_pretrained] loaded 302 tensors from model/ViT-B-16.pt
[clip_pretrained] missing total=282 (visual2*/decoder*/classification* expected = 282; backbone gaps must be 0 -> 0 [])
[clip_pretrained] unexpected = 0 []
epoch=1 step=1/29520 loss=464.8631 Le=4.2299 Lc=3.0767 Ld=11.1051 lr=1.000e-08 gate_lr=1.000e-08 alpha=0.500+/-0.000 peak_mem=23.79GiB
epoch=1 step=20/29520 loss=331.7468 Le=2.8975 Lc=3.0910 Ld=11.0885 lr=2.000e-07 gate_lr=2.000e-07 alpha=0.500+/-0.000 peak_mem=25.49GiB
epoch=1 step=40/29520 loss=376.0770 Le=3.3454 Lc=3.0481 Ld=11.0599 lr=4.000e-07 gate_lr=4.000e-07 alpha=0.500+/-0.000 peak_mem=25.49GiB
epoch=1 step=60/29520 loss=245.8573 Le=2.0357 Lc=3.1278 Ld=11.0127 lr=6.000e-07 gate_lr=6.000e-07 alpha=0.500+/-0.000 peak_mem=25.49GiB
epoch=1 step=80/29520 loss=219.6756 Le=1.7728 Lc=3.1472 Ld=10.9243 lr=8.000e-07 gate_lr=8.000e-07 alpha=0.500+/-0.000 peak_mem=25.49GiB
epoch=1 step=100/29520 loss=205.1920 Le=1.6407 Lc=3.0369 Ld=10.7581 lr=1.000e-06 gate_lr=1.000e-06 alpha=0.500+/-0.000 peak_mem=25.49GiB
epoch=1 step=120/29520 loss=146.9909 Le=1.0596 Lc=3.0487 Ld=10.5486 lr=1.200e-06 gate_lr=1.200e-06 alpha=0.500+/-0.000 peak_mem=25.49GiB
epoch=1 step=140/29520 loss=174.4807 Le=1.3253 Lc=3.1671 Ld=10.2845 lr=1.400e-06 gate_lr=1.400e-06 alpha=0.500+/-0.000 peak_mem=25.49GiB
epoch=1 step=160/29520 loss=152.5511 Le=1.1127 Lc=3.1265 Ld=10.0197 lr=1.600e-06 gate_lr=1.600e-06 alpha=0.500+/-0.000 peak_mem=25.49GiB
epoch=1 step=180/29520 loss=156.9078 Le=1.1524 Lc=3.1843 Ld=9.8242 lr=1.800e-06 gate_lr=1.800e-06 alpha=0.500+/-0.000 peak_mem=25.49GiB
epoch=1 step=200/29520 loss=134.4386 Le=0.9328 Lc=3.1578 Ld=9.5845 lr=2.000e-06 gate_lr=2.000e-06 alpha=0.500+/-0.000 peak_mem=25.49GiB
epoch=1 step=220/29520 loss=150.6225 Le=1.1054 Lc=3.0617 Ld=9.4637 lr=2.200e-06 gate_lr=2.200e-06 alpha=0.500+/-0.000 peak_mem=25.49GiB
epoch=1 step=240/29520 loss=141.0070 Le=0.9991 Lc=3.1933 Ld=9.1612 lr=2.400e-06 gate_lr=2.400e-06 alpha=0.500+/-0.000 peak_mem=25.49GiB
epoch=1 step=260/29520 loss=137.3638 Le=0.9778 Lc=3.0397 Ld=9.1887 lr=2.600e-06 gate_lr=2.600e-06 alpha=0.500+/-0.000 peak_mem=25.49GiB
epoch=1 step=280/29520 loss=135.9899 Le=0.9684 Lc=3.0141 Ld=9.0084 lr=2.800e-06 gate_lr=2.800e-06 alpha=0.500+/-0.000 peak_mem=25.49GiB
epoch=1 step=300/29520 loss=126.3926 Le=0.8667 Lc=3.0779 Ld=8.9457 lr=3.000e-06 gate_lr=3.000e-06 alpha=0.500+/-0.000 peak_mem=25.49GiB
epoch=1 step=320/29520 loss=122.0502 Le=0.8196 Lc=3.1342 Ld=8.7453 lr=3.200e-06 gate_lr=3.200e-06 alpha=0.500+/-0.000 peak_mem=25.49GiB
epoch=1 step=340/29520 loss=128.0102 Le=0.8744 Lc=3.1880 Ld=8.6878 lr=3.400e-06 gate_lr=3.400e-06 alpha=0.500+/-0.000 peak_mem=25.49GiB
epoch=1 step=360/29520 loss=126.0753 Le=0.8644 Lc=3.1051 Ld=8.5831 lr=3.600e-06 gate_lr=3.600e-06 alpha=0.500+/-0.000 peak_mem=25.49GiB
epoch=1 step=380/29520 loss=125.8272 Le=0.8536 Lc=3.1859 Ld=8.6067 lr=3.800e-06 gate_lr=3.800e-06 alpha=0.500+/-0.000 peak_mem=25.49GiB
epoch=1 step=400/29520 loss=99.4685 Le=0.6096 Lc=2.9952 Ld=8.5615 lr=4.000e-06 gate_lr=4.000e-06 alpha=0.500+/-0.000 peak_mem=25.49GiB
epoch=1 step=420/29520 loss=106.9502 Le=0.6815 Lc=3.0260 Ld=8.5373 lr=4.200e-06 gate_lr=4.200e-06 alpha=0.500+/-0.000 peak_mem=25.49GiB
epoch=1 step=440/29520 loss=138.3757 Le=0.9992 Lc=3.0108 Ld=8.3437 lr=4.400e-06 gate_lr=4.400e-06 alpha=0.500+/-0.000 peak_mem=25.49GiB
epoch=1 step=460/29520 loss=143.7971 Le=1.0470 Lc=3.0842 Ld=8.2574 lr=4.600e-06 gate_lr=4.600e-06 alpha=0.500+/-0.000 peak_mem=25.49GiB
epoch=1 step=480/29520 loss=143.6919 Le=1.0477 Lc=3.0558 Ld=8.3619 lr=4.800e-06 gate_lr=4.800e-06 alpha=0.500+/-0.000 peak_mem=25.49GiB
epoch=1 step=500/29520 loss=114.0448 Le=0.7566 Lc=3.0184 Ld=8.2035 lr=5.000e-06 gate_lr=5.000e-06 alpha=0.500+/-0.000 peak_mem=25.49GiB
epoch=1 step=520/29520 loss=137.7646 Le=0.9922 Lc=3.0340 Ld=8.2041 lr=5.200e-06 gate_lr=5.200e-06 alpha=0.500+/-0.000 peak_mem=25.49GiB
epoch=1 step=540/29520 loss=107.7212 Le=0.7048 Lc=2.9195 Ld=8.0451 lr=5.400e-06 gate_lr=5.400e-06 alpha=0.500+/-0.000 peak_mem=25.49GiB
epoch=1 step=560/29520 loss=108.7157 Le=0.7076 Lc=2.9740 Ld=8.2192 lr=5.600e-06 gate_lr=5.600e-06 alpha=0.500+/-0.000 peak_mem=25.49GiB
epoch=1 step=580/29520 loss=127.3368 Le=0.8919 Lc=3.0045 Ld=8.1013 lr=5.800e-06 gate_lr=5.800e-06 alpha=0.500+/-0.000 peak_mem=25.49GiB
epoch=1 step=600/29520 loss=110.9271 Le=0.7381 Lc=2.9012 Ld=8.1003 lr=6.000e-06 gate_lr=6.000e-06 alpha=0.500+/-0.000 peak_mem=25.49GiB
epoch=1 step=620/29520 loss=109.5760 Le=0.7241 Lc=2.9037 Ld=8.1256 lr=6.200e-06 gate_lr=6.200e-06 alpha=0.500+/-0.000 peak_mem=25.49GiB
epoch=1 step=640/29520 loss=96.9651 Le=0.5992 Lc=2.9021 Ld=8.0251 lr=6.400e-06 gate_lr=6.400e-06 alpha=0.500+/-0.000 peak_mem=25.49GiB
epoch=1 step=660/29520 loss=99.7044 Le=0.6288 Lc=2.8966 Ld=7.8605 lr=6.600e-06 gate_lr=6.600e-06 alpha=0.500+/-0.000 peak_mem=25.49GiB
epoch=1 step=680/29520 loss=103.1782 Le=0.6595 Lc=2.9497 Ld=7.7274 lr=6.800e-06 gate_lr=6.800e-06 alpha=0.500+/-0.000 peak_mem=25.49GiB
epoch=1 step=700/29520 loss=115.5680 Le=0.7887 Lc=2.8891 Ld=7.8120 lr=7.000e-06 gate_lr=7.000e-06 alpha=0.500+/-0.000 peak_mem=25.49GiB
epoch=1 step=720/29520 loss=122.8216 Le=0.8649 Lc=2.8636 Ld=7.6934 lr=7.200e-06 gate_lr=7.200e-06 alpha=0.500+/-0.000 peak_mem=25.49GiB
epoch=1 step=740/29520 loss=117.6426 Le=0.8156 Lc=2.8367 Ld=7.7170 lr=7.400e-06 gate_lr=7.400e-06 alpha=0.500+/-0.000 peak_mem=25.49GiB
epoch=1 step=760/29520 loss=83.5284 Le=0.4702 Lc=2.8775 Ld=7.7342 lr=7.600e-06 gate_lr=7.600e-06 alpha=0.500+/-0.000 peak_mem=25.49GiB
epoch=1 step=780/29520 loss=122.1532 Le=0.8683 Lc=2.7735 Ld=7.5868 lr=7.800e-06 gate_lr=7.800e-06 alpha=0.500+/-0.000 peak_mem=25.49GiB
epoch=1 step=800/29520 loss=99.0836 Le=0.6442 Lc=2.6992 Ld=7.6674 lr=8.000e-06 gate_lr=8.000e-06 alpha=0.500+/-0.000 peak_mem=25.49GiB
epoch=1 step=820/29520 loss=106.8342 Le=0.7263 Lc=2.6659 Ld=7.5413 lr=8.200e-06 gate_lr=8.200e-06 alpha=0.500+/-0.000 peak_mem=25.49GiB
epoch=1 step=840/29520 loss=115.0801 Le=0.7873 Lc=2.8837 Ld=7.5125 lr=8.400e-06 gate_lr=8.400e-06 alpha=0.500+/-0.000 peak_mem=25.49GiB
epoch=1 step=860/29520 loss=72.3460 Le=0.3704 Lc=2.7898 Ld=7.4065 lr=8.600e-06 gate_lr=8.600e-06 alpha=0.500+/-0.000 peak_mem=25.49GiB
epoch=1 step=880/29520 loss=123.1809 Le=0.8854 Lc=2.7209 Ld=7.4322 lr=8.800e-06 gate_lr=8.800e-06 alpha=0.500+/-0.000 peak_mem=25.49GiB
epoch=1 step=900/29520 loss=96.9702 Le=0.6054 Lc=2.8995 Ld=7.4359 lr=9.000e-06 gate_lr=9.000e-06 alpha=0.500+/-0.000 peak_mem=25.49GiB
epoch=1 step=920/29520 loss=104.0652 Le=0.6939 Lc=2.7333 Ld=7.3437 lr=9.200e-06 gate_lr=9.200e-06 alpha=0.500+/-0.000 peak_mem=25.49GiB
epoch=1 step=940/29520 loss=103.1282 Le=0.6873 Lc=2.7083 Ld=7.3176 lr=9.400e-06 gate_lr=9.400e-06 alpha=0.500+/-0.000 peak_mem=25.49GiB
epoch=1 step=960/29520 loss=91.2180 Le=0.5639 Lc=2.7514 Ld=7.3192 lr=9.600e-06 gate_lr=9.600e-06 alpha=0.500+/-0.000 peak_mem=25.49GiB
epoch=1 step=980/29520 loss=110.3461 Le=0.7721 Lc=2.5713 Ld=7.4276 lr=9.800e-06 gate_lr=9.800e-06 alpha=0.500+/-0.000 peak_mem=25.49GiB
epoch=1 step=1000/29520 loss=100.2139 Le=0.6642 Lc=2.6558 Ld=7.2397 lr=1.000e-05 gate_lr=1.000e-05 alpha=0.500+/-0.000 peak_mem=25.49GiB
epoch=1 step=1020/29520 loss=81.0186 Le=0.4695 Lc=2.6779 Ld=7.2868 lr=1.000e-05 gate_lr=1.000e-05 alpha=0.500+/-0.000 peak_mem=25.49GiB
epoch=1 step=1040/29520 loss=77.8441 Le=0.4615 Lc=2.4582 Ld=7.1102 lr=1.000e-05 gate_lr=1.000e-05 alpha=0.500+/-0.000 peak_mem=25.49GiB
epoch=1 step=1060/29520 loss=118.3419 Le=0.8510 Lc=2.6338 Ld=6.8998 lr=1.000e-05 gate_lr=1.000e-05 alpha=0.500+/-0.000 peak_mem=25.49GiB
epoch=1 step=1080/29520 loss=81.5287 Le=0.5015 Lc=2.4542 Ld=6.8403 lr=1.000e-05 gate_lr=1.000e-05 alpha=0.500+/-0.000 peak_mem=25.49GiB
epoch=1 step=1100/29520 loss=92.3671 Le=0.6126 Lc=2.4147 Ld=6.9611 lr=1.000e-05 gate_lr=1.000e-05 alpha=0.500+/-0.000 peak_mem=25.49GiB
epoch=1 step=1120/29520 loss=99.1707 Le=0.6739 Lc=2.4694 Ld=7.0883 lr=1.000e-05 gate_lr=1.000e-05 alpha=0.500+/-0.000 peak_mem=25.49GiB
epoch=1 step=1140/29520 loss=75.7671 Le=0.4458 Lc=2.4365 Ld=6.8227 lr=9.999e-06 gate_lr=9.999e-06 alpha=0.500+/-0.000 peak_mem=25.49GiB
epoch=1 step=1160/29520 loss=74.5842 Le=0.4531 Lc=2.2407 Ld=6.8659 lr=9.999e-06 gate_lr=9.999e-06 alpha=0.500+/-0.000 peak_mem=25.49GiB
epoch=1 step=1180/29520 loss=113.7115 Le=0.8276 Lc=2.4014 Ld=6.9395 lr=9.999e-06 gate_lr=9.999e-06 alpha=0.500+/-0.000 peak_mem=25.49GiB
epoch=1 step=1200/29520 loss=59.3558 Le=0.3140 Lc=2.1112 Ld=6.8422 lr=9.999e-06 gate_lr=9.999e-06 alpha=0.500+/-0.000 peak_mem=25.49GiB
epoch=1 step=1220/29520 loss=107.1936 Le=0.7803 Lc=2.2450 Ld=6.7103 lr=9.999e-06 gate_lr=9.999e-06 alpha=0.500+/-0.000 peak_mem=25.49GiB
epoch=1 step=1240/29520 loss=81.9975 Le=0.5168 Lc=2.3587 Ld=6.7299 lr=9.998e-06 gate_lr=9.998e-06 alpha=0.500+/-0.000 peak_mem=25.49GiB
epoch=1 step=1260/29520 loss=89.3155 Le=0.6158 Lc=2.0860 Ld=6.8765 lr=9.998e-06 gate_lr=9.998e-06 alpha=0.500+/-0.000 peak_mem=25.49GiB
epoch=1 step=1280/29520 loss=77.8991 Le=0.4767 Lc=2.3540 Ld=6.6872 lr=9.998e-06 gate_lr=9.998e-06 alpha=0.500+/-0.000 peak_mem=25.49GiB
epoch=1 step=1300/29520 loss=98.4534 Le=0.7069 Lc=2.1227 Ld=6.5324 lr=9.998e-06 gate_lr=9.998e-06 alpha=0.500+/-0.000 peak_mem=25.49GiB
epoch=1 step=1320/29520 loss=65.7351 Le=0.3668 Lc=2.2429 Ld=6.6284 lr=9.997e-06 gate_lr=9.997e-06 alpha=0.500+/-0.000 peak_mem=25.49GiB
epoch=1 step=1340/29520 loss=83.1405 Le=0.5439 Lc=2.2058 Ld=6.6930 lr=9.997e-06 gate_lr=9.997e-06 alpha=0.500+/-0.000 peak_mem=25.49GiB
epoch=1 step=1360/29520 loss=81.1634 Le=0.5256 Lc=2.2157 Ld=6.4512 lr=9.996e-06 gate_lr=9.996e-06 alpha=0.500+/-0.000 peak_mem=25.49GiB
epoch=1 step=1380/29520 loss=74.7209 Le=0.4707 Lc=2.1220 Ld=6.4335 lr=9.996e-06 gate_lr=9.996e-06 alpha=0.500+/-0.000 peak_mem=25.49GiB
epoch=1 step=1400/29520 loss=79.4932 Le=0.5238 Lc=2.0726 Ld=6.3828 lr=9.996e-06 gate_lr=9.996e-06 alpha=0.500+/-0.000 peak_mem=25.49GiB
epoch=1 step=1420/29520 loss=69.8900 Le=0.4381 Lc=1.9550 Ld=6.5310 lr=9.995e-06 gate_lr=9.995e-06 alpha=0.500+/-0.000 peak_mem=25.49GiB
epoch=1 step=1440/29520 loss=97.5959 Le=0.7079 Lc=2.0471 Ld=6.3325 lr=9.995e-06 gate_lr=9.995e-06 alpha=0.500+/-0.000 peak_mem=25.49GiB
epoch=1 step=1460/29520 loss=73.3183 Le=0.4526 Lc=2.1630 Ld=6.4331 lr=9.994e-06 gate_lr=9.994e-06 alpha=0.500+/-0.000 peak_mem=25.49GiB
epoch=1 step=1480/29520 loss=98.5601 Le=0.7117 Lc=2.0920 Ld=6.4739 lr=9.994e-06 gate_lr=9.994e-06 alpha=0.500+/-0.000 peak_mem=25.49GiB
epoch=1 step=1500/29520 loss=70.3128 Le=0.4497 Lc=1.9113 Ld=6.2299 lr=9.993e-06 gate_lr=9.993e-06 alpha=0.500+/-0.000 peak_mem=25.49GiB
epoch=1 step=1520/29520 loss=77.3571 Le=0.5024 Lc=2.0890 Ld=6.2223 lr=9.993e-06 gate_lr=9.993e-06 alpha=0.500+/-0.000 peak_mem=25.49GiB
epoch=1 step=1540/29520 loss=56.6637 Le=0.3123 Lc=1.9168 Ld=6.2705 lr=9.992e-06 gate_lr=9.992e-06 alpha=0.500+/-0.000 peak_mem=25.49GiB
epoch=1 step=1560/29520 loss=82.1490 Le=0.5499 Lc=2.0871 Ld=6.2860 lr=9.991e-06 gate_lr=9.991e-06 alpha=0.500+/-0.000 peak_mem=25.49GiB
epoch=1 step=1580/29520 loss=74.0153 Le=0.4729 Lc=2.0429 Ld=6.2999 lr=9.991e-06 gate_lr=9.991e-06 alpha=0.500+/-0.000 peak_mem=25.49GiB
epoch=1 step=1600/29520 loss=85.1143 Le=0.5903 Lc=1.9872 Ld=6.2128 lr=9.990e-06 gate_lr=9.990e-06 alpha=0.500+/-0.000 peak_mem=25.49GiB
epoch=1 step=1620/29520 loss=78.1444 Le=0.5181 Lc=2.0061 Ld=6.2715 lr=9.990e-06 gate_lr=9.990e-06 alpha=0.500+/-0.000 peak_mem=25.49GiB
epoch=1 step=1640/29520 loss=70.8330 Le=0.4510 Lc=1.9657 Ld=6.0735 lr=9.989e-06 gate_lr=9.989e-06 alpha=0.500+/-0.000 peak_mem=25.49GiB
epoch=1 step=1660/29520 loss=66.9653 Le=0.4060 Lc=2.0153 Ld=6.2077 lr=9.988e-06 gate_lr=9.988e-06 alpha=0.500+/-0.000 peak_mem=25.49GiB
epoch=1 step=1680/29520 loss=82.8910 Le=0.5677 Lc=1.9983 Ld=6.1399 lr=9.987e-06 gate_lr=9.987e-06 alpha=0.500+/-0.000 peak_mem=25.49GiB
epoch=1 step=1700/29520 loss=75.3044 Le=0.5076 Lc=1.8371 Ld=6.1751 lr=9.987e-06 gate_lr=9.987e-06 alpha=0.500+/-0.000 peak_mem=25.49GiB
epoch=1 step=1720/29520 loss=64.2904 Le=0.3862 Lc=1.9357 Ld=6.3093 lr=9.986e-06 gate_lr=9.986e-06 alpha=0.500+/-0.000 peak_mem=25.49GiB
epoch=1 step=1740/29520 loss=75.1333 Le=0.5115 Lc=1.7726 Ld=6.2595 lr=9.985e-06 gate_lr=9.985e-06 alpha=0.500+/-0.000 peak_mem=25.49GiB
epoch=1 step=1760/29520 loss=64.5522 Le=0.3929 Lc=1.9190 Ld=6.0679 lr=9.984e-06 gate_lr=9.984e-06 alpha=0.500+/-0.000 peak_mem=25.49GiB
epoch=1 step=1780/29520 loss=45.4938 Le=0.2177 Lc=1.7629 Ld=6.0923 lr=9.983e-06 gate_lr=9.983e-06 alpha=0.500+/-0.000 peak_mem=25.49GiB
epoch=1 step=1800/29520 loss=80.5340 Le=0.5608 Lc=1.8613 Ld=5.8391 lr=9.983e-06 gate_lr=9.983e-06 alpha=0.500+/-0.000 peak_mem=25.49GiB
epoch=1 step=1820/29520 loss=73.8933 Le=0.4909 Lc=1.8838 Ld=5.9636 lr=9.982e-06 gate_lr=9.982e-06 alpha=0.500+/-0.000 peak_mem=25.49GiB
epoch=1 step=1840/29520 loss=65.0717 Le=0.4037 Lc=1.8866 Ld=5.8337 lr=9.981e-06 gate_lr=9.981e-06 alpha=0.500+/-0.000 peak_mem=25.49GiB
epoch=1 step=1860/29520 loss=57.0503 Le=0.3119 Lc=1.9808 Ld=6.0488 lr=9.980e-06 gate_lr=9.980e-06 alpha=0.500+/-0.000 peak_mem=25.49GiB
epoch=1 step=1880/29520 loss=69.8181 Le=0.4432 Lc=1.9575 Ld=5.9233 lr=9.979e-06 gate_lr=9.979e-06 alpha=0.500+/-0.000 peak_mem=25.49GiB
epoch=1 step=1900/29520 loss=71.4038 Le=0.4554 Lc=2.0094 Ld=5.7714 lr=9.978e-06 gate_lr=9.978e-06 alpha=0.500+/-0.000 peak_mem=25.49GiB
epoch=1 step=1920/29520 loss=75.2259 Le=0.4989 Lc=1.9289 Ld=6.0428 lr=9.977e-06 gate_lr=9.977e-06 alpha=0.500+/-0.000 peak_mem=25.49GiB
epoch=1 step=1940/29520 loss=63.8012 Le=0.3815 Lc=1.9862 Ld=5.7872 lr=9.976e-06 gate_lr=9.976e-06 alpha=0.500+/-0.000 peak_mem=25.49GiB
epoch=1 step=1960/29520 loss=69.8506 Le=0.4539 Lc=1.8660 Ld=5.8045 lr=9.975e-06 gate_lr=9.975e-06 alpha=0.500+/-0.000 peak_mem=25.49GiB
epoch=1 step=1980/29520 loss=62.3219 Le=0.3787 Lc=1.8808 Ld=5.6428 lr=9.974e-06 gate_lr=9.974e-06 alpha=0.500+/-0.000 peak_mem=25.49GiB
epoch=1 step=2000/29520 loss=81.5268 Le=0.5665 Lc=1.9035 Ld=5.8382 lr=9.973e-06 gate_lr=9.973e-06 alpha=0.500+/-0.000 peak_mem=25.49GiB
epoch=1 step=2020/29520 loss=65.4568 Le=0.4213 Lc=1.7276 Ld=6.0506 lr=9.972e-06 gate_lr=9.972e-06 alpha=0.500+/-0.000 peak_mem=25.49GiB
epoch=1 step=2040/29520 loss=61.3845 Le=0.3715 Lc=1.8235 Ld=5.9965 lr=9.971e-06 gate_lr=9.971e-06 alpha=0.500+/-0.000 peak_mem=25.49GiB
epoch=1 step=2060/29520 loss=92.7596 Le=0.6725 Lc=1.9608 Ld=5.9008 lr=9.969e-06 gate_lr=9.969e-06 alpha=0.500+/-0.000 peak_mem=25.49GiB
epoch=1 step=2080/29520 loss=84.4456 Le=0.6064 Lc=1.8124 Ld=5.6832 lr=9.968e-06 gate_lr=9.968e-06 alpha=0.500+/-0.000 peak_mem=25.49GiB
epoch=1 step=2100/29520 loss=77.6134 Le=0.5357 Lc=1.8422 Ld=5.6234 lr=9.967e-06 gate_lr=9.967e-06 alpha=0.500+/-0.000 peak_mem=25.49GiB
epoch=1 step=2120/29520 loss=59.7578 Le=0.3526 Lc=1.8504 Ld=5.9965 lr=9.966e-06 gate_lr=9.966e-06 alpha=0.500+/-0.000 peak_mem=25.49GiB
epoch=1 step=2140/29520 loss=64.2898 Le=0.3932 Lc=1.9243 Ld=5.7284 lr=9.965e-06 gate_lr=9.965e-06 alpha=0.500+/-0.000 peak_mem=25.49GiB
epoch=1 step=2160/29520 loss=85.4316 Le=0.6055 Lc=1.8914 Ld=5.9653 lr=9.963e-06 gate_lr=9.963e-06 alpha=0.500+/-0.000 peak_mem=25.49GiB
epoch=1 step=2180/29520 loss=45.8726 Le=0.2241 Lc=1.7781 Ld=5.6776 lr=9.962e-06 gate_lr=9.962e-06 alpha=0.500+/-0.000 peak_mem=25.49GiB
epoch=1 step=2200/29520 loss=64.4868 Le=0.3984 Lc=1.9094 Ld=5.5517 lr=9.961e-06 gate_lr=9.961e-06 alpha=0.500+/-0.000 peak_mem=25.49GiB
epoch=1 step=2220/29520 loss=57.5190 Le=0.3371 Lc=1.8065 Ld=5.7437 lr=9.959e-06 gate_lr=9.959e-06 alpha=0.500+/-0.000 peak_mem=25.49GiB
epoch=1 step=2240/29520 loss=62.2623 Le=0.3881 Lc=1.7851 Ld=5.5996 lr=9.958e-06 gate_lr=9.958e-06 alpha=0.500+/-0.000 peak_mem=25.49GiB
epoch=1 step=2260/29520 loss=71.4722 Le=0.4804 Lc=1.7872 Ld=5.5637 lr=9.957e-06 gate_lr=9.957e-06 alpha=0.500+/-0.000 peak_mem=25.49GiB
epoch=1 step=2280/29520 loss=70.7622 Le=0.4523 Lc=1.9926 Ld=5.6015 lr=9.955e-06 gate_lr=9.955e-06 alpha=0.500+/-0.000 peak_mem=25.49GiB
epoch=1 step=2300/29520 loss=63.0626 Le=0.4069 Lc=1.6979 Ld=5.3938 lr=9.954e-06 gate_lr=9.954e-06 alpha=0.500+/-0.000 peak_mem=25.49GiB
epoch=1 step=2320/29520 loss=59.6003 Le=0.3507 Lc=1.9023 Ld=5.5115 lr=9.953e-06 gate_lr=9.953e-06 alpha=0.500+/-0.000 peak_mem=25.49GiB
epoch=1 step=2340/29520 loss=54.5831 Le=0.3225 Lc=1.6848 Ld=5.4802 lr=9.951e-06 gate_lr=9.951e-06 alpha=0.500+/-0.000 peak_mem=25.49GiB
epoch=1 step=2360/29520 loss=61.1091 Le=0.3647 Lc=1.9032 Ld=5.6077 lr=9.950e-06 gate_lr=9.950e-06 alpha=0.500+/-0.000 peak_mem=25.49GiB
epoch=1 step=2380/29520 loss=64.8343 Le=0.4149 Lc=1.7753 Ld=5.5930 lr=9.948e-06 gate_lr=9.948e-06 alpha=0.500+/-0.000 peak_mem=25.49GiB
epoch=1 step=2400/29520 loss=68.3636 Le=0.4475 Lc=1.8200 Ld=5.4101 lr=9.947e-06 gate_lr=9.947e-06 alpha=0.500+/-0.000 peak_mem=25.49GiB
epoch=1 step=2420/29520 loss=80.2430 Le=0.5607 Lc=1.8760 Ld=5.4158 lr=9.945e-06 gate_lr=9.945e-06 alpha=0.500+/-0.000 peak_mem=25.49GiB
epoch=1 step=2440/29520 loss=70.1733 Le=0.4670 Lc=1.8007 Ld=5.4635 lr=9.944e-06 gate_lr=9.944e-06 alpha=0.500+/-0.000 peak_mem=25.49GiB
epoch=1 step=2460/29520 loss=53.9859 Le=0.3145 Lc=1.7065 Ld=5.4726 lr=9.942e-06 gate_lr=9.942e-06 alpha=0.500+/-0.000 peak_mem=25.49GiB
epoch=1 step=2480/29520 loss=42.7777 Le=0.1964 Lc=1.7679 Ld=5.4587 lr=9.940e-06 gate_lr=9.940e-06 alpha=0.500+/-0.000 peak_mem=25.49GiB
epoch=1 step=2500/29520 loss=73.7526 Le=0.4974 Lc=1.8609 Ld=5.4048 lr=9.939e-06 gate_lr=9.939e-06 alpha=0.500+/-0.000 peak_mem=25.49GiB
epoch=1 step=2520/29520 loss=69.4574 Le=0.4652 Lc=1.7524 Ld=5.4096 lr=9.937e-06 gate_lr=9.937e-06 alpha=0.500+/-0.000 peak_mem=25.49GiB
epoch=1 step=2540/29520 loss=74.2105 Le=0.5022 Lc=1.8477 Ld=5.5130 lr=9.935e-06 gate_lr=9.935e-06 alpha=0.500+/-0.000 peak_mem=25.49GiB
epoch=1 step=2560/29520 loss=62.4483 Le=0.3962 Lc=1.7529 Ld=5.2989 lr=9.934e-06 gate_lr=9.934e-06 alpha=0.500+/-0.000 peak_mem=25.49GiB
epoch=1 step=2580/29520 loss=49.2769 Le=0.2582 Lc=1.7929 Ld=5.5316 lr=9.932e-06 gate_lr=9.932e-06 alpha=0.500+/-0.000 peak_mem=25.49GiB
epoch=1 step=2600/29520 loss=53.4948 Le=0.2980 Lc=1.8347 Ld=5.3502 lr=9.930e-06 gate_lr=9.930e-06 alpha=0.500+/-0.000 peak_mem=25.49GiB
epoch=1 step=2620/29520 loss=48.7619 Le=0.2689 Lc=1.6319 Ld=5.5508 lr=9.929e-06 gate_lr=9.929e-06 alpha=0.500+/-0.000 peak_mem=25.49GiB
epoch=1 step=2640/29520 loss=47.4090 Le=0.2350 Lc=1.8480 Ld=5.4339 lr=9.927e-06 gate_lr=9.927e-06 alpha=0.500+/-0.000 peak_mem=25.49GiB
epoch=1 step=2660/29520 loss=77.2114 Le=0.5435 Lc=1.7317 Ld=5.5467 lr=9.925e-06 gate_lr=9.925e-06 alpha=0.500+/-0.000 peak_mem=25.49GiB
epoch=1 step=2680/29520 loss=53.3569 Le=0.3033 Lc=1.7414 Ld=5.6079 lr=9.923e-06 gate_lr=9.923e-06 alpha=0.500+/-0.000 peak_mem=25.49GiB
epoch=1 step=2700/29520 loss=62.0647 Le=0.3905 Lc=1.7603 Ld=5.4151 lr=9.921e-06 gate_lr=9.921e-06 alpha=0.500+/-0.000 peak_mem=25.49GiB
epoch=1 step=2720/29520 loss=69.1083 Le=0.4495 Lc=1.8648 Ld=5.5071 lr=9.919e-06 gate_lr=9.919e-06 alpha=0.500+/-0.000 peak_mem=25.49GiB
epoch=1 step=2740/29520 loss=53.8968 Le=0.2962 Lc=1.8949 Ld=5.3264 lr=9.918e-06 gate_lr=9.918e-06 alpha=0.500+/-0.000 peak_mem=25.49GiB
epoch=1 step=2760/29520 loss=64.5795 Le=0.4245 Lc=1.6645 Ld=5.4822 lr=9.916e-06 gate_lr=9.916e-06 alpha=0.500+/-0.000 peak_mem=25.49GiB
epoch=1 step=2780/29520 loss=69.8838 Le=0.4698 Lc=1.7512 Ld=5.3902 lr=9.914e-06 gate_lr=9.914e-06 alpha=0.500+/-0.000 peak_mem=25.49GiB
epoch=1 step=2800/29520 loss=57.9497 Le=0.3517 Lc=1.7515 Ld=5.2684 lr=9.912e-06 gate_lr=9.912e-06 alpha=0.500+/-0.000 peak_mem=25.49GiB
epoch=1 step=2820/29520 loss=53.6426 Le=0.3107 Lc=1.7401 Ld=5.1670 lr=9.910e-06 gate_lr=9.910e-06 alpha=0.500+/-0.000 peak_mem=25.49GiB
epoch=1 step=2840/29520 loss=65.7258 Le=0.4210 Lc=1.8383 Ld=5.2406 lr=9.908e-06 gate_lr=9.908e-06 alpha=0.500+/-0.000 peak_mem=25.49GiB
epoch=1 step=2860/29520 loss=52.2401 Le=0.2872 Lc=1.8223 Ld=5.3016 lr=9.906e-06 gate_lr=9.906e-06 alpha=0.500+/-0.000 peak_mem=25.49GiB
epoch=1 step=2880/29520 loss=56.8232 Le=0.3210 Lc=1.9393 Ld=5.3329 lr=9.904e-06 gate_lr=9.904e-06 alpha=0.500+/-0.000 peak_mem=25.49GiB
epoch=1 step=2900/29520 loss=56.9317 Le=0.3400 Lc=1.7526 Ld=5.4019 lr=9.902e-06 gate_lr=9.902e-06 alpha=0.500+/-0.000 peak_mem=25.49GiB
epoch=1 step=2920/29520 loss=63.2085 Le=0.3993 Lc=1.8041 Ld=5.2364 lr=9.900e-06 gate_lr=9.900e-06 alpha=0.500+/-0.000 peak_mem=25.49GiB
epoch=1 step=2940/29520 loss=45.7418 Le=0.2255 Lc=1.7896 Ld=5.2922 lr=9.898e-06 gate_lr=9.898e-06 alpha=0.500+/-0.000 peak_mem=25.49GiB
epoch=1 checkpoints saved
epoch=2 step=2960/29520 loss=56.2101 Le=0.3375 Lc=1.7243 Ld=5.2211 lr=9.896e-06 gate_lr=9.896e-06 alpha=0.500+/-0.000 peak_mem=25.49GiB
epoch=2 step=2980/29520 loss=61.1096 Le=0.3779 Lc=1.8073 Ld=5.2420 lr=9.893e-06 gate_lr=9.893e-06 alpha=0.500+/-0.000 peak_mem=25.49GiB
epoch=2 step=3000/29520 loss=72.7615 Le=0.4993 Lc=1.7649 Ld=5.1866 lr=9.891e-06 gate_lr=9.891e-06 alpha=0.500+/-0.000 peak_mem=25.49GiB
epoch=2 step=3020/29520 loss=49.2227 Le=0.2714 Lc=1.6766 Ld=5.3202 lr=9.889e-06 gate_lr=9.889e-06 alpha=0.500+/-0.000 peak_mem=25.49GiB
epoch=2 step=3040/29520 loss=56.4452 Le=0.3355 Lc=1.7575 Ld=5.3150 lr=9.887e-06 gate_lr=9.887e-06 alpha=0.500+/-0.000 peak_mem=25.49GiB
epoch=2 step=3060/29520 loss=56.1743 Le=0.3336 Lc=1.7449 Ld=5.3677 lr=9.885e-06 gate_lr=9.885e-06 alpha=0.500+/-0.000 peak_mem=25.49GiB
epoch=2 step=3080/29520 loss=63.1870 Le=0.3827 Lc=1.9763 Ld=5.1509 lr=9.882e-06 gate_lr=9.882e-06 alpha=0.500+/-0.000 peak_mem=25.49GiB
epoch=2 step=3100/29520 loss=67.5393 Le=0.4229 Lc=1.9943 Ld=5.3088 lr=9.880e-06 gate_lr=9.880e-06 alpha=0.500+/-0.000 peak_mem=25.49GiB
epoch=2 step=3120/29520 loss=45.5176 Le=0.2211 Lc=1.8217 Ld=5.1932 lr=9.878e-06 gate_lr=9.878e-06 alpha=0.500+/-0.000 peak_mem=25.49GiB
epoch=2 step=3140/29520 loss=78.1852 Le=0.5584 Lc=1.7395 Ld=4.9546 lr=9.876e-06 gate_lr=9.876e-06 alpha=0.500+/-0.000 peak_mem=25.49GiB
epoch=2 step=3160/29520 loss=50.5933 Le=0.2580 Lc=1.9651 Ld=5.1411 lr=9.873e-06 gate_lr=9.873e-06 alpha=0.500+/-0.000 peak_mem=25.49GiB
epoch=2 step=3180/29520 loss=44.0052 Le=0.2274 Lc=1.6257 Ld=5.0066 lr=9.871e-06 gate_lr=9.871e-06 alpha=0.500+/-0.000 peak_mem=25.49GiB
epoch=2 step=3200/29520 loss=61.2206 Le=0.3954 Lc=1.6777 Ld=4.9045 lr=9.869e-06 gate_lr=9.869e-06 alpha=0.500+/-0.000 peak_mem=25.49GiB
epoch=2 step=3220/29520 loss=54.5682 Le=0.3010 Lc=1.9521 Ld=4.9452 lr=9.866e-06 gate_lr=9.866e-06 alpha=0.500+/-0.000 peak_mem=25.49GiB
epoch=2 step=3240/29520 loss=62.4446 Le=0.4011 Lc=1.7055 Ld=5.2753 lr=9.864e-06 gate_lr=9.864e-06 alpha=0.500+/-0.000 peak_mem=25.49GiB
epoch=2 step=3260/29520 loss=66.6748 Le=0.4454 Lc=1.7237 Ld=4.8945 lr=9.861e-06 gate_lr=9.861e-06 alpha=0.500+/-0.000 peak_mem=25.49GiB
epoch=2 step=3280/29520 loss=65.8982 Le=0.4293 Lc=1.7824 Ld=5.1445 lr=9.859e-06 gate_lr=9.859e-06 alpha=0.500+/-0.000 peak_mem=25.49GiB
epoch=2 step=3300/29520 loss=49.6605 Le=0.2569 Lc=1.8757 Ld=5.2111 lr=9.856e-06 gate_lr=9.856e-06 alpha=0.500+/-0.000 peak_mem=25.49GiB
epoch=2 step=3320/29520 loss=52.2976 Le=0.2954 Lc=1.7610 Ld=5.1475 lr=9.854e-06 gate_lr=9.854e-06 alpha=0.500+/-0.000 peak_mem=25.49GiB
epoch=2 step=3340/29520 loss=41.0227 Le=0.1693 Lc=1.8871 Ld=5.2220 lr=9.851e-06 gate_lr=9.851e-06 alpha=0.500+/-0.000 peak_mem=25.49GiB
epoch=2 step=3360/29520 loss=35.7032 Le=0.1380 Lc=1.6682 Ld=5.2241 lr=9.849e-06 gate_lr=9.849e-06 alpha=0.500+/-0.000 peak_mem=25.49GiB
epoch=2 step=3380/29520 loss=51.6524 Le=0.2940 Lc=1.7326 Ld=4.9296 lr=9.846e-06 gate_lr=9.846e-06 alpha=0.500+/-0.000 peak_mem=25.49GiB
epoch=2 step=3400/29520 loss=73.0647 Le=0.4971 Lc=1.8256 Ld=5.0965 lr=9.844e-06 gate_lr=9.844e-06 alpha=0.500+/-0.000 peak_mem=25.49GiB
epoch=2 step=3420/29520 loss=57.5243 Le=0.3359 Lc=1.8773 Ld=5.1612 lr=9.841e-06 gate_lr=9.841e-06 alpha=0.500+/-0.000 peak_mem=25.49GiB
epoch=2 step=3440/29520 loss=68.0246 Le=0.4619 Lc=1.6747 Ld=5.0840 lr=9.838e-06 gate_lr=9.838e-06 alpha=0.500+/-0.000 peak_mem=25.49GiB
epoch=2 step=3460/29520 loss=52.0752 Le=0.3158 Lc=1.5542 Ld=4.9564 lr=9.836e-06 gate_lr=9.836e-06 alpha=0.500+/-0.000 peak_mem=25.49GiB
epoch=2 step=3480/29520 loss=56.6210 Le=0.3506 Lc=1.6496 Ld=5.0662 lr=9.833e-06 gate_lr=9.833e-06 alpha=0.500+/-0.000 peak_mem=25.49GiB
epoch=2 step=3500/29520 loss=64.1338 Le=0.4249 Lc=1.6721 Ld=4.9261 lr=9.830e-06 gate_lr=9.830e-06 alpha=0.500+/-0.000 peak_mem=25.49GiB
epoch=2 step=3520/29520 loss=43.8927 Le=0.2048 Lc=1.8287 Ld=5.1233 lr=9.828e-06 gate_lr=9.828e-06 alpha=0.500+/-0.000 peak_mem=25.49GiB
epoch=2 step=3540/29520 loss=45.6901 Le=0.2271 Lc=1.7847 Ld=5.1336 lr=9.825e-06 gate_lr=9.825e-06 alpha=0.500+/-0.000 peak_mem=25.49GiB
epoch=2 step=3560/29520 loss=53.2219 Le=0.3017 Lc=1.8159 Ld=4.8970 lr=9.822e-06 gate_lr=9.822e-06 alpha=0.500+/-0.000 peak_mem=25.49GiB
epoch=2 step=3580/29520 loss=63.2519 Le=0.4020 Lc=1.7879 Ld=5.1685 lr=9.819e-06 gate_lr=9.819e-06 alpha=0.500+/-0.000 peak_mem=25.49GiB
epoch=2 step=3600/29520 loss=45.7529 Le=0.2279 Lc=1.7875 Ld=5.0849 lr=9.817e-06 gate_lr=9.817e-06 alpha=0.500+/-0.000 peak_mem=25.49GiB
epoch=2 step=3620/29520 loss=50.7497 Le=0.2689 Lc=1.8983 Ld=4.8794 lr=9.814e-06 gate_lr=9.814e-06 alpha=0.500+/-0.000 peak_mem=25.49GiB
epoch=2 step=3640/29520 loss=44.9211 Le=0.2248 Lc=1.7403 Ld=5.0391 lr=9.811e-06 gate_lr=9.811e-06 alpha=0.500+/-0.000 peak_mem=25.49GiB
epoch=2 step=3660/29520 loss=70.0720 Le=0.4679 Lc=1.8228 Ld=5.0587 lr=9.808e-06 gate_lr=9.808e-06 alpha=0.500+/-0.000 peak_mem=25.49GiB
epoch=2 step=3680/29520 loss=56.7897 Le=0.3393 Lc=1.7909 Ld=4.9555 lr=9.805e-06 gate_lr=9.805e-06 alpha=0.500+/-0.000 peak_mem=25.49GiB
epoch=2 step=3700/29520 loss=42.8111 Le=0.2001 Lc=1.7820 Ld=4.9790 lr=9.802e-06 gate_lr=9.802e-06 alpha=0.500+/-0.000 peak_mem=25.49GiB
epoch=2 step=3720/29520 loss=63.3413 Le=0.4199 Lc=1.6546 Ld=4.8012 lr=9.800e-06 gate_lr=9.800e-06 alpha=0.500+/-0.000 peak_mem=25.49GiB
epoch=2 step=3740/29520 loss=58.2363 Le=0.3607 Lc=1.7285 Ld=4.8862 lr=9.797e-06 gate_lr=9.797e-06 alpha=0.500+/-0.000 peak_mem=25.49GiB
epoch=2 step=3760/29520 loss=56.3465 Le=0.3290 Lc=1.8475 Ld=4.9759 lr=9.794e-06 gate_lr=9.794e-06 alpha=0.500+/-0.000 peak_mem=25.49GiB
epoch=2 step=3780/29520 loss=66.4024 Le=0.4227 Lc=1.9045 Ld=5.0913 lr=9.791e-06 gate_lr=9.791e-06 alpha=0.500+/-0.000 peak_mem=25.49GiB
epoch=2 step=3800/29520 loss=51.0428 Le=0.2898 Lc=1.7167 Ld=4.8942 lr=9.788e-06 gate_lr=9.788e-06 alpha=0.500+/-0.000 peak_mem=25.49GiB
epoch=2 step=3820/29520 loss=43.3103 Le=0.2027 Lc=1.8040 Ld=4.9995 lr=9.785e-06 gate_lr=9.785e-06 alpha=0.500+/-0.000 peak_mem=25.49GiB
epoch=2 step=3840/29520 loss=52.9698 Le=0.3134 Lc=1.6788 Ld=4.8439 lr=9.782e-06 gate_lr=9.782e-06 alpha=0.500+/-0.000 peak_mem=25.49GiB
epoch=2 step=3860/29520 loss=76.7705 Le=0.5485 Lc=1.7003 Ld=4.9134 lr=9.779e-06 gate_lr=9.779e-06 alpha=0.500+/-0.000 peak_mem=25.49GiB
epoch=2 step=3880/29520 loss=50.8080 Le=0.2740 Lc=1.8409 Ld=4.9954 lr=9.775e-06 gate_lr=9.775e-06 alpha=0.500+/-0.000 peak_mem=25.49GiB
epoch=2 step=3900/29520 loss=45.8607 Le=0.2197 Lc=1.8974 Ld=4.9136 lr=9.772e-06 gate_lr=9.772e-06 alpha=0.500+/-0.000 peak_mem=25.49GiB
epoch=2 step=3920/29520 loss=66.3117 Le=0.4408 Lc=1.7224 Ld=5.0084 lr=9.769e-06 gate_lr=9.769e-06 alpha=0.500+/-0.000 peak_mem=25.49GiB
epoch=2 step=3940/29520 loss=51.5043 Le=0.3097 Lc=1.5639 Ld=4.8922 lr=9.766e-06 gate_lr=9.766e-06 alpha=0.500+/-0.000 peak_mem=25.49GiB
epoch=2 step=3960/29520 loss=36.4352 Le=0.1436 Lc=1.6978 Ld=5.0922 lr=9.763e-06 gate_lr=9.763e-06 alpha=0.500+/-0.000 peak_mem=25.49GiB
epoch=2 step=3980/29520 loss=62.1427 Le=0.3904 Lc=1.8081 Ld=5.0221 lr=9.760e-06 gate_lr=9.760e-06 alpha=0.500+/-0.000 peak_mem=25.49GiB
epoch=2 step=4000/29520 loss=79.1357 Le=0.5552 Lc=1.8875 Ld=4.7423 lr=9.757e-06 gate_lr=9.757e-06 alpha=0.500+/-0.000 peak_mem=25.49GiB
epoch=2 step=4020/29520 loss=42.7329 Le=0.2138 Lc=1.6314 Ld=5.0389 lr=9.753e-06 gate_lr=9.753e-06 alpha=0.500+/-0.000 peak_mem=25.49GiB
epoch=2 step=4040/29520 loss=49.4046 Le=0.2728 Lc=1.7306 Ld=4.8175 lr=9.750e-06 gate_lr=9.750e-06 alpha=0.500+/-0.000 peak_mem=25.49GiB
epoch=2 step=4060/29520 loss=55.2894 Le=0.3279 Lc=1.7519 Ld=4.9786 lr=9.747e-06 gate_lr=9.747e-06 alpha=0.500+/-0.000 peak_mem=25.49GiB
epoch=2 step=4080/29520 loss=74.9075 Le=0.5309 Lc=1.6966 Ld=4.8494 lr=9.743e-06 gate_lr=9.743e-06 alpha=0.500+/-0.000 peak_mem=25.49GiB
epoch=2 step=4100/29520 loss=72.8017 Le=0.5141 Lc=1.6472 Ld=4.9222 lr=9.740e-06 gate_lr=9.740e-06 alpha=0.500+/-0.000 peak_mem=25.49GiB
epoch=2 step=4120/29520 loss=53.6263 Le=0.3246 Lc=1.6381 Ld=4.7858 lr=9.737e-06 gate_lr=9.737e-06 alpha=0.500+/-0.000 peak_mem=25.49GiB
epoch=2 step=4140/29520 loss=59.7085 Le=0.3537 Lc=1.9491 Ld=4.8501 lr=9.733e-06 gate_lr=9.733e-06 alpha=0.500+/-0.000 peak_mem=25.49GiB
epoch=2 step=4160/29520 loss=48.9111 Le=0.2831 Lc=1.5562 Ld=5.0424 lr=9.730e-06 gate_lr=9.730e-06 alpha=0.500+/-0.000 peak_mem=25.49GiB
epoch=2 step=4180/29520 loss=51.6738 Le=0.3061 Lc=1.6288 Ld=4.7802 lr=9.727e-06 gate_lr=9.727e-06 alpha=0.500+/-0.000 peak_mem=25.49GiB
epoch=2 step=4200/29520 loss=58.2701 Le=0.3591 Lc=1.7331 Ld=5.0280 lr=9.723e-06 gate_lr=9.723e-06 alpha=0.500+/-0.000 peak_mem=25.49GiB
epoch=2 step=4220/29520 loss=63.5582 Le=0.3859 Lc=2.0240 Ld=4.7328 lr=9.720e-06 gate_lr=9.720e-06 alpha=0.500+/-0.000 peak_mem=25.49GiB
epoch=2 step=4240/29520 loss=68.5956 Le=0.4553 Lc=1.8239 Ld=4.8230 lr=9.716e-06 gate_lr=9.716e-06 alpha=0.500+/-0.000 peak_mem=25.49GiB
epoch=2 step=4260/29520 loss=66.8447 Le=0.4409 Lc=1.7562 Ld=5.1892 lr=9.713e-06 gate_lr=9.713e-06 alpha=0.500+/-0.000 peak_mem=25.49GiB
epoch=2 step=4280/29520 loss=57.2993 Le=0.3415 Lc=1.8438 Ld=4.7154 lr=9.709e-06 gate_lr=9.709e-06 alpha=0.500+/-0.000 peak_mem=25.49GiB
epoch=2 step=4300/29520 loss=54.8635 Le=0.3467 Lc=1.5592 Ld=4.6035 lr=9.706e-06 gate_lr=9.706e-06 alpha=0.500+/-0.000 peak_mem=25.49GiB
epoch=2 step=4320/29520 loss=49.4275 Le=0.2664 Lc=1.8041 Ld=4.7493 lr=9.702e-06 gate_lr=9.702e-06 alpha=0.500+/-0.000 peak_mem=25.49GiB
epoch=2 step=4340/29520 loss=50.0129 Le=0.2737 Lc=1.7809 Ld=4.8376 lr=9.699e-06 gate_lr=9.699e-06 alpha=0.500+/-0.000 peak_mem=25.49GiB
epoch=2 step=4360/29520 loss=42.3666 Le=0.1999 Lc=1.7644 Ld=4.7280 lr=9.695e-06 gate_lr=9.695e-06 alpha=0.500+/-0.000 peak_mem=25.49GiB
epoch=2 step=4380/29520 loss=52.8198 Le=0.3072 Lc=1.7331 Ld=4.7729 lr=9.692e-06 gate_lr=9.692e-06 alpha=0.500+/-0.000 peak_mem=25.49GiB
epoch=2 step=4400/29520 loss=57.0933 Le=0.3511 Lc=1.7353 Ld=4.6341 lr=9.688e-06 gate_lr=9.688e-06 alpha=0.500+/-0.000 peak_mem=25.49GiB
epoch=2 step=4420/29520 loss=48.7974 Le=0.2666 Lc=1.7297 Ld=4.8367 lr=9.684e-06 gate_lr=9.684e-06 alpha=0.500+/-0.000 peak_mem=25.49GiB
epoch=2 step=4440/29520 loss=44.5267 Le=0.2374 Lc=1.6123 Ld=4.6641 lr=9.681e-06 gate_lr=9.681e-06 alpha=0.500+/-0.000 peak_mem=25.49GiB
epoch=2 step=4460/29520 loss=49.2625 Le=0.2808 Lc=1.6803 Ld=4.3805 lr=9.677e-06 gate_lr=9.677e-06 alpha=0.500+/-0.000 peak_mem=25.49GiB
epoch=2 step=4480/29520 loss=43.3693 Le=0.2128 Lc=1.7149 Ld=4.9437 lr=9.673e-06 gate_lr=9.673e-06 alpha=0.500+/-0.000 peak_mem=25.49GiB
epoch=2 step=4500/29520 loss=41.4377 Le=0.1909 Lc=1.7584 Ld=4.7592 lr=9.670e-06 gate_lr=9.670e-06 alpha=0.500+/-0.000 peak_mem=25.49GiB
epoch=2 step=4520/29520 loss=43.2520 Le=0.2160 Lc=1.6960 Ld=4.6967 lr=9.666e-06 gate_lr=9.666e-06 alpha=0.500+/-0.000 peak_mem=25.49GiB
epoch=2 step=4540/29520 loss=51.7204 Le=0.3031 Lc=1.6794 Ld=4.6158 lr=9.662e-06 gate_lr=9.662e-06 alpha=0.500+/-0.000 peak_mem=25.49GiB
epoch=2 step=4560/29520 loss=63.5548 Le=0.4253 Lc=1.6497 Ld=4.5286 lr=9.658e-06 gate_lr=9.658e-06 alpha=0.500+/-0.000 peak_mem=25.49GiB
epoch=2 step=4580/29520 loss=39.4456 Le=0.1826 Lc=1.6556 Ld=4.6321 lr=9.655e-06 gate_lr=9.655e-06 alpha=0.500+/-0.000 peak_mem=25.49GiB
epoch=2 step=4600/29520 loss=53.3523 Le=0.3065 Lc=1.8080 Ld=4.6178 lr=9.651e-06 gate_lr=9.651e-06 alpha=0.500+/-0.000 peak_mem=25.49GiB
epoch=2 step=4620/29520 loss=50.0225 Le=0.2802 Lc=1.7188 Ld=4.8143 lr=9.647e-06 gate_lr=9.647e-06 alpha=0.500+/-0.000 peak_mem=25.49GiB
epoch=2 step=4640/29520 loss=61.8558 Le=0.3982 Lc=1.7444 Ld=4.5884 lr=9.643e-06 gate_lr=9.643e-06 alpha=0.500+/-0.000 peak_mem=25.49GiB
epoch=2 step=4660/29520 loss=51.8235 Le=0.2969 Lc=1.7462 Ld=4.6696 lr=9.639e-06 gate_lr=9.639e-06 alpha=0.500+/-0.000 peak_mem=25.49GiB
epoch=2 step=4680/29520 loss=52.6893 Le=0.3113 Lc=1.6890 Ld=4.6668 lr=9.635e-06 gate_lr=9.635e-06 alpha=0.500+/-0.000 peak_mem=25.49GiB
epoch=2 step=4700/29520 loss=52.2767 Le=0.2960 Lc=1.7781 Ld=4.9000 lr=9.631e-06 gate_lr=9.631e-06 alpha=0.500+/-0.000 peak_mem=25.49GiB
epoch=2 step=4720/29520 loss=38.9230 Le=0.1829 Lc=1.5745 Ld=4.8838 lr=9.627e-06 gate_lr=9.627e-06 alpha=0.500+/-0.000 peak_mem=25.49GiB
epoch=2 step=4740/29520 loss=48.4878 Le=0.2730 Lc=1.6523 Ld=4.6628 lr=9.623e-06 gate_lr=9.623e-06 alpha=0.500+/-0.000 peak_mem=25.49GiB
epoch=2 step=4760/29520 loss=51.3309 Le=0.2984 Lc=1.6821 Ld=4.6703 lr=9.620e-06 gate_lr=9.620e-06 alpha=0.500+/-0.000 peak_mem=25.49GiB
epoch=2 step=4780/29520 loss=54.9251 Le=0.3272 Lc=1.7376 Ld=4.8269 lr=9.616e-06 gate_lr=9.616e-06 alpha=0.500+/-0.000 peak_mem=25.49GiB
epoch=2 step=4800/29520 loss=49.3777 Le=0.2902 Lc=1.5566 Ld=4.7954 lr=9.611e-06 gate_lr=9.611e-06 alpha=0.500+/-0.000 peak_mem=25.49GiB
epoch=2 step=4820/29520 loss=61.7363 Le=0.3824 Lc=1.8669 Ld=4.8261 lr=9.607e-06 gate_lr=9.607e-06 alpha=0.500+/-0.000 peak_mem=25.49GiB
epoch=2 step=4840/29520 loss=40.8096 Le=0.1980 Lc=1.6321 Ld=4.6929 lr=9.603e-06 gate_lr=9.603e-06 alpha=0.500+/-0.000 peak_mem=25.49GiB
epoch=2 step=4860/29520 loss=53.6769 Le=0.3165 Lc=1.7227 Ld=4.7985 lr=9.599e-06 gate_lr=9.599e-06 alpha=0.500+/-0.000 peak_mem=25.49GiB
epoch=2 step=4880/29520 loss=41.3600 Le=0.2042 Lc=1.6306 Ld=4.6366 lr=9.595e-06 gate_lr=9.595e-06 alpha=0.500+/-0.000 peak_mem=25.49GiB
epoch=2 step=4900/29520 loss=53.3535 Le=0.3126 Lc=1.7403 Ld=4.6887 lr=9.591e-06 gate_lr=9.591e-06 alpha=0.500+/-0.000 peak_mem=25.49GiB
epoch=2 step=4920/29520 loss=50.1896 Le=0.2717 Lc=1.8218 Ld=4.7994 lr=9.587e-06 gate_lr=9.587e-06 alpha=0.500+/-0.000 peak_mem=25.49GiB
epoch=2 step=4940/29520 loss=51.3318 Le=0.2918 Lc=1.7364 Ld=4.7852 lr=9.583e-06 gate_lr=9.583e-06 alpha=0.500+/-0.000 peak_mem=25.49GiB
epoch=2 step=4960/29520 loss=43.6608 Le=0.2296 Lc=1.6361 Ld=4.3437 lr=9.579e-06 gate_lr=9.579e-06 alpha=0.500+/-0.000 peak_mem=25.49GiB
epoch=2 step=4980/29520 loss=33.7045 Le=0.1167 Lc=1.7398 Ld=4.6391 lr=9.574e-06 gate_lr=9.574e-06 alpha=0.500+/-0.000 peak_mem=25.49GiB
epoch=2 step=5000/29520 loss=43.0154 Le=0.2178 Lc=1.6663 Ld=4.5720 lr=9.570e-06 gate_lr=9.570e-06 alpha=0.500+/-0.000 peak_mem=25.49GiB
epoch=2 step=5020/29520 loss=48.3673 Le=0.2639 Lc=1.7289 Ld=4.6846 lr=9.566e-06 gate_lr=9.566e-06 alpha=0.500+/-0.000 peak_mem=25.49GiB
epoch=2 step=5040/29520 loss=50.0561 Le=0.2832 Lc=1.7236 Ld=4.5040 lr=9.562e-06 gate_lr=9.562e-06 alpha=0.500+/-0.000 peak_mem=25.49GiB
epoch=2 step=5060/29520 loss=51.5620 Le=0.2973 Lc=1.7042 Ld=4.7875 lr=9.557e-06 gate_lr=9.557e-06 alpha=0.500+/-0.000 peak_mem=25.49GiB
epoch=2 step=5080/29520 loss=62.0970 Le=0.4052 Lc=1.6835 Ld=4.7398 lr=9.553e-06 gate_lr=9.553e-06 alpha=0.500+/-0.000 peak_mem=25.49GiB
epoch=2 step=5100/29520 loss=44.0217 Le=0.2117 Lc=1.7937 Ld=4.9136 lr=9.549e-06 gate_lr=9.549e-06 alpha=0.500+/-0.000 peak_mem=25.49GiB
epoch=2 step=5120/29520 loss=65.0493 Le=0.4292 Lc=1.7335 Ld=4.7904 lr=9.544e-06 gate_lr=9.544e-06 alpha=0.500+/-0.000 peak_mem=25.49GiB
epoch=2 step=5140/29520 loss=39.3925 Le=0.1896 Lc=1.5646 Ld=4.7894 lr=9.540e-06 gate_lr=9.540e-06 alpha=0.500+/-0.000 peak_mem=25.49GiB
epoch=2 step=5160/29520 loss=47.2429 Le=0.2632 Lc=1.6377 Ld=4.5438 lr=9.536e-06 gate_lr=9.536e-06 alpha=0.500+/-0.000 peak_mem=25.49GiB
epoch=2 step=5180/29520 loss=48.0321 Le=0.2723 Lc=1.6128 Ld=4.6710 lr=9.531e-06 gate_lr=9.531e-06 alpha=0.500+/-0.000 peak_mem=25.49GiB
epoch=2 step=5200/29520 loss=41.8541 Le=0.2073 Lc=1.6198 Ld=4.9285 lr=9.527e-06 gate_lr=9.527e-06 alpha=0.500+/-0.000 peak_mem=25.49GiB
epoch=2 step=5220/29520 loss=45.4871 Le=0.2478 Lc=1.6121 Ld=4.5878 lr=9.522e-06 gate_lr=9.522e-06 alpha=0.500+/-0.000 peak_mem=25.49GiB
epoch=2 step=5240/29520 loss=67.3352 Le=0.4451 Lc=1.8249 Ld=4.5730 lr=9.518e-06 gate_lr=9.518e-06 alpha=0.500+/-0.000 peak_mem=25.49GiB
epoch=2 step=5260/29520 loss=46.8338 Le=0.2510 Lc=1.7257 Ld=4.4765 lr=9.514e-06 gate_lr=9.514e-06 alpha=0.500+/-0.000 peak_mem=25.49GiB
epoch=2 step=5280/29520 loss=49.6748 Le=0.2870 Lc=1.6498 Ld=4.4779 lr=9.509e-06 gate_lr=9.509e-06 alpha=0.500+/-0.000 peak_mem=25.49GiB
epoch=2 step=5300/29520 loss=59.4593 Le=0.3830 Lc=1.6713 Ld=4.4476 lr=9.505e-06 gate_lr=9.505e-06 alpha=0.500+/-0.000 peak_mem=25.49GiB
epoch=2 step=5320/29520 loss=42.3618 Le=0.2164 Lc=1.6191 Ld=4.5356 lr=9.500e-06 gate_lr=9.500e-06 alpha=0.500+/-0.000 peak_mem=25.49GiB
epoch=2 step=5340/29520 loss=43.9766 Le=0.2156 Lc=1.7845 Ld=4.5723 lr=9.495e-06 gate_lr=9.495e-06 alpha=0.500+/-0.000 peak_mem=25.49GiB
epoch=2 step=5360/29520 loss=41.7084 Le=0.1976 Lc=1.7449 Ld=4.5025 lr=9.491e-06 gate_lr=9.491e-06 alpha=0.500+/-0.000 peak_mem=25.49GiB
epoch=2 step=5380/29520 loss=52.3619 Le=0.3272 Lc=1.5081 Ld=4.5599 lr=9.486e-06 gate_lr=9.486e-06 alpha=0.500+/-0.000 peak_mem=25.49GiB
epoch=2 step=5400/29520 loss=59.0519 Le=0.3635 Lc=1.8409 Ld=4.2883 lr=9.482e-06 gate_lr=9.482e-06 alpha=0.500+/-0.000 peak_mem=25.49GiB
epoch=2 step=5420/29520 loss=35.8951 Le=0.1599 Lc=1.5429 Ld=4.4736 lr=9.477e-06 gate_lr=9.477e-06 alpha=0.500+/-0.000 peak_mem=25.49GiB
epoch=2 step=5440/29520 loss=49.9424 Le=0.2941 Lc=1.5910 Ld=4.6208 lr=9.472e-06 gate_lr=9.472e-06 alpha=0.500+/-0.000 peak_mem=25.49GiB
epoch=2 step=5460/29520 loss=66.6835 Le=0.4536 Lc=1.6952 Ld=4.3683 lr=9.468e-06 gate_lr=9.468e-06 alpha=0.500+/-0.000 peak_mem=25.49GiB
epoch=2 step=5480/29520 loss=62.0344 Le=0.4127 Lc=1.6343 Ld=4.4169 lr=9.463e-06 gate_lr=9.463e-06 alpha=0.500+/-0.000 peak_mem=25.49GiB
epoch=2 step=5500/29520 loss=42.4250 Le=0.2183 Lc=1.6318 Ld=4.2774 lr=9.458e-06 gate_lr=9.458e-06 alpha=0.500+/-0.000 peak_mem=25.49GiB
epoch=2 step=5520/29520 loss=54.8444 Le=0.3435 Lc=1.5996 Ld=4.4942 lr=9.454e-06 gate_lr=9.454e-06 alpha=0.500+/-0.000 peak_mem=25.49GiB
epoch=2 step=5540/29520 loss=44.2231 Le=0.2381 Lc=1.5905 Ld=4.5042 lr=9.449e-06 gate_lr=9.449e-06 alpha=0.500+/-0.000 peak_mem=25.49GiB
epoch=2 step=5560/29520 loss=53.2150 Le=0.3231 Lc=1.6482 Ld=4.4192 lr=9.444e-06 gate_lr=9.444e-06 alpha=0.500+/-0.000 peak_mem=25.49GiB
epoch=2 step=5580/29520 loss=52.3910 Le=0.3084 Lc=1.7097 Ld=4.4522 lr=9.439e-06 gate_lr=9.439e-06 alpha=0.500+/-0.000 peak_mem=25.49GiB
epoch=2 step=5600/29520 loss=46.3794 Le=0.2501 Lc=1.7023 Ld=4.3462 lr=9.435e-06 gate_lr=9.435e-06 alpha=0.500+/-0.000 peak_mem=25.49GiB
epoch=2 step=5620/29520 loss=45.1573 Le=0.2352 Lc=1.7070 Ld=4.5693 lr=9.430e-06 gate_lr=9.430e-06 alpha=0.500+/-0.000 peak_mem=25.49GiB
epoch=2 step=5640/29520 loss=35.2506 Le=0.1424 Lc=1.6783 Ld=4.2291 lr=9.425e-06 gate_lr=9.425e-06 alpha=0.500+/-0.000 peak_mem=25.49GiB
epoch=2 step=5660/29520 loss=36.8670 Le=0.1712 Lc=1.5200 Ld=4.5418 lr=9.420e-06 gate_lr=9.420e-06 alpha=0.500+/-0.000 peak_mem=25.49GiB
epoch=2 step=5680/29520 loss=47.0305 Le=0.2804 Lc=1.4536 Ld=4.4572 lr=9.415e-06 gate_lr=9.415e-06 alpha=0.500+/-0.000 peak_mem=25.49GiB
epoch=2 step=5700/29520 loss=51.8255 Le=0.3083 Lc=1.6277 Ld=4.7180 lr=9.410e-06 gate_lr=9.410e-06 alpha=0.500+/-0.000 peak_mem=25.49GiB
epoch=2 step=5720/29520 loss=48.5396 Le=0.2811 Lc=1.5840 Ld=4.5940 lr=9.405e-06 gate_lr=9.405e-06 alpha=0.500+/-0.000 peak_mem=25.49GiB
epoch=2 step=5740/29520 loss=57.1370 Le=0.3627 Lc=1.6448 Ld=4.4198 lr=9.400e-06 gate_lr=9.400e-06 alpha=0.500+/-0.000 peak_mem=25.49GiB
epoch=2 step=5760/29520 loss=57.7993 Le=0.3626 Lc=1.7123 Ld=4.4135 lr=9.395e-06 gate_lr=9.395e-06 alpha=0.500+/-0.000 peak_mem=25.49GiB
epoch=2 step=5780/29520 loss=48.0090 Le=0.2734 Lc=1.6190 Ld=4.4813 lr=9.390e-06 gate_lr=9.390e-06 alpha=0.500+/-0.000 peak_mem=25.49GiB
epoch=2 step=5800/29520 loss=49.2212 Le=0.2814 Lc=1.6512 Ld=4.5694 lr=9.385e-06 gate_lr=9.385e-06 alpha=0.500+/-0.000 peak_mem=25.49GiB
epoch=2 step=5820/29520 loss=44.4170 Le=0.2486 Lc=1.5083 Ld=4.4723 lr=9.380e-06 gate_lr=9.380e-06 alpha=0.500+/-0.000 peak_mem=25.49GiB
epoch=2 step=5840/29520 loss=44.6188 Le=0.2450 Lc=1.5745 Ld=4.3779 lr=9.375e-06 gate_lr=9.375e-06 alpha=0.500+/-0.000 peak_mem=25.49GiB
epoch=2 step=5860/29520 loss=45.9644 Le=0.2488 Lc=1.6599 Ld=4.4898 lr=9.370e-06 gate_lr=9.370e-06 alpha=0.500+/-0.000 peak_mem=25.49GiB
epoch=2 step=5880/29520 loss=42.8536 Le=0.2196 Lc=1.6285 Ld=4.6135 lr=9.365e-06 gate_lr=9.365e-06 alpha=0.500+/-0.000 peak_mem=25.49GiB
epoch=2 step=5900/29520 loss=40.0624 Le=0.1994 Lc=1.5730 Ld=4.3943 lr=9.360e-06 gate_lr=9.360e-06 alpha=0.500+/-0.000 peak_mem=25.49GiB
epoch=2 checkpoints saved
epoch=3 step=5920/29520 loss=42.7196 Le=0.2269 Lc=1.5537 Ld=4.4961 lr=9.355e-06 gate_lr=9.355e-06 alpha=0.500+/-0.000 peak_mem=25.49GiB
epoch=3 step=5940/29520 loss=41.1775 Le=0.2180 Lc=1.5108 Ld=4.2679 lr=9.350e-06 gate_lr=9.350e-06 alpha=0.500+/-0.000 peak_mem=25.49GiB
epoch=3 step=5960/29520 loss=52.4657 Le=0.3085 Lc=1.7128 Ld=4.4884 lr=9.345e-06 gate_lr=9.345e-06 alpha=0.500+/-0.000 peak_mem=25.49GiB
epoch=3 step=5980/29520 loss=47.9283 Le=0.2753 Lc=1.5871 Ld=4.5265 lr=9.340e-06 gate_lr=9.340e-06 alpha=0.500+/-0.000 peak_mem=25.49GiB
epoch=3 step=6000/29520 loss=53.3252 Le=0.3226 Lc=1.6614 Ld=4.4506 lr=9.335e-06 gate_lr=9.335e-06 alpha=0.500+/-0.000 peak_mem=25.49GiB
epoch=3 step=6020/29520 loss=38.3714 Le=0.1890 Lc=1.5032 Ld=4.4429 lr=9.329e-06 gate_lr=9.329e-06 alpha=0.500+/-0.000 peak_mem=25.49GiB
epoch=3 step=6040/29520 loss=63.2757 Le=0.4316 Lc=1.5685 Ld=4.4301 lr=9.324e-06 gate_lr=9.324e-06 alpha=0.500+/-0.000 peak_mem=25.49GiB
epoch=3 step=6060/29520 loss=44.1081 Le=0.2397 Lc=1.5673 Ld=4.4635 lr=9.319e-06 gate_lr=9.319e-06 alpha=0.500+/-0.000 peak_mem=25.49GiB
epoch=3 step=6080/29520 loss=45.3908 Le=0.2532 Lc=1.5820 Ld=4.2488 lr=9.314e-06 gate_lr=9.314e-06 alpha=0.500+/-0.000 peak_mem=25.49GiB
epoch=3 step=6100/29520 loss=41.3929 Le=0.2113 Lc=1.5898 Ld=4.3603 lr=9.308e-06 gate_lr=9.308e-06 alpha=0.500+/-0.000 peak_mem=25.49GiB
epoch=3 step=6120/29520 loss=51.9388 Le=0.3175 Lc=1.5812 Ld=4.3758 lr=9.303e-06 gate_lr=9.303e-06 alpha=0.500+/-0.000 peak_mem=25.49GiB
epoch=3 step=6140/29520 loss=49.8203 Le=0.2928 Lc=1.5988 Ld=4.5508 lr=9.298e-06 gate_lr=9.298e-06 alpha=0.500+/-0.000 peak_mem=25.49GiB
epoch=3 step=6160/29520 loss=38.9629 Le=0.1968 Lc=1.4935 Ld=4.3523 lr=9.292e-06 gate_lr=9.292e-06 alpha=0.500+/-0.000 peak_mem=25.49GiB
epoch=3 step=6180/29520 loss=38.8417 Le=0.1985 Lc=1.4604 Ld=4.3838 lr=9.287e-06 gate_lr=9.287e-06 alpha=0.500+/-0.000 peak_mem=25.49GiB
epoch=3 step=6200/29520 loss=40.1163 Le=0.1934 Lc=1.6189 Ld=4.5922 lr=9.282e-06 gate_lr=9.282e-06 alpha=0.500+/-0.000 peak_mem=25.49GiB
epoch=3 step=6220/29520 loss=41.6418 Le=0.2139 Lc=1.5820 Ld=4.4336 lr=9.276e-06 gate_lr=9.276e-06 alpha=0.500+/-0.000 peak_mem=25.49GiB
epoch=3 step=6240/29520 loss=42.8176 Le=0.2238 Lc=1.6131 Ld=4.3056 lr=9.271e-06 gate_lr=9.271e-06 alpha=0.500+/-0.000 peak_mem=25.49GiB
epoch=3 step=6260/29520 loss=44.1122 Le=0.2481 Lc=1.4847 Ld=4.4533 lr=9.266e-06 gate_lr=9.266e-06 alpha=0.500+/-0.000 peak_mem=25.49GiB
epoch=3 step=6280/29520 loss=48.0265 Le=0.2581 Lc=1.7931 Ld=4.2838 lr=9.260e-06 gate_lr=9.260e-06 alpha=0.500+/-0.000 peak_mem=25.49GiB
epoch=3 step=6300/29520 loss=40.3625 Le=0.2003 Lc=1.6058 Ld=4.2725 lr=9.255e-06 gate_lr=9.255e-06 alpha=0.500+/-0.000 peak_mem=25.49GiB
epoch=3 step=6320/29520 loss=42.9874 Le=0.2185 Lc=1.6582 Ld=4.5574 lr=9.249e-06 gate_lr=9.249e-06 alpha=0.500+/-0.000 peak_mem=25.49GiB
epoch=3 step=6340/29520 loss=47.3183 Le=0.2788 Lc=1.4875 Ld=4.5616 lr=9.244e-06 gate_lr=9.244e-06 alpha=0.500+/-0.000 peak_mem=25.49GiB
epoch=3 step=6360/29520 loss=52.5863 Le=0.3218 Lc=1.5977 Ld=4.4265 lr=9.238e-06 gate_lr=9.238e-06 alpha=0.500+/-0.000 peak_mem=25.49GiB
epoch=3 step=6380/29520 loss=62.6037 Le=0.4266 Lc=1.5425 Ld=4.5147 lr=9.233e-06 gate_lr=9.233e-06 alpha=0.500+/-0.000 peak_mem=25.49GiB
epoch=3 step=6400/29520 loss=45.5536 Le=0.2503 Lc=1.6000 Ld=4.5260 lr=9.227e-06 gate_lr=9.227e-06 alpha=0.500+/-0.000 peak_mem=25.49GiB
epoch=3 step=6420/29520 loss=39.3583 Le=0.1953 Lc=1.5380 Ld=4.4464 lr=9.222e-06 gate_lr=9.222e-06 alpha=0.500+/-0.000 peak_mem=25.49GiB
epoch=3 step=6440/29520 loss=42.5856 Le=0.2201 Lc=1.6253 Ld=4.3251 lr=9.216e-06 gate_lr=9.216e-06 alpha=0.500+/-0.000 peak_mem=25.49GiB
epoch=3 step=6460/29520 loss=46.2379 Le=0.2635 Lc=1.5495 Ld=4.3929 lr=9.210e-06 gate_lr=9.210e-06 alpha=0.500+/-0.000 peak_mem=25.49GiB
epoch=3 step=6480/29520 loss=40.4891 Le=0.1929 Lc=1.6901 Ld=4.2972 lr=9.205e-06 gate_lr=9.205e-06 alpha=0.500+/-0.000 peak_mem=25.49GiB
epoch=3 step=6500/29520 loss=32.1179 Le=0.1194 Lc=1.5632 Ld=4.5495 lr=9.199e-06 gate_lr=9.199e-06 alpha=0.500+/-0.000 peak_mem=25.49GiB
epoch=3 step=6520/29520 loss=48.0420 Le=0.2818 Lc=1.5305 Ld=4.5596 lr=9.193e-06 gate_lr=9.193e-06 alpha=0.500+/-0.000 peak_mem=25.49GiB
epoch=3 step=6540/29520 loss=39.2213 Le=0.1868 Lc=1.5941 Ld=4.6021 lr=9.188e-06 gate_lr=9.188e-06 alpha=0.500+/-0.000 peak_mem=25.49GiB
epoch=3 step=6560/29520 loss=25.9689 Le=0.0638 Lc=1.5008 Ld=4.5831 lr=9.182e-06 gate_lr=9.182e-06 alpha=0.500+/-0.000 peak_mem=25.49GiB
epoch=3 step=6580/29520 loss=29.8340 Le=0.0844 Lc=1.7086 Ld=4.3065 lr=9.176e-06 gate_lr=9.176e-06 alpha=0.500+/-0.000 peak_mem=25.49GiB
epoch=3 step=6600/29520 loss=38.7977 Le=0.1810 Lc=1.6239 Ld=4.4561 lr=9.171e-06 gate_lr=9.171e-06 alpha=0.500+/-0.000 peak_mem=25.49GiB
epoch=3 step=6620/29520 loss=46.3523 Le=0.2509 Lc=1.6787 Ld=4.4747 lr=9.165e-06 gate_lr=9.165e-06 alpha=0.500+/-0.000 peak_mem=25.49GiB
epoch=3 step=6640/29520 loss=37.4691 Le=0.1850 Lc=1.4721 Ld=4.2509 lr=9.159e-06 gate_lr=9.159e-06 alpha=0.500+/-0.000 peak_mem=25.49GiB
epoch=3 step=6660/29520 loss=41.4090 Le=0.2202 Lc=1.5178 Ld=4.2128 lr=9.153e-06 gate_lr=9.153e-06 alpha=0.500+/-0.000 peak_mem=25.49GiB
epoch=3 step=6680/29520 loss=43.2543 Le=0.2377 Lc=1.5386 Ld=4.0947 lr=9.148e-06 gate_lr=9.148e-06 alpha=0.500+/-0.000 peak_mem=25.49GiB
epoch=3 step=6700/29520 loss=35.3995 Le=0.1618 Lc=1.4792 Ld=4.4307 lr=9.142e-06 gate_lr=9.142e-06 alpha=0.500+/-0.000 peak_mem=25.49GiB
epoch=3 step=6720/29520 loss=42.7876 Le=0.2258 Lc=1.5842 Ld=4.3661 lr=9.136e-06 gate_lr=9.136e-06 alpha=0.500+/-0.000 peak_mem=25.49GiB
epoch=3 step=6740/29520 loss=45.8470 Le=0.2671 Lc=1.4939 Ld=4.1970 lr=9.130e-06 gate_lr=9.130e-06 alpha=0.500+/-0.000 peak_mem=25.49GiB
epoch=3 step=6760/29520 loss=50.4850 Le=0.3067 Lc=1.5276 Ld=4.5386 lr=9.124e-06 gate_lr=9.124e-06 alpha=0.500+/-0.000 peak_mem=25.49GiB
epoch=3 step=6780/29520 loss=59.8111 Le=0.3942 Lc=1.6112 Ld=4.2744 lr=9.118e-06 gate_lr=9.118e-06 alpha=0.500+/-0.000 peak_mem=25.49GiB
epoch=3 step=6800/29520 loss=43.8396 Le=0.2254 Lc=1.6809 Ld=4.4888 lr=9.112e-06 gate_lr=9.112e-06 alpha=0.500+/-0.000 peak_mem=25.49GiB
epoch=3 step=6820/29520 loss=37.8718 Le=0.1853 Lc=1.5000 Ld=4.3432 lr=9.106e-06 gate_lr=9.106e-06 alpha=0.500+/-0.000 peak_mem=25.49GiB
epoch=3 step=6840/29520 loss=40.7620 Le=0.2183 Lc=1.4601 Ld=4.3338 lr=9.101e-06 gate_lr=9.101e-06 alpha=0.500+/-0.000 peak_mem=25.49GiB
epoch=3 step=6860/29520 loss=56.3244 Le=0.3570 Lc=1.6488 Ld=4.1346 lr=9.095e-06 gate_lr=9.095e-06 alpha=0.500+/-0.000 peak_mem=25.49GiB
epoch=3 step=6880/29520 loss=45.0474 Le=0.2605 Lc=1.4824 Ld=4.1692 lr=9.089e-06 gate_lr=9.089e-06 alpha=0.500+/-0.000 peak_mem=25.49GiB
epoch=3 step=6900/29520 loss=44.2353 Le=0.2305 Lc=1.6664 Ld=4.5266 lr=9.083e-06 gate_lr=9.083e-06 alpha=0.500+/-0.000 peak_mem=25.49GiB
epoch=3 step=6920/29520 loss=37.7174 Le=0.1721 Lc=1.6081 Ld=4.4262 lr=9.077e-06 gate_lr=9.077e-06 alpha=0.500+/-0.000 peak_mem=25.49GiB
epoch=3 step=6940/29520 loss=35.3003 Le=0.1655 Lc=1.4504 Ld=4.2511 lr=9.071e-06 gate_lr=9.071e-06 alpha=0.500+/-0.000 peak_mem=25.49GiB
epoch=3 step=6960/29520 loss=50.3983 Le=0.2923 Lc=1.6803 Ld=4.3653 lr=9.065e-06 gate_lr=9.065e-06 alpha=0.500+/-0.000 peak_mem=25.49GiB
epoch=3 step=6980/29520 loss=44.8226 Le=0.2398 Lc=1.6427 Ld=4.4128 lr=9.058e-06 gate_lr=9.058e-06 alpha=0.500+/-0.000 peak_mem=25.49GiB
epoch=3 step=7000/29520 loss=58.8021 Le=0.3965 Lc=1.5040 Ld=4.1090 lr=9.052e-06 gate_lr=9.052e-06 alpha=0.500+/-0.000 peak_mem=25.49GiB
epoch=3 step=7020/29520 loss=33.1200 Le=0.1483 Lc=1.4175 Ld=4.1158 lr=9.046e-06 gate_lr=9.046e-06 alpha=0.500+/-0.000 peak_mem=25.49GiB
epoch=3 step=7040/29520 loss=47.6497 Le=0.2665 Lc=1.6792 Ld=4.2084 lr=9.040e-06 gate_lr=9.040e-06 alpha=0.500+/-0.000 peak_mem=25.49GiB
epoch=3 step=7060/29520 loss=37.8272 Le=0.1803 Lc=1.5417 Ld=4.3785 lr=9.034e-06 gate_lr=9.034e-06 alpha=0.500+/-0.000 peak_mem=25.49GiB
epoch=3 step=7080/29520 loss=39.3362 Le=0.1899 Lc=1.6123 Ld=4.2252 lr=9.028e-06 gate_lr=9.028e-06 alpha=0.500+/-0.000 peak_mem=25.49GiB
epoch=3 step=7100/29520 loss=46.1075 Le=0.2677 Lc=1.5162 Ld=4.1714 lr=9.022e-06 gate_lr=9.022e-06 alpha=0.500+/-0.000 peak_mem=25.49GiB
epoch=3 step=7120/29520 loss=38.1035 Le=0.1729 Lc=1.6705 Ld=4.1124 lr=9.016e-06 gate_lr=9.016e-06 alpha=0.500+/-0.000 peak_mem=25.49GiB
epoch=3 step=7140/29520 loss=44.7854 Le=0.2431 Lc=1.6212 Ld=4.2666 lr=9.009e-06 gate_lr=9.009e-06 alpha=0.500+/-0.000 peak_mem=25.49GiB
epoch=3 step=7160/29520 loss=51.4893 Le=0.3140 Lc=1.5530 Ld=4.5606 lr=9.003e-06 gate_lr=9.003e-06 alpha=0.500+/-0.000 peak_mem=25.49GiB
epoch=3 step=7180/29520 loss=45.6459 Le=0.2520 Lc=1.6109 Ld=4.3356 lr=8.997e-06 gate_lr=8.997e-06 alpha=0.500+/-0.000 peak_mem=25.49GiB
epoch=3 step=7200/29520 loss=45.7754 Le=0.2558 Lc=1.6153 Ld=4.0407 lr=8.991e-06 gate_lr=8.991e-06 alpha=0.500+/-0.000 peak_mem=25.49GiB
epoch=3 step=7220/29520 loss=38.5841 Le=0.1776 Lc=1.6311 Ld=4.5177 lr=8.984e-06 gate_lr=8.984e-06 alpha=0.500+/-0.000 peak_mem=25.49GiB
epoch=3 step=7240/29520 loss=39.2422 Le=0.1977 Lc=1.5318 Ld=4.1553 lr=8.978e-06 gate_lr=8.978e-06 alpha=0.500+/-0.000 peak_mem=25.49GiB
epoch=3 step=7260/29520 loss=47.3170 Le=0.2635 Lc=1.6593 Ld=4.3743 lr=8.972e-06 gate_lr=8.972e-06 alpha=0.500+/-0.000 peak_mem=25.49GiB
epoch=3 step=7280/29520 loss=38.5629 Le=0.1856 Lc=1.5812 Ld=4.1910 lr=8.966e-06 gate_lr=8.966e-06 alpha=0.500+/-0.000 peak_mem=25.49GiB
epoch=3 step=7300/29520 loss=40.0851 Le=0.2026 Lc=1.5301 Ld=4.5278 lr=8.959e-06 gate_lr=8.959e-06 alpha=0.500+/-0.000 peak_mem=25.49GiB
epoch=3 step=7320/29520 loss=38.7061 Le=0.1844 Lc=1.6012 Ld=4.2572 lr=8.953e-06 gate_lr=8.953e-06 alpha=0.500+/-0.000 peak_mem=25.49GiB
epoch=3 step=7340/29520 loss=42.8765 Le=0.2396 Lc=1.4494 Ld=4.4182 lr=8.946e-06 gate_lr=8.946e-06 alpha=0.500+/-0.000 peak_mem=25.49GiB
epoch=3 step=7360/29520 loss=38.1105 Le=0.1975 Lc=1.4070 Ld=4.2917 lr=8.940e-06 gate_lr=8.940e-06 alpha=0.500+/-0.000 peak_mem=25.49GiB
epoch=3 step=7380/29520 loss=47.5509 Le=0.2774 Lc=1.5662 Ld=4.1466 lr=8.934e-06 gate_lr=8.934e-06 alpha=0.500+/-0.000 peak_mem=25.49GiB
epoch=3 step=7400/29520 loss=45.2131 Le=0.2555 Lc=1.5552 Ld=4.1080 lr=8.927e-06 gate_lr=8.927e-06 alpha=0.500+/-0.000 peak_mem=25.49GiB
epoch=3 step=7420/29520 loss=47.3212 Le=0.2827 Lc=1.5103 Ld=3.9444 lr=8.921e-06 gate_lr=8.921e-06 alpha=0.500+/-0.000 peak_mem=25.49GiB
epoch=3 step=7440/29520 loss=32.5290 Le=0.1265 Lc=1.5386 Ld=4.4923 lr=8.914e-06 gate_lr=8.914e-06 alpha=0.500+/-0.000 peak_mem=25.49GiB
epoch=3 step=7460/29520 loss=38.7020 Le=0.1669 Lc=1.7745 Ld=4.2688 lr=8.908e-06 gate_lr=8.908e-06 alpha=0.500+/-0.000 peak_mem=25.49GiB
epoch=3 step=7480/29520 loss=45.1927 Le=0.2284 Lc=1.8127 Ld=4.2239 lr=8.901e-06 gate_lr=8.901e-06 alpha=0.500+/-0.000 peak_mem=25.49GiB
epoch=3 step=7500/29520 loss=48.0593 Le=0.2730 Lc=1.6591 Ld=4.1663 lr=8.895e-06 gate_lr=8.895e-06 alpha=0.500+/-0.000 peak_mem=25.49GiB
epoch=3 step=7520/29520 loss=51.8153 Le=0.3175 Lc=1.5613 Ld=4.4554 lr=8.888e-06 gate_lr=8.888e-06 alpha=0.500+/-0.000 peak_mem=25.49GiB
epoch=3 step=7540/29520 loss=37.2313 Le=0.1563 Lc=1.7566 Ld=4.0348 lr=8.882e-06 gate_lr=8.882e-06 alpha=0.500+/-0.000 peak_mem=25.49GiB
epoch=3 step=7560/29520 loss=38.9904 Le=0.1966 Lc=1.5186 Ld=4.1451 lr=8.875e-06 gate_lr=8.875e-06 alpha=0.500+/-0.000 peak_mem=25.49GiB
epoch=3 step=7580/29520 loss=33.6141 Le=0.1559 Lc=1.4017 Ld=4.0073 lr=8.869e-06 gate_lr=8.869e-06 alpha=0.500+/-0.000 peak_mem=25.49GiB
epoch=3 step=7600/29520 loss=49.3857 Le=0.2894 Lc=1.6266 Ld=4.1787 lr=8.862e-06 gate_lr=8.862e-06 alpha=0.500+/-0.000 peak_mem=25.49GiB
epoch=3 step=7620/29520 loss=40.4801 Le=0.1930 Lc=1.6850 Ld=4.3325 lr=8.856e-06 gate_lr=8.856e-06 alpha=0.500+/-0.000 peak_mem=25.49GiB
epoch=3 step=7640/29520 loss=43.0553 Le=0.2259 Lc=1.6305 Ld=4.1633 lr=8.849e-06 gate_lr=8.849e-06 alpha=0.500+/-0.000 peak_mem=25.49GiB
epoch=3 step=7660/29520 loss=35.7812 Le=0.1653 Lc=1.4867 Ld=4.3805 lr=8.842e-06 gate_lr=8.842e-06 alpha=0.500+/-0.000 peak_mem=25.49GiB
epoch=3 step=7680/29520 loss=39.0449 Le=0.1939 Lc=1.5288 Ld=4.3688 lr=8.836e-06 gate_lr=8.836e-06 alpha=0.500+/-0.000 peak_mem=25.49GiB
epoch=3 step=7700/29520 loss=50.8316 Le=0.3082 Lc=1.5874 Ld=4.1415 lr=8.829e-06 gate_lr=8.829e-06 alpha=0.500+/-0.000 peak_mem=25.49GiB
epoch=3 step=7720/29520 loss=40.3190 Le=0.2061 Lc=1.5485 Ld=4.2211 lr=8.822e-06 gate_lr=8.822e-06 alpha=0.500+/-0.000 peak_mem=25.49GiB
epoch=3 step=7740/29520 loss=33.5651 Le=0.1284 Lc=1.6508 Ld=4.2125 lr=8.816e-06 gate_lr=8.816e-06 alpha=0.500+/-0.000 peak_mem=25.49GiB
epoch=3 step=7760/29520 loss=28.8067 Le=0.0967 Lc=1.5056 Ld=4.0784 lr=8.809e-06 gate_lr=8.809e-06 alpha=0.500+/-0.000 peak_mem=25.49GiB
epoch=3 step=7780/29520 loss=46.8191 Le=0.2844 Lc=1.4113 Ld=4.2706 lr=8.802e-06 gate_lr=8.802e-06 alpha=0.500+/-0.000 peak_mem=25.49GiB
epoch=3 step=7800/29520 loss=33.7915 Le=0.1430 Lc=1.5190 Ld=4.3013 lr=8.796e-06 gate_lr=8.796e-06 alpha=0.500+/-0.000 peak_mem=25.49GiB
epoch=3 step=7820/29520 loss=31.5250 Le=0.1291 Lc=1.4314 Ld=4.3040 lr=8.789e-06 gate_lr=8.789e-06 alpha=0.500+/-0.000 peak_mem=25.49GiB
epoch=3 step=7840/29520 loss=33.4529 Le=0.1405 Lc=1.5447 Ld=3.9558 lr=8.782e-06 gate_lr=8.782e-06 alpha=0.500+/-0.000 peak_mem=25.49GiB
epoch=3 step=7860/29520 loss=39.4948 Le=0.2045 Lc=1.4857 Ld=4.1837 lr=8.775e-06 gate_lr=8.775e-06 alpha=0.500+/-0.000 peak_mem=25.49GiB
epoch=3 step=7880/29520 loss=27.7290 Le=0.0847 Lc=1.4870 Ld=4.3942 lr=8.768e-06 gate_lr=8.768e-06 alpha=0.500+/-0.000 peak_mem=25.49GiB
epoch=3 step=7900/29520 loss=54.4300 Le=0.3428 Lc=1.5959 Ld=4.1866 lr=8.762e-06 gate_lr=8.762e-06 alpha=0.500+/-0.000 peak_mem=25.49GiB
epoch=3 step=7920/29520 loss=49.5070 Le=0.3010 Lc=1.5151 Ld=4.2521 lr=8.755e-06 gate_lr=8.755e-06 alpha=0.500+/-0.000 peak_mem=25.49GiB
epoch=3 step=7940/29520 loss=36.9206 Le=0.1744 Lc=1.5385 Ld=4.0949 lr=8.748e-06 gate_lr=8.748e-06 alpha=0.500+/-0.000 peak_mem=25.49GiB
epoch=3 step=7960/29520 loss=42.4710 Le=0.2405 Lc=1.4299 Ld=4.1252 lr=8.741e-06 gate_lr=8.741e-06 alpha=0.500+/-0.000 peak_mem=25.49GiB
epoch=3 step=7980/29520 loss=35.5853 Le=0.1766 Lc=1.3808 Ld=4.1181 lr=8.734e-06 gate_lr=8.734e-06 alpha=0.500+/-0.000 peak_mem=25.49GiB
epoch=3 step=8000/29520 loss=32.0085 Le=0.1098 Lc=1.6880 Ld=4.1470 lr=8.727e-06 gate_lr=8.727e-06 alpha=0.500+/-0.000 peak_mem=25.49GiB
epoch=3 step=8020/29520 loss=61.5312 Le=0.4151 Lc=1.5777 Ld=4.2487 lr=8.720e-06 gate_lr=8.720e-06 alpha=0.500+/-0.000 peak_mem=25.49GiB
epoch=3 step=8040/29520 loss=34.1330 Le=0.1528 Lc=1.4463 Ld=4.3890 lr=8.713e-06 gate_lr=8.713e-06 alpha=0.500+/-0.000 peak_mem=25.49GiB
epoch=3 step=8060/29520 loss=49.9466 Le=0.3116 Lc=1.4588 Ld=4.2012 lr=8.706e-06 gate_lr=8.706e-06 alpha=0.500+/-0.000 peak_mem=25.49GiB
epoch=3 step=8080/29520 loss=53.7204 Le=0.3564 Lc=1.3936 Ld=4.1461 lr=8.699e-06 gate_lr=8.699e-06 alpha=0.500+/-0.000 peak_mem=25.49GiB
epoch=3 step=8100/29520 loss=46.7296 Le=0.2702 Lc=1.5481 Ld=4.2310 lr=8.692e-06 gate_lr=8.692e-06 alpha=0.500+/-0.000 peak_mem=25.49GiB
epoch=3 step=8120/29520 loss=44.5233 Le=0.2419 Lc=1.6121 Ld=4.2085 lr=8.685e-06 gate_lr=8.685e-06 alpha=0.500+/-0.000 peak_mem=25.49GiB
epoch=3 step=8140/29520 loss=42.2081 Le=0.2384 Lc=1.4501 Ld=3.8633 lr=8.678e-06 gate_lr=8.678e-06 alpha=0.500+/-0.000 peak_mem=25.49GiB
epoch=3 step=8160/29520 loss=42.6075 Le=0.2315 Lc=1.5126 Ld=4.3323 lr=8.671e-06 gate_lr=8.671e-06 alpha=0.500+/-0.000 peak_mem=25.49GiB
epoch=3 step=8180/29520 loss=47.2636 Le=0.2934 Lc=1.3414 Ld=4.5098 lr=8.664e-06 gate_lr=8.664e-06 alpha=0.500+/-0.000 peak_mem=25.49GiB
epoch=3 step=8200/29520 loss=50.2822 Le=0.3249 Lc=1.3737 Ld=4.0538 lr=8.657e-06 gate_lr=8.657e-06 alpha=0.500+/-0.000 peak_mem=25.49GiB
epoch=3 step=8220/29520 loss=28.5719 Le=0.0768 Lc=1.6612 Ld=4.2783 lr=8.650e-06 gate_lr=8.650e-06 alpha=0.500+/-0.000 peak_mem=25.49GiB
epoch=3 step=8240/29520 loss=42.2934 Le=0.2251 Lc=1.5819 Ld=3.9659 lr=8.643e-06 gate_lr=8.643e-06 alpha=0.500+/-0.000 peak_mem=25.49GiB
epoch=3 step=8260/29520 loss=31.5779 Le=0.1283 Lc=1.4254 Ld=4.4892 lr=8.636e-06 gate_lr=8.636e-06 alpha=0.500+/-0.000 peak_mem=25.49GiB
epoch=3 step=8280/29520 loss=33.2428 Le=0.1386 Lc=1.5356 Ld=4.0246 lr=8.629e-06 gate_lr=8.629e-06 alpha=0.500+/-0.000 peak_mem=25.49GiB
epoch=3 step=8300/29520 loss=48.5135 Le=0.2989 Lc=1.4615 Ld=4.0059 lr=8.622e-06 gate_lr=8.622e-06 alpha=0.500+/-0.000 peak_mem=25.49GiB
epoch=3 step=8320/29520 loss=27.0771 Le=0.0800 Lc=1.4835 Ld=4.2428 lr=8.615e-06 gate_lr=8.615e-06 alpha=0.500+/-0.000 peak_mem=25.49GiB
epoch=3 step=8340/29520 loss=31.7162 Le=0.1301 Lc=1.4534 Ld=4.1728 lr=8.608e-06 gate_lr=8.608e-06 alpha=0.500+/-0.000 peak_mem=25.49GiB
epoch=3 step=8360/29520 loss=43.7511 Le=0.2421 Lc=1.5272 Ld=4.2665 lr=8.600e-06 gate_lr=8.600e-06 alpha=0.500+/-0.000 peak_mem=25.49GiB
epoch=3 step=8380/29520 loss=48.8748 Le=0.2938 Lc=1.5375 Ld=4.1206 lr=8.593e-06 gate_lr=8.593e-06 alpha=0.500+/-0.000 peak_mem=25.49GiB
epoch=3 step=8400/29520 loss=40.2490 Le=0.1990 Lc=1.6109 Ld=4.2410 lr=8.586e-06 gate_lr=8.586e-06 alpha=0.500+/-0.000 peak_mem=25.49GiB
epoch=3 step=8420/29520 loss=33.4286 Le=0.1318 Lc=1.6201 Ld=4.0491 lr=8.579e-06 gate_lr=8.579e-06 alpha=0.500+/-0.000 peak_mem=25.49GiB
epoch=3 step=8440/29520 loss=34.8210 Le=0.1653 Lc=1.4359 Ld=3.9280 lr=8.571e-06 gate_lr=8.571e-06 alpha=0.500+/-0.000 peak_mem=25.49GiB
epoch=3 step=8460/29520 loss=35.2938 Le=0.1546 Lc=1.5583 Ld=4.2534 lr=8.564e-06 gate_lr=8.564e-06 alpha=0.500+/-0.000 peak_mem=25.49GiB
epoch=3 step=8480/29520 loss=42.3573 Le=0.2202 Lc=1.6023 Ld=4.3129 lr=8.557e-06 gate_lr=8.557e-06 alpha=0.500+/-0.000 peak_mem=25.49GiB
epoch=3 step=8500/29520 loss=32.4033 Le=0.1403 Lc=1.4117 Ld=4.2533 lr=8.550e-06 gate_lr=8.550e-06 alpha=0.500+/-0.000 peak_mem=25.49GiB
epoch=3 step=8520/29520 loss=51.2252 Le=0.3225 Lc=1.4970 Ld=4.0022 lr=8.542e-06 gate_lr=8.542e-06 alpha=0.500+/-0.000 peak_mem=25.49GiB
epoch=3 step=8540/29520 loss=30.0735 Le=0.1148 Lc=1.4419 Ld=4.1800 lr=8.535e-06 gate_lr=8.535e-06 alpha=0.500+/-0.000 peak_mem=25.49GiB
epoch=3 step=8560/29520 loss=41.0313 Le=0.2315 Lc=1.3933 Ld=3.9443 lr=8.528e-06 gate_lr=8.528e-06 alpha=0.500+/-0.000 peak_mem=25.49GiB
epoch=3 step=8580/29520 loss=39.2625 Le=0.1872 Lc=1.6534 Ld=4.0095 lr=8.520e-06 gate_lr=8.520e-06 alpha=0.500+/-0.000 peak_mem=25.49GiB
epoch=3 step=8600/29520 loss=34.2560 Le=0.1564 Lc=1.4297 Ld=4.3223 lr=8.513e-06 gate_lr=8.513e-06 alpha=0.500+/-0.000 peak_mem=25.49GiB
epoch=3 step=8620/29520 loss=40.2767 Le=0.2213 Lc=1.3869 Ld=4.2803 lr=8.506e-06 gate_lr=8.506e-06 alpha=0.500+/-0.000 peak_mem=25.49GiB
epoch=3 step=8640/29520 loss=48.6931 Le=0.2943 Lc=1.5068 Ld=4.1966 lr=8.498e-06 gate_lr=8.498e-06 alpha=0.500+/-0.000 peak_mem=25.49GiB
epoch=3 step=8660/29520 loss=34.1563 Le=0.1501 Lc=1.5059 Ld=4.0877 lr=8.491e-06 gate_lr=8.491e-06 alpha=0.500+/-0.000 peak_mem=25.49GiB
epoch=3 step=8680/29520 loss=47.6295 Le=0.2811 Lc=1.5313 Ld=4.2035 lr=8.483e-06 gate_lr=8.483e-06 alpha=0.500+/-0.000 peak_mem=25.49GiB
epoch=3 step=8700/29520 loss=40.6584 Le=0.2130 Lc=1.5221 Ld=4.1330 lr=8.476e-06 gate_lr=8.476e-06 alpha=0.500+/-0.000 peak_mem=25.49GiB
epoch=3 step=8720/29520 loss=45.4264 Le=0.2688 Lc=1.4522 Ld=4.0244 lr=8.469e-06 gate_lr=8.469e-06 alpha=0.500+/-0.000 peak_mem=25.49GiB
epoch=3 step=8740/29520 loss=41.7768 Le=0.2153 Lc=1.6144 Ld=4.1064 lr=8.461e-06 gate_lr=8.461e-06 alpha=0.500+/-0.000 peak_mem=25.49GiB
epoch=3 step=8760/29520 loss=34.6525 Le=0.1571 Lc=1.4892 Ld=4.0477 lr=8.454e-06 gate_lr=8.454e-06 alpha=0.500+/-0.000 peak_mem=25.49GiB
epoch=3 step=8780/29520 loss=40.0862 Le=0.2082 Lc=1.5139 Ld=4.1258 lr=8.446e-06 gate_lr=8.446e-06 alpha=0.500+/-0.000 peak_mem=25.49GiB
epoch=3 step=8800/29520 loss=45.4858 Le=0.2596 Lc=1.5504 Ld=4.0239 lr=8.439e-06 gate_lr=8.439e-06 alpha=0.500+/-0.000 peak_mem=25.49GiB
epoch=3 step=8820/29520 loss=44.7317 Le=0.2576 Lc=1.4917 Ld=4.0544 lr=8.431e-06 gate_lr=8.431e-06 alpha=0.500+/-0.000 peak_mem=25.49GiB
epoch=3 step=8840/29520 loss=32.6127 Le=0.1515 Lc=1.3260 Ld=4.2038 lr=8.424e-06 gate_lr=8.424e-06 alpha=0.500+/-0.000 peak_mem=25.49GiB
epoch=3 checkpoints saved
epoch=4 step=8860/29520 loss=40.8617 Le=0.2273 Lc=1.4174 Ld=3.9528 lr=8.416e-06 gate_lr=8.416e-06 alpha=0.500+/-0.000 peak_mem=25.49GiB
epoch=4 step=8880/29520 loss=41.4375 Le=0.2177 Lc=1.5547 Ld=4.1242 lr=8.409e-06 gate_lr=8.409e-06 alpha=0.500+/-0.000 peak_mem=25.49GiB
epoch=4 step=8900/29520 loss=42.9773 Le=0.2465 Lc=1.4125 Ld=4.2022 lr=8.401e-06 gate_lr=8.401e-06 alpha=0.500+/-0.000 peak_mem=25.49GiB
epoch=4 step=8920/29520 loss=41.8733 Le=0.2363 Lc=1.3996 Ld=4.2492 lr=8.393e-06 gate_lr=8.393e-06 alpha=0.500+/-0.000 peak_mem=25.49GiB
epoch=4 step=8940/29520 loss=30.5365 Le=0.1221 Lc=1.4091 Ld=4.2347 lr=8.386e-06 gate_lr=8.386e-06 alpha=0.500+/-0.000 peak_mem=25.49GiB
epoch=4 step=8960/29520 loss=43.3486 Le=0.2530 Lc=1.3790 Ld=4.2599 lr=8.378e-06 gate_lr=8.378e-06 alpha=0.500+/-0.000 peak_mem=25.49GiB
epoch=4 step=8980/29520 loss=33.8985 Le=0.1631 Lc=1.3771 Ld=3.8159 lr=8.371e-06 gate_lr=8.371e-06 alpha=0.500+/-0.000 peak_mem=25.49GiB
epoch=4 step=9000/29520 loss=33.2821 Le=0.1389 Lc=1.5042 Ld=4.3489 lr=8.363e-06 gate_lr=8.363e-06 alpha=0.500+/-0.000 peak_mem=25.49GiB
epoch=4 step=9020/29520 loss=45.9687 Le=0.2765 Lc=1.4094 Ld=4.2269 lr=8.355e-06 gate_lr=8.355e-06 alpha=0.500+/-0.000 peak_mem=25.49GiB
epoch=4 step=9040/29520 loss=34.8225 Le=0.1578 Lc=1.5037 Ld=4.0001 lr=8.348e-06 gate_lr=8.348e-06 alpha=0.500+/-0.000 peak_mem=25.49GiB
epoch=4 step=9060/29520 loss=32.9085 Le=0.1432 Lc=1.4680 Ld=3.9100 lr=8.340e-06 gate_lr=8.340e-06 alpha=0.500+/-0.000 peak_mem=25.49GiB
epoch=4 step=9080/29520 loss=29.7053 Le=0.1185 Lc=1.3920 Ld=3.9328 lr=8.332e-06 gate_lr=8.332e-06 alpha=0.500+/-0.000 peak_mem=25.49GiB
epoch=4 step=9100/29520 loss=36.9321 Le=0.1807 Lc=1.4752 Ld=4.1125 lr=8.324e-06 gate_lr=8.324e-06 alpha=0.500+/-0.000 peak_mem=25.49GiB
epoch=4 step=9120/29520 loss=41.2799 Le=0.2306 Lc=1.4012 Ld=4.2036 lr=8.317e-06 gate_lr=8.317e-06 alpha=0.500+/-0.000 peak_mem=25.49GiB
epoch=4 step=9140/29520 loss=35.5398 Le=0.1611 Lc=1.5268 Ld=4.1640 lr=8.309e-06 gate_lr=8.309e-06 alpha=0.500+/-0.000 peak_mem=25.49GiB
epoch=4 step=9160/29520 loss=33.4298 Le=0.1646 Lc=1.2913 Ld=4.0606 lr=8.301e-06 gate_lr=8.301e-06 alpha=0.500+/-0.000 peak_mem=25.49GiB
epoch=4 step=9180/29520 loss=31.9550 Le=0.1329 Lc=1.4678 Ld=3.9831 lr=8.294e-06 gate_lr=8.294e-06 alpha=0.500+/-0.000 peak_mem=25.49GiB
epoch=4 step=9200/29520 loss=23.5291 Le=0.0503 Lc=1.4411 Ld=4.0879 lr=8.286e-06 gate_lr=8.286e-06 alpha=0.500+/-0.000 peak_mem=25.49GiB
epoch=4 step=9220/29520 loss=47.7547 Le=0.2897 Lc=1.4699 Ld=4.0844 lr=8.278e-06 gate_lr=8.278e-06 alpha=0.500+/-0.000 peak_mem=25.49GiB
epoch=4 step=9240/29520 loss=26.4626 Le=0.0745 Lc=1.4929 Ld=4.0824 lr=8.270e-06 gate_lr=8.270e-06 alpha=0.500+/-0.000 peak_mem=25.49GiB
epoch=4 step=9260/29520 loss=38.3865 Le=0.2008 Lc=1.4273 Ld=4.0340 lr=8.262e-06 gate_lr=8.262e-06 alpha=0.500+/-0.000 peak_mem=25.49GiB
epoch=4 step=9280/29520 loss=31.8125 Le=0.1328 Lc=1.4270 Ld=4.2590 lr=8.254e-06 gate_lr=8.254e-06 alpha=0.500+/-0.000 peak_mem=25.49GiB
epoch=4 step=9300/29520 loss=38.7576 Le=0.2012 Lc=1.4782 Ld=3.8538 lr=8.247e-06 gate_lr=8.247e-06 alpha=0.500+/-0.000 peak_mem=25.49GiB
epoch=4 step=9320/29520 loss=33.7067 Le=0.1510 Lc=1.4577 Ld=4.0334 lr=8.239e-06 gate_lr=8.239e-06 alpha=0.500+/-0.000 peak_mem=25.49GiB
epoch=4 step=9340/29520 loss=39.8989 Le=0.2088 Lc=1.5009 Ld=4.0111 lr=8.231e-06 gate_lr=8.231e-06 alpha=0.500+/-0.000 peak_mem=25.49GiB
epoch=4 step=9360/29520 loss=32.9002 Le=0.1459 Lc=1.4341 Ld=3.9641 lr=8.223e-06 gate_lr=8.223e-06 alpha=0.500+/-0.000 peak_mem=25.49GiB
epoch=4 step=9380/29520 loss=44.5237 Le=0.2550 Lc=1.4995 Ld=4.0257 lr=8.215e-06 gate_lr=8.215e-06 alpha=0.500+/-0.000 peak_mem=25.49GiB
epoch=4 step=9400/29520 loss=28.7451 Le=0.1018 Lc=1.4613 Ld=3.9554 lr=8.207e-06 gate_lr=8.207e-06 alpha=0.500+/-0.000 peak_mem=25.49GiB
epoch=4 step=9420/29520 loss=35.5774 Le=0.1676 Lc=1.4681 Ld=4.1401 lr=8.199e-06 gate_lr=8.199e-06 alpha=0.500+/-0.000 peak_mem=25.49GiB
epoch=4 step=9440/29520 loss=38.4936 Le=0.1959 Lc=1.4992 Ld=3.9079 lr=8.191e-06 gate_lr=8.191e-06 alpha=0.500+/-0.000 peak_mem=25.49GiB
epoch=4 step=9460/29520 loss=32.1812 Le=0.1284 Lc=1.5057 Ld=4.2842 lr=8.183e-06 gate_lr=8.183e-06 alpha=0.500+/-0.000 peak_mem=25.49GiB
epoch=4 step=9480/29520 loss=50.6963 Le=0.3205 Lc=1.4666 Ld=3.9830 lr=8.175e-06 gate_lr=8.175e-06 alpha=0.500+/-0.000 peak_mem=25.49GiB
epoch=4 step=9500/29520 loss=61.5708 Le=0.4150 Lc=1.6080 Ld=3.9926 lr=8.167e-06 gate_lr=8.167e-06 alpha=0.500+/-0.000 peak_mem=25.49GiB
epoch=4 step=9520/29520 loss=48.8940 Le=0.2858 Lc=1.6244 Ld=4.0651 lr=8.159e-06 gate_lr=8.159e-06 alpha=0.500+/-0.000 peak_mem=25.49GiB
epoch=4 step=9540/29520 loss=30.0492 Le=0.1095 Lc=1.5035 Ld=4.0662 lr=8.151e-06 gate_lr=8.151e-06 alpha=0.500+/-0.000 peak_mem=25.49GiB
epoch=4 step=9560/29520 loss=39.0451 Le=0.2141 Lc=1.3385 Ld=4.2452 lr=8.143e-06 gate_lr=8.143e-06 alpha=0.500+/-0.000 peak_mem=25.49GiB
epoch=4 step=9580/29520 loss=25.9159 Le=0.0822 Lc=1.3634 Ld=4.0582 lr=8.135e-06 gate_lr=8.135e-06 alpha=0.500+/-0.000 peak_mem=25.49GiB
epoch=4 step=9600/29520 loss=36.2122 Le=0.1779 Lc=1.4424 Ld=3.9941 lr=8.127e-06 gate_lr=8.127e-06 alpha=0.500+/-0.000 peak_mem=25.49GiB
epoch=4 step=9620/29520 loss=48.8256 Le=0.2951 Lc=1.5419 Ld=3.8995 lr=8.119e-06 gate_lr=8.119e-06 alpha=0.500+/-0.000 peak_mem=25.49GiB
epoch=4 step=9640/29520 loss=44.7751 Le=0.2509 Lc=1.5724 Ld=3.9579 lr=8.111e-06 gate_lr=8.111e-06 alpha=0.500+/-0.000 peak_mem=25.49GiB
epoch=4 step=9660/29520 loss=30.1095 Le=0.1189 Lc=1.4145 Ld=4.0748 lr=8.103e-06 gate_lr=8.103e-06 alpha=0.500+/-0.000 peak_mem=25.49GiB
epoch=4 step=9680/29520 loss=36.2509 Le=0.1785 Lc=1.4334 Ld=4.0618 lr=8.095e-06 gate_lr=8.095e-06 alpha=0.500+/-0.000 peak_mem=25.49GiB
epoch=4 step=9700/29520 loss=42.1752 Le=0.2296 Lc=1.5136 Ld=4.0784 lr=8.087e-06 gate_lr=8.087e-06 alpha=0.500+/-0.000 peak_mem=25.49GiB
epoch=4 step=9720/29520 loss=38.4437 Le=0.2164 Lc=1.2920 Ld=3.8867 lr=8.079e-06 gate_lr=8.079e-06 alpha=0.500+/-0.000 peak_mem=25.49GiB
epoch=4 step=9740/29520 loss=54.2004 Le=0.3557 Lc=1.4581 Ld=4.0482 lr=8.071e-06 gate_lr=8.071e-06 alpha=0.500+/-0.000 peak_mem=25.49GiB
epoch=4 step=9760/29520 loss=37.4472 Le=0.1903 Lc=1.4409 Ld=4.0127 lr=8.063e-06 gate_lr=8.063e-06 alpha=0.500+/-0.000 peak_mem=25.49GiB
epoch=4 step=9780/29520 loss=31.9391 Le=0.1318 Lc=1.5030 Ld=3.7311 lr=8.054e-06 gate_lr=8.054e-06 alpha=0.500+/-0.000 peak_mem=25.49GiB
epoch=4 step=9800/29520 loss=41.3850 Le=0.2278 Lc=1.4624 Ld=3.9775 lr=8.046e-06 gate_lr=8.046e-06 alpha=0.500+/-0.000 peak_mem=25.49GiB
epoch=4 step=9820/29520 loss=43.6237 Le=0.2448 Lc=1.4953 Ld=4.1947 lr=8.038e-06 gate_lr=8.038e-06 alpha=0.500+/-0.000 peak_mem=25.49GiB
epoch=4 step=9840/29520 loss=34.8775 Le=0.1645 Lc=1.4386 Ld=4.0400 lr=8.030e-06 gate_lr=8.030e-06 alpha=0.500+/-0.000 peak_mem=25.49GiB
epoch=4 step=9860/29520 loss=37.9433 Le=0.1891 Lc=1.4968 Ld=4.0667 lr=8.022e-06 gate_lr=8.022e-06 alpha=0.500+/-0.000 peak_mem=25.49GiB
epoch=4 step=9880/29520 loss=32.6614 Le=0.1449 Lc=1.4106 Ld=4.0620 lr=8.013e-06 gate_lr=8.013e-06 alpha=0.500+/-0.000 peak_mem=25.49GiB
epoch=4 step=9900/29520 loss=44.5460 Le=0.2615 Lc=1.4232 Ld=4.1662 lr=8.005e-06 gate_lr=8.005e-06 alpha=0.500+/-0.000 peak_mem=25.49GiB
epoch=4 step=9920/29520 loss=20.8283 Le=0.0269 Lc=1.4167 Ld=3.9728 lr=7.997e-06 gate_lr=7.997e-06 alpha=0.500+/-0.000 peak_mem=25.49GiB
epoch=4 step=9940/29520 loss=54.1977 Le=0.3448 Lc=1.5642 Ld=4.0732 lr=7.989e-06 gate_lr=7.989e-06 alpha=0.500+/-0.000 peak_mem=25.49GiB
epoch=4 step=9960/29520 loss=25.9216 Le=0.0700 Lc=1.4972 Ld=3.9522 lr=7.980e-06 gate_lr=7.980e-06 alpha=0.500+/-0.000 peak_mem=25.49GiB
epoch=4 step=9980/29520 loss=36.9692 Le=0.1863 Lc=1.4212 Ld=4.1276 lr=7.972e-06 gate_lr=7.972e-06 alpha=0.500+/-0.000 peak_mem=25.49GiB
epoch=4 step=10000/29520 loss=39.2113 Le=0.1946 Lc=1.5692 Ld=4.0625 lr=7.964e-06 gate_lr=7.964e-06 alpha=0.500+/-0.000 peak_mem=25.49GiB
epoch=4 step=10020/29520 loss=49.5239 Le=0.3136 Lc=1.4414 Ld=3.7533 lr=7.956e-06 gate_lr=7.956e-06 alpha=0.500+/-0.000 peak_mem=25.49GiB
epoch=4 step=10040/29520 loss=35.2522 Le=0.1645 Lc=1.5032 Ld=3.7722 lr=7.947e-06 gate_lr=7.947e-06 alpha=0.500+/-0.000 peak_mem=25.49GiB
epoch=4 step=10060/29520 loss=45.2064 Le=0.2687 Lc=1.4336 Ld=4.0021 lr=7.939e-06 gate_lr=7.939e-06 alpha=0.500+/-0.000 peak_mem=25.49GiB
epoch=4 step=10080/29520 loss=40.5691 Le=0.2235 Lc=1.4275 Ld=3.9414 lr=7.931e-06 gate_lr=7.931e-06 alpha=0.500+/-0.000 peak_mem=25.49GiB
epoch=4 step=10100/29520 loss=42.9093 Le=0.2352 Lc=1.5188 Ld=4.1999 lr=7.922e-06 gate_lr=7.922e-06 alpha=0.500+/-0.000 peak_mem=25.49GiB
epoch=4 step=10120/29520 loss=36.7527 Le=0.1845 Lc=1.4349 Ld=3.9493 lr=7.914e-06 gate_lr=7.914e-06 alpha=0.500+/-0.000 peak_mem=25.49GiB
epoch=4 step=10140/29520 loss=49.6000 Le=0.3228 Lc=1.3660 Ld=3.6611 lr=7.906e-06 gate_lr=7.906e-06 alpha=0.500+/-0.000 peak_mem=25.49GiB
epoch=4 step=10160/29520 loss=32.6571 Le=0.1453 Lc=1.4279 Ld=3.8523 lr=7.897e-06 gate_lr=7.897e-06 alpha=0.500+/-0.000 peak_mem=25.49GiB
epoch=4 step=10180/29520 loss=40.3582 Le=0.2355 Lc=1.2945 Ld=3.8678 lr=7.889e-06 gate_lr=7.889e-06 alpha=0.500+/-0.000 peak_mem=25.49GiB
epoch=4 step=10200/29520 loss=30.1756 Le=0.1223 Lc=1.4059 Ld=3.8873 lr=7.880e-06 gate_lr=7.880e-06 alpha=0.500+/-0.000 peak_mem=25.49GiB
epoch=4 step=10220/29520 loss=35.8985 Le=0.1913 Lc=1.2921 Ld=3.8518 lr=7.872e-06 gate_lr=7.872e-06 alpha=0.500+/-0.000 peak_mem=25.49GiB
epoch=4 step=10240/29520 loss=30.5718 Le=0.1350 Lc=1.3022 Ld=4.0494 lr=7.863e-06 gate_lr=7.863e-06 alpha=0.500+/-0.000 peak_mem=25.49GiB
epoch=4 step=10260/29520 loss=47.8618 Le=0.2983 Lc=1.3818 Ld=4.2177 lr=7.855e-06 gate_lr=7.855e-06 alpha=0.500+/-0.000 peak_mem=25.49GiB
epoch=4 step=10280/29520 loss=33.1976 Le=0.1478 Lc=1.4546 Ld=3.8747 lr=7.847e-06 gate_lr=7.847e-06 alpha=0.500+/-0.000 peak_mem=25.49GiB
epoch=4 step=10300/29520 loss=36.5556 Le=0.1778 Lc=1.4812 Ld=3.9643 lr=7.838e-06 gate_lr=7.838e-06 alpha=0.500+/-0.000 peak_mem=25.49GiB
epoch=4 step=10320/29520 loss=31.7383 Le=0.1170 Lc=1.5908 Ld=4.1270 lr=7.830e-06 gate_lr=7.830e-06 alpha=0.500+/-0.000 peak_mem=25.49GiB
epoch=4 step=10340/29520 loss=31.8381 Le=0.1370 Lc=1.4246 Ld=3.8957 lr=7.821e-06 gate_lr=7.821e-06 alpha=0.500+/-0.000 peak_mem=25.49GiB
epoch=4 step=10360/29520 loss=36.0976 Le=0.1864 Lc=1.3487 Ld=3.9727 lr=7.813e-06 gate_lr=7.813e-06 alpha=0.500+/-0.000 peak_mem=25.49GiB
epoch=4 step=10380/29520 loss=51.8251 Le=0.3384 Lc=1.4276 Ld=3.7133 lr=7.804e-06 gate_lr=7.804e-06 alpha=0.500+/-0.000 peak_mem=25.49GiB
epoch=4 step=10400/29520 loss=37.1716 Le=0.1958 Lc=1.4002 Ld=3.5879 lr=7.796e-06 gate_lr=7.796e-06 alpha=0.500+/-0.000 peak_mem=25.49GiB
epoch=4 step=10420/29520 loss=52.4321 Le=0.3342 Lc=1.5176 Ld=3.8371 lr=7.787e-06 gate_lr=7.787e-06 alpha=0.500+/-0.000 peak_mem=25.49GiB
epoch=4 step=10440/29520 loss=35.2280 Le=0.1663 Lc=1.4784 Ld=3.8166 lr=7.779e-06 gate_lr=7.779e-06 alpha=0.500+/-0.000 peak_mem=25.49GiB
epoch=4 step=10460/29520 loss=38.2002 Le=0.2007 Lc=1.3930 Ld=4.1959 lr=7.770e-06 gate_lr=7.770e-06 alpha=0.500+/-0.000 peak_mem=25.49GiB
epoch=4 step=10480/29520 loss=38.5198 Le=0.2019 Lc=1.4278 Ld=4.0493 lr=7.761e-06 gate_lr=7.761e-06 alpha=0.500+/-0.000 peak_mem=25.49GiB
epoch=4 step=10500/29520 loss=34.3722 Le=0.1676 Lc=1.3648 Ld=3.9655 lr=7.753e-06 gate_lr=7.753e-06 alpha=0.500+/-0.000 peak_mem=25.49GiB
epoch=4 step=10520/29520 loss=34.9624 Le=0.1756 Lc=1.3531 Ld=3.8681 lr=7.744e-06 gate_lr=7.744e-06 alpha=0.500+/-0.000 peak_mem=25.49GiB
epoch=4 step=10540/29520 loss=30.6884 Le=0.1248 Lc=1.3998 Ld=4.2138 lr=7.736e-06 gate_lr=7.736e-06 alpha=0.500+/-0.000 peak_mem=25.49GiB
epoch=4 step=10560/29520 loss=38.3438 Le=0.1970 Lc=1.4501 Ld=4.1418 lr=7.727e-06 gate_lr=7.727e-06 alpha=0.500+/-0.000 peak_mem=25.49GiB
epoch=4 step=10580/29520 loss=32.1651 Le=0.1491 Lc=1.3284 Ld=3.9745 lr=7.718e-06 gate_lr=7.718e-06 alpha=0.500+/-0.000 peak_mem=25.49GiB
epoch=4 step=10600/29520 loss=33.9662 Le=0.1591 Lc=1.3949 Ld=4.1091 lr=7.710e-06 gate_lr=7.710e-06 alpha=0.500+/-0.000 peak_mem=25.49GiB
epoch=4 step=10620/29520 loss=31.1544 Le=0.1336 Lc=1.4121 Ld=3.6738 lr=7.701e-06 gate_lr=7.701e-06 alpha=0.500+/-0.000 peak_mem=25.49GiB
epoch=4 step=10640/29520 loss=24.2231 Le=0.0600 Lc=1.4405 Ld=3.8134 lr=7.693e-06 gate_lr=7.693e-06 alpha=0.500+/-0.000 peak_mem=25.49GiB
epoch=4 step=10660/29520 loss=42.5075 Le=0.2454 Lc=1.3994 Ld=3.9781 lr=7.684e-06 gate_lr=7.684e-06 alpha=0.500+/-0.000 peak_mem=25.49GiB
epoch=4 step=10680/29520 loss=30.7231 Le=0.1168 Lc=1.4788 Ld=4.2560 lr=7.675e-06 gate_lr=7.675e-06 alpha=0.500+/-0.000 peak_mem=25.49GiB
epoch=4 step=10700/29520 loss=34.0798 Le=0.1697 Lc=1.3014 Ld=4.0917 lr=7.667e-06 gate_lr=7.667e-06 alpha=0.500+/-0.000 peak_mem=25.49GiB
epoch=4 step=10720/29520 loss=34.9893 Le=0.1842 Lc=1.2716 Ld=3.8494 lr=7.658e-06 gate_lr=7.658e-06 alpha=0.500+/-0.000 peak_mem=25.49GiB
epoch=4 step=10740/29520 loss=35.3787 Le=0.1801 Lc=1.3546 Ld=3.8233 lr=7.649e-06 gate_lr=7.649e-06 alpha=0.500+/-0.000 peak_mem=25.49GiB
epoch=4 step=10760/29520 loss=31.1477 Le=0.1324 Lc=1.3893 Ld=4.0139 lr=7.640e-06 gate_lr=7.640e-06 alpha=0.500+/-0.000 peak_mem=25.49GiB
epoch=4 step=10780/29520 loss=33.2028 Le=0.1539 Lc=1.3779 Ld=4.0362 lr=7.632e-06 gate_lr=7.632e-06 alpha=0.500+/-0.000 peak_mem=25.49GiB
epoch=4 step=10800/29520 loss=40.7422 Le=0.2237 Lc=1.4667 Ld=3.7044 lr=7.623e-06 gate_lr=7.623e-06 alpha=0.500+/-0.000 peak_mem=25.49GiB
epoch=4 step=10820/29520 loss=34.7362 Le=0.1634 Lc=1.4548 Ld=3.8494 lr=7.614e-06 gate_lr=7.614e-06 alpha=0.500+/-0.000 peak_mem=25.49GiB
epoch=4 step=10840/29520 loss=29.4655 Le=0.1110 Lc=1.4425 Ld=3.9389 lr=7.605e-06 gate_lr=7.605e-06 alpha=0.500+/-0.000 peak_mem=25.49GiB
epoch=4 step=10860/29520 loss=36.8472 Le=0.1867 Lc=1.4226 Ld=3.9516 lr=7.597e-06 gate_lr=7.597e-06 alpha=0.500+/-0.000 peak_mem=25.49GiB
epoch=4 step=10880/29520 loss=52.2797 Le=0.3378 Lc=1.4816 Ld=3.6878 lr=7.588e-06 gate_lr=7.588e-06 alpha=0.500+/-0.000 peak_mem=25.49GiB
epoch=4 step=10900/29520 loss=50.0313 Le=0.3104 Lc=1.5125 Ld=3.8677 lr=7.579e-06 gate_lr=7.579e-06 alpha=0.500+/-0.000 peak_mem=25.49GiB
epoch=4 step=10920/29520 loss=36.6195 Le=0.1968 Lc=1.3113 Ld=3.8276 lr=7.570e-06 gate_lr=7.570e-06 alpha=0.500+/-0.000 peak_mem=25.49GiB
epoch=4 step=10940/29520 loss=38.7679 Le=0.2036 Lc=1.4297 Ld=4.1064 lr=7.561e-06 gate_lr=7.561e-06 alpha=0.500+/-0.000 peak_mem=25.49GiB
epoch=4 step=10960/29520 loss=33.6878 Le=0.1702 Lc=1.3055 Ld=3.6118 lr=7.553e-06 gate_lr=7.553e-06 alpha=0.500+/-0.000 peak_mem=25.49GiB
epoch=4 step=10980/29520 loss=33.9700 Le=0.1586 Lc=1.4339 Ld=3.7688 lr=7.544e-06 gate_lr=7.544e-06 alpha=0.500+/-0.000 peak_mem=25.49GiB
epoch=4 step=11000/29520 loss=34.4152 Le=0.1698 Lc=1.3427 Ld=4.0043 lr=7.535e-06 gate_lr=7.535e-06 alpha=0.500+/-0.000 peak_mem=25.49GiB
epoch=4 step=11020/29520 loss=52.9950 Le=0.3489 Lc=1.4308 Ld=3.8012 lr=7.526e-06 gate_lr=7.526e-06 alpha=0.500+/-0.000 peak_mem=25.49GiB
epoch=4 step=11040/29520 loss=38.1954 Le=0.1997 Lc=1.4448 Ld=3.7732 lr=7.517e-06 gate_lr=7.517e-06 alpha=0.500+/-0.000 peak_mem=25.49GiB
epoch=4 step=11060/29520 loss=32.9401 Le=0.1581 Lc=1.3254 Ld=3.8793 lr=7.508e-06 gate_lr=7.508e-06 alpha=0.500+/-0.000 peak_mem=25.49GiB
epoch=4 step=11080/29520 loss=35.9100 Le=0.1810 Lc=1.3907 Ld=3.8985 lr=7.500e-06 gate_lr=7.500e-06 alpha=0.500+/-0.000 peak_mem=25.49GiB
epoch=4 step=11100/29520 loss=36.5834 Le=0.1897 Lc=1.3652 Ld=3.9580 lr=7.491e-06 gate_lr=7.491e-06 alpha=0.500+/-0.000 peak_mem=25.49GiB
epoch=4 step=11120/29520 loss=32.3680 Le=0.1314 Lc=1.5241 Ld=3.9886 lr=7.482e-06 gate_lr=7.482e-06 alpha=0.500+/-0.000 peak_mem=25.49GiB
epoch=4 step=11140/29520 loss=28.9634 Le=0.0846 Lc=1.6609 Ld=3.8979 lr=7.473e-06 gate_lr=7.473e-06 alpha=0.500+/-0.000 peak_mem=25.49GiB
epoch=4 step=11160/29520 loss=38.8142 Le=0.2089 Lc=1.4104 Ld=3.8186 lr=7.464e-06 gate_lr=7.464e-06 alpha=0.500+/-0.000 peak_mem=25.49GiB
epoch=4 step=11180/29520 loss=47.1113 Le=0.2832 Lc=1.4981 Ld=3.8090 lr=7.455e-06 gate_lr=7.455e-06 alpha=0.500+/-0.000 peak_mem=25.49GiB
epoch=4 step=11200/29520 loss=41.6523 Le=0.2333 Lc=1.4342 Ld=3.9779 lr=7.446e-06 gate_lr=7.446e-06 alpha=0.500+/-0.000 peak_mem=25.49GiB
epoch=4 step=11220/29520 loss=38.3282 Le=0.2091 Lc=1.3549 Ld=3.8685 lr=7.437e-06 gate_lr=7.437e-06 alpha=0.500+/-0.000 peak_mem=25.49GiB
epoch=4 step=11240/29520 loss=47.3938 Le=0.2897 Lc=1.4440 Ld=3.9875 lr=7.428e-06 gate_lr=7.428e-06 alpha=0.500+/-0.000 peak_mem=25.49GiB
epoch=4 step=11260/29520 loss=38.0448 Le=0.1933 Lc=1.4720 Ld=3.9984 lr=7.419e-06 gate_lr=7.419e-06 alpha=0.500+/-0.000 peak_mem=25.49GiB
epoch=4 step=11280/29520 loss=41.8495 Le=0.2398 Lc=1.4153 Ld=3.7129 lr=7.410e-06 gate_lr=7.410e-06 alpha=0.500+/-0.000 peak_mem=25.49GiB
epoch=4 step=11300/29520 loss=45.5428 Le=0.2689 Lc=1.4941 Ld=3.7070 lr=7.401e-06 gate_lr=7.401e-06 alpha=0.500+/-0.000 peak_mem=25.49GiB
epoch=4 step=11320/29520 loss=29.5555 Le=0.1236 Lc=1.3217 Ld=3.9756 lr=7.392e-06 gate_lr=7.392e-06 alpha=0.500+/-0.000 peak_mem=25.49GiB
epoch=4 step=11340/29520 loss=44.7418 Le=0.2586 Lc=1.4990 Ld=3.8900 lr=7.383e-06 gate_lr=7.383e-06 alpha=0.500+/-0.000 peak_mem=25.49GiB
epoch=4 step=11360/29520 loss=24.9419 Le=0.0750 Lc=1.3562 Ld=3.8797 lr=7.374e-06 gate_lr=7.374e-06 alpha=0.500+/-0.000 peak_mem=25.49GiB
epoch=4 step=11380/29520 loss=43.1021 Le=0.2547 Lc=1.3713 Ld=3.9220 lr=7.365e-06 gate_lr=7.365e-06 alpha=0.500+/-0.000 peak_mem=25.49GiB
epoch=4 step=11400/29520 loss=34.2390 Le=0.1764 Lc=1.2774 Ld=3.8296 lr=7.356e-06 gate_lr=7.356e-06 alpha=0.500+/-0.000 peak_mem=25.49GiB
epoch=4 step=11420/29520 loss=36.2826 Le=0.1861 Lc=1.3826 Ld=3.8481 lr=7.347e-06 gate_lr=7.347e-06 alpha=0.500+/-0.000 peak_mem=25.49GiB
epoch=4 step=11440/29520 loss=31.1410 Le=0.1373 Lc=1.3534 Ld=3.8780 lr=7.338e-06 gate_lr=7.338e-06 alpha=0.500+/-0.000 peak_mem=25.49GiB
epoch=4 step=11460/29520 loss=27.0476 Le=0.1009 Lc=1.3262 Ld=3.6973 lr=7.329e-06 gate_lr=7.329e-06 alpha=0.500+/-0.000 peak_mem=25.49GiB
epoch=4 step=11480/29520 loss=29.9556 Le=0.1306 Lc=1.3195 Ld=3.7046 lr=7.320e-06 gate_lr=7.320e-06 alpha=0.500+/-0.000 peak_mem=25.49GiB
epoch=4 step=11500/29520 loss=35.4344 Le=0.1829 Lc=1.3511 Ld=3.6321 lr=7.311e-06 gate_lr=7.311e-06 alpha=0.500+/-0.000 peak_mem=25.49GiB
epoch=4 step=11520/29520 loss=30.4738 Le=0.1233 Lc=1.4440 Ld=3.7033 lr=7.302e-06 gate_lr=7.302e-06 alpha=0.500+/-0.000 peak_mem=25.49GiB
epoch=4 step=11540/29520 loss=29.6612 Le=0.1253 Lc=1.3384 Ld=3.7507 lr=7.293e-06 gate_lr=7.293e-06 alpha=0.500+/-0.000 peak_mem=25.49GiB
epoch=4 step=11560/29520 loss=41.3901 Le=0.2284 Lc=1.4679 Ld=3.8691 lr=7.284e-06 gate_lr=7.284e-06 alpha=0.500+/-0.000 peak_mem=25.49GiB
epoch=4 step=11580/29520 loss=41.8336 Le=0.2231 Lc=1.5596 Ld=3.9243 lr=7.275e-06 gate_lr=7.275e-06 alpha=0.500+/-0.000 peak_mem=25.49GiB
epoch=4 step=11600/29520 loss=40.0161 Le=0.2056 Lc=1.5558 Ld=3.8936 lr=7.265e-06 gate_lr=7.265e-06 alpha=0.500+/-0.000 peak_mem=25.49GiB
epoch=4 step=11620/29520 loss=34.2281 Le=0.1666 Lc=1.3998 Ld=3.5746 lr=7.256e-06 gate_lr=7.256e-06 alpha=0.500+/-0.000 peak_mem=25.49GiB
epoch=4 step=11640/29520 loss=36.5235 Le=0.1837 Lc=1.4356 Ld=3.8013 lr=7.247e-06 gate_lr=7.247e-06 alpha=0.500+/-0.000 peak_mem=25.49GiB
epoch=4 step=11660/29520 loss=36.3201 Le=0.1759 Lc=1.4798 Ld=3.9357 lr=7.238e-06 gate_lr=7.238e-06 alpha=0.500+/-0.000 peak_mem=25.49GiB
epoch=4 step=11680/29520 loss=33.2742 Le=0.1607 Lc=1.3506 Ld=3.6990 lr=7.229e-06 gate_lr=7.229e-06 alpha=0.500+/-0.000 peak_mem=25.49GiB
epoch=4 step=11700/29520 loss=27.5461 Le=0.0954 Lc=1.4355 Ld=3.6466 lr=7.220e-06 gate_lr=7.220e-06 alpha=0.500+/-0.000 peak_mem=25.49GiB
epoch=4 step=11720/29520 loss=37.4104 Le=0.1919 Lc=1.4348 Ld=3.8749 lr=7.211e-06 gate_lr=7.211e-06 alpha=0.500+/-0.000 peak_mem=25.49GiB
epoch=4 step=11740/29520 loss=38.2516 Le=0.2004 Lc=1.4352 Ld=3.8594 lr=7.201e-06 gate_lr=7.201e-06 alpha=0.500+/-0.000 peak_mem=25.49GiB
epoch=4 step=11760/29520 loss=38.9781 Le=0.2202 Lc=1.3297 Ld=3.6664 lr=7.192e-06 gate_lr=7.192e-06 alpha=0.500+/-0.000 peak_mem=25.49GiB
epoch=4 step=11780/29520 loss=42.3000 Le=0.2379 Lc=1.4867 Ld=3.6456 lr=7.183e-06 gate_lr=7.183e-06 alpha=0.500+/-0.000 peak_mem=25.49GiB
epoch=4 step=11800/29520 loss=34.9254 Le=0.1610 Lc=1.4921 Ld=3.9079 lr=7.174e-06 gate_lr=7.174e-06 alpha=0.500+/-0.000 peak_mem=25.49GiB
epoch=4 checkpoints saved
epoch=5 step=11820/29520 loss=24.6020 Le=0.0746 Lc=1.3437 Ld=3.7014 lr=7.165e-06 gate_lr=7.165e-06 alpha=0.500+/-0.000 peak_mem=25.49GiB
epoch=5 step=11840/29520 loss=32.3309 Le=0.1456 Lc=1.3868 Ld=3.9048 lr=7.155e-06 gate_lr=7.155e-06 alpha=0.500+/-0.000 peak_mem=25.49GiB
epoch=5 step=11860/29520 loss=29.7838 Le=0.1212 Lc=1.3661 Ld=3.9984 lr=7.146e-06 gate_lr=7.146e-06 alpha=0.500+/-0.000 peak_mem=25.49GiB
epoch=5 step=11880/29520 loss=33.0313 Le=0.1570 Lc=1.3509 Ld=3.8177 lr=7.137e-06 gate_lr=7.137e-06 alpha=0.500+/-0.000 peak_mem=25.49GiB
epoch=5 step=11900/29520 loss=36.3327 Le=0.1825 Lc=1.4135 Ld=3.9436 lr=7.128e-06 gate_lr=7.128e-06 alpha=0.500+/-0.000 peak_mem=25.49GiB
epoch=5 step=11920/29520 loss=27.0636 Le=0.0995 Lc=1.3074 Ld=4.0437 lr=7.119e-06 gate_lr=7.119e-06 alpha=0.500+/-0.000 peak_mem=25.49GiB
epoch=5 step=11940/29520 loss=29.4434 Le=0.1284 Lc=1.2864 Ld=3.7445 lr=7.109e-06 gate_lr=7.109e-06 alpha=0.500+/-0.000 peak_mem=25.49GiB
epoch=5 step=11960/29520 loss=32.5207 Le=0.1323 Lc=1.5205 Ld=4.0894 lr=7.100e-06 gate_lr=7.100e-06 alpha=0.500+/-0.000 peak_mem=25.49GiB
epoch=5 step=11980/29520 loss=43.2566 Le=0.2606 Lc=1.3434 Ld=3.7667 lr=7.091e-06 gate_lr=7.091e-06 alpha=0.500+/-0.000 peak_mem=25.49GiB
epoch=5 step=12000/29520 loss=25.8980 Le=0.0777 Lc=1.4191 Ld=3.9378 lr=7.081e-06 gate_lr=7.081e-06 alpha=0.500+/-0.000 peak_mem=25.49GiB
epoch=5 step=12020/29520 loss=30.2025 Le=0.1175 Lc=1.4611 Ld=3.8380 lr=7.072e-06 gate_lr=7.072e-06 alpha=0.500+/-0.000 peak_mem=25.49GiB
epoch=5 step=12040/29520 loss=34.0867 Le=0.1613 Lc=1.4261 Ld=3.6912 lr=7.063e-06 gate_lr=7.063e-06 alpha=0.500+/-0.000 peak_mem=25.49GiB
epoch=5 step=12060/29520 loss=25.8693 Le=0.0745 Lc=1.4609 Ld=3.8145 lr=7.054e-06 gate_lr=7.054e-06 alpha=0.500+/-0.000 peak_mem=25.49GiB
epoch=5 step=12080/29520 loss=27.8423 Le=0.1007 Lc=1.3906 Ld=3.8661 lr=7.044e-06 gate_lr=7.044e-06 alpha=0.500+/-0.000 peak_mem=25.49GiB
epoch=5 step=12100/29520 loss=39.3641 Le=0.2218 Lc=1.3267 Ld=3.9131 lr=7.035e-06 gate_lr=7.035e-06 alpha=0.500+/-0.000 peak_mem=25.49GiB
epoch=5 step=12120/29520 loss=37.8116 Le=0.1963 Lc=1.4441 Ld=3.7419 lr=7.026e-06 gate_lr=7.026e-06 alpha=0.500+/-0.000 peak_mem=25.49GiB
epoch=5 step=12140/29520 loss=38.0667 Le=0.2055 Lc=1.4002 Ld=3.5111 lr=7.016e-06 gate_lr=7.016e-06 alpha=0.500+/-0.000 peak_mem=25.49GiB
epoch=5 step=12160/29520 loss=38.7785 Le=0.2132 Lc=1.3728 Ld=3.7284 lr=7.007e-06 gate_lr=7.007e-06 alpha=0.500+/-0.000 peak_mem=25.49GiB
epoch=5 step=12180/29520 loss=39.2560 Le=0.2230 Lc=1.3351 Ld=3.6090 lr=6.998e-06 gate_lr=6.998e-06 alpha=0.500+/-0.000 peak_mem=25.49GiB
epoch=5 step=12200/29520 loss=39.2041 Le=0.2184 Lc=1.3544 Ld=3.8175 lr=6.988e-06 gate_lr=6.988e-06 alpha=0.500+/-0.000 peak_mem=25.49GiB
epoch=5 step=12220/29520 loss=37.4762 Le=0.1982 Lc=1.3606 Ld=4.0544 lr=6.979e-06 gate_lr=6.979e-06 alpha=0.500+/-0.000 peak_mem=25.49GiB
epoch=5 step=12240/29520 loss=33.9181 Le=0.1603 Lc=1.4198 Ld=3.6901 lr=6.970e-06 gate_lr=6.970e-06 alpha=0.500+/-0.000 peak_mem=25.49GiB
epoch=5 step=12260/29520 loss=34.0617 Le=0.1565 Lc=1.4695 Ld=3.7156 lr=6.960e-06 gate_lr=6.960e-06 alpha=0.500+/-0.000 peak_mem=25.49GiB
epoch=5 step=12280/29520 loss=30.7687 Le=0.1287 Lc=1.4069 Ld=3.8260 lr=6.951e-06 gate_lr=6.951e-06 alpha=0.500+/-0.000 peak_mem=25.49GiB
epoch=5 step=12300/29520 loss=34.2108 Le=0.1699 Lc=1.3738 Ld=3.4865 lr=6.941e-06 gate_lr=6.941e-06 alpha=0.500+/-0.000 peak_mem=25.49GiB
epoch=5 step=12320/29520 loss=33.5080 Le=0.1679 Lc=1.2993 Ld=3.7214 lr=6.932e-06 gate_lr=6.932e-06 alpha=0.500+/-0.000 peak_mem=25.49GiB
epoch=5 step=12340/29520 loss=35.4467 Le=0.1624 Lc=1.5462 Ld=3.7481 lr=6.923e-06 gate_lr=6.923e-06 alpha=0.500+/-0.000 peak_mem=25.49GiB
epoch=5 step=12360/29520 loss=34.2601 Le=0.1653 Lc=1.4024 Ld=3.7079 lr=6.913e-06 gate_lr=6.913e-06 alpha=0.500+/-0.000 peak_mem=25.49GiB
epoch=5 step=12380/29520 loss=34.2658 Le=0.1590 Lc=1.4545 Ld=3.8174 lr=6.904e-06 gate_lr=6.904e-06 alpha=0.500+/-0.000 peak_mem=25.49GiB
epoch=5 step=12400/29520 loss=45.1562 Le=0.2686 Lc=1.4314 Ld=3.9794 lr=6.894e-06 gate_lr=6.894e-06 alpha=0.500+/-0.000 peak_mem=25.49GiB
epoch=5 step=12420/29520 loss=22.6068 Le=0.0685 Lc=1.1838 Ld=3.9230 lr=6.885e-06 gate_lr=6.885e-06 alpha=0.500+/-0.000 peak_mem=25.49GiB
epoch=5 step=12440/29520 loss=31.8621 Le=0.1431 Lc=1.3872 Ld=3.6775 lr=6.875e-06 gate_lr=6.875e-06 alpha=0.500+/-0.000 peak_mem=25.49GiB
epoch=5 step=12460/29520 loss=25.0639 Le=0.0740 Lc=1.3948 Ld=3.7196 lr=6.866e-06 gate_lr=6.866e-06 alpha=0.500+/-0.000 peak_mem=25.49GiB
epoch=5 step=12480/29520 loss=24.7054 Le=0.0692 Lc=1.4148 Ld=3.6400 lr=6.857e-06 gate_lr=6.857e-06 alpha=0.500+/-0.000 peak_mem=25.49GiB
epoch=5 step=12500/29520 loss=34.6714 Le=0.1534 Lc=1.5618 Ld=3.7133 lr=6.847e-06 gate_lr=6.847e-06 alpha=0.500+/-0.000 peak_mem=25.49GiB
epoch=5 step=12520/29520 loss=24.8488 Le=0.0819 Lc=1.3013 Ld=3.6502 lr=6.838e-06 gate_lr=6.838e-06 alpha=0.500+/-0.000 peak_mem=25.49GiB
epoch=5 step=12540/29520 loss=30.6790 Le=0.1302 Lc=1.3680 Ld=3.9822 lr=6.828e-06 gate_lr=6.828e-06 alpha=0.500+/-0.000 peak_mem=25.49GiB
epoch=5 step=12560/29520 loss=35.8348 Le=0.1789 Lc=1.4228 Ld=3.7194 lr=6.819e-06 gate_lr=6.819e-06 alpha=0.500+/-0.000 peak_mem=25.49GiB
epoch=5 step=12580/29520 loss=28.8822 Le=0.1113 Lc=1.3996 Ld=3.7541 lr=6.809e-06 gate_lr=6.809e-06 alpha=0.500+/-0.000 peak_mem=25.49GiB
epoch=5 step=12600/29520 loss=35.9300 Le=0.1774 Lc=1.4378 Ld=3.8136 lr=6.800e-06 gate_lr=6.800e-06 alpha=0.500+/-0.000 peak_mem=25.49GiB
epoch=5 step=12620/29520 loss=28.4270 Le=0.1206 Lc=1.2563 Ld=3.8011 lr=6.790e-06 gate_lr=6.790e-06 alpha=0.500+/-0.000 peak_mem=25.49GiB
epoch=5 step=12640/29520 loss=46.6435 Le=0.2871 Lc=1.4052 Ld=3.8804 lr=6.781e-06 gate_lr=6.781e-06 alpha=0.500+/-0.000 peak_mem=25.49GiB
epoch=5 step=12660/29520 loss=42.6027 Le=0.2413 Lc=1.4455 Ld=4.0227 lr=6.771e-06 gate_lr=6.771e-06 alpha=0.500+/-0.000 peak_mem=25.49GiB
epoch=5 step=12680/29520 loss=19.8909 Le=0.0312 Lc=1.2820 Ld=3.9495 lr=6.762e-06 gate_lr=6.762e-06 alpha=0.500+/-0.000 peak_mem=25.49GiB
epoch=5 step=12700/29520 loss=36.0521 Le=0.1708 Lc=1.5320 Ld=3.6526 lr=6.752e-06 gate_lr=6.752e-06 alpha=0.500+/-0.000 peak_mem=25.49GiB
epoch=5 step=12720/29520 loss=37.8203 Le=0.1927 Lc=1.4858 Ld=3.6919 lr=6.743e-06 gate_lr=6.743e-06 alpha=0.500+/-0.000 peak_mem=25.49GiB
epoch=5 step=12740/29520 loss=39.9680 Le=0.2288 Lc=1.3668 Ld=3.4168 lr=6.733e-06 gate_lr=6.733e-06 alpha=0.500+/-0.000 peak_mem=25.49GiB
epoch=5 step=12760/29520 loss=27.2268 Le=0.1096 Lc=1.2405 Ld=3.8601 lr=6.724e-06 gate_lr=6.724e-06 alpha=0.500+/-0.000 peak_mem=25.49GiB
epoch=5 step=12780/29520 loss=38.8116 Le=0.2032 Lc=1.4724 Ld=3.7680 lr=6.714e-06 gate_lr=6.714e-06 alpha=0.500+/-0.000 peak_mem=25.49GiB
epoch=5 step=12800/29520 loss=41.5256 Le=0.2431 Lc=1.3245 Ld=3.9716 lr=6.705e-06 gate_lr=6.705e-06 alpha=0.500+/-0.000 peak_mem=25.49GiB
epoch=5 step=12820/29520 loss=36.1354 Le=0.1902 Lc=1.3374 Ld=3.7393 lr=6.695e-06 gate_lr=6.695e-06 alpha=0.500+/-0.000 peak_mem=25.49GiB
epoch=5 step=12840/29520 loss=40.8117 Le=0.2280 Lc=1.3940 Ld=4.0674 lr=6.685e-06 gate_lr=6.685e-06 alpha=0.500+/-0.000 peak_mem=25.49GiB
epoch=5 step=12860/29520 loss=36.1833 Le=0.1921 Lc=1.3201 Ld=3.7733 lr=6.676e-06 gate_lr=6.676e-06 alpha=0.500+/-0.000 peak_mem=25.49GiB
epoch=5 step=12880/29520 loss=36.6715 Le=0.1815 Lc=1.4736 Ld=3.7897 lr=6.666e-06 gate_lr=6.666e-06 alpha=0.500+/-0.000 peak_mem=25.49GiB
epoch=5 step=12900/29520 loss=20.3310 Le=0.0327 Lc=1.3493 Ld=3.5643 lr=6.657e-06 gate_lr=6.657e-06 alpha=0.500+/-0.000 peak_mem=25.49GiB
epoch=5 step=12920/29520 loss=28.6208 Le=0.1001 Lc=1.4844 Ld=3.7647 lr=6.647e-06 gate_lr=6.647e-06 alpha=0.500+/-0.000 peak_mem=25.49GiB
epoch=5 step=12940/29520 loss=32.3727 Le=0.1391 Lc=1.4650 Ld=3.8147 lr=6.638e-06 gate_lr=6.638e-06 alpha=0.500+/-0.000 peak_mem=25.49GiB
epoch=5 step=12960/29520 loss=37.2174 Le=0.2074 Lc=1.2757 Ld=3.7160 lr=6.628e-06 gate_lr=6.628e-06 alpha=0.500+/-0.000 peak_mem=25.49GiB
epoch=5 step=12980/29520 loss=33.5856 Le=0.1623 Lc=1.3747 Ld=3.6126 lr=6.618e-06 gate_lr=6.618e-06 alpha=0.500+/-0.000 peak_mem=25.49GiB
epoch=5 step=13000/29520 loss=33.6200 Le=0.1639 Lc=1.3471 Ld=3.7555 lr=6.609e-06 gate_lr=6.609e-06 alpha=0.500+/-0.000 peak_mem=25.49GiB
epoch=5 step=13020/29520 loss=35.5385 Le=0.1683 Lc=1.5054 Ld=3.6535 lr=6.599e-06 gate_lr=6.599e-06 alpha=0.500+/-0.000 peak_mem=25.49GiB
epoch=5 step=13040/29520 loss=36.6623 Le=0.1929 Lc=1.3494 Ld=3.8785 lr=6.590e-06 gate_lr=6.590e-06 alpha=0.500+/-0.000 peak_mem=25.49GiB
epoch=5 step=13060/29520 loss=29.0062 Le=0.1138 Lc=1.3664 Ld=3.9667 lr=6.580e-06 gate_lr=6.580e-06 alpha=0.500+/-0.000 peak_mem=25.49GiB
epoch=5 step=13080/29520 loss=40.2012 Le=0.2344 Lc=1.3240 Ld=3.5231 lr=6.570e-06 gate_lr=6.570e-06 alpha=0.500+/-0.000 peak_mem=25.49GiB
epoch=5 step=13100/29520 loss=28.4933 Le=0.1167 Lc=1.2933 Ld=3.8903 lr=6.561e-06 gate_lr=6.561e-06 alpha=0.500+/-0.000 peak_mem=25.49GiB
epoch=5 step=13120/29520 loss=29.9523 Le=0.1207 Lc=1.4076 Ld=3.8083 lr=6.551e-06 gate_lr=6.551e-06 alpha=0.500+/-0.000 peak_mem=25.49GiB
epoch=5 step=13140/29520 loss=24.5053 Le=0.0747 Lc=1.3431 Ld=3.6035 lr=6.541e-06 gate_lr=6.541e-06 alpha=0.500+/-0.000 peak_mem=25.49GiB
epoch=5 step=13160/29520 loss=31.9130 Le=0.1551 Lc=1.2716 Ld=3.6899 lr=6.532e-06 gate_lr=6.532e-06 alpha=0.500+/-0.000 peak_mem=25.49GiB
epoch=5 step=13180/29520 loss=29.5395 Le=0.1140 Lc=1.4450 Ld=3.6859 lr=6.522e-06 gate_lr=6.522e-06 alpha=0.500+/-0.000 peak_mem=25.49GiB
epoch=5 step=13200/29520 loss=37.8578 Le=0.1996 Lc=1.4033 Ld=3.8646 lr=6.512e-06 gate_lr=6.512e-06 alpha=0.500+/-0.000 peak_mem=25.49GiB
epoch=5 step=13220/29520 loss=22.6161 Le=0.0549 Lc=1.3190 Ld=3.9380 lr=6.503e-06 gate_lr=6.503e-06 alpha=0.500+/-0.000 peak_mem=25.49GiB
epoch=5 step=13240/29520 loss=44.3467 Le=0.2552 Lc=1.4974 Ld=3.8540 lr=6.493e-06 gate_lr=6.493e-06 alpha=0.500+/-0.000 peak_mem=25.49GiB
epoch=5 step=13260/29520 loss=33.1088 Le=0.1403 Lc=1.5287 Ld=3.7964 lr=6.483e-06 gate_lr=6.483e-06 alpha=0.500+/-0.000 peak_mem=25.49GiB
epoch=5 step=13280/29520 loss=29.5448 Le=0.1188 Lc=1.3928 Ld=3.7381 lr=6.474e-06 gate_lr=6.474e-06 alpha=0.500+/-0.000 peak_mem=25.49GiB
epoch=5 step=13300/29520 loss=27.7415 Le=0.0964 Lc=1.4416 Ld=3.6834 lr=6.464e-06 gate_lr=6.464e-06 alpha=0.500+/-0.000 peak_mem=25.49GiB
epoch=5 step=13320/29520 loss=42.2481 Le=0.2421 Lc=1.4315 Ld=3.7196 lr=6.454e-06 gate_lr=6.454e-06 alpha=0.500+/-0.000 peak_mem=25.49GiB
epoch=5 step=13340/29520 loss=34.1670 Le=0.1751 Lc=1.3059 Ld=3.6003 lr=6.445e-06 gate_lr=6.445e-06 alpha=0.500+/-0.000 peak_mem=25.49GiB
epoch=5 step=13360/29520 loss=37.7098 Le=0.2112 Lc=1.3044 Ld=3.5463 lr=6.435e-06 gate_lr=6.435e-06 alpha=0.500+/-0.000 peak_mem=25.49GiB
epoch=5 step=13380/29520 loss=28.6750 Le=0.1161 Lc=1.3334 Ld=3.7337 lr=6.425e-06 gate_lr=6.425e-06 alpha=0.500+/-0.000 peak_mem=25.49GiB
epoch=5 step=13400/29520 loss=27.4073 Le=0.1049 Lc=1.2946 Ld=3.9668 lr=6.416e-06 gate_lr=6.416e-06 alpha=0.500+/-0.000 peak_mem=25.49GiB
epoch=5 step=13420/29520 loss=31.7882 Le=0.1348 Lc=1.4651 Ld=3.6614 lr=6.406e-06 gate_lr=6.406e-06 alpha=0.500+/-0.000 peak_mem=25.49GiB
epoch=5 step=13440/29520 loss=28.7159 Le=0.1227 Lc=1.2825 Ld=3.6236 lr=6.396e-06 gate_lr=6.396e-06 alpha=0.500+/-0.000 peak_mem=25.49GiB
epoch=5 step=13460/29520 loss=38.0512 Le=0.2011 Lc=1.4595 Ld=3.3416 lr=6.386e-06 gate_lr=6.386e-06 alpha=0.500+/-0.000 peak_mem=25.49GiB
epoch=5 step=13480/29520 loss=31.3953 Le=0.1339 Lc=1.4193 Ld=3.8124 lr=6.377e-06 gate_lr=6.377e-06 alpha=0.500+/-0.000 peak_mem=25.49GiB
epoch=5 step=13500/29520 loss=30.1476 Le=0.1497 Lc=1.1508 Ld=3.6670 lr=6.367e-06 gate_lr=6.367e-06 alpha=0.500+/-0.000 peak_mem=25.49GiB
epoch=5 step=13520/29520 loss=29.1124 Le=0.1189 Lc=1.3649 Ld=3.5714 lr=6.357e-06 gate_lr=6.357e-06 alpha=0.500+/-0.000 peak_mem=25.49GiB
epoch=5 step=13540/29520 loss=30.6479 Le=0.1300 Lc=1.3939 Ld=3.7051 lr=6.348e-06 gate_lr=6.348e-06 alpha=0.500+/-0.000 peak_mem=25.49GiB
epoch=5 step=13560/29520 loss=36.1489 Le=0.2020 Lc=1.2098 Ld=3.8478 lr=6.338e-06 gate_lr=6.338e-06 alpha=0.500+/-0.000 peak_mem=25.49GiB
epoch=5 step=13580/29520 loss=35.1583 Le=0.1784 Lc=1.3679 Ld=3.6436 lr=6.328e-06 gate_lr=6.328e-06 alpha=0.500+/-0.000 peak_mem=25.49GiB
epoch=5 step=13600/29520 loss=47.8988 Le=0.3076 Lc=1.3360 Ld=3.7818 lr=6.318e-06 gate_lr=6.318e-06 alpha=0.500+/-0.000 peak_mem=25.49GiB
epoch=5 step=13620/29520 loss=35.2631 Le=0.1790 Lc=1.3691 Ld=3.6697 lr=6.309e-06 gate_lr=6.309e-06 alpha=0.500+/-0.000 peak_mem=25.49GiB
epoch=5 step=13640/29520 loss=35.7674 Le=0.1736 Lc=1.4671 Ld=3.7348 lr=6.299e-06 gate_lr=6.299e-06 alpha=0.500+/-0.000 peak_mem=25.49GiB
epoch=5 step=13660/29520 loss=35.5801 Le=0.1841 Lc=1.3525 Ld=3.6459 lr=6.289e-06 gate_lr=6.289e-06 alpha=0.500+/-0.000 peak_mem=25.49GiB
epoch=5 step=13680/29520 loss=33.7511 Le=0.1683 Lc=1.3282 Ld=3.6377 lr=6.279e-06 gate_lr=6.279e-06 alpha=0.500+/-0.000 peak_mem=25.49GiB
epoch=5 step=13700/29520 loss=27.0877 Le=0.0941 Lc=1.3991 Ld=3.6878 lr=6.269e-06 gate_lr=6.269e-06 alpha=0.500+/-0.000 peak_mem=25.49GiB
epoch=5 step=13720/29520 loss=33.6949 Le=0.1501 Lc=1.5294 Ld=3.3861 lr=6.260e-06 gate_lr=6.260e-06 alpha=0.500+/-0.000 peak_mem=25.49GiB
epoch=5 step=13740/29520 loss=32.2978 Le=0.1543 Lc=1.3203 Ld=3.6686 lr=6.250e-06 gate_lr=6.250e-06 alpha=0.500+/-0.000 peak_mem=25.49GiB
epoch=5 step=13760/29520 loss=23.8321 Le=0.0546 Lc=1.4612 Ld=3.7614 lr=6.240e-06 gate_lr=6.240e-06 alpha=0.500+/-0.000 peak_mem=25.49GiB
epoch=5 step=13780/29520 loss=37.5222 Le=0.1962 Lc=1.4077 Ld=3.8276 lr=6.230e-06 gate_lr=6.230e-06 alpha=0.500+/-0.000 peak_mem=25.49GiB
epoch=5 step=13800/29520 loss=43.6713 Le=0.2669 Lc=1.3185 Ld=3.7929 lr=6.221e-06 gate_lr=6.221e-06 alpha=0.500+/-0.000 peak_mem=25.49GiB
epoch=5 step=13820/29520 loss=25.0113 Le=0.0790 Lc=1.3187 Ld=3.9265 lr=6.211e-06 gate_lr=6.211e-06 alpha=0.500+/-0.000 peak_mem=25.49GiB
epoch=5 step=13840/29520 loss=32.5221 Le=0.1589 Lc=1.2963 Ld=3.6734 lr=6.201e-06 gate_lr=6.201e-06 alpha=0.500+/-0.000 peak_mem=25.49GiB
epoch=5 step=13860/29520 loss=27.5796 Le=0.1086 Lc=1.3150 Ld=3.5678 lr=6.191e-06 gate_lr=6.191e-06 alpha=0.500+/-0.000 peak_mem=25.49GiB
epoch=5 step=13880/29520 loss=23.5534 Le=0.0604 Lc=1.3770 Ld=3.7476 lr=6.181e-06 gate_lr=6.181e-06 alpha=0.500+/-0.000 peak_mem=25.49GiB
epoch=5 step=13900/29520 loss=32.0477 Le=0.1482 Lc=1.3656 Ld=3.5691 lr=6.172e-06 gate_lr=6.172e-06 alpha=0.500+/-0.000 peak_mem=25.49GiB
epoch=5 step=13920/29520 loss=39.3487 Le=0.2170 Lc=1.4174 Ld=3.4769 lr=6.162e-06 gate_lr=6.162e-06 alpha=0.500+/-0.000 peak_mem=25.49GiB
epoch=5 step=13940/29520 loss=21.7243 Le=0.0527 Lc=1.2903 Ld=3.5466 lr=6.152e-06 gate_lr=6.152e-06 alpha=0.500+/-0.000 peak_mem=25.49GiB
epoch=5 step=13960/29520 loss=32.7426 Le=0.1532 Lc=1.3848 Ld=3.5763 lr=6.142e-06 gate_lr=6.142e-06 alpha=0.500+/-0.000 peak_mem=25.49GiB
epoch=5 step=13980/29520 loss=31.9371 Le=0.1494 Lc=1.3296 Ld=3.7041 lr=6.132e-06 gate_lr=6.132e-06 alpha=0.500+/-0.000 peak_mem=25.49GiB
epoch=5 step=14000/29520 loss=28.9536 Le=0.1230 Lc=1.3157 Ld=3.4922 lr=6.123e-06 gate_lr=6.123e-06 alpha=0.500+/-0.000 peak_mem=25.49GiB
epoch=5 step=14020/29520 loss=25.8510 Le=0.0950 Lc=1.2647 Ld=3.7002 lr=6.113e-06 gate_lr=6.113e-06 alpha=0.500+/-0.000 peak_mem=25.49GiB
epoch=5 step=14040/29520 loss=32.7865 Le=0.1656 Lc=1.2677 Ld=3.5480 lr=6.103e-06 gate_lr=6.103e-06 alpha=0.500+/-0.000 peak_mem=25.49GiB
epoch=5 step=14060/29520 loss=32.6776 Le=0.1635 Lc=1.2623 Ld=3.7054 lr=6.093e-06 gate_lr=6.093e-06 alpha=0.500+/-0.000 peak_mem=25.49GiB
epoch=5 step=14080/29520 loss=28.1439 Le=0.1037 Lc=1.4336 Ld=3.4356 lr=6.083e-06 gate_lr=6.083e-06 alpha=0.500+/-0.000 peak_mem=25.49GiB
epoch=5 step=14100/29520 loss=32.7827 Le=0.1601 Lc=1.2924 Ld=3.8527 lr=6.073e-06 gate_lr=6.073e-06 alpha=0.500+/-0.000 peak_mem=25.49GiB
epoch=5 step=14120/29520 loss=26.8664 Le=0.0875 Lc=1.4440 Ld=3.6768 lr=6.064e-06 gate_lr=6.064e-06 alpha=0.500+/-0.000 peak_mem=25.49GiB
epoch=5 step=14140/29520 loss=30.8430 Le=0.1430 Lc=1.3047 Ld=3.4923 lr=6.054e-06 gate_lr=6.054e-06 alpha=0.500+/-0.000 peak_mem=25.49GiB
epoch=5 step=14160/29520 loss=27.4372 Le=0.1031 Lc=1.3644 Ld=3.4790 lr=6.044e-06 gate_lr=6.044e-06 alpha=0.500+/-0.000 peak_mem=25.49GiB
epoch=5 step=14180/29520 loss=43.5471 Le=0.2693 Lc=1.3019 Ld=3.5991 lr=6.034e-06 gate_lr=6.034e-06 alpha=0.500+/-0.000 peak_mem=25.49GiB
epoch=5 step=14200/29520 loss=26.3987 Le=0.0905 Lc=1.3398 Ld=3.9508 lr=6.024e-06 gate_lr=6.024e-06 alpha=0.500+/-0.000 peak_mem=25.49GiB
epoch=5 step=14220/29520 loss=29.4380 Le=0.1221 Lc=1.3926 Ld=3.3044 lr=6.014e-06 gate_lr=6.014e-06 alpha=0.500+/-0.000 peak_mem=25.49GiB
epoch=5 step=14240/29520 loss=25.2575 Le=0.0796 Lc=1.3490 Ld=3.8105 lr=6.005e-06 gate_lr=6.005e-06 alpha=0.500+/-0.000 peak_mem=25.49GiB
epoch=5 step=14260/29520 loss=37.5047 Le=0.2021 Lc=1.3558 Ld=3.7324 lr=5.995e-06 gate_lr=5.995e-06 alpha=0.500+/-0.000 peak_mem=25.49GiB
epoch=5 step=14280/29520 loss=29.5025 Le=0.1174 Lc=1.4074 Ld=3.6884 lr=5.985e-06 gate_lr=5.985e-06 alpha=0.500+/-0.000 peak_mem=25.49GiB
epoch=5 step=14300/29520 loss=31.8018 Le=0.1430 Lc=1.3911 Ld=3.5947 lr=5.975e-06 gate_lr=5.975e-06 alpha=0.500+/-0.000 peak_mem=25.49GiB
epoch=5 step=14320/29520 loss=49.0210 Le=0.2975 Lc=1.5387 Ld=3.8858 lr=5.965e-06 gate_lr=5.965e-06 alpha=0.500+/-0.000 peak_mem=25.49GiB
epoch=5 step=14340/29520 loss=27.6703 Le=0.1084 Lc=1.3049 Ld=3.7806 lr=5.955e-06 gate_lr=5.955e-06 alpha=0.500+/-0.000 peak_mem=25.49GiB
epoch=5 step=14360/29520 loss=20.7201 Le=0.0358 Lc=1.3559 Ld=3.5802 lr=5.945e-06 gate_lr=5.945e-06 alpha=0.500+/-0.000 peak_mem=25.49GiB
epoch=5 step=14380/29520 loss=28.8921 Le=0.1132 Lc=1.3711 Ld=3.8654 lr=5.936e-06 gate_lr=5.936e-06 alpha=0.500+/-0.000 peak_mem=25.49GiB
epoch=5 step=14400/29520 loss=31.2667 Le=0.1435 Lc=1.3321 Ld=3.5938 lr=5.926e-06 gate_lr=5.926e-06 alpha=0.500+/-0.000 peak_mem=25.49GiB
epoch=5 step=14420/29520 loss=32.8140 Le=0.1615 Lc=1.3070 Ld=3.5897 lr=5.916e-06 gate_lr=5.916e-06 alpha=0.500+/-0.000 peak_mem=25.49GiB
epoch=5 step=14440/29520 loss=38.9116 Le=0.2071 Lc=1.4584 Ld=3.6193 lr=5.906e-06 gate_lr=5.906e-06 alpha=0.500+/-0.000 peak_mem=25.49GiB
epoch=5 step=14460/29520 loss=50.4005 Le=0.3401 Lc=1.2649 Ld=3.7400 lr=5.896e-06 gate_lr=5.896e-06 alpha=0.500+/-0.000 peak_mem=25.49GiB
epoch=5 step=14480/29520 loss=26.1549 Le=0.0912 Lc=1.3281 Ld=3.7584 lr=5.886e-06 gate_lr=5.886e-06 alpha=0.500+/-0.000 peak_mem=25.49GiB
epoch=5 step=14500/29520 loss=29.7086 Le=0.1300 Lc=1.3228 Ld=3.4773 lr=5.876e-06 gate_lr=5.876e-06 alpha=0.500+/-0.000 peak_mem=25.49GiB
epoch=5 step=14520/29520 loss=29.6661 Le=0.1267 Lc=1.3336 Ld=3.6606 lr=5.866e-06 gate_lr=5.866e-06 alpha=0.500+/-0.000 peak_mem=25.49GiB
epoch=5 step=14540/29520 loss=32.5899 Le=0.1531 Lc=1.3552 Ld=3.7290 lr=5.857e-06 gate_lr=5.857e-06 alpha=0.500+/-0.000 peak_mem=25.49GiB
epoch=5 step=14560/29520 loss=27.4073 Le=0.0848 Lc=1.5268 Ld=3.6623 lr=5.847e-06 gate_lr=5.847e-06 alpha=0.500+/-0.000 peak_mem=25.49GiB
epoch=5 step=14580/29520 loss=25.3433 Le=0.0871 Lc=1.2763 Ld=3.8698 lr=5.837e-06 gate_lr=5.837e-06 alpha=0.500+/-0.000 peak_mem=25.49GiB
epoch=5 step=14600/29520 loss=21.1488 Le=0.0463 Lc=1.2608 Ld=3.9098 lr=5.827e-06 gate_lr=5.827e-06 alpha=0.500+/-0.000 peak_mem=25.49GiB
epoch=5 step=14620/29520 loss=28.5986 Le=0.1080 Lc=1.4219 Ld=3.5746 lr=5.817e-06 gate_lr=5.817e-06 alpha=0.500+/-0.000 peak_mem=25.49GiB
epoch=5 step=14640/29520 loss=31.2706 Le=0.1542 Lc=1.2129 Ld=3.7177 lr=5.807e-06 gate_lr=5.807e-06 alpha=0.500+/-0.000 peak_mem=25.49GiB
epoch=5 step=14660/29520 loss=34.2252 Le=0.1824 Lc=1.2200 Ld=3.7818 lr=5.797e-06 gate_lr=5.797e-06 alpha=0.500+/-0.000 peak_mem=25.49GiB
epoch=5 step=14680/29520 loss=27.4906 Le=0.1064 Lc=1.3412 Ld=3.4370 lr=5.787e-06 gate_lr=5.787e-06 alpha=0.500+/-0.000 peak_mem=25.49GiB
epoch=5 step=14700/29520 loss=26.5469 Le=0.0926 Lc=1.3381 Ld=3.9023 lr=5.777e-06 gate_lr=5.777e-06 alpha=0.500+/-0.000 peak_mem=25.49GiB
epoch=5 step=14720/29520 loss=27.8171 Le=0.1079 Lc=1.3163 Ld=3.8649 lr=5.768e-06 gate_lr=5.768e-06 alpha=0.500+/-0.000 peak_mem=25.49GiB
epoch=5 step=14740/29520 loss=28.2867 Le=0.1202 Lc=1.2637 Ld=3.6266 lr=5.758e-06 gate_lr=5.758e-06 alpha=0.500+/-0.000 peak_mem=25.49GiB
epoch=5 step=14760/29520 loss=21.9520 Le=0.0492 Lc=1.3485 Ld=3.5513 lr=5.748e-06 gate_lr=5.748e-06 alpha=0.500+/-0.000 peak_mem=25.49GiB
epoch=5 checkpoints saved
epoch=6 step=14780/29520 loss=34.1894 Le=0.1715 Lc=1.3559 Ld=3.4782 lr=5.738e-06 gate_lr=5.738e-06 alpha=0.500+/-0.000 peak_mem=25.49GiB
epoch=6 step=14800/29520 loss=31.5252 Le=0.1373 Lc=1.3883 Ld=3.9081 lr=5.728e-06 gate_lr=5.728e-06 alpha=0.500+/-0.000 peak_mem=25.49GiB
epoch=6 step=14820/29520 loss=26.7090 Le=0.0900 Lc=1.4072 Ld=3.6371 lr=5.718e-06 gate_lr=5.718e-06 alpha=0.500+/-0.000 peak_mem=25.49GiB
epoch=6 step=14840/29520 loss=42.2305 Le=0.2437 Lc=1.4133 Ld=3.7235 lr=5.708e-06 gate_lr=5.708e-06 alpha=0.500+/-0.000 peak_mem=25.49GiB
epoch=6 step=14860/29520 loss=33.6999 Le=0.1657 Lc=1.3325 Ld=3.8001 lr=5.698e-06 gate_lr=5.698e-06 alpha=0.500+/-0.000 peak_mem=25.49GiB
epoch=6 step=14880/29520 loss=33.2285 Le=0.1609 Lc=1.3564 Ld=3.5762 lr=5.688e-06 gate_lr=5.688e-06 alpha=0.500+/-0.000 peak_mem=25.49GiB
epoch=6 step=14900/29520 loss=20.6847 Le=0.0277 Lc=1.4149 Ld=3.7632 lr=5.678e-06 gate_lr=5.678e-06 alpha=0.500+/-0.000 peak_mem=25.49GiB
epoch=6 step=14920/29520 loss=25.7843 Le=0.0962 Lc=1.2780 Ld=3.3822 lr=5.668e-06 gate_lr=5.668e-06 alpha=0.500+/-0.000 peak_mem=25.49GiB
epoch=6 step=14940/29520 loss=29.4646 Le=0.1192 Lc=1.3699 Ld=3.8420 lr=5.659e-06 gate_lr=5.659e-06 alpha=0.500+/-0.000 peak_mem=25.49GiB
epoch=6 step=14960/29520 loss=40.3459 Le=0.2414 Lc=1.2746 Ld=3.4642 lr=5.649e-06 gate_lr=5.649e-06 alpha=0.500+/-0.000 peak_mem=25.49GiB
epoch=6 step=14980/29520 loss=30.9123 Le=0.1380 Lc=1.3470 Ld=3.6389 lr=5.639e-06 gate_lr=5.639e-06 alpha=0.500+/-0.000 peak_mem=25.49GiB
epoch=6 step=15000/29520 loss=38.1967 Le=0.2110 Lc=1.3288 Ld=3.8097 lr=5.629e-06 gate_lr=5.629e-06 alpha=0.500+/-0.000 peak_mem=25.49GiB
epoch=6 step=15020/29520 loss=35.7489 Le=0.1891 Lc=1.3252 Ld=3.5823 lr=5.619e-06 gate_lr=5.619e-06 alpha=0.500+/-0.000 peak_mem=25.49GiB
epoch=6 step=15040/29520 loss=23.2515 Le=0.0735 Lc=1.2401 Ld=3.5025 lr=5.609e-06 gate_lr=5.609e-06 alpha=0.500+/-0.000 peak_mem=25.49GiB
epoch=6 step=15060/29520 loss=25.1782 Le=0.0783 Lc=1.3816 Ld=3.5276 lr=5.599e-06 gate_lr=5.599e-06 alpha=0.500+/-0.000 peak_mem=25.49GiB
epoch=6 step=15080/29520 loss=31.4948 Le=0.1383 Lc=1.3863 Ld=3.8012 lr=5.589e-06 gate_lr=5.589e-06 alpha=0.500+/-0.000 peak_mem=25.49GiB
epoch=6 step=15100/29520 loss=30.5194 Le=0.1354 Lc=1.3214 Ld=3.7686 lr=5.579e-06 gate_lr=5.579e-06 alpha=0.500+/-0.000 peak_mem=25.49GiB
epoch=6 step=15120/29520 loss=39.1504 Le=0.2293 Lc=1.2426 Ld=3.7947 lr=5.569e-06 gate_lr=5.569e-06 alpha=0.500+/-0.000 peak_mem=25.49GiB
epoch=6 step=15140/29520 loss=28.2091 Le=0.0976 Lc=1.4880 Ld=3.5657 lr=5.559e-06 gate_lr=5.559e-06 alpha=0.500+/-0.000 peak_mem=25.49GiB
epoch=6 step=15160/29520 loss=32.7486 Le=0.1534 Lc=1.3739 Ld=3.6660 lr=5.550e-06 gate_lr=5.550e-06 alpha=0.500+/-0.000 peak_mem=25.49GiB
epoch=6 step=15180/29520 loss=23.4717 Le=0.0702 Lc=1.2519 Ld=3.9277 lr=5.540e-06 gate_lr=5.540e-06 alpha=0.500+/-0.000 peak_mem=25.49GiB
epoch=6 step=15200/29520 loss=26.8663 Le=0.0930 Lc=1.4054 Ld=3.5092 lr=5.530e-06 gate_lr=5.530e-06 alpha=0.500+/-0.000 peak_mem=25.49GiB
epoch=6 step=15220/29520 loss=20.1784 Le=0.0326 Lc=1.3440 Ld=3.4747 lr=5.520e-06 gate_lr=5.520e-06 alpha=0.500+/-0.000 peak_mem=25.49GiB
epoch=6 step=15240/29520 loss=37.8388 Le=0.2173 Lc=1.2528 Ld=3.5830 lr=5.510e-06 gate_lr=5.510e-06 alpha=0.500+/-0.000 peak_mem=25.49GiB
epoch=6 step=15260/29520 loss=42.4088 Le=0.2513 Lc=1.3697 Ld=3.5811 lr=5.500e-06 gate_lr=5.500e-06 alpha=0.500+/-0.000 peak_mem=25.49GiB
epoch=6 step=15280/29520 loss=30.5243 Le=0.1386 Lc=1.2776 Ld=3.8849 lr=5.490e-06 gate_lr=5.490e-06 alpha=0.500+/-0.000 peak_mem=25.49GiB
epoch=6 step=15300/29520 loss=26.6907 Le=0.0945 Lc=1.3343 Ld=3.9030 lr=5.480e-06 gate_lr=5.480e-06 alpha=0.500+/-0.000 peak_mem=25.49GiB
epoch=6 step=15320/29520 loss=31.7474 Le=0.1639 Lc=1.1901 Ld=3.4599 lr=5.470e-06 gate_lr=5.470e-06 alpha=0.500+/-0.000 peak_mem=25.49GiB
epoch=6 step=15340/29520 loss=36.3334 Le=0.1974 Lc=1.2926 Ld=3.6669 lr=5.460e-06 gate_lr=5.460e-06 alpha=0.500+/-0.000 peak_mem=25.49GiB
epoch=6 step=15360/29520 loss=22.8998 Le=0.0660 Lc=1.2874 Ld=3.4222 lr=5.450e-06 gate_lr=5.450e-06 alpha=0.500+/-0.000 peak_mem=25.49GiB
epoch=6 step=15380/29520 loss=30.4736 Le=0.1414 Lc=1.2780 Ld=3.5499 lr=5.441e-06 gate_lr=5.441e-06 alpha=0.500+/-0.000 peak_mem=25.49GiB
epoch=6 step=15400/29520 loss=30.6470 Le=0.1465 Lc=1.2436 Ld=3.5565 lr=5.431e-06 gate_lr=5.431e-06 alpha=0.500+/-0.000 peak_mem=25.49GiB
epoch=6 step=15420/29520 loss=42.9062 Le=0.2550 Lc=1.3795 Ld=3.6090 lr=5.421e-06 gate_lr=5.421e-06 alpha=0.500+/-0.000 peak_mem=25.49GiB
epoch=6 step=15440/29520 loss=30.0828 Le=0.1233 Lc=1.4061 Ld=3.6928 lr=5.411e-06 gate_lr=5.411e-06 alpha=0.500+/-0.000 peak_mem=25.49GiB
epoch=6 step=15460/29520 loss=30.2940 Le=0.1308 Lc=1.3519 Ld=3.6986 lr=5.401e-06 gate_lr=5.401e-06 alpha=0.500+/-0.000 peak_mem=25.49GiB
epoch=6 step=15480/29520 loss=26.1769 Le=0.0917 Lc=1.3174 Ld=3.8327 lr=5.391e-06 gate_lr=5.391e-06 alpha=0.500+/-0.000 peak_mem=25.49GiB
epoch=6 step=15500/29520 loss=25.1181 Le=0.0782 Lc=1.3580 Ld=3.7155 lr=5.381e-06 gate_lr=5.381e-06 alpha=0.500+/-0.000 peak_mem=25.49GiB
epoch=6 step=15520/29520 loss=40.5799 Le=0.2424 Lc=1.2529 Ld=3.8066 lr=5.371e-06 gate_lr=5.371e-06 alpha=0.500+/-0.000 peak_mem=25.49GiB
epoch=6 step=15540/29520 loss=31.2650 Le=0.1481 Lc=1.2888 Ld=3.5693 lr=5.361e-06 gate_lr=5.361e-06 alpha=0.500+/-0.000 peak_mem=25.49GiB
epoch=6 step=15560/29520 loss=24.9233 Le=0.0852 Lc=1.3063 Ld=3.3433 lr=5.351e-06 gate_lr=5.351e-06 alpha=0.500+/-0.000 peak_mem=25.49GiB
epoch=6 step=15580/29520 loss=36.4528 Le=0.2057 Lc=1.2259 Ld=3.6250 lr=5.341e-06 gate_lr=5.341e-06 alpha=0.500+/-0.000 peak_mem=25.49GiB
epoch=6 step=15600/29520 loss=24.1597 Le=0.0780 Lc=1.2872 Ld=3.4854 lr=5.332e-06 gate_lr=5.332e-06 alpha=0.500+/-0.000 peak_mem=25.49GiB
epoch=6 step=15620/29520 loss=31.8163 Le=0.1395 Lc=1.4197 Ld=3.6683 lr=5.322e-06 gate_lr=5.322e-06 alpha=0.500+/-0.000 peak_mem=25.49GiB
epoch=6 step=15640/29520 loss=37.1677 Le=0.2111 Lc=1.2401 Ld=3.6594 lr=5.312e-06 gate_lr=5.312e-06 alpha=0.500+/-0.000 peak_mem=25.49GiB
epoch=6 step=15660/29520 loss=30.6341 Le=0.1353 Lc=1.3397 Ld=3.7022 lr=5.302e-06 gate_lr=5.302e-06 alpha=0.500+/-0.000 peak_mem=25.49GiB
epoch=6 step=15680/29520 loss=28.2686 Le=0.1212 Lc=1.2614 Ld=3.5335 lr=5.292e-06 gate_lr=5.292e-06 alpha=0.500+/-0.000 peak_mem=25.49GiB
epoch=6 step=15700/29520 loss=25.7641 Le=0.0889 Lc=1.3146 Ld=3.7258 lr=5.282e-06 gate_lr=5.282e-06 alpha=0.500+/-0.000 peak_mem=25.49GiB
epoch=6 step=15720/29520 loss=24.1510 Le=0.0699 Lc=1.3474 Ld=3.6857 lr=5.272e-06 gate_lr=5.272e-06 alpha=0.500+/-0.000 peak_mem=25.49GiB
epoch=6 step=15740/29520 loss=22.9412 Le=0.0651 Lc=1.2754 Ld=3.6759 lr=5.262e-06 gate_lr=5.262e-06 alpha=0.500+/-0.000 peak_mem=25.49GiB
epoch=6 step=15760/29520 loss=31.7727 Le=0.1433 Lc=1.3792 Ld=3.6484 lr=5.252e-06 gate_lr=5.252e-06 alpha=0.500+/-0.000 peak_mem=25.49GiB
epoch=6 step=15780/29520 loss=34.9384 Le=0.1878 Lc=1.2515 Ld=3.6396 lr=5.242e-06 gate_lr=5.242e-06 alpha=0.500+/-0.000 peak_mem=25.49GiB
epoch=6 step=15800/29520 loss=38.0515 Le=0.2151 Lc=1.3099 Ld=3.4381 lr=5.232e-06 gate_lr=5.232e-06 alpha=0.500+/-0.000 peak_mem=25.49GiB
epoch=6 step=15820/29520 loss=22.1619 Le=0.0586 Lc=1.2720 Ld=3.5846 lr=5.223e-06 gate_lr=5.223e-06 alpha=0.500+/-0.000 peak_mem=25.49GiB
epoch=6 step=15840/29520 loss=24.2670 Le=0.0786 Lc=1.2658 Ld=3.7462 lr=5.213e-06 gate_lr=5.213e-06 alpha=0.500+/-0.000 peak_mem=25.49GiB
epoch=6 step=15860/29520 loss=37.7652 Le=0.2050 Lc=1.3642 Ld=3.6240 lr=5.203e-06 gate_lr=5.203e-06 alpha=0.500+/-0.000 peak_mem=25.49GiB
epoch=6 step=15880/29520 loss=25.6789 Le=0.0897 Lc=1.3240 Ld=3.4647 lr=5.193e-06 gate_lr=5.193e-06 alpha=0.500+/-0.000 peak_mem=25.49GiB
epoch=6 step=15900/29520 loss=24.3623 Le=0.0832 Lc=1.2649 Ld=3.3956 lr=5.183e-06 gate_lr=5.183e-06 alpha=0.500+/-0.000 peak_mem=25.49GiB
epoch=6 step=15920/29520 loss=31.3174 Le=0.1517 Lc=1.2578 Ld=3.5666 lr=5.173e-06 gate_lr=5.173e-06 alpha=0.500+/-0.000 peak_mem=25.49GiB
epoch=6 step=15940/29520 loss=24.5916 Le=0.0805 Lc=1.3196 Ld=3.3475 lr=5.163e-06 gate_lr=5.163e-06 alpha=0.500+/-0.000 peak_mem=25.49GiB
epoch=6 step=15960/29520 loss=20.9282 Le=0.0519 Lc=1.2271 Ld=3.4671 lr=5.153e-06 gate_lr=5.153e-06 alpha=0.500+/-0.000 peak_mem=25.49GiB
epoch=6 step=15980/29520 loss=32.8741 Le=0.1545 Lc=1.3973 Ld=3.4538 lr=5.143e-06 gate_lr=5.143e-06 alpha=0.500+/-0.000 peak_mem=25.49GiB
epoch=6 step=16000/29520 loss=33.9929 Le=0.1647 Lc=1.3871 Ld=3.6528 lr=5.134e-06 gate_lr=5.134e-06 alpha=0.500+/-0.000 peak_mem=25.49GiB
epoch=6 step=16020/29520 loss=25.8735 Le=0.0872 Lc=1.3272 Ld=3.8817 lr=5.124e-06 gate_lr=5.124e-06 alpha=0.500+/-0.000 peak_mem=25.49GiB
epoch=6 step=16040/29520 loss=27.1207 Le=0.1099 Lc=1.2469 Ld=3.6583 lr=5.114e-06 gate_lr=5.114e-06 alpha=0.500+/-0.000 peak_mem=25.49GiB
epoch=6 step=16060/29520 loss=27.3173 Le=0.1057 Lc=1.2851 Ld=3.8960 lr=5.104e-06 gate_lr=5.104e-06 alpha=0.500+/-0.000 peak_mem=25.49GiB
epoch=6 step=16080/29520 loss=28.6315 Le=0.1090 Lc=1.4465 Ld=3.2641 lr=5.094e-06 gate_lr=5.094e-06 alpha=0.500+/-0.000 peak_mem=25.49GiB
epoch=6 step=16100/29520 loss=30.6753 Le=0.1412 Lc=1.3093 Ld=3.4652 lr=5.084e-06 gate_lr=5.084e-06 alpha=0.500+/-0.000 peak_mem=25.49GiB
epoch=6 step=16120/29520 loss=25.1303 Le=0.0912 Lc=1.2304 Ld=3.7019 lr=5.074e-06 gate_lr=5.074e-06 alpha=0.500+/-0.000 peak_mem=25.49GiB
epoch=6 step=16140/29520 loss=23.2185 Le=0.0586 Lc=1.3866 Ld=3.4945 lr=5.064e-06 gate_lr=5.064e-06 alpha=0.500+/-0.000 peak_mem=25.49GiB
epoch=6 step=16160/29520 loss=30.7727 Le=0.1439 Lc=1.2667 Ld=3.7201 lr=5.055e-06 gate_lr=5.055e-06 alpha=0.500+/-0.000 peak_mem=25.49GiB
epoch=6 step=16180/29520 loss=21.3976 Le=0.0436 Lc=1.3579 Ld=3.4601 lr=5.045e-06 gate_lr=5.045e-06 alpha=0.500+/-0.000 peak_mem=25.49GiB
epoch=6 step=16200/29520 loss=87.9089 Le=0.7150 Lc=1.2975 Ld=3.4356 lr=5.035e-06 gate_lr=5.035e-06 alpha=0.500+/-0.000 peak_mem=25.49GiB
epoch=6 step=16220/29520 loss=22.1577 Le=0.0671 Lc=1.1749 Ld=3.6963 lr=5.025e-06 gate_lr=5.025e-06 alpha=0.500+/-0.000 peak_mem=25.49GiB
epoch=6 step=16240/29520 loss=40.6473 Le=0.2428 Lc=1.2854 Ld=3.5097 lr=5.015e-06 gate_lr=5.015e-06 alpha=0.500+/-0.000 peak_mem=25.49GiB
epoch=6 step=16260/29520 loss=25.2447 Le=0.0930 Lc=1.2531 Ld=3.4184 lr=5.005e-06 gate_lr=5.005e-06 alpha=0.500+/-0.000 peak_mem=25.49GiB
epoch=6 step=16280/29520 loss=31.0290 Le=0.1374 Lc=1.3597 Ld=3.6923 lr=4.995e-06 gate_lr=4.995e-06 alpha=0.500+/-0.000 peak_mem=25.49GiB
epoch=6 step=16300/29520 loss=27.4976 Le=0.1079 Lc=1.2971 Ld=3.7359 lr=4.986e-06 gate_lr=4.986e-06 alpha=0.500+/-0.000 peak_mem=25.49GiB
epoch=6 step=16320/29520 loss=31.9842 Le=0.1666 Lc=1.1786 Ld=3.5374 lr=4.976e-06 gate_lr=4.976e-06 alpha=0.500+/-0.000 peak_mem=25.49GiB
epoch=6 step=16340/29520 loss=34.9490 Le=0.1754 Lc=1.3919 Ld=3.4869 lr=4.966e-06 gate_lr=4.966e-06 alpha=0.500+/-0.000 peak_mem=25.49GiB
epoch=6 step=16360/29520 loss=27.8688 Le=0.1076 Lc=1.3810 Ld=3.2959 lr=4.956e-06 gate_lr=4.956e-06 alpha=0.500+/-0.000 peak_mem=25.49GiB
epoch=6 step=16380/29520 loss=27.9799 Le=0.1107 Lc=1.2963 Ld=3.9510 lr=4.946e-06 gate_lr=4.946e-06 alpha=0.500+/-0.000 peak_mem=25.49GiB
epoch=6 step=16400/29520 loss=29.1174 Le=0.1345 Lc=1.2215 Ld=3.4533 lr=4.936e-06 gate_lr=4.936e-06 alpha=0.500+/-0.000 peak_mem=25.49GiB
epoch=6 step=16420/29520 loss=28.4647 Le=0.1099 Lc=1.3574 Ld=3.9025 lr=4.927e-06 gate_lr=4.927e-06 alpha=0.500+/-0.000 peak_mem=25.49GiB
epoch=6 step=16440/29520 loss=26.0781 Le=0.0979 Lc=1.2759 Ld=3.5276 lr=4.917e-06 gate_lr=4.917e-06 alpha=0.500+/-0.000 peak_mem=25.49GiB
epoch=6 step=16460/29520 loss=26.1914 Le=0.0815 Lc=1.4448 Ld=3.5924 lr=4.907e-06 gate_lr=4.907e-06 alpha=0.500+/-0.000 peak_mem=25.49GiB
epoch=6 step=16480/29520 loss=32.7043 Le=0.1563 Lc=1.3430 Ld=3.6488 lr=4.897e-06 gate_lr=4.897e-06 alpha=0.500+/-0.000 peak_mem=25.49GiB
epoch=6 step=16500/29520 loss=30.5588 Le=0.1299 Lc=1.3940 Ld=3.6298 lr=4.887e-06 gate_lr=4.887e-06 alpha=0.500+/-0.000 peak_mem=25.49GiB
epoch=6 step=16520/29520 loss=28.3166 Le=0.1120 Lc=1.3529 Ld=3.5911 lr=4.877e-06 gate_lr=4.877e-06 alpha=0.500+/-0.000 peak_mem=25.49GiB
epoch=6 step=16540/29520 loss=26.0072 Le=0.0814 Lc=1.4070 Ld=3.7982 lr=4.868e-06 gate_lr=4.868e-06 alpha=0.500+/-0.000 peak_mem=25.49GiB
epoch=6 step=16560/29520 loss=28.8716 Le=0.1222 Lc=1.3036 Ld=3.6178 lr=4.858e-06 gate_lr=4.858e-06 alpha=0.500+/-0.000 peak_mem=25.49GiB
epoch=6 step=16580/29520 loss=28.9910 Le=0.1166 Lc=1.3628 Ld=3.7079 lr=4.848e-06 gate_lr=4.848e-06 alpha=0.500+/-0.000 peak_mem=25.49GiB
epoch=6 step=16600/29520 loss=23.6177 Le=0.0771 Lc=1.2113 Ld=3.7912 lr=4.838e-06 gate_lr=4.838e-06 alpha=0.500+/-0.000 peak_mem=25.49GiB
epoch=6 step=16620/29520 loss=33.1177 Le=0.1479 Lc=1.4546 Ld=3.7849 lr=4.828e-06 gate_lr=4.828e-06 alpha=0.500+/-0.000 peak_mem=25.49GiB
epoch=6 step=16640/29520 loss=26.1185 Le=0.0908 Lc=1.3567 Ld=3.4731 lr=4.819e-06 gate_lr=4.819e-06 alpha=0.500+/-0.000 peak_mem=25.49GiB
epoch=6 step=16660/29520 loss=25.5745 Le=0.0828 Lc=1.3665 Ld=3.6315 lr=4.809e-06 gate_lr=4.809e-06 alpha=0.500+/-0.000 peak_mem=25.49GiB
epoch=6 step=16680/29520 loss=28.5481 Le=0.1173 Lc=1.3195 Ld=3.6254 lr=4.799e-06 gate_lr=4.799e-06 alpha=0.500+/-0.000 peak_mem=25.49GiB
epoch=6 step=16700/29520 loss=35.1844 Le=0.1760 Lc=1.4033 Ld=3.5564 lr=4.789e-06 gate_lr=4.789e-06 alpha=0.500+/-0.000 peak_mem=25.49GiB
epoch=6 step=16720/29520 loss=28.5541 Le=0.1190 Lc=1.3059 Ld=3.5912 lr=4.779e-06 gate_lr=4.779e-06 alpha=0.500+/-0.000 peak_mem=25.49GiB
epoch=6 step=16740/29520 loss=31.8006 Le=0.1548 Lc=1.2628 Ld=3.6895 lr=4.770e-06 gate_lr=4.770e-06 alpha=0.500+/-0.000 peak_mem=25.49GiB
epoch=6 step=16760/29520 loss=25.7937 Le=0.0793 Lc=1.4243 Ld=3.6211 lr=4.760e-06 gate_lr=4.760e-06 alpha=0.500+/-0.000 peak_mem=25.49GiB
epoch=6 step=16780/29520 loss=31.7737 Le=0.1424 Lc=1.3796 Ld=3.7377 lr=4.750e-06 gate_lr=4.750e-06 alpha=0.500+/-0.000 peak_mem=25.49GiB
epoch=6 step=16800/29520 loss=21.2684 Le=0.0535 Lc=1.2418 Ld=3.5046 lr=4.740e-06 gate_lr=4.740e-06 alpha=0.500+/-0.000 peak_mem=25.49GiB
epoch=6 step=16820/29520 loss=35.7409 Le=0.1823 Lc=1.3865 Ld=3.6416 lr=4.731e-06 gate_lr=4.731e-06 alpha=0.500+/-0.000 peak_mem=25.49GiB
epoch=6 step=16840/29520 loss=25.0582 Le=0.0888 Lc=1.2872 Ld=3.3061 lr=4.721e-06 gate_lr=4.721e-06 alpha=0.500+/-0.000 peak_mem=25.49GiB
epoch=6 step=16860/29520 loss=37.7113 Le=0.2002 Lc=1.4171 Ld=3.5238 lr=4.711e-06 gate_lr=4.711e-06 alpha=0.500+/-0.000 peak_mem=25.49GiB
epoch=6 step=16880/29520 loss=49.2745 Le=0.3193 Lc=1.3864 Ld=3.4819 lr=4.701e-06 gate_lr=4.701e-06 alpha=0.500+/-0.000 peak_mem=25.49GiB
epoch=6 step=16900/29520 loss=30.5472 Le=0.1376 Lc=1.3129 Ld=3.6548 lr=4.691e-06 gate_lr=4.691e-06 alpha=0.500+/-0.000 peak_mem=25.49GiB
epoch=6 step=16920/29520 loss=31.9388 Le=0.1549 Lc=1.2761 Ld=3.6847 lr=4.682e-06 gate_lr=4.682e-06 alpha=0.500+/-0.000 peak_mem=25.49GiB
epoch=6 step=16940/29520 loss=26.9505 Le=0.0993 Lc=1.3585 Ld=3.4368 lr=4.672e-06 gate_lr=4.672e-06 alpha=0.500+/-0.000 peak_mem=25.49GiB
epoch=6 step=16960/29520 loss=37.6156 Le=0.2028 Lc=1.3791 Ld=3.5450 lr=4.662e-06 gate_lr=4.662e-06 alpha=0.500+/-0.000 peak_mem=25.49GiB
epoch=6 step=16980/29520 loss=25.3785 Le=0.0894 Lc=1.2793 Ld=3.6482 lr=4.652e-06 gate_lr=4.652e-06 alpha=0.500+/-0.000 peak_mem=25.49GiB
epoch=6 step=17000/29520 loss=31.7394 Le=0.1519 Lc=1.2902 Ld=3.6428 lr=4.643e-06 gate_lr=4.643e-06 alpha=0.500+/-0.000 peak_mem=25.49GiB
epoch=6 step=17020/29520 loss=33.6370 Le=0.1761 Lc=1.2627 Ld=3.3973 lr=4.633e-06 gate_lr=4.633e-06 alpha=0.500+/-0.000 peak_mem=25.49GiB
epoch=6 step=17040/29520 loss=24.4509 Le=0.0850 Lc=1.2282 Ld=3.6715 lr=4.623e-06 gate_lr=4.623e-06 alpha=0.500+/-0.000 peak_mem=25.49GiB
epoch=6 step=17060/29520 loss=28.5404 Le=0.1362 Lc=1.1492 Ld=3.4299 lr=4.614e-06 gate_lr=4.614e-06 alpha=0.500+/-0.000 peak_mem=25.49GiB
epoch=6 step=17080/29520 loss=32.1063 Le=0.1690 Lc=1.1941 Ld=3.2676 lr=4.604e-06 gate_lr=4.604e-06 alpha=0.500+/-0.000 peak_mem=25.49GiB
epoch=6 step=17100/29520 loss=34.2494 Le=0.1758 Lc=1.3200 Ld=3.4679 lr=4.594e-06 gate_lr=4.594e-06 alpha=0.500+/-0.000 peak_mem=25.49GiB
epoch=6 step=17120/29520 loss=34.8482 Le=0.1832 Lc=1.3157 Ld=3.3704 lr=4.584e-06 gate_lr=4.584e-06 alpha=0.500+/-0.000 peak_mem=25.49GiB
epoch=6 step=17140/29520 loss=23.5560 Le=0.0660 Lc=1.3477 Ld=3.4754 lr=4.575e-06 gate_lr=4.575e-06 alpha=0.500+/-0.000 peak_mem=25.49GiB
epoch=6 step=17160/29520 loss=39.2748 Le=0.2278 Lc=1.2660 Ld=3.8356 lr=4.565e-06 gate_lr=4.565e-06 alpha=0.500+/-0.000 peak_mem=25.49GiB
epoch=6 step=17180/29520 loss=30.0317 Le=0.1407 Lc=1.2372 Ld=3.5849 lr=4.555e-06 gate_lr=4.555e-06 alpha=0.500+/-0.000 peak_mem=25.49GiB
epoch=6 step=17200/29520 loss=26.8967 Le=0.0881 Lc=1.4534 Ld=3.5496 lr=4.546e-06 gate_lr=4.546e-06 alpha=0.500+/-0.000 peak_mem=25.49GiB
epoch=6 step=17220/29520 loss=25.8762 Le=0.0906 Lc=1.3403 Ld=3.4082 lr=4.536e-06 gate_lr=4.536e-06 alpha=0.500+/-0.000 peak_mem=25.49GiB
epoch=6 step=17240/29520 loss=22.1468 Le=0.0673 Lc=1.1889 Ld=3.5262 lr=4.526e-06 gate_lr=4.526e-06 alpha=0.500+/-0.000 peak_mem=25.49GiB
epoch=6 step=17260/29520 loss=28.6511 Le=0.1152 Lc=1.3492 Ld=3.6391 lr=4.517e-06 gate_lr=4.517e-06 alpha=0.500+/-0.000 peak_mem=25.49GiB
epoch=6 step=17280/29520 loss=33.0160 Le=0.1503 Lc=1.4287 Ld=3.6968 lr=4.507e-06 gate_lr=4.507e-06 alpha=0.500+/-0.000 peak_mem=25.49GiB
epoch=6 step=17300/29520 loss=25.9613 Le=0.0873 Lc=1.3778 Ld=3.4505 lr=4.497e-06 gate_lr=4.497e-06 alpha=0.500+/-0.000 peak_mem=25.49GiB
epoch=6 step=17320/29520 loss=39.7081 Le=0.2227 Lc=1.4006 Ld=3.4351 lr=4.488e-06 gate_lr=4.488e-06 alpha=0.500+/-0.000 peak_mem=25.49GiB
epoch=6 step=17340/29520 loss=45.7112 Le=0.2853 Lc=1.3795 Ld=3.3902 lr=4.478e-06 gate_lr=4.478e-06 alpha=0.500+/-0.000 peak_mem=25.49GiB
epoch=6 step=17360/29520 loss=24.9881 Le=0.0815 Lc=1.3268 Ld=3.5664 lr=4.468e-06 gate_lr=4.468e-06 alpha=0.500+/-0.000 peak_mem=25.49GiB
epoch=6 step=17380/29520 loss=31.9583 Le=0.1409 Lc=1.4012 Ld=3.8602 lr=4.459e-06 gate_lr=4.459e-06 alpha=0.500+/-0.000 peak_mem=25.49GiB
epoch=6 step=17400/29520 loss=29.0472 Le=0.1208 Lc=1.3312 Ld=3.6558 lr=4.449e-06 gate_lr=4.449e-06 alpha=0.500+/-0.000 peak_mem=25.49GiB
epoch=6 step=17420/29520 loss=27.8077 Le=0.1155 Lc=1.2436 Ld=3.8206 lr=4.439e-06 gate_lr=4.439e-06 alpha=0.500+/-0.000 peak_mem=25.49GiB
epoch=6 step=17440/29520 loss=23.2111 Le=0.0707 Lc=1.2665 Ld=3.4781 lr=4.430e-06 gate_lr=4.430e-06 alpha=0.500+/-0.000 peak_mem=25.49GiB
epoch=6 step=17460/29520 loss=30.3219 Le=0.1304 Lc=1.3665 Ld=3.6157 lr=4.420e-06 gate_lr=4.420e-06 alpha=0.500+/-0.000 peak_mem=25.49GiB
epoch=6 step=17480/29520 loss=24.8584 Le=0.0855 Lc=1.2663 Ld=3.6453 lr=4.410e-06 gate_lr=4.410e-06 alpha=0.500+/-0.000 peak_mem=25.49GiB
epoch=6 step=17500/29520 loss=44.6639 Le=0.2732 Lc=1.3745 Ld=3.6039 lr=4.401e-06 gate_lr=4.401e-06 alpha=0.500+/-0.000 peak_mem=25.49GiB
epoch=6 step=17520/29520 loss=31.8645 Le=0.1640 Lc=1.2089 Ld=3.3793 lr=4.391e-06 gate_lr=4.391e-06 alpha=0.500+/-0.000 peak_mem=25.49GiB
epoch=6 step=17540/29520 loss=23.0085 Le=0.0752 Lc=1.2015 Ld=3.4718 lr=4.382e-06 gate_lr=4.382e-06 alpha=0.500+/-0.000 peak_mem=25.49GiB
epoch=6 step=17560/29520 loss=35.7382 Le=0.1960 Lc=1.2586 Ld=3.5551 lr=4.372e-06 gate_lr=4.372e-06 alpha=0.500+/-0.000 peak_mem=25.49GiB
epoch=6 step=17580/29520 loss=35.0200 Le=0.1741 Lc=1.3977 Ld=3.6360 lr=4.362e-06 gate_lr=4.362e-06 alpha=0.500+/-0.000 peak_mem=25.49GiB
epoch=6 step=17600/29520 loss=37.5158 Le=0.2090 Lc=1.2861 Ld=3.7573 lr=4.353e-06 gate_lr=4.353e-06 alpha=0.500+/-0.000 peak_mem=25.49GiB
epoch=6 step=17620/29520 loss=32.0126 Le=0.1542 Lc=1.2811 Ld=3.7784 lr=4.343e-06 gate_lr=4.343e-06 alpha=0.500+/-0.000 peak_mem=25.49GiB
epoch=6 step=17640/29520 loss=28.8563 Le=0.1279 Lc=1.2535 Ld=3.5327 lr=4.334e-06 gate_lr=4.334e-06 alpha=0.500+/-0.000 peak_mem=25.49GiB
epoch=6 step=17660/29520 loss=31.3485 Le=0.1474 Lc=1.3106 Ld=3.4982 lr=4.324e-06 gate_lr=4.324e-06 alpha=0.500+/-0.000 peak_mem=25.49GiB
epoch=6 step=17680/29520 loss=29.5770 Le=0.1247 Lc=1.3497 Ld=3.6073 lr=4.315e-06 gate_lr=4.315e-06 alpha=0.500+/-0.000 peak_mem=25.49GiB
epoch=6 step=17700/29520 loss=29.7957 Le=0.1283 Lc=1.3413 Ld=3.5482 lr=4.305e-06 gate_lr=4.305e-06 alpha=0.500+/-0.000 peak_mem=25.49GiB
epoch=6 checkpoints saved
epoch=7 step=17720/29520 loss=41.5510 Le=0.2557 Lc=1.2381 Ld=3.6041 lr=4.295e-06 gate_lr=4.295e-06 alpha=0.500+/-0.000 peak_mem=25.49GiB
epoch=7 step=17740/29520 loss=23.7805 Le=0.0797 Lc=1.2232 Ld=3.5821 lr=4.286e-06 gate_lr=4.286e-06 alpha=0.500+/-0.000 peak_mem=25.49GiB
epoch=7 step=17760/29520 loss=25.2203 Le=0.0799 Lc=1.3576 Ld=3.6586 lr=4.276e-06 gate_lr=4.276e-06 alpha=0.500+/-0.000 peak_mem=25.49GiB
epoch=7 step=17780/29520 loss=27.2451 Le=0.0899 Lc=1.4717 Ld=3.5361 lr=4.267e-06 gate_lr=4.267e-06 alpha=0.500+/-0.000 peak_mem=25.49GiB
epoch=7 step=17800/29520 loss=26.2759 Le=0.0816 Lc=1.4334 Ld=3.7858 lr=4.257e-06 gate_lr=4.257e-06 alpha=0.500+/-0.000 peak_mem=25.49GiB
epoch=7 step=17820/29520 loss=32.9207 Le=0.1586 Lc=1.3456 Ld=3.6054 lr=4.248e-06 gate_lr=4.248e-06 alpha=0.500+/-0.000 peak_mem=25.49GiB
epoch=7 step=17840/29520 loss=28.2409 Le=0.1024 Lc=1.4284 Ld=3.7208 lr=4.238e-06 gate_lr=4.238e-06 alpha=0.500+/-0.000 peak_mem=25.49GiB
epoch=7 step=17860/29520 loss=38.1609 Le=0.2163 Lc=1.3032 Ld=3.4971 lr=4.229e-06 gate_lr=4.229e-06 alpha=0.500+/-0.000 peak_mem=25.49GiB
epoch=7 step=17880/29520 loss=26.1024 Le=0.1006 Lc=1.2559 Ld=3.4874 lr=4.219e-06 gate_lr=4.219e-06 alpha=0.500+/-0.000 peak_mem=25.49GiB
epoch=7 step=17900/29520 loss=24.7110 Le=0.0830 Lc=1.2792 Ld=3.6237 lr=4.210e-06 gate_lr=4.210e-06 alpha=0.500+/-0.000 peak_mem=25.49GiB
epoch=7 step=17920/29520 loss=30.8893 Le=0.1401 Lc=1.3433 Ld=3.4441 lr=4.200e-06 gate_lr=4.200e-06 alpha=0.500+/-0.000 peak_mem=25.49GiB
epoch=7 step=17940/29520 loss=29.7724 Le=0.1217 Lc=1.3917 Ld=3.6808 lr=4.191e-06 gate_lr=4.191e-06 alpha=0.500+/-0.000 peak_mem=25.49GiB
epoch=7 step=17960/29520 loss=29.6118 Le=0.1164 Lc=1.4264 Ld=3.7109 lr=4.181e-06 gate_lr=4.181e-06 alpha=0.500+/-0.000 peak_mem=25.49GiB
epoch=7 step=17980/29520 loss=30.4941 Le=0.1360 Lc=1.3417 Ld=3.4724 lr=4.172e-06 gate_lr=4.172e-06 alpha=0.500+/-0.000 peak_mem=25.49GiB
epoch=7 step=18000/29520 loss=20.0697 Le=0.0473 Lc=1.1687 Ld=3.6523 lr=4.162e-06 gate_lr=4.162e-06 alpha=0.500+/-0.000 peak_mem=25.49GiB
epoch=7 step=18020/29520 loss=31.6186 Le=0.1538 Lc=1.2339 Ld=3.8951 lr=4.153e-06 gate_lr=4.153e-06 alpha=0.500+/-0.000 peak_mem=25.49GiB
epoch=7 step=18040/29520 loss=26.6806 Le=0.1014 Lc=1.3077 Ld=3.4601 lr=4.143e-06 gate_lr=4.143e-06 alpha=0.500+/-0.000 peak_mem=25.49GiB
epoch=7 step=18060/29520 loss=38.6368 Le=0.2051 Lc=1.4529 Ld=3.5971 lr=4.134e-06 gate_lr=4.134e-06 alpha=0.500+/-0.000 peak_mem=25.49GiB
epoch=7 step=18080/29520 loss=35.7521 Le=0.1872 Lc=1.3169 Ld=3.8632 lr=4.125e-06 gate_lr=4.125e-06 alpha=0.500+/-0.000 peak_mem=25.49GiB
epoch=7 step=18100/29520 loss=22.3512 Le=0.0600 Lc=1.3032 Ld=3.3178 lr=4.115e-06 gate_lr=4.115e-06 alpha=0.500+/-0.000 peak_mem=25.49GiB
epoch=7 step=18120/29520 loss=28.8533 Le=0.1164 Lc=1.3708 Ld=3.5059 lr=4.106e-06 gate_lr=4.106e-06 alpha=0.500+/-0.000 peak_mem=25.49GiB
epoch=7 step=18140/29520 loss=30.9550 Le=0.1518 Lc=1.2113 Ld=3.6642 lr=4.096e-06 gate_lr=4.096e-06 alpha=0.500+/-0.000 peak_mem=25.49GiB
epoch=7 step=18160/29520 loss=22.7988 Le=0.0638 Lc=1.2905 Ld=3.5090 lr=4.087e-06 gate_lr=4.087e-06 alpha=0.500+/-0.000 peak_mem=25.49GiB
epoch=7 step=18180/29520 loss=29.6567 Le=0.1133 Lc=1.4668 Ld=3.6574 lr=4.077e-06 gate_lr=4.077e-06 alpha=0.500+/-0.000 peak_mem=25.49GiB
epoch=7 step=18200/29520 loss=23.7669 Le=0.0655 Lc=1.3907 Ld=3.3105 lr=4.068e-06 gate_lr=4.068e-06 alpha=0.500+/-0.000 peak_mem=25.49GiB
epoch=7 step=18220/29520 loss=26.1340 Le=0.0996 Lc=1.2380 Ld=3.7932 lr=4.059e-06 gate_lr=4.059e-06 alpha=0.500+/-0.000 peak_mem=25.49GiB
epoch=7 step=18240/29520 loss=28.3293 Le=0.1208 Lc=1.2883 Ld=3.3645 lr=4.049e-06 gate_lr=4.049e-06 alpha=0.500+/-0.000 peak_mem=25.49GiB
epoch=7 step=18260/29520 loss=24.9884 Le=0.0826 Lc=1.3284 Ld=3.4428 lr=4.040e-06 gate_lr=4.040e-06 alpha=0.500+/-0.000 peak_mem=25.49GiB
epoch=7 step=18280/29520 loss=33.4000 Le=0.1642 Lc=1.3522 Ld=3.4537 lr=4.030e-06 gate_lr=4.030e-06 alpha=0.500+/-0.000 peak_mem=25.49GiB
epoch=7 step=18300/29520 loss=28.5803 Le=0.1255 Lc=1.2575 Ld=3.4565 lr=4.021e-06 gate_lr=4.021e-06 alpha=0.500+/-0.000 peak_mem=25.49GiB
epoch=7 step=18320/29520 loss=24.4616 Le=0.0610 Lc=1.4884 Ld=3.4754 lr=4.012e-06 gate_lr=4.012e-06 alpha=0.500+/-0.000 peak_mem=25.49GiB
epoch=7 step=18340/29520 loss=21.8987 Le=0.0587 Lc=1.2717 Ld=3.3091 lr=4.002e-06 gate_lr=4.002e-06 alpha=0.500+/-0.000 peak_mem=25.49GiB
epoch=7 step=18360/29520 loss=26.9425 Le=0.1001 Lc=1.3566 Ld=3.3692 lr=3.993e-06 gate_lr=3.993e-06 alpha=0.500+/-0.000 peak_mem=25.49GiB
epoch=7 step=18380/29520 loss=29.5086 Le=0.1353 Lc=1.2296 Ld=3.6828 lr=3.984e-06 gate_lr=3.984e-06 alpha=0.500+/-0.000 peak_mem=25.49GiB
epoch=7 step=18400/29520 loss=28.2408 Le=0.1061 Lc=1.3972 Ld=3.6623 lr=3.974e-06 gate_lr=3.974e-06 alpha=0.500+/-0.000 peak_mem=25.49GiB
epoch=7 step=18420/29520 loss=28.1432 Le=0.1082 Lc=1.3809 Ld=3.5137 lr=3.965e-06 gate_lr=3.965e-06 alpha=0.500+/-0.000 peak_mem=25.49GiB
epoch=7 step=18440/29520 loss=46.6169 Le=0.2885 Lc=1.4318 Ld=3.4474 lr=3.956e-06 gate_lr=3.956e-06 alpha=0.500+/-0.000 peak_mem=25.49GiB
epoch=7 step=18460/29520 loss=31.7314 Le=0.1511 Lc=1.2839 Ld=3.7802 lr=3.946e-06 gate_lr=3.946e-06 alpha=0.500+/-0.000 peak_mem=25.49GiB
epoch=7 step=18480/29520 loss=32.1359 Le=0.1578 Lc=1.2666 Ld=3.6923 lr=3.937e-06 gate_lr=3.937e-06 alpha=0.500+/-0.000 peak_mem=25.49GiB
epoch=7 step=18500/29520 loss=27.3282 Le=0.1128 Lc=1.2636 Ld=3.4093 lr=3.928e-06 gate_lr=3.928e-06 alpha=0.500+/-0.000 peak_mem=25.49GiB
epoch=7 step=18520/29520 loss=33.5067 Le=0.1688 Lc=1.3245 Ld=3.3770 lr=3.919e-06 gate_lr=3.919e-06 alpha=0.500+/-0.000 peak_mem=25.49GiB
epoch=7 step=18540/29520 loss=25.0063 Le=0.0850 Lc=1.2953 Ld=3.5489 lr=3.909e-06 gate_lr=3.909e-06 alpha=0.500+/-0.000 peak_mem=25.49GiB
epoch=7 step=18560/29520 loss=27.7981 Le=0.1147 Lc=1.2592 Ld=3.7391 lr=3.900e-06 gate_lr=3.900e-06 alpha=0.500+/-0.000 peak_mem=25.49GiB
epoch=7 step=18580/29520 loss=19.1261 Le=0.0128 Lc=1.4563 Ld=3.2818 lr=3.891e-06 gate_lr=3.891e-06 alpha=0.500+/-0.000 peak_mem=25.49GiB
epoch=7 step=18600/29520 loss=22.6440 Le=0.0553 Lc=1.3626 Ld=3.4843 lr=3.881e-06 gate_lr=3.881e-06 alpha=0.500+/-0.000 peak_mem=25.49GiB
epoch=7 step=18620/29520 loss=29.3596 Le=0.1237 Lc=1.3322 Ld=3.6627 lr=3.872e-06 gate_lr=3.872e-06 alpha=0.500+/-0.000 peak_mem=25.49GiB
epoch=7 step=18640/29520 loss=21.2333 Le=0.0516 Lc=1.2666 Ld=3.4075 lr=3.863e-06 gate_lr=3.863e-06 alpha=0.500+/-0.000 peak_mem=25.49GiB
epoch=7 step=18660/29520 loss=38.0947 Le=0.2090 Lc=1.3541 Ld=3.6536 lr=3.854e-06 gate_lr=3.854e-06 alpha=0.500+/-0.000 peak_mem=25.49GiB
epoch=7 step=18680/29520 loss=24.0574 Le=0.0624 Lc=1.4379 Ld=3.4400 lr=3.845e-06 gate_lr=3.845e-06 alpha=0.500+/-0.000 peak_mem=25.49GiB
epoch=7 step=18700/29520 loss=41.8018 Le=0.2616 Lc=1.1965 Ld=3.6787 lr=3.835e-06 gate_lr=3.835e-06 alpha=0.500+/-0.000 peak_mem=25.49GiB
epoch=7 step=18720/29520 loss=34.6181 Le=0.1816 Lc=1.2845 Ld=3.6139 lr=3.826e-06 gate_lr=3.826e-06 alpha=0.500+/-0.000 peak_mem=25.49GiB
epoch=7 step=18740/29520 loss=39.1816 Le=0.2359 Lc=1.2238 Ld=3.3533 lr=3.817e-06 gate_lr=3.817e-06 alpha=0.500+/-0.000 peak_mem=25.49GiB
epoch=7 step=18760/29520 loss=20.5676 Le=0.0497 Lc=1.2071 Ld=3.5299 lr=3.808e-06 gate_lr=3.808e-06 alpha=0.500+/-0.000 peak_mem=25.49GiB
epoch=7 step=18780/29520 loss=35.0105 Le=0.1913 Lc=1.2270 Ld=3.6085 lr=3.799e-06 gate_lr=3.799e-06 alpha=0.500+/-0.000 peak_mem=25.49GiB
epoch=7 step=18800/29520 loss=26.5273 Le=0.1056 Lc=1.2444 Ld=3.5199 lr=3.789e-06 gate_lr=3.789e-06 alpha=0.500+/-0.000 peak_mem=25.49GiB
epoch=7 step=18820/29520 loss=22.8657 Le=0.0619 Lc=1.3194 Ld=3.4780 lr=3.780e-06 gate_lr=3.780e-06 alpha=0.500+/-0.000 peak_mem=25.49GiB
epoch=7 step=18840/29520 loss=26.7189 Le=0.1024 Lc=1.2841 Ld=3.6353 lr=3.771e-06 gate_lr=3.771e-06 alpha=0.500+/-0.000 peak_mem=25.49GiB
epoch=7 step=18860/29520 loss=23.7918 Le=0.0835 Lc=1.1591 Ld=3.8537 lr=3.762e-06 gate_lr=3.762e-06 alpha=0.500+/-0.000 peak_mem=25.49GiB
epoch=7 step=18880/29520 loss=26.3596 Le=0.0868 Lc=1.4205 Ld=3.4767 lr=3.753e-06 gate_lr=3.753e-06 alpha=0.500+/-0.000 peak_mem=25.49GiB
epoch=7 step=18900/29520 loss=30.4952 Le=0.1348 Lc=1.3725 Ld=3.2903 lr=3.744e-06 gate_lr=3.744e-06 alpha=0.500+/-0.000 peak_mem=25.49GiB
epoch=7 step=18920/29520 loss=26.1326 Le=0.0943 Lc=1.3110 Ld=3.5922 lr=3.735e-06 gate_lr=3.735e-06 alpha=0.500+/-0.000 peak_mem=25.49GiB
epoch=7 step=18940/29520 loss=32.7415 Le=0.1598 Lc=1.3095 Ld=3.6676 lr=3.725e-06 gate_lr=3.725e-06 alpha=0.500+/-0.000 peak_mem=25.49GiB
epoch=7 step=18960/29520 loss=23.1385 Le=0.0524 Lc=1.4460 Ld=3.4426 lr=3.716e-06 gate_lr=3.716e-06 alpha=0.500+/-0.000 peak_mem=25.49GiB
epoch=7 step=18980/29520 loss=48.1013 Le=0.3247 Lc=1.2046 Ld=3.5851 lr=3.707e-06 gate_lr=3.707e-06 alpha=0.500+/-0.000 peak_mem=25.49GiB
epoch=7 step=19000/29520 loss=20.4919 Le=0.0386 Lc=1.3023 Ld=3.6089 lr=3.698e-06 gate_lr=3.698e-06 alpha=0.500+/-0.000 peak_mem=25.49GiB
epoch=7 step=19020/29520 loss=27.6176 Le=0.1158 Lc=1.2449 Ld=3.5939 lr=3.689e-06 gate_lr=3.689e-06 alpha=0.500+/-0.000 peak_mem=25.49GiB
epoch=7 step=19040/29520 loss=29.9347 Le=0.1378 Lc=1.2723 Ld=3.4336 lr=3.680e-06 gate_lr=3.680e-06 alpha=0.500+/-0.000 peak_mem=25.49GiB
epoch=7 step=19060/29520 loss=23.3256 Le=0.0746 Lc=1.2285 Ld=3.5841 lr=3.671e-06 gate_lr=3.671e-06 alpha=0.500+/-0.000 peak_mem=25.49GiB
epoch=7 step=19080/29520 loss=30.6732 Le=0.1289 Lc=1.4237 Ld=3.5417 lr=3.662e-06 gate_lr=3.662e-06 alpha=0.500+/-0.000 peak_mem=25.49GiB
epoch=7 step=19100/29520 loss=43.3850 Le=0.2759 Lc=1.2515 Ld=3.2778 lr=3.653e-06 gate_lr=3.653e-06 alpha=0.500+/-0.000 peak_mem=25.49GiB
epoch=7 step=19120/29520 loss=28.5692 Le=0.1324 Lc=1.2026 Ld=3.3000 lr=3.644e-06 gate_lr=3.644e-06 alpha=0.500+/-0.000 peak_mem=25.49GiB
epoch=7 step=19140/29520 loss=28.2153 Le=0.1059 Lc=1.4097 Ld=3.5265 lr=3.635e-06 gate_lr=3.635e-06 alpha=0.500+/-0.000 peak_mem=25.49GiB
epoch=7 step=19160/29520 loss=32.4223 Le=0.1489 Lc=1.4095 Ld=3.4329 lr=3.626e-06 gate_lr=3.626e-06 alpha=0.500+/-0.000 peak_mem=25.49GiB
epoch=7 step=19180/29520 loss=29.5330 Le=0.1346 Lc=1.2860 Ld=3.2136 lr=3.617e-06 gate_lr=3.617e-06 alpha=0.500+/-0.000 peak_mem=25.49GiB
epoch=7 step=19200/29520 loss=29.7116 Le=0.1248 Lc=1.3618 Ld=3.6081 lr=3.608e-06 gate_lr=3.608e-06 alpha=0.500+/-0.000 peak_mem=25.49GiB
epoch=7 step=19220/29520 loss=19.3941 Le=0.0367 Lc=1.2080 Ld=3.6463 lr=3.599e-06 gate_lr=3.599e-06 alpha=0.500+/-0.000 peak_mem=25.49GiB
epoch=7 step=19240/29520 loss=22.6235 Le=0.0648 Lc=1.2486 Ld=3.6587 lr=3.590e-06 gate_lr=3.590e-06 alpha=0.500+/-0.000 peak_mem=25.49GiB
epoch=7 step=19260/29520 loss=26.9923 Le=0.0997 Lc=1.3422 Ld=3.6044 lr=3.581e-06 gate_lr=3.581e-06 alpha=0.500+/-0.000 peak_mem=25.49GiB
epoch=7 step=19280/29520 loss=22.0173 Le=0.0500 Lc=1.3388 Ld=3.6322 lr=3.572e-06 gate_lr=3.572e-06 alpha=0.500+/-0.000 peak_mem=25.49GiB
epoch=7 step=19300/29520 loss=23.8253 Le=0.0732 Lc=1.3063 Ld=3.4396 lr=3.563e-06 gate_lr=3.563e-06 alpha=0.500+/-0.000 peak_mem=25.49GiB
epoch=7 step=19320/29520 loss=28.5447 Le=0.1282 Lc=1.2053 Ld=3.6687 lr=3.554e-06 gate_lr=3.554e-06 alpha=0.500+/-0.000 peak_mem=25.49GiB
epoch=7 step=19340/29520 loss=33.9914 Le=0.1613 Lc=1.4296 Ld=3.5692 lr=3.545e-06 gate_lr=3.545e-06 alpha=0.500+/-0.000 peak_mem=25.49GiB
epoch=7 step=19360/29520 loss=24.8019 Le=0.0793 Lc=1.3392 Ld=3.4779 lr=3.536e-06 gate_lr=3.536e-06 alpha=0.500+/-0.000 peak_mem=25.49GiB
epoch=7 step=19380/29520 loss=29.6233 Le=0.1359 Lc=1.2258 Ld=3.7716 lr=3.527e-06 gate_lr=3.527e-06 alpha=0.500+/-0.000 peak_mem=25.49GiB
epoch=7 step=19400/29520 loss=27.8733 Le=0.1103 Lc=1.3380 Ld=3.4640 lr=3.518e-06 gate_lr=3.518e-06 alpha=0.500+/-0.000 peak_mem=25.49GiB
epoch=7 step=19420/29520 loss=24.0028 Le=0.0726 Lc=1.3067 Ld=3.6742 lr=3.509e-06 gate_lr=3.509e-06 alpha=0.500+/-0.000 peak_mem=25.49GiB
epoch=7 step=19440/29520 loss=24.8357 Le=0.0751 Lc=1.3975 Ld=3.3501 lr=3.500e-06 gate_lr=3.500e-06 alpha=0.500+/-0.000 peak_mem=25.49GiB
epoch=7 step=19460/29520 loss=19.9076 Le=0.0440 Lc=1.1954 Ld=3.5499 lr=3.492e-06 gate_lr=3.492e-06 alpha=0.500+/-0.000 peak_mem=25.49GiB
epoch=7 step=19480/29520 loss=32.1694 Le=0.1531 Lc=1.3251 Ld=3.6083 lr=3.483e-06 gate_lr=3.483e-06 alpha=0.500+/-0.000 peak_mem=25.49GiB
epoch=7 step=19500/29520 loss=23.0563 Le=0.0686 Lc=1.2831 Ld=3.3657 lr=3.474e-06 gate_lr=3.474e-06 alpha=0.500+/-0.000 peak_mem=25.49GiB
epoch=7 step=19520/29520 loss=30.6655 Le=0.1298 Lc=1.3913 Ld=3.7763 lr=3.465e-06 gate_lr=3.465e-06 alpha=0.500+/-0.000 peak_mem=25.49GiB
epoch=7 step=19540/29520 loss=23.0807 Le=0.0633 Lc=1.3408 Ld=3.3380 lr=3.456e-06 gate_lr=3.456e-06 alpha=0.500+/-0.000 peak_mem=25.49GiB
epoch=7 step=19560/29520 loss=23.9650 Le=0.0705 Lc=1.3517 Ld=3.3991 lr=3.447e-06 gate_lr=3.447e-06 alpha=0.500+/-0.000 peak_mem=25.49GiB
epoch=7 step=19580/29520 loss=27.2585 Le=0.0935 Lc=1.4406 Ld=3.4990 lr=3.439e-06 gate_lr=3.439e-06 alpha=0.500+/-0.000 peak_mem=25.49GiB
epoch=7 step=19600/29520 loss=28.4304 Le=0.1173 Lc=1.3187 Ld=3.5184 lr=3.430e-06 gate_lr=3.430e-06 alpha=0.500+/-0.000 peak_mem=25.49GiB
epoch=7 step=19620/29520 loss=27.7555 Le=0.1232 Lc=1.1974 Ld=3.4632 lr=3.421e-06 gate_lr=3.421e-06 alpha=0.500+/-0.000 peak_mem=25.49GiB
epoch=7 step=19640/29520 loss=29.1274 Le=0.1193 Lc=1.3746 Ld=3.4554 lr=3.412e-06 gate_lr=3.412e-06 alpha=0.500+/-0.000 peak_mem=25.49GiB
epoch=7 step=19660/29520 loss=34.7564 Le=0.1921 Lc=1.2126 Ld=3.4183 lr=3.403e-06 gate_lr=3.403e-06 alpha=0.500+/-0.000 peak_mem=25.49GiB
epoch=7 step=19680/29520 loss=29.5329 Le=0.1345 Lc=1.2628 Ld=3.4551 lr=3.395e-06 gate_lr=3.395e-06 alpha=0.500+/-0.000 peak_mem=25.49GiB
epoch=7 step=19700/29520 loss=31.7279 Le=0.1476 Lc=1.3460 Ld=3.5122 lr=3.386e-06 gate_lr=3.386e-06 alpha=0.500+/-0.000 peak_mem=25.49GiB
epoch=7 step=19720/29520 loss=26.8511 Le=0.1068 Lc=1.2923 Ld=3.2509 lr=3.377e-06 gate_lr=3.377e-06 alpha=0.500+/-0.000 peak_mem=25.49GiB
epoch=7 step=19740/29520 loss=20.6459 Le=0.0385 Lc=1.3109 Ld=3.6839 lr=3.368e-06 gate_lr=3.368e-06 alpha=0.500+/-0.000 peak_mem=25.49GiB
epoch=7 step=19760/29520 loss=31.3654 Le=0.1468 Lc=1.3362 Ld=3.3181 lr=3.360e-06 gate_lr=3.360e-06 alpha=0.500+/-0.000 peak_mem=25.49GiB
epoch=7 step=19780/29520 loss=30.8095 Le=0.1440 Lc=1.3139 Ld=3.2696 lr=3.351e-06 gate_lr=3.351e-06 alpha=0.500+/-0.000 peak_mem=25.49GiB
epoch=7 step=19800/29520 loss=26.9625 Le=0.0983 Lc=1.3810 Ld=3.3266 lr=3.342e-06 gate_lr=3.342e-06 alpha=0.500+/-0.000 peak_mem=25.49GiB
epoch=7 step=19820/29520 loss=26.0575 Le=0.0953 Lc=1.3042 Ld=3.4899 lr=3.333e-06 gate_lr=3.333e-06 alpha=0.500+/-0.000 peak_mem=25.49GiB
epoch=7 step=19840/29520 loss=26.9899 Le=0.1128 Lc=1.2146 Ld=3.5594 lr=3.325e-06 gate_lr=3.325e-06 alpha=0.500+/-0.000 peak_mem=25.49GiB
epoch=7 step=19860/29520 loss=24.5133 Le=0.0701 Lc=1.4035 Ld=3.4709 lr=3.316e-06 gate_lr=3.316e-06 alpha=0.500+/-0.000 peak_mem=25.49GiB
epoch=7 step=19880/29520 loss=35.2062 Le=0.1796 Lc=1.3840 Ld=3.4075 lr=3.307e-06 gate_lr=3.307e-06 alpha=0.500+/-0.000 peak_mem=25.49GiB
epoch=7 step=19900/29520 loss=27.8424 Le=0.1293 Lc=1.1511 Ld=3.3969 lr=3.299e-06 gate_lr=3.299e-06 alpha=0.500+/-0.000 peak_mem=25.49GiB
epoch=7 step=19920/29520 loss=29.8538 Le=0.1331 Lc=1.3037 Ld=3.5069 lr=3.290e-06 gate_lr=3.290e-06 alpha=0.500+/-0.000 peak_mem=25.49GiB
epoch=7 step=19940/29520 loss=21.4418 Le=0.0498 Lc=1.3023 Ld=3.4364 lr=3.282e-06 gate_lr=3.282e-06 alpha=0.500+/-0.000 peak_mem=25.49GiB
epoch=7 step=19960/29520 loss=27.7068 Le=0.1139 Lc=1.3210 Ld=3.1032 lr=3.273e-06 gate_lr=3.273e-06 alpha=0.500+/-0.000 peak_mem=25.49GiB
epoch=7 step=19980/29520 loss=21.3151 Le=0.0510 Lc=1.2541 Ld=3.6764 lr=3.264e-06 gate_lr=3.264e-06 alpha=0.500+/-0.000 peak_mem=25.49GiB
epoch=7 step=20000/29520 loss=27.4396 Le=0.1108 Lc=1.2955 Ld=3.4055 lr=3.256e-06 gate_lr=3.256e-06 alpha=0.500+/-0.000 peak_mem=25.49GiB
epoch=7 step=20020/29520 loss=23.5607 Le=0.0687 Lc=1.3275 Ld=3.4123 lr=3.247e-06 gate_lr=3.247e-06 alpha=0.500+/-0.000 peak_mem=25.49GiB
epoch=7 step=20040/29520 loss=28.9210 Le=0.1289 Lc=1.2571 Ld=3.4600 lr=3.239e-06 gate_lr=3.239e-06 alpha=0.500+/-0.000 peak_mem=25.49GiB
epoch=7 step=20060/29520 loss=35.6698 Le=0.1925 Lc=1.3106 Ld=3.3134 lr=3.230e-06 gate_lr=3.230e-06 alpha=0.500+/-0.000 peak_mem=25.49GiB
epoch=7 step=20080/29520 loss=24.3037 Le=0.0849 Lc=1.2715 Ld=3.0944 lr=3.221e-06 gate_lr=3.221e-06 alpha=0.500+/-0.000 peak_mem=25.49GiB
epoch=7 step=20100/29520 loss=30.1104 Le=0.1519 Lc=1.1437 Ld=3.4858 lr=3.213e-06 gate_lr=3.213e-06 alpha=0.500+/-0.000 peak_mem=25.49GiB
epoch=7 step=20120/29520 loss=30.7020 Le=0.1494 Lc=1.2203 Ld=3.5623 lr=3.204e-06 gate_lr=3.204e-06 alpha=0.500+/-0.000 peak_mem=25.49GiB
epoch=7 step=20140/29520 loss=27.6788 Le=0.1057 Lc=1.3563 Ld=3.5451 lr=3.196e-06 gate_lr=3.196e-06 alpha=0.500+/-0.000 peak_mem=25.49GiB
epoch=7 step=20160/29520 loss=28.9360 Le=0.1292 Lc=1.2458 Ld=3.5528 lr=3.187e-06 gate_lr=3.187e-06 alpha=0.500+/-0.000 peak_mem=25.49GiB
epoch=7 step=20180/29520 loss=29.5690 Le=0.1370 Lc=1.2366 Ld=3.5068 lr=3.179e-06 gate_lr=3.179e-06 alpha=0.500+/-0.000 peak_mem=25.49GiB
epoch=7 step=20200/29520 loss=25.2150 Le=0.0894 Lc=1.2637 Ld=3.6402 lr=3.170e-06 gate_lr=3.170e-06 alpha=0.500+/-0.000 peak_mem=25.49GiB
epoch=7 step=20220/29520 loss=23.0475 Le=0.0499 Lc=1.4715 Ld=3.3453 lr=3.162e-06 gate_lr=3.162e-06 alpha=0.500+/-0.000 peak_mem=25.49GiB
epoch=7 step=20240/29520 loss=26.5383 Le=0.1077 Lc=1.2473 Ld=3.2984 lr=3.153e-06 gate_lr=3.153e-06 alpha=0.500+/-0.000 peak_mem=25.49GiB
epoch=7 step=20260/29520 loss=31.7019 Le=0.1559 Lc=1.2521 Ld=3.5891 lr=3.145e-06 gate_lr=3.145e-06 alpha=0.500+/-0.000 peak_mem=25.49GiB
epoch=7 step=20280/29520 loss=25.4009 Le=0.1016 Lc=1.1936 Ld=3.3095 lr=3.137e-06 gate_lr=3.137e-06 alpha=0.500+/-0.000 peak_mem=25.49GiB
epoch=7 step=20300/29520 loss=19.8759 Le=0.0391 Lc=1.2599 Ld=3.3685 lr=3.128e-06 gate_lr=3.128e-06 alpha=0.500+/-0.000 peak_mem=25.49GiB
epoch=7 step=20320/29520 loss=25.4974 Le=0.0911 Lc=1.3012 Ld=3.3716 lr=3.120e-06 gate_lr=3.120e-06 alpha=0.500+/-0.000 peak_mem=25.49GiB
epoch=7 step=20340/29520 loss=38.3251 Le=0.2084 Lc=1.4029 Ld=3.4531 lr=3.111e-06 gate_lr=3.111e-06 alpha=0.500+/-0.000 peak_mem=25.49GiB
epoch=7 step=20360/29520 loss=25.9354 Le=0.0938 Lc=1.2878 Ld=3.6741 lr=3.103e-06 gate_lr=3.103e-06 alpha=0.500+/-0.000 peak_mem=25.49GiB
epoch=7 step=20380/29520 loss=34.4657 Le=0.1731 Lc=1.3527 Ld=3.6317 lr=3.094e-06 gate_lr=3.094e-06 alpha=0.500+/-0.000 peak_mem=25.49GiB
epoch=7 step=20400/29520 loss=32.2879 Le=0.1638 Lc=1.2674 Ld=3.2309 lr=3.086e-06 gate_lr=3.086e-06 alpha=0.500+/-0.000 peak_mem=25.49GiB
epoch=7 step=20420/29520 loss=27.2585 Le=0.0975 Lc=1.3982 Ld=3.5255 lr=3.078e-06 gate_lr=3.078e-06 alpha=0.500+/-0.000 peak_mem=25.49GiB
epoch=7 step=20440/29520 loss=23.7770 Le=0.0743 Lc=1.3233 Ld=3.1147 lr=3.069e-06 gate_lr=3.069e-06 alpha=0.500+/-0.000 peak_mem=25.49GiB
epoch=7 step=20460/29520 loss=29.4146 Le=0.1373 Lc=1.2196 Ld=3.4867 lr=3.061e-06 gate_lr=3.061e-06 alpha=0.500+/-0.000 peak_mem=25.49GiB
epoch=7 step=20480/29520 loss=21.2661 Le=0.0544 Lc=1.2175 Ld=3.6560 lr=3.053e-06 gate_lr=3.053e-06 alpha=0.500+/-0.000 peak_mem=25.49GiB
epoch=7 step=20500/29520 loss=26.8354 Le=0.0975 Lc=1.3813 Ld=3.2723 lr=3.044e-06 gate_lr=3.044e-06 alpha=0.500+/-0.000 peak_mem=25.49GiB
epoch=7 step=20520/29520 loss=27.3496 Le=0.1158 Lc=1.2419 Ld=3.3500 lr=3.036e-06 gate_lr=3.036e-06 alpha=0.500+/-0.000 peak_mem=25.49GiB
epoch=7 step=20540/29520 loss=40.4944 Le=0.2384 Lc=1.3251 Ld=3.4019 lr=3.028e-06 gate_lr=3.028e-06 alpha=0.500+/-0.000 peak_mem=25.49GiB
epoch=7 step=20560/29520 loss=32.1027 Le=0.1489 Lc=1.3802 Ld=3.4104 lr=3.020e-06 gate_lr=3.020e-06 alpha=0.500+/-0.000 peak_mem=25.49GiB
epoch=7 step=20580/29520 loss=30.7214 Le=0.1299 Lc=1.3993 Ld=3.7359 lr=3.011e-06 gate_lr=3.011e-06 alpha=0.500+/-0.000 peak_mem=25.49GiB
epoch=7 step=20600/29520 loss=37.5370 Le=0.2088 Lc=1.3339 Ld=3.3222 lr=3.003e-06 gate_lr=3.003e-06 alpha=0.500+/-0.000 peak_mem=25.49GiB
epoch=7 step=20620/29520 loss=34.4424 Le=0.1834 Lc=1.2665 Ld=3.4371 lr=2.995e-06 gate_lr=2.995e-06 alpha=0.500+/-0.000 peak_mem=25.49GiB
epoch=7 step=20640/29520 loss=21.4132 Le=0.0428 Lc=1.3414 Ld=3.7144 lr=2.987e-06 gate_lr=2.987e-06 alpha=0.500+/-0.000 peak_mem=25.49GiB
epoch=7 step=20660/29520 loss=18.1319 Le=0.0313 Lc=1.1491 Ld=3.5095 lr=2.978e-06 gate_lr=2.978e-06 alpha=0.500+/-0.000 peak_mem=25.49GiB
epoch=7 checkpoints saved
epoch=8 step=20680/29520 loss=28.8448 Le=0.1277 Lc=1.2616 Ld=3.4579 lr=2.970e-06 gate_lr=2.970e-06 alpha=0.500+/-0.000 peak_mem=25.49GiB
epoch=8 step=20700/29520 loss=27.3434 Le=0.1066 Lc=1.3528 Ld=3.1569 lr=2.962e-06 gate_lr=2.962e-06 alpha=0.500+/-0.000 peak_mem=25.49GiB
epoch=8 step=20720/29520 loss=20.8072 Le=0.0566 Lc=1.1886 Ld=3.2632 lr=2.954e-06 gate_lr=2.954e-06 alpha=0.500+/-0.000 peak_mem=25.49GiB
epoch=8 step=20740/29520 loss=24.5930 Le=0.0922 Lc=1.1884 Ld=3.4865 lr=2.946e-06 gate_lr=2.946e-06 alpha=0.500+/-0.000 peak_mem=25.49GiB
epoch=8 step=20760/29520 loss=28.5906 Le=0.1234 Lc=1.2912 Ld=3.3338 lr=2.937e-06 gate_lr=2.937e-06 alpha=0.500+/-0.000 peak_mem=25.49GiB
epoch=8 step=20780/29520 loss=32.1339 Le=0.1460 Lc=1.3959 Ld=3.5741 lr=2.929e-06 gate_lr=2.929e-06 alpha=0.500+/-0.000 peak_mem=25.49GiB
epoch=8 step=20800/29520 loss=30.6388 Le=0.1452 Lc=1.2709 Ld=3.4140 lr=2.921e-06 gate_lr=2.921e-06 alpha=0.500+/-0.000 peak_mem=25.49GiB
epoch=8 step=20820/29520 loss=24.0471 Le=0.0862 Lc=1.2101 Ld=3.3243 lr=2.913e-06 gate_lr=2.913e-06 alpha=0.500+/-0.000 peak_mem=25.49GiB
epoch=8 step=20840/29520 loss=27.7054 Le=0.1046 Lc=1.3624 Ld=3.6218 lr=2.905e-06 gate_lr=2.905e-06 alpha=0.500+/-0.000 peak_mem=25.49GiB
epoch=8 step=20860/29520 loss=23.7276 Le=0.0798 Lc=1.2327 Ld=3.4207 lr=2.897e-06 gate_lr=2.897e-06 alpha=0.500+/-0.000 peak_mem=25.49GiB
epoch=8 step=20880/29520 loss=27.4039 Le=0.1175 Lc=1.2129 Ld=3.5212 lr=2.889e-06 gate_lr=2.889e-06 alpha=0.500+/-0.000 peak_mem=25.49GiB
epoch=8 step=20900/29520 loss=31.8584 Le=0.1495 Lc=1.3639 Ld=3.2678 lr=2.881e-06 gate_lr=2.881e-06 alpha=0.500+/-0.000 peak_mem=25.49GiB
epoch=8 step=20920/29520 loss=29.7468 Le=0.1284 Lc=1.3353 Ld=3.5557 lr=2.873e-06 gate_lr=2.873e-06 alpha=0.500+/-0.000 peak_mem=25.49GiB
epoch=8 step=20940/29520 loss=35.5624 Le=0.1884 Lc=1.3317 Ld=3.4098 lr=2.865e-06 gate_lr=2.865e-06 alpha=0.500+/-0.000 peak_mem=25.49GiB
epoch=8 step=20960/29520 loss=25.8955 Le=0.0970 Lc=1.2745 Ld=3.4542 lr=2.857e-06 gate_lr=2.857e-06 alpha=0.500+/-0.000 peak_mem=25.49GiB
epoch=8 step=20980/29520 loss=30.2093 Le=0.1316 Lc=1.3779 Ld=3.2729 lr=2.849e-06 gate_lr=2.849e-06 alpha=0.500+/-0.000 peak_mem=25.49GiB
epoch=8 step=21000/29520 loss=24.7203 Le=0.0893 Lc=1.2361 Ld=3.4274 lr=2.841e-06 gate_lr=2.841e-06 alpha=0.500+/-0.000 peak_mem=25.49GiB
epoch=8 step=21020/29520 loss=24.2918 Le=0.0748 Lc=1.3216 Ld=3.5932 lr=2.833e-06 gate_lr=2.833e-06 alpha=0.500+/-0.000 peak_mem=25.49GiB
epoch=8 step=21040/29520 loss=29.8706 Le=0.1374 Lc=1.2761 Ld=3.3719 lr=2.825e-06 gate_lr=2.825e-06 alpha=0.500+/-0.000 peak_mem=25.49GiB
epoch=8 step=21060/29520 loss=25.9363 Le=0.0891 Lc=1.3818 Ld=3.2117 lr=2.817e-06 gate_lr=2.817e-06 alpha=0.500+/-0.000 peak_mem=25.49GiB
epoch=8 step=21080/29520 loss=26.6494 Le=0.1058 Lc=1.2670 Ld=3.3986 lr=2.809e-06 gate_lr=2.809e-06 alpha=0.500+/-0.000 peak_mem=25.49GiB
epoch=8 step=21100/29520 loss=32.0325 Le=0.1571 Lc=1.3044 Ld=3.2825 lr=2.801e-06 gate_lr=2.801e-06 alpha=0.500+/-0.000 peak_mem=25.49GiB
epoch=8 step=21120/29520 loss=22.8886 Le=0.0667 Lc=1.2849 Ld=3.3643 lr=2.793e-06 gate_lr=2.793e-06 alpha=0.500+/-0.000 peak_mem=25.49GiB
epoch=8 step=21140/29520 loss=20.9008 Le=0.0454 Lc=1.2822 Ld=3.5336 lr=2.785e-06 gate_lr=2.785e-06 alpha=0.500+/-0.000 peak_mem=25.49GiB
epoch=8 step=21160/29520 loss=27.4583 Le=0.1087 Lc=1.2918 Ld=3.6661 lr=2.777e-06 gate_lr=2.777e-06 alpha=0.500+/-0.000 peak_mem=25.49GiB
epoch=8 step=21180/29520 loss=30.2422 Le=0.1445 Lc=1.2406 Ld=3.3892 lr=2.769e-06 gate_lr=2.769e-06 alpha=0.500+/-0.000 peak_mem=25.49GiB
epoch=8 step=21200/29520 loss=23.5491 Le=0.0663 Lc=1.3639 Ld=3.2815 lr=2.761e-06 gate_lr=2.761e-06 alpha=0.500+/-0.000 peak_mem=25.49GiB
epoch=8 step=21220/29520 loss=29.6549 Le=0.1353 Lc=1.2593 Ld=3.5281 lr=2.753e-06 gate_lr=2.753e-06 alpha=0.500+/-0.000 peak_mem=25.49GiB
epoch=8 step=21240/29520 loss=23.1936 Le=0.0635 Lc=1.3450 Ld=3.3964 lr=2.746e-06 gate_lr=2.746e-06 alpha=0.500+/-0.000 peak_mem=25.49GiB
epoch=8 step=21260/29520 loss=21.6003 Le=0.0614 Lc=1.2191 Ld=3.2728 lr=2.738e-06 gate_lr=2.738e-06 alpha=0.500+/-0.000 peak_mem=25.49GiB
epoch=8 step=21280/29520 loss=21.5794 Le=0.0447 Lc=1.3443 Ld=3.6614 lr=2.730e-06 gate_lr=2.730e-06 alpha=0.500+/-0.000 peak_mem=25.49GiB
epoch=8 step=21300/29520 loss=26.9547 Le=0.1104 Lc=1.2317 Ld=3.5944 lr=2.722e-06 gate_lr=2.722e-06 alpha=0.500+/-0.000 peak_mem=25.49GiB
epoch=8 step=21320/29520 loss=22.3400 Le=0.0642 Lc=1.2249 Ld=3.6724 lr=2.714e-06 gate_lr=2.714e-06 alpha=0.500+/-0.000 peak_mem=25.49GiB
epoch=8 step=21340/29520 loss=18.8022 Le=0.0274 Lc=1.2659 Ld=3.4049 lr=2.706e-06 gate_lr=2.706e-06 alpha=0.500+/-0.000 peak_mem=25.49GiB
epoch=8 step=21360/29520 loss=24.5449 Le=0.0829 Lc=1.2967 Ld=3.2851 lr=2.699e-06 gate_lr=2.699e-06 alpha=0.500+/-0.000 peak_mem=25.49GiB
epoch=8 step=21380/29520 loss=29.9525 Le=0.1306 Lc=1.3449 Ld=3.4446 lr=2.691e-06 gate_lr=2.691e-06 alpha=0.500+/-0.000 peak_mem=25.49GiB
epoch=8 step=21400/29520 loss=27.1289 Le=0.1124 Lc=1.2650 Ld=3.2390 lr=2.683e-06 gate_lr=2.683e-06 alpha=0.500+/-0.000 peak_mem=25.49GiB
epoch=8 step=21420/29520 loss=31.0244 Le=0.1384 Lc=1.3577 Ld=3.6068 lr=2.676e-06 gate_lr=2.676e-06 alpha=0.500+/-0.000 peak_mem=25.49GiB
epoch=8 step=21440/29520 loss=24.9085 Le=0.0833 Lc=1.3124 Ld=3.4526 lr=2.668e-06 gate_lr=2.668e-06 alpha=0.500+/-0.000 peak_mem=25.49GiB
epoch=8 step=21460/29520 loss=31.2736 Le=0.1454 Lc=1.3245 Ld=3.4905 lr=2.660e-06 gate_lr=2.660e-06 alpha=0.500+/-0.000 peak_mem=25.49GiB
epoch=8 step=21480/29520 loss=27.1448 Le=0.0967 Lc=1.3966 Ld=3.5070 lr=2.652e-06 gate_lr=2.652e-06 alpha=0.500+/-0.000 peak_mem=25.49GiB
epoch=8 step=21500/29520 loss=26.2350 Le=0.0906 Lc=1.3725 Ld=3.4470 lr=2.645e-06 gate_lr=2.645e-06 alpha=0.500+/-0.000 peak_mem=25.49GiB
epoch=8 step=21520/29520 loss=23.3175 Le=0.0566 Lc=1.4284 Ld=3.3713 lr=2.637e-06 gate_lr=2.637e-06 alpha=0.500+/-0.000 peak_mem=25.49GiB
epoch=8 step=21540/29520 loss=18.2168 Le=0.0258 Lc=1.2220 Ld=3.4129 lr=2.629e-06 gate_lr=2.629e-06 alpha=0.500+/-0.000 peak_mem=25.49GiB
epoch=8 step=21560/29520 loss=22.1387 Le=0.0578 Lc=1.2964 Ld=3.3905 lr=2.622e-06 gate_lr=2.622e-06 alpha=0.500+/-0.000 peak_mem=25.49GiB
epoch=8 step=21580/29520 loss=29.1510 Le=0.1298 Lc=1.2666 Ld=3.5042 lr=2.614e-06 gate_lr=2.614e-06 alpha=0.500+/-0.000 peak_mem=25.49GiB
epoch=8 step=21600/29520 loss=29.4919 Le=0.1296 Lc=1.2931 Ld=3.6022 lr=2.607e-06 gate_lr=2.607e-06 alpha=0.500+/-0.000 peak_mem=25.49GiB
epoch=8 step=21620/29520 loss=30.1335 Le=0.1405 Lc=1.2784 Ld=3.2977 lr=2.599e-06 gate_lr=2.599e-06 alpha=0.500+/-0.000 peak_mem=25.49GiB
epoch=8 step=21640/29520 loss=24.3960 Le=0.0713 Lc=1.3830 Ld=3.4311 lr=2.591e-06 gate_lr=2.591e-06 alpha=0.500+/-0.000 peak_mem=25.49GiB
epoch=8 step=21660/29520 loss=21.8523 Le=0.0580 Lc=1.2488 Ld=3.5657 lr=2.584e-06 gate_lr=2.584e-06 alpha=0.500+/-0.000 peak_mem=25.49GiB
epoch=8 step=21680/29520 loss=25.8135 Le=0.0879 Lc=1.3698 Ld=3.3290 lr=2.576e-06 gate_lr=2.576e-06 alpha=0.500+/-0.000 peak_mem=25.49GiB
epoch=8 step=21700/29520 loss=40.4958 Le=0.2328 Lc=1.3681 Ld=3.5345 lr=2.569e-06 gate_lr=2.569e-06 alpha=0.500+/-0.000 peak_mem=25.49GiB
epoch=8 step=21720/29520 loss=19.5392 Le=0.0372 Lc=1.2330 Ld=3.4908 lr=2.561e-06 gate_lr=2.561e-06 alpha=0.500+/-0.000 peak_mem=25.49GiB
epoch=8 step=21740/29520 loss=23.7383 Le=0.0802 Lc=1.2280 Ld=3.4333 lr=2.554e-06 gate_lr=2.554e-06 alpha=0.500+/-0.000 peak_mem=25.49GiB
epoch=8 step=21760/29520 loss=31.2270 Le=0.1480 Lc=1.3057 Ld=3.3719 lr=2.546e-06 gate_lr=2.546e-06 alpha=0.500+/-0.000 peak_mem=25.49GiB
epoch=8 step=21780/29520 loss=28.5046 Le=0.1298 Lc=1.2081 Ld=3.4406 lr=2.539e-06 gate_lr=2.539e-06 alpha=0.500+/-0.000 peak_mem=25.49GiB
epoch=8 step=21800/29520 loss=34.9608 Le=0.1907 Lc=1.2105 Ld=3.7885 lr=2.531e-06 gate_lr=2.531e-06 alpha=0.500+/-0.000 peak_mem=25.49GiB
epoch=8 step=21820/29520 loss=25.6212 Le=0.0915 Lc=1.2839 Ld=3.6301 lr=2.524e-06 gate_lr=2.524e-06 alpha=0.500+/-0.000 peak_mem=25.49GiB
epoch=8 step=21840/29520 loss=35.0322 Le=0.1875 Lc=1.2928 Ld=3.3549 lr=2.517e-06 gate_lr=2.517e-06 alpha=0.500+/-0.000 peak_mem=25.49GiB
epoch=8 step=21860/29520 loss=25.7372 Le=0.0909 Lc=1.3399 Ld=3.2509 lr=2.509e-06 gate_lr=2.509e-06 alpha=0.500+/-0.000 peak_mem=25.49GiB
epoch=8 step=21880/29520 loss=25.9726 Le=0.0981 Lc=1.2747 Ld=3.4174 lr=2.502e-06 gate_lr=2.502e-06 alpha=0.500+/-0.000 peak_mem=25.49GiB
epoch=8 step=21900/29520 loss=23.0053 Le=0.0670 Lc=1.2746 Ld=3.5597 lr=2.494e-06 gate_lr=2.494e-06 alpha=0.500+/-0.000 peak_mem=25.49GiB
epoch=8 step=21920/29520 loss=22.7966 Le=0.0751 Lc=1.1903 Ld=3.3877 lr=2.487e-06 gate_lr=2.487e-06 alpha=0.500+/-0.000 peak_mem=25.49GiB
epoch=8 step=21940/29520 loss=27.0345 Le=0.1093 Lc=1.2583 Ld=3.5240 lr=2.480e-06 gate_lr=2.480e-06 alpha=0.500+/-0.000 peak_mem=25.49GiB
epoch=8 step=21960/29520 loss=21.7904 Le=0.0611 Lc=1.2386 Ld=3.2991 lr=2.472e-06 gate_lr=2.472e-06 alpha=0.500+/-0.000 peak_mem=25.49GiB
epoch=8 step=21980/29520 loss=25.1475 Le=0.0860 Lc=1.3085 Ld=3.4605 lr=2.465e-06 gate_lr=2.465e-06 alpha=0.500+/-0.000 peak_mem=25.49GiB
epoch=8 step=22000/29520 loss=29.7300 Le=0.1331 Lc=1.2727 Ld=3.6892 lr=2.458e-06 gate_lr=2.458e-06 alpha=0.500+/-0.000 peak_mem=25.49GiB
epoch=8 step=22020/29520 loss=25.9646 Le=0.0928 Lc=1.3082 Ld=3.6023 lr=2.450e-06 gate_lr=2.450e-06 alpha=0.500+/-0.000 peak_mem=25.49GiB
epoch=8 step=22040/29520 loss=25.2047 Le=0.0874 Lc=1.2937 Ld=3.5280 lr=2.443e-06 gate_lr=2.443e-06 alpha=0.500+/-0.000 peak_mem=25.49GiB
epoch=8 step=22060/29520 loss=19.5845 Le=0.0359 Lc=1.2520 Ld=3.4699 lr=2.436e-06 gate_lr=2.436e-06 alpha=0.500+/-0.000 peak_mem=25.49GiB
epoch=8 step=22080/29520 loss=38.6802 Le=0.2317 Lc=1.2332 Ld=3.1784 lr=2.429e-06 gate_lr=2.429e-06 alpha=0.500+/-0.000 peak_mem=25.49GiB
epoch=8 step=22100/29520 loss=24.9638 Le=0.0766 Lc=1.3659 Ld=3.6463 lr=2.421e-06 gate_lr=2.421e-06 alpha=0.500+/-0.000 peak_mem=25.49GiB
epoch=8 step=22120/29520 loss=40.9402 Le=0.2277 Lc=1.4556 Ld=3.6142 lr=2.414e-06 gate_lr=2.414e-06 alpha=0.500+/-0.000 peak_mem=25.49GiB
epoch=8 step=22140/29520 loss=22.1489 Le=0.0606 Lc=1.2590 Ld=3.4973 lr=2.407e-06 gate_lr=2.407e-06 alpha=0.500+/-0.000 peak_mem=25.49GiB
epoch=8 step=22160/29520 loss=38.2656 Le=0.2177 Lc=1.3247 Ld=3.2533 lr=2.400e-06 gate_lr=2.400e-06 alpha=0.500+/-0.000 peak_mem=25.49GiB
epoch=8 step=22180/29520 loss=29.6584 Le=0.1450 Lc=1.1758 Ld=3.3986 lr=2.392e-06 gate_lr=2.392e-06 alpha=0.500+/-0.000 peak_mem=25.49GiB
epoch=8 step=22200/29520 loss=33.1531 Le=0.1665 Lc=1.2958 Ld=3.5480 lr=2.385e-06 gate_lr=2.385e-06 alpha=0.500+/-0.000 peak_mem=25.49GiB
epoch=8 step=22220/29520 loss=25.3863 Le=0.1030 Lc=1.1682 Ld=3.4066 lr=2.378e-06 gate_lr=2.378e-06 alpha=0.500+/-0.000 peak_mem=25.49GiB
epoch=8 step=22240/29520 loss=31.0458 Le=0.1428 Lc=1.3160 Ld=3.6087 lr=2.371e-06 gate_lr=2.371e-06 alpha=0.500+/-0.000 peak_mem=25.49GiB
epoch=8 step=22260/29520 loss=23.0378 Le=0.0758 Lc=1.2325 Ld=3.1372 lr=2.364e-06 gate_lr=2.364e-06 alpha=0.500+/-0.000 peak_mem=25.49GiB
epoch=8 step=22280/29520 loss=29.5181 Le=0.1247 Lc=1.3789 Ld=3.2590 lr=2.357e-06 gate_lr=2.357e-06 alpha=0.500+/-0.000 peak_mem=25.49GiB
epoch=8 step=22300/29520 loss=22.9368 Le=0.0593 Lc=1.3503 Ld=3.5035 lr=2.350e-06 gate_lr=2.350e-06 alpha=0.500+/-0.000 peak_mem=25.49GiB
epoch=8 step=22320/29520 loss=23.9696 Le=0.0739 Lc=1.3049 Ld=3.5282 lr=2.343e-06 gate_lr=2.343e-06 alpha=0.500+/-0.000 peak_mem=25.49GiB
epoch=8 step=22340/29520 loss=33.3973 Le=0.1669 Lc=1.3320 Ld=3.3910 lr=2.336e-06 gate_lr=2.336e-06 alpha=0.500+/-0.000 peak_mem=25.49GiB
epoch=8 step=22360/29520 loss=28.3882 Le=0.1265 Lc=1.2076 Ld=3.6587 lr=2.329e-06 gate_lr=2.329e-06 alpha=0.500+/-0.000 peak_mem=25.49GiB
epoch=8 step=22380/29520 loss=26.6456 Le=0.0905 Lc=1.4026 Ld=3.5711 lr=2.322e-06 gate_lr=2.322e-06 alpha=0.500+/-0.000 peak_mem=25.49GiB
epoch=8 step=22400/29520 loss=20.9900 Le=0.0449 Lc=1.2939 Ld=3.5604 lr=2.315e-06 gate_lr=2.315e-06 alpha=0.500+/-0.000 peak_mem=25.49GiB
epoch=8 step=22420/29520 loss=27.3701 Le=0.1164 Lc=1.2275 Ld=3.4573 lr=2.308e-06 gate_lr=2.308e-06 alpha=0.500+/-0.000 peak_mem=25.49GiB
epoch=8 step=22440/29520 loss=21.1001 Le=0.0362 Lc=1.4041 Ld=3.4427 lr=2.301e-06 gate_lr=2.301e-06 alpha=0.500+/-0.000 peak_mem=25.49GiB
epoch=8 step=22460/29520 loss=29.6415 Le=0.1437 Lc=1.1945 Ld=3.3229 lr=2.294e-06 gate_lr=2.294e-06 alpha=0.500+/-0.000 peak_mem=25.49GiB
epoch=8 step=22480/29520 loss=28.4057 Le=0.1190 Lc=1.3035 Ld=3.4658 lr=2.287e-06 gate_lr=2.287e-06 alpha=0.500+/-0.000 peak_mem=25.49GiB
epoch=8 step=22500/29520 loss=19.3819 Le=0.0458 Lc=1.1443 Ld=3.3575 lr=2.280e-06 gate_lr=2.280e-06 alpha=0.500+/-0.000 peak_mem=25.49GiB
epoch=8 step=22520/29520 loss=33.3656 Le=0.1659 Lc=1.3146 Ld=3.6339 lr=2.273e-06 gate_lr=2.273e-06 alpha=0.500+/-0.000 peak_mem=25.49GiB
epoch=8 step=22540/29520 loss=20.4183 Le=0.0457 Lc=1.2465 Ld=3.3866 lr=2.266e-06 gate_lr=2.266e-06 alpha=0.500+/-0.000 peak_mem=25.49GiB
epoch=8 step=22560/29520 loss=23.8479 Le=0.0862 Lc=1.1663 Ld=3.5624 lr=2.259e-06 gate_lr=2.259e-06 alpha=0.500+/-0.000 peak_mem=25.49GiB
epoch=8 step=22580/29520 loss=27.3156 Le=0.1027 Lc=1.3430 Ld=3.6187 lr=2.252e-06 gate_lr=2.252e-06 alpha=0.500+/-0.000 peak_mem=25.49GiB
epoch=8 step=22600/29520 loss=19.5883 Le=0.0333 Lc=1.2914 Ld=3.3427 lr=2.245e-06 gate_lr=2.245e-06 alpha=0.500+/-0.000 peak_mem=25.49GiB
epoch=8 step=22620/29520 loss=21.1886 Le=0.0524 Lc=1.2381 Ld=3.5691 lr=2.238e-06 gate_lr=2.238e-06 alpha=0.500+/-0.000 peak_mem=25.49GiB
epoch=8 step=22640/29520 loss=28.4912 Le=0.1235 Lc=1.2747 Ld=3.3967 lr=2.232e-06 gate_lr=2.232e-06 alpha=0.500+/-0.000 peak_mem=25.49GiB
epoch=8 step=22660/29520 loss=21.7656 Le=0.0496 Lc=1.3540 Ld=3.2637 lr=2.225e-06 gate_lr=2.225e-06 alpha=0.500+/-0.000 peak_mem=25.49GiB
epoch=8 step=22680/29520 loss=33.9065 Le=0.1736 Lc=1.3057 Ld=3.4875 lr=2.218e-06 gate_lr=2.218e-06 alpha=0.500+/-0.000 peak_mem=25.49GiB
epoch=8 step=22700/29520 loss=31.0363 Le=0.1497 Lc=1.2576 Ld=3.4857 lr=2.211e-06 gate_lr=2.211e-06 alpha=0.500+/-0.000 peak_mem=25.49GiB
epoch=8 step=22720/29520 loss=25.6187 Le=0.0932 Lc=1.2976 Ld=3.3213 lr=2.204e-06 gate_lr=2.204e-06 alpha=0.500+/-0.000 peak_mem=25.49GiB
epoch=8 step=22740/29520 loss=19.0039 Le=0.0337 Lc=1.1898 Ld=3.7324 lr=2.198e-06 gate_lr=2.198e-06 alpha=0.500+/-0.000 peak_mem=25.49GiB
epoch=8 step=22760/29520 loss=39.0092 Le=0.2221 Lc=1.3263 Ld=3.5353 lr=2.191e-06 gate_lr=2.191e-06 alpha=0.500+/-0.000 peak_mem=25.49GiB
epoch=8 step=22780/29520 loss=21.8603 Le=0.0535 Lc=1.3167 Ld=3.3431 lr=2.184e-06 gate_lr=2.184e-06 alpha=0.500+/-0.000 peak_mem=25.49GiB
epoch=8 step=22800/29520 loss=24.5491 Le=0.0777 Lc=1.3457 Ld=3.3203 lr=2.178e-06 gate_lr=2.178e-06 alpha=0.500+/-0.000 peak_mem=25.49GiB
epoch=8 step=22820/29520 loss=20.2451 Le=0.0473 Lc=1.2173 Ld=3.3456 lr=2.171e-06 gate_lr=2.171e-06 alpha=0.500+/-0.000 peak_mem=25.49GiB
epoch=8 step=22840/29520 loss=35.4833 Le=0.1856 Lc=1.3608 Ld=3.3140 lr=2.164e-06 gate_lr=2.164e-06 alpha=0.500+/-0.000 peak_mem=25.49GiB
epoch=8 step=22860/29520 loss=25.8973 Le=0.0959 Lc=1.3069 Ld=3.2358 lr=2.158e-06 gate_lr=2.158e-06 alpha=0.500+/-0.000 peak_mem=25.49GiB
epoch=8 step=22880/29520 loss=21.9088 Le=0.0740 Lc=1.1305 Ld=3.2027 lr=2.151e-06 gate_lr=2.151e-06 alpha=0.500+/-0.000 peak_mem=25.49GiB
epoch=8 step=22900/29520 loss=18.8869 Le=0.0361 Lc=1.1902 Ld=3.3763 lr=2.144e-06 gate_lr=2.144e-06 alpha=0.500+/-0.000 peak_mem=25.49GiB
epoch=8 step=22920/29520 loss=40.8647 Le=0.2345 Lc=1.3935 Ld=3.4796 lr=2.138e-06 gate_lr=2.138e-06 alpha=0.500+/-0.000 peak_mem=25.49GiB
epoch=8 step=22940/29520 loss=21.4285 Le=0.0505 Lc=1.3055 Ld=3.3213 lr=2.131e-06 gate_lr=2.131e-06 alpha=0.500+/-0.000 peak_mem=25.49GiB
epoch=8 step=22960/29520 loss=28.5447 Le=0.1303 Lc=1.2029 Ld=3.4863 lr=2.125e-06 gate_lr=2.125e-06 alpha=0.500+/-0.000 peak_mem=25.49GiB
epoch=8 step=22980/29520 loss=22.8251 Le=0.0809 Lc=1.1095 Ld=3.6402 lr=2.118e-06 gate_lr=2.118e-06 alpha=0.500+/-0.000 peak_mem=25.49GiB
epoch=8 step=23000/29520 loss=24.0692 Le=0.0719 Lc=1.3372 Ld=3.5086 lr=2.112e-06 gate_lr=2.112e-06 alpha=0.500+/-0.000 peak_mem=25.49GiB
epoch=8 step=23020/29520 loss=23.9095 Le=0.0703 Lc=1.3363 Ld=3.5146 lr=2.105e-06 gate_lr=2.105e-06 alpha=0.500+/-0.000 peak_mem=25.49GiB
epoch=8 step=23040/29520 loss=29.6798 Le=0.1459 Lc=1.1670 Ld=3.4226 lr=2.099e-06 gate_lr=2.099e-06 alpha=0.500+/-0.000 peak_mem=25.49GiB
epoch=8 step=23060/29520 loss=26.3002 Le=0.1022 Lc=1.2792 Ld=3.2841 lr=2.092e-06 gate_lr=2.092e-06 alpha=0.500+/-0.000 peak_mem=25.49GiB
epoch=8 step=23080/29520 loss=25.6134 Le=0.0855 Lc=1.3586 Ld=3.4810 lr=2.086e-06 gate_lr=2.086e-06 alpha=0.500+/-0.000 peak_mem=25.49GiB
epoch=8 step=23100/29520 loss=25.9515 Le=0.0968 Lc=1.2840 Ld=3.4314 lr=2.079e-06 gate_lr=2.079e-06 alpha=0.500+/-0.000 peak_mem=25.49GiB
epoch=8 step=23120/29520 loss=20.8699 Le=0.0558 Lc=1.1803 Ld=3.4836 lr=2.073e-06 gate_lr=2.073e-06 alpha=0.500+/-0.000 peak_mem=25.49GiB
epoch=8 step=23140/29520 loss=20.8753 Le=0.0588 Lc=1.1561 Ld=3.4375 lr=2.066e-06 gate_lr=2.066e-06 alpha=0.500+/-0.000 peak_mem=25.49GiB
epoch=8 step=23160/29520 loss=30.5802 Le=0.1485 Lc=1.2605 Ld=3.1239 lr=2.060e-06 gate_lr=2.060e-06 alpha=0.500+/-0.000 peak_mem=25.49GiB
epoch=8 step=23180/29520 loss=23.0311 Le=0.0720 Lc=1.2314 Ld=3.5199 lr=2.054e-06 gate_lr=2.054e-06 alpha=0.500+/-0.000 peak_mem=25.49GiB
epoch=8 step=23200/29520 loss=19.9514 Le=0.0395 Lc=1.2485 Ld=3.5168 lr=2.047e-06 gate_lr=2.047e-06 alpha=0.500+/-0.000 peak_mem=25.49GiB
epoch=8 step=23220/29520 loss=21.5129 Le=0.0616 Lc=1.1807 Ld=3.5454 lr=2.041e-06 gate_lr=2.041e-06 alpha=0.500+/-0.000 peak_mem=25.49GiB
epoch=8 step=23240/29520 loss=29.5809 Le=0.1292 Lc=1.3229 Ld=3.4354 lr=2.034e-06 gate_lr=2.034e-06 alpha=0.500+/-0.000 peak_mem=25.49GiB
epoch=8 step=23260/29520 loss=32.7962 Le=0.1734 Lc=1.2067 Ld=3.3889 lr=2.028e-06 gate_lr=2.028e-06 alpha=0.500+/-0.000 peak_mem=25.49GiB
epoch=8 step=23280/29520 loss=25.7906 Le=0.0935 Lc=1.2975 Ld=3.4632 lr=2.022e-06 gate_lr=2.022e-06 alpha=0.500+/-0.000 peak_mem=25.49GiB
epoch=8 step=23300/29520 loss=23.8870 Le=0.0755 Lc=1.3036 Ld=3.2994 lr=2.016e-06 gate_lr=2.016e-06 alpha=0.500+/-0.000 peak_mem=25.49GiB
epoch=8 step=23320/29520 loss=24.5507 Le=0.0891 Lc=1.2300 Ld=3.3363 lr=2.009e-06 gate_lr=2.009e-06 alpha=0.500+/-0.000 peak_mem=25.49GiB
epoch=8 step=23340/29520 loss=28.3864 Le=0.1221 Lc=1.2761 Ld=3.4192 lr=2.003e-06 gate_lr=2.003e-06 alpha=0.500+/-0.000 peak_mem=25.49GiB
epoch=8 step=23360/29520 loss=28.5024 Le=0.1211 Lc=1.2906 Ld=3.4828 lr=1.997e-06 gate_lr=1.997e-06 alpha=0.500+/-0.000 peak_mem=25.49GiB
epoch=8 step=23380/29520 loss=30.4788 Le=0.1469 Lc=1.2290 Ld=3.4953 lr=1.991e-06 gate_lr=1.991e-06 alpha=0.500+/-0.000 peak_mem=25.49GiB
epoch=8 step=23400/29520 loss=27.4909 Le=0.1161 Lc=1.2381 Ld=3.4969 lr=1.984e-06 gate_lr=1.984e-06 alpha=0.500+/-0.000 peak_mem=25.49GiB
epoch=8 step=23420/29520 loss=48.8453 Le=0.3203 Lc=1.3213 Ld=3.6017 lr=1.978e-06 gate_lr=1.978e-06 alpha=0.500+/-0.000 peak_mem=25.49GiB
epoch=8 step=23440/29520 loss=25.2478 Le=0.0854 Lc=1.3150 Ld=3.5550 lr=1.972e-06 gate_lr=1.972e-06 alpha=0.500+/-0.000 peak_mem=25.49GiB
epoch=8 step=23460/29520 loss=30.1495 Le=0.1367 Lc=1.3251 Ld=3.2245 lr=1.966e-06 gate_lr=1.966e-06 alpha=0.500+/-0.000 peak_mem=25.49GiB
epoch=8 step=23480/29520 loss=33.4055 Le=0.1738 Lc=1.2439 Ld=3.5911 lr=1.960e-06 gate_lr=1.960e-06 alpha=0.500+/-0.000 peak_mem=25.49GiB
epoch=8 step=23500/29520 loss=31.5988 Le=0.1428 Lc=1.3893 Ld=3.4288 lr=1.954e-06 gate_lr=1.954e-06 alpha=0.500+/-0.000 peak_mem=25.49GiB
epoch=8 step=23520/29520 loss=33.9138 Le=0.1817 Lc=1.2248 Ld=3.4932 lr=1.948e-06 gate_lr=1.948e-06 alpha=0.500+/-0.000 peak_mem=25.49GiB
epoch=8 step=23540/29520 loss=36.8096 Le=0.1975 Lc=1.3684 Ld=3.3750 lr=1.942e-06 gate_lr=1.942e-06 alpha=0.500+/-0.000 peak_mem=25.49GiB
epoch=8 step=23560/29520 loss=28.9576 Le=0.1334 Lc=1.2391 Ld=3.2289 lr=1.935e-06 gate_lr=1.935e-06 alpha=0.500+/-0.000 peak_mem=25.49GiB
epoch=8 step=23580/29520 loss=25.8619 Le=0.0931 Lc=1.3439 Ld=3.1085 lr=1.929e-06 gate_lr=1.929e-06 alpha=0.500+/-0.000 peak_mem=25.49GiB
epoch=8 step=23600/29520 loss=27.7541 Le=0.1049 Lc=1.3906 Ld=3.3624 lr=1.923e-06 gate_lr=1.923e-06 alpha=0.500+/-0.000 peak_mem=25.49GiB
epoch=8 checkpoints saved
epoch=9 step=23620/29520 loss=20.4950 Le=0.0373 Lc=1.3389 Ld=3.3745 lr=1.917e-06 gate_lr=1.917e-06 alpha=0.500+/-0.000 peak_mem=25.49GiB
epoch=9 step=23640/29520 loss=29.0197 Le=0.1292 Lc=1.2782 Ld=3.3166 lr=1.911e-06 gate_lr=1.911e-06 alpha=0.500+/-0.000 peak_mem=25.49GiB
epoch=9 step=23660/29520 loss=27.7654 Le=0.1189 Lc=1.2551 Ld=3.3233 lr=1.905e-06 gate_lr=1.905e-06 alpha=0.500+/-0.000 peak_mem=25.49GiB
epoch=9 step=23680/29520 loss=28.4778 Le=0.1134 Lc=1.3702 Ld=3.4340 lr=1.899e-06 gate_lr=1.899e-06 alpha=0.500+/-0.000 peak_mem=25.49GiB
epoch=9 step=23700/29520 loss=29.7436 Le=0.1322 Lc=1.3221 Ld=3.3061 lr=1.894e-06 gate_lr=1.894e-06 alpha=0.500+/-0.000 peak_mem=25.49GiB
epoch=9 step=23720/29520 loss=23.6662 Le=0.0683 Lc=1.3407 Ld=3.4276 lr=1.888e-06 gate_lr=1.888e-06 alpha=0.500+/-0.000 peak_mem=25.49GiB
epoch=9 step=23740/29520 loss=27.3168 Le=0.1140 Lc=1.2533 Ld=3.3830 lr=1.882e-06 gate_lr=1.882e-06 alpha=0.500+/-0.000 peak_mem=25.49GiB
epoch=9 step=23760/29520 loss=22.1358 Le=0.0725 Lc=1.1358 Ld=3.5265 lr=1.876e-06 gate_lr=1.876e-06 alpha=0.500+/-0.000 peak_mem=25.49GiB
epoch=9 step=23780/29520 loss=26.1857 Le=0.1030 Lc=1.2295 Ld=3.5910 lr=1.870e-06 gate_lr=1.870e-06 alpha=0.500+/-0.000 peak_mem=25.49GiB
epoch=9 step=23800/29520 loss=21.7243 Le=0.0682 Lc=1.1429 Ld=3.4801 lr=1.864e-06 gate_lr=1.864e-06 alpha=0.500+/-0.000 peak_mem=25.49GiB
epoch=9 step=23820/29520 loss=24.7430 Le=0.0898 Lc=1.2466 Ld=3.2991 lr=1.858e-06 gate_lr=1.858e-06 alpha=0.500+/-0.000 peak_mem=25.49GiB
epoch=9 step=23840/29520 loss=20.9374 Le=0.0473 Lc=1.2866 Ld=3.3447 lr=1.852e-06 gate_lr=1.852e-06 alpha=0.500+/-0.000 peak_mem=25.49GiB
epoch=9 step=23860/29520 loss=29.4626 Le=0.1359 Lc=1.2548 Ld=3.3284 lr=1.847e-06 gate_lr=1.847e-06 alpha=0.500+/-0.000 peak_mem=25.49GiB
epoch=9 step=23880/29520 loss=21.1230 Le=0.0567 Lc=1.1945 Ld=3.5060 lr=1.841e-06 gate_lr=1.841e-06 alpha=0.500+/-0.000 peak_mem=25.49GiB
epoch=9 step=23900/29520 loss=20.9800 Le=0.0491 Lc=1.2695 Ld=3.3707 lr=1.835e-06 gate_lr=1.835e-06 alpha=0.500+/-0.000 peak_mem=25.49GiB
epoch=9 step=23920/29520 loss=20.5173 Le=0.0511 Lc=1.2018 Ld=3.3849 lr=1.829e-06 gate_lr=1.829e-06 alpha=0.500+/-0.000 peak_mem=25.49GiB
epoch=9 step=23940/29520 loss=24.8635 Le=0.0791 Lc=1.3440 Ld=3.5129 lr=1.824e-06 gate_lr=1.824e-06 alpha=0.500+/-0.000 peak_mem=25.49GiB
epoch=9 step=23960/29520 loss=39.0238 Le=0.2237 Lc=1.3229 Ld=3.4245 lr=1.818e-06 gate_lr=1.818e-06 alpha=0.500+/-0.000 peak_mem=25.49GiB
epoch=9 step=23980/29520 loss=23.7046 Le=0.0794 Lc=1.2473 Ld=3.2954 lr=1.812e-06 gate_lr=1.812e-06 alpha=0.500+/-0.000 peak_mem=25.49GiB
epoch=9 step=24000/29520 loss=31.3242 Le=0.1566 Lc=1.2362 Ld=3.3000 lr=1.807e-06 gate_lr=1.807e-06 alpha=0.500+/-0.000 peak_mem=25.49GiB
epoch=9 step=24020/29520 loss=24.5524 Le=0.0739 Lc=1.3683 Ld=3.4767 lr=1.801e-06 gate_lr=1.801e-06 alpha=0.500+/-0.000 peak_mem=25.49GiB
epoch=9 step=24040/29520 loss=29.2680 Le=0.1250 Lc=1.3255 Ld=3.5145 lr=1.795e-06 gate_lr=1.795e-06 alpha=0.500+/-0.000 peak_mem=25.49GiB
epoch=9 step=24060/29520 loss=27.5230 Le=0.1245 Lc=1.1845 Ld=3.2236 lr=1.790e-06 gate_lr=1.790e-06 alpha=0.500+/-0.000 peak_mem=25.49GiB
epoch=9 step=24080/29520 loss=37.4353 Le=0.2004 Lc=1.3948 Ld=3.4490 lr=1.784e-06 gate_lr=1.784e-06 alpha=0.500+/-0.000 peak_mem=25.49GiB
epoch=9 step=24100/29520 loss=17.9477 Le=0.0264 Lc=1.1951 Ld=3.3592 lr=1.778e-06 gate_lr=1.778e-06 alpha=0.500+/-0.000 peak_mem=25.49GiB
epoch=9 step=24120/29520 loss=23.5233 Le=0.0706 Lc=1.3084 Ld=3.3790 lr=1.773e-06 gate_lr=1.773e-06 alpha=0.500+/-0.000 peak_mem=25.49GiB
epoch=9 step=24140/29520 loss=26.8504 Le=0.1108 Lc=1.2440 Ld=3.3356 lr=1.767e-06 gate_lr=1.767e-06 alpha=0.500+/-0.000 peak_mem=25.49GiB
epoch=9 step=24160/29520 loss=20.1524 Le=0.0344 Lc=1.3062 Ld=3.6473 lr=1.762e-06 gate_lr=1.762e-06 alpha=0.500+/-0.000 peak_mem=25.49GiB
epoch=9 step=24180/29520 loss=25.8832 Le=0.0873 Lc=1.3416 Ld=3.7385 lr=1.756e-06 gate_lr=1.756e-06 alpha=0.500+/-0.000 peak_mem=25.49GiB
epoch=9 step=24200/29520 loss=26.8710 Le=0.1095 Lc=1.2597 Ld=3.3255 lr=1.751e-06 gate_lr=1.751e-06 alpha=0.500+/-0.000 peak_mem=25.49GiB
epoch=9 step=24220/29520 loss=24.8867 Le=0.0890 Lc=1.2649 Ld=3.3338 lr=1.745e-06 gate_lr=1.745e-06 alpha=0.500+/-0.000 peak_mem=25.49GiB
epoch=9 step=24240/29520 loss=25.9769 Le=0.1011 Lc=1.2730 Ld=3.1404 lr=1.740e-06 gate_lr=1.740e-06 alpha=0.500+/-0.000 peak_mem=25.49GiB
epoch=9 step=24260/29520 loss=25.7809 Le=0.0897 Lc=1.3398 Ld=3.4145 lr=1.734e-06 gate_lr=1.734e-06 alpha=0.500+/-0.000 peak_mem=25.49GiB
epoch=9 step=24280/29520 loss=21.2929 Le=0.0465 Lc=1.3245 Ld=3.3935 lr=1.729e-06 gate_lr=1.729e-06 alpha=0.500+/-0.000 peak_mem=25.49GiB
epoch=9 step=24300/29520 loss=25.7107 Le=0.0969 Lc=1.2445 Ld=3.5796 lr=1.724e-06 gate_lr=1.724e-06 alpha=0.500+/-0.000 peak_mem=25.49GiB
epoch=9 step=24320/29520 loss=25.9917 Le=0.0878 Lc=1.3600 Ld=3.6069 lr=1.718e-06 gate_lr=1.718e-06 alpha=0.500+/-0.000 peak_mem=25.49GiB
epoch=9 step=24340/29520 loss=22.2630 Le=0.0517 Lc=1.3681 Ld=3.4089 lr=1.713e-06 gate_lr=1.713e-06 alpha=0.500+/-0.000 peak_mem=25.49GiB
epoch=9 step=24360/29520 loss=27.7262 Le=0.1269 Lc=1.1637 Ld=3.4003 lr=1.708e-06 gate_lr=1.708e-06 alpha=0.500+/-0.000 peak_mem=25.49GiB
epoch=9 step=24380/29520 loss=24.0588 Le=0.0676 Lc=1.3779 Ld=3.5149 lr=1.702e-06 gate_lr=1.702e-06 alpha=0.500+/-0.000 peak_mem=25.49GiB
epoch=9 step=24400/29520 loss=29.8047 Le=0.1416 Lc=1.2186 Ld=3.4549 lr=1.697e-06 gate_lr=1.697e-06 alpha=0.500+/-0.000 peak_mem=25.49GiB
epoch=9 step=24420/29520 loss=30.0531 Le=0.1497 Lc=1.1841 Ld=3.2417 lr=1.692e-06 gate_lr=1.692e-06 alpha=0.500+/-0.000 peak_mem=25.49GiB
epoch=9 step=24440/29520 loss=18.6276 Le=0.0299 Lc=1.2021 Ld=3.6120 lr=1.686e-06 gate_lr=1.686e-06 alpha=0.500+/-0.000 peak_mem=25.49GiB
epoch=9 step=24460/29520 loss=22.7008 Le=0.0654 Lc=1.2733 Ld=3.4327 lr=1.681e-06 gate_lr=1.681e-06 alpha=0.500+/-0.000 peak_mem=25.49GiB
epoch=9 step=24480/29520 loss=19.0442 Le=0.0350 Lc=1.1957 Ld=3.5911 lr=1.676e-06 gate_lr=1.676e-06 alpha=0.500+/-0.000 peak_mem=25.49GiB
epoch=9 step=24500/29520 loss=32.0903 Le=0.1452 Lc=1.4127 Ld=3.4476 lr=1.671e-06 gate_lr=1.671e-06 alpha=0.500+/-0.000 peak_mem=25.49GiB
epoch=9 step=24520/29520 loss=23.7257 Le=0.0647 Lc=1.3996 Ld=3.2627 lr=1.665e-06 gate_lr=1.665e-06 alpha=0.500+/-0.000 peak_mem=25.49GiB
epoch=9 step=24540/29520 loss=32.2942 Le=0.1494 Lc=1.4064 Ld=3.2938 lr=1.660e-06 gate_lr=1.660e-06 alpha=0.500+/-0.000 peak_mem=25.49GiB
epoch=9 step=24560/29520 loss=21.9140 Le=0.0599 Lc=1.2607 Ld=3.3182 lr=1.655e-06 gate_lr=1.655e-06 alpha=0.500+/-0.000 peak_mem=25.49GiB
epoch=9 step=24580/29520 loss=29.8344 Le=0.1424 Lc=1.2103 Ld=3.4922 lr=1.650e-06 gate_lr=1.650e-06 alpha=0.500+/-0.000 peak_mem=25.49GiB
epoch=9 step=24600/29520 loss=21.2403 Le=0.0455 Lc=1.3122 Ld=3.5653 lr=1.645e-06 gate_lr=1.645e-06 alpha=0.500+/-0.000 peak_mem=25.49GiB
epoch=9 step=24620/29520 loss=21.9707 Le=0.0645 Lc=1.2189 Ld=3.3306 lr=1.640e-06 gate_lr=1.640e-06 alpha=0.500+/-0.000 peak_mem=25.49GiB
epoch=9 step=24640/29520 loss=20.9379 Le=0.0338 Lc=1.4143 Ld=3.4199 lr=1.635e-06 gate_lr=1.635e-06 alpha=0.500+/-0.000 peak_mem=25.49GiB
epoch=9 step=24660/29520 loss=29.8807 Le=0.1286 Lc=1.3703 Ld=3.3174 lr=1.630e-06 gate_lr=1.630e-06 alpha=0.500+/-0.000 peak_mem=25.49GiB
epoch=9 step=24680/29520 loss=24.2567 Le=0.0691 Lc=1.3859 Ld=3.4884 lr=1.625e-06 gate_lr=1.625e-06 alpha=0.500+/-0.000 peak_mem=25.49GiB
epoch=9 step=24700/29520 loss=29.9392 Le=0.1355 Lc=1.3182 Ld=3.2086 lr=1.620e-06 gate_lr=1.620e-06 alpha=0.500+/-0.000 peak_mem=25.49GiB
epoch=9 step=24720/29520 loss=25.9952 Le=0.0890 Lc=1.3768 Ld=3.3306 lr=1.615e-06 gate_lr=1.615e-06 alpha=0.500+/-0.000 peak_mem=25.49GiB
epoch=9 step=24740/29520 loss=23.0163 Le=0.0639 Lc=1.3057 Ld=3.5729 lr=1.610e-06 gate_lr=1.610e-06 alpha=0.500+/-0.000 peak_mem=25.49GiB
epoch=9 step=24760/29520 loss=22.1324 Le=0.0546 Lc=1.3341 Ld=3.3301 lr=1.605e-06 gate_lr=1.605e-06 alpha=0.500+/-0.000 peak_mem=25.49GiB
epoch=9 step=24780/29520 loss=33.1639 Le=0.1727 Lc=1.2464 Ld=3.4289 lr=1.600e-06 gate_lr=1.600e-06 alpha=0.500+/-0.000 peak_mem=25.49GiB
epoch=9 step=24800/29520 loss=26.4236 Le=0.1117 Lc=1.1787 Ld=3.4689 lr=1.595e-06 gate_lr=1.595e-06 alpha=0.500+/-0.000 peak_mem=25.49GiB
epoch=9 step=24820/29520 loss=25.3046 Le=0.0872 Lc=1.3330 Ld=3.2539 lr=1.590e-06 gate_lr=1.590e-06 alpha=0.500+/-0.000 peak_mem=25.49GiB
epoch=9 step=24840/29520 loss=20.8657 Le=0.0540 Lc=1.2022 Ld=3.4420 lr=1.585e-06 gate_lr=1.585e-06 alpha=0.500+/-0.000 peak_mem=25.49GiB
epoch=9 step=24860/29520 loss=20.9081 Le=0.0524 Lc=1.2219 Ld=3.4534 lr=1.580e-06 gate_lr=1.580e-06 alpha=0.500+/-0.000 peak_mem=25.49GiB
epoch=9 step=24880/29520 loss=18.9321 Le=0.0410 Lc=1.1259 Ld=3.5729 lr=1.575e-06 gate_lr=1.575e-06 alpha=0.500+/-0.000 peak_mem=25.49GiB
epoch=9 step=24900/29520 loss=24.6786 Le=0.0820 Lc=1.3092 Ld=3.3875 lr=1.570e-06 gate_lr=1.570e-06 alpha=0.500+/-0.000 peak_mem=25.49GiB
epoch=9 step=24920/29520 loss=23.1871 Le=0.0677 Lc=1.2976 Ld=3.4406 lr=1.565e-06 gate_lr=1.565e-06 alpha=0.500+/-0.000 peak_mem=25.49GiB
epoch=9 step=24940/29520 loss=25.1715 Le=0.0911 Lc=1.2431 Ld=3.6331 lr=1.561e-06 gate_lr=1.561e-06 alpha=0.500+/-0.000 peak_mem=25.49GiB
epoch=9 step=24960/29520 loss=28.7638 Le=0.1272 Lc=1.2790 Ld=3.2560 lr=1.556e-06 gate_lr=1.556e-06 alpha=0.500+/-0.000 peak_mem=25.49GiB
epoch=9 step=24980/29520 loss=19.9488 Le=0.0459 Lc=1.2048 Ld=3.3110 lr=1.551e-06 gate_lr=1.551e-06 alpha=0.500+/-0.000 peak_mem=25.49GiB
epoch=9 step=25000/29520 loss=23.6758 Le=0.0849 Lc=1.1674 Ld=3.5094 lr=1.546e-06 gate_lr=1.546e-06 alpha=0.500+/-0.000 peak_mem=25.49GiB
epoch=9 step=25020/29520 loss=24.3183 Le=0.0669 Lc=1.4083 Ld=3.5402 lr=1.542e-06 gate_lr=1.542e-06 alpha=0.500+/-0.000 peak_mem=25.49GiB
epoch=9 step=25040/29520 loss=29.9414 Le=0.1329 Lc=1.3164 Ld=3.4838 lr=1.537e-06 gate_lr=1.537e-06 alpha=0.500+/-0.000 peak_mem=25.49GiB
epoch=9 step=25060/29520 loss=26.3546 Le=0.1039 Lc=1.2774 Ld=3.1928 lr=1.532e-06 gate_lr=1.532e-06 alpha=0.500+/-0.000 peak_mem=25.49GiB
epoch=9 step=25080/29520 loss=30.7770 Le=0.1496 Lc=1.2313 Ld=3.4995 lr=1.528e-06 gate_lr=1.528e-06 alpha=0.500+/-0.000 peak_mem=25.49GiB
epoch=9 step=25100/29520 loss=26.4874 Le=0.0975 Lc=1.3053 Ld=3.6840 lr=1.523e-06 gate_lr=1.523e-06 alpha=0.500+/-0.000 peak_mem=25.49GiB
epoch=9 step=25120/29520 loss=21.2640 Le=0.0514 Lc=1.2830 Ld=3.2977 lr=1.518e-06 gate_lr=1.518e-06 alpha=0.500+/-0.000 peak_mem=25.49GiB
epoch=9 step=25140/29520 loss=26.7126 Le=0.1081 Lc=1.2380 Ld=3.5209 lr=1.514e-06 gate_lr=1.514e-06 alpha=0.500+/-0.000 peak_mem=25.49GiB
epoch=9 step=25160/29520 loss=28.2787 Le=0.1197 Lc=1.2773 Ld=3.5317 lr=1.509e-06 gate_lr=1.509e-06 alpha=0.500+/-0.000 peak_mem=25.49GiB
epoch=9 step=25180/29520 loss=21.3720 Le=0.0501 Lc=1.2903 Ld=3.4594 lr=1.505e-06 gate_lr=1.505e-06 alpha=0.500+/-0.000 peak_mem=25.49GiB
epoch=9 step=25200/29520 loss=23.9189 Le=0.0635 Lc=1.4130 Ld=3.4367 lr=1.500e-06 gate_lr=1.500e-06 alpha=0.500+/-0.000 peak_mem=25.49GiB
epoch=9 step=25220/29520 loss=22.2261 Le=0.0718 Lc=1.1615 Ld=3.4362 lr=1.495e-06 gate_lr=1.495e-06 alpha=0.500+/-0.000 peak_mem=25.49GiB
epoch=9 step=25240/29520 loss=20.8713 Le=0.0457 Lc=1.2963 Ld=3.3393 lr=1.491e-06 gate_lr=1.491e-06 alpha=0.500+/-0.000 peak_mem=25.49GiB
epoch=9 step=25260/29520 loss=25.6046 Le=0.0983 Lc=1.2434 Ld=3.3435 lr=1.486e-06 gate_lr=1.486e-06 alpha=0.500+/-0.000 peak_mem=25.49GiB
epoch=9 step=25280/29520 loss=22.8563 Le=0.0820 Lc=1.1492 Ld=3.1681 lr=1.482e-06 gate_lr=1.482e-06 alpha=0.500+/-0.000 peak_mem=25.49GiB
epoch=9 step=25300/29520 loss=25.8125 Le=0.0928 Lc=1.3121 Ld=3.4127 lr=1.478e-06 gate_lr=1.478e-06 alpha=0.500+/-0.000 peak_mem=25.49GiB
epoch=9 step=25320/29520 loss=21.3186 Le=0.0636 Lc=1.1533 Ld=3.4244 lr=1.473e-06 gate_lr=1.473e-06 alpha=0.500+/-0.000 peak_mem=25.49GiB
epoch=9 step=25340/29520 loss=20.5210 Le=0.0456 Lc=1.2613 Ld=3.3523 lr=1.469e-06 gate_lr=1.469e-06 alpha=0.500+/-0.000 peak_mem=25.49GiB
epoch=9 step=25360/29520 loss=22.3306 Le=0.0649 Lc=1.2231 Ld=3.6130 lr=1.464e-06 gate_lr=1.464e-06 alpha=0.500+/-0.000 peak_mem=25.49GiB
epoch=9 step=25380/29520 loss=29.7454 Le=0.1501 Lc=1.1668 Ld=3.0665 lr=1.460e-06 gate_lr=1.460e-06 alpha=0.500+/-0.000 peak_mem=25.49GiB
epoch=9 step=25400/29520 loss=36.1051 Le=0.1900 Lc=1.3741 Ld=3.3634 lr=1.456e-06 gate_lr=1.456e-06 alpha=0.500+/-0.000 peak_mem=25.49GiB
epoch=9 step=25420/29520 loss=25.0998 Le=0.0946 Lc=1.2215 Ld=3.4223 lr=1.451e-06 gate_lr=1.451e-06 alpha=0.500+/-0.000 peak_mem=25.49GiB
epoch=9 step=25440/29520 loss=40.4644 Le=0.2329 Lc=1.3862 Ld=3.3141 lr=1.447e-06 gate_lr=1.447e-06 alpha=0.500+/-0.000 peak_mem=25.49GiB
epoch=9 step=25460/29520 loss=19.6308 Le=0.0361 Lc=1.2625 Ld=3.3929 lr=1.443e-06 gate_lr=1.443e-06 alpha=0.500+/-0.000 peak_mem=25.49GiB
epoch=9 step=25480/29520 loss=24.2706 Le=0.0852 Lc=1.2195 Ld=3.5540 lr=1.438e-06 gate_lr=1.438e-06 alpha=0.500+/-0.000 peak_mem=25.49GiB
epoch=9 step=25500/29520 loss=25.6934 Le=0.0886 Lc=1.3494 Ld=3.3371 lr=1.434e-06 gate_lr=1.434e-06 alpha=0.500+/-0.000 peak_mem=25.49GiB
epoch=9 step=25520/29520 loss=29.5511 Le=0.1324 Lc=1.3071 Ld=3.2356 lr=1.430e-06 gate_lr=1.430e-06 alpha=0.500+/-0.000 peak_mem=25.49GiB
epoch=9 step=25540/29520 loss=34.1060 Le=0.1719 Lc=1.3455 Ld=3.4613 lr=1.426e-06 gate_lr=1.426e-06 alpha=0.500+/-0.000 peak_mem=25.49GiB
epoch=9 step=25560/29520 loss=29.3433 Le=0.1303 Lc=1.3024 Ld=3.2874 lr=1.421e-06 gate_lr=1.421e-06 alpha=0.500+/-0.000 peak_mem=25.49GiB
epoch=9 step=25580/29520 loss=27.2224 Le=0.1109 Lc=1.2589 Ld=3.5395 lr=1.417e-06 gate_lr=1.417e-06 alpha=0.500+/-0.000 peak_mem=25.49GiB
epoch=9 step=25600/29520 loss=23.9264 Le=0.0870 Lc=1.2067 Ld=3.1592 lr=1.413e-06 gate_lr=1.413e-06 alpha=0.500+/-0.000 peak_mem=25.49GiB
epoch=9 step=25620/29520 loss=21.2324 Le=0.0533 Lc=1.2665 Ld=3.2423 lr=1.409e-06 gate_lr=1.409e-06 alpha=0.500+/-0.000 peak_mem=25.49GiB
epoch=9 step=25640/29520 loss=20.1839 Le=0.0545 Lc=1.1378 Ld=3.3594 lr=1.405e-06 gate_lr=1.405e-06 alpha=0.500+/-0.000 peak_mem=25.49GiB
epoch=9 step=25660/29520 loss=24.3453 Le=0.0810 Lc=1.2693 Ld=3.5512 lr=1.401e-06 gate_lr=1.401e-06 alpha=0.500+/-0.000 peak_mem=25.49GiB
epoch=9 step=25680/29520 loss=21.5608 Le=0.0616 Lc=1.2118 Ld=3.2861 lr=1.397e-06 gate_lr=1.397e-06 alpha=0.500+/-0.000 peak_mem=25.49GiB
epoch=9 step=25700/29520 loss=27.1041 Le=0.1201 Lc=1.1787 Ld=3.3077 lr=1.393e-06 gate_lr=1.393e-06 alpha=0.500+/-0.000 peak_mem=25.49GiB
epoch=9 step=25720/29520 loss=25.4725 Le=0.1001 Lc=1.2056 Ld=3.4105 lr=1.389e-06 gate_lr=1.389e-06 alpha=0.500+/-0.000 peak_mem=25.49GiB
epoch=9 step=25740/29520 loss=21.5857 Le=0.0520 Lc=1.2773 Ld=3.6125 lr=1.384e-06 gate_lr=1.384e-06 alpha=0.500+/-0.000 peak_mem=25.49GiB
epoch=9 step=25760/29520 loss=27.5835 Le=0.1113 Lc=1.3139 Ld=3.3130 lr=1.380e-06 gate_lr=1.380e-06 alpha=0.500+/-0.000 peak_mem=25.49GiB
epoch=9 step=25780/29520 loss=21.5644 Le=0.0555 Lc=1.2638 Ld=3.3815 lr=1.377e-06 gate_lr=1.377e-06 alpha=0.500+/-0.000 peak_mem=25.49GiB
epoch=9 step=25800/29520 loss=19.4593 Le=0.0315 Lc=1.2756 Ld=3.5569 lr=1.373e-06 gate_lr=1.373e-06 alpha=0.500+/-0.000 peak_mem=25.49GiB
epoch=9 step=25820/29520 loss=26.2593 Le=0.1184 Lc=1.0898 Ld=3.5189 lr=1.369e-06 gate_lr=1.369e-06 alpha=0.500+/-0.000 peak_mem=25.49GiB
epoch=9 step=25840/29520 loss=22.7188 Le=0.0806 Lc=1.1251 Ld=3.4111 lr=1.365e-06 gate_lr=1.365e-06 alpha=0.500+/-0.000 peak_mem=25.49GiB
epoch=9 step=25860/29520 loss=21.3798 Le=0.0571 Lc=1.2234 Ld=3.4355 lr=1.361e-06 gate_lr=1.361e-06 alpha=0.500+/-0.000 peak_mem=25.49GiB
epoch=9 step=25880/29520 loss=24.1408 Le=0.0820 Lc=1.2395 Ld=3.5493 lr=1.357e-06 gate_lr=1.357e-06 alpha=0.500+/-0.000 peak_mem=25.49GiB
epoch=9 step=25900/29520 loss=29.9958 Le=0.1444 Lc=1.2141 Ld=3.4146 lr=1.353e-06 gate_lr=1.353e-06 alpha=0.500+/-0.000 peak_mem=25.49GiB
epoch=9 step=25920/29520 loss=36.6429 Le=0.2009 Lc=1.3312 Ld=3.2365 lr=1.349e-06 gate_lr=1.349e-06 alpha=0.500+/-0.000 peak_mem=25.49GiB
epoch=9 step=25940/29520 loss=21.1350 Le=0.0374 Lc=1.4168 Ld=3.2303 lr=1.345e-06 gate_lr=1.345e-06 alpha=0.500+/-0.000 peak_mem=25.49GiB
epoch=9 step=25960/29520 loss=23.7289 Le=0.0883 Lc=1.1411 Ld=3.4900 lr=1.342e-06 gate_lr=1.342e-06 alpha=0.500+/-0.000 peak_mem=25.49GiB
epoch=9 step=25980/29520 loss=33.4068 Le=0.1663 Lc=1.3284 Ld=3.4962 lr=1.338e-06 gate_lr=1.338e-06 alpha=0.500+/-0.000 peak_mem=25.49GiB
epoch=9 step=26000/29520 loss=23.7973 Le=0.0842 Lc=1.2114 Ld=3.2638 lr=1.334e-06 gate_lr=1.334e-06 alpha=0.500+/-0.000 peak_mem=25.49GiB
epoch=9 step=26020/29520 loss=25.7309 Le=0.1106 Lc=1.1284 Ld=3.3914 lr=1.330e-06 gate_lr=1.330e-06 alpha=0.500+/-0.000 peak_mem=25.49GiB
epoch=9 step=26040/29520 loss=26.1806 Le=0.0976 Lc=1.2833 Ld=3.5851 lr=1.327e-06 gate_lr=1.327e-06 alpha=0.500+/-0.000 peak_mem=25.49GiB
epoch=9 step=26060/29520 loss=21.0381 Le=0.0571 Lc=1.1909 Ld=3.4184 lr=1.323e-06 gate_lr=1.323e-06 alpha=0.500+/-0.000 peak_mem=25.49GiB
epoch=9 step=26080/29520 loss=22.2695 Le=0.0660 Lc=1.2469 Ld=3.1957 lr=1.319e-06 gate_lr=1.319e-06 alpha=0.500+/-0.000 peak_mem=25.49GiB
epoch=9 step=26100/29520 loss=20.0020 Le=0.0400 Lc=1.2741 Ld=3.2643 lr=1.316e-06 gate_lr=1.316e-06 alpha=0.500+/-0.000 peak_mem=25.49GiB
epoch=9 step=26120/29520 loss=25.4033 Le=0.0905 Lc=1.3168 Ld=3.1878 lr=1.312e-06 gate_lr=1.312e-06 alpha=0.500+/-0.000 peak_mem=25.49GiB
epoch=9 step=26140/29520 loss=25.9581 Le=0.1014 Lc=1.2419 Ld=3.3983 lr=1.308e-06 gate_lr=1.308e-06 alpha=0.500+/-0.000 peak_mem=25.49GiB
epoch=9 step=26160/29520 loss=26.5646 Le=0.1101 Lc=1.2091 Ld=3.4628 lr=1.305e-06 gate_lr=1.305e-06 alpha=0.500+/-0.000 peak_mem=25.49GiB
epoch=9 step=26180/29520 loss=25.8509 Le=0.1109 Lc=1.1374 Ld=3.3898 lr=1.301e-06 gate_lr=1.301e-06 alpha=0.500+/-0.000 peak_mem=25.49GiB
epoch=9 step=26200/29520 loss=28.4108 Le=0.1164 Lc=1.3200 Ld=3.5698 lr=1.298e-06 gate_lr=1.298e-06 alpha=0.500+/-0.000 peak_mem=25.49GiB
epoch=9 step=26220/29520 loss=22.3439 Le=0.0645 Lc=1.2562 Ld=3.3328 lr=1.294e-06 gate_lr=1.294e-06 alpha=0.500+/-0.000 peak_mem=25.49GiB
epoch=9 step=26240/29520 loss=19.0810 Le=0.0107 Lc=1.4652 Ld=3.3579 lr=1.291e-06 gate_lr=1.291e-06 alpha=0.500+/-0.000 peak_mem=25.49GiB
epoch=9 step=26260/29520 loss=19.7720 Le=0.0339 Lc=1.2855 Ld=3.5288 lr=1.287e-06 gate_lr=1.287e-06 alpha=0.500+/-0.000 peak_mem=25.49GiB
epoch=9 step=26280/29520 loss=21.9844 Le=0.0603 Lc=1.2321 Ld=3.6300 lr=1.284e-06 gate_lr=1.284e-06 alpha=0.500+/-0.000 peak_mem=25.49GiB
epoch=9 step=26300/29520 loss=27.3403 Le=0.1145 Lc=1.2521 Ld=3.3739 lr=1.280e-06 gate_lr=1.280e-06 alpha=0.500+/-0.000 peak_mem=25.49GiB
epoch=9 step=26320/29520 loss=23.0660 Le=0.0606 Lc=1.3413 Ld=3.5919 lr=1.277e-06 gate_lr=1.277e-06 alpha=0.500+/-0.000 peak_mem=25.49GiB
epoch=9 step=26340/29520 loss=32.5713 Le=0.1724 Lc=1.1930 Ld=3.4002 lr=1.273e-06 gate_lr=1.273e-06 alpha=0.500+/-0.000 peak_mem=25.49GiB
epoch=9 step=26360/29520 loss=22.7081 Le=0.0742 Lc=1.1995 Ld=3.2956 lr=1.270e-06 gate_lr=1.270e-06 alpha=0.500+/-0.000 peak_mem=25.49GiB
epoch=9 step=26380/29520 loss=20.7106 Le=0.0498 Lc=1.2534 Ld=3.1958 lr=1.267e-06 gate_lr=1.267e-06 alpha=0.500+/-0.000 peak_mem=25.49GiB
epoch=9 step=26400/29520 loss=25.0236 Le=0.0887 Lc=1.2801 Ld=3.3488 lr=1.263e-06 gate_lr=1.263e-06 alpha=0.500+/-0.000 peak_mem=25.49GiB
epoch=9 step=26420/29520 loss=31.1454 Le=0.1636 Lc=1.1496 Ld=3.2931 lr=1.260e-06 gate_lr=1.260e-06 alpha=0.500+/-0.000 peak_mem=25.49GiB
epoch=9 step=26440/29520 loss=24.1009 Le=0.0813 Lc=1.2582 Ld=3.3862 lr=1.257e-06 gate_lr=1.257e-06 alpha=0.500+/-0.000 peak_mem=25.49GiB
epoch=9 step=26460/29520 loss=30.1852 Le=0.1343 Lc=1.3358 Ld=3.3983 lr=1.253e-06 gate_lr=1.253e-06 alpha=0.500+/-0.000 peak_mem=25.49GiB
epoch=9 step=26480/29520 loss=30.4155 Le=0.1327 Lc=1.3765 Ld=3.3846 lr=1.250e-06 gate_lr=1.250e-06 alpha=0.500+/-0.000 peak_mem=25.49GiB
epoch=9 step=26500/29520 loss=25.9954 Le=0.1119 Lc=1.1727 Ld=3.0805 lr=1.247e-06 gate_lr=1.247e-06 alpha=0.500+/-0.000 peak_mem=25.49GiB
epoch=9 step=26520/29520 loss=18.0424 Le=0.0256 Lc=1.1936 Ld=3.5511 lr=1.243e-06 gate_lr=1.243e-06 alpha=0.500+/-0.000 peak_mem=25.49GiB
epoch=9 step=26540/29520 loss=27.5898 Le=0.1131 Lc=1.2767 Ld=3.5152 lr=1.240e-06 gate_lr=1.240e-06 alpha=0.500+/-0.000 peak_mem=25.49GiB
epoch=9 step=26560/29520 loss=29.5042 Le=0.1259 Lc=1.3714 Ld=3.2020 lr=1.237e-06 gate_lr=1.237e-06 alpha=0.500+/-0.000 peak_mem=25.49GiB
epoch=9 checkpoints saved
epoch=10 step=26580/29520 loss=25.5070 Le=0.0948 Lc=1.2445 Ld=3.5770 lr=1.234e-06 gate_lr=1.234e-06 alpha=0.500+/-0.000 peak_mem=25.49GiB
epoch=10 step=26600/29520 loss=26.2890 Le=0.1040 Lc=1.2814 Ld=3.0709 lr=1.231e-06 gate_lr=1.231e-06 alpha=0.500+/-0.000 peak_mem=25.49GiB
epoch=10 step=26620/29520 loss=42.1133 Le=0.2528 Lc=1.3040 Ld=3.7955 lr=1.228e-06 gate_lr=1.228e-06 alpha=0.500+/-0.000 peak_mem=25.49GiB
epoch=10 step=26640/29520 loss=22.1282 Le=0.0717 Lc=1.1764 Ld=3.1905 lr=1.225e-06 gate_lr=1.225e-06 alpha=0.500+/-0.000 peak_mem=25.49GiB
epoch=10 step=26660/29520 loss=30.3392 Le=0.1446 Lc=1.2298 Ld=3.5794 lr=1.221e-06 gate_lr=1.221e-06 alpha=0.500+/-0.000 peak_mem=25.49GiB
epoch=10 step=26680/29520 loss=23.7613 Le=0.0742 Lc=1.2787 Ld=3.5506 lr=1.218e-06 gate_lr=1.218e-06 alpha=0.500+/-0.000 peak_mem=25.49GiB
epoch=10 step=26700/29520 loss=21.8971 Le=0.0672 Lc=1.1934 Ld=3.2440 lr=1.215e-06 gate_lr=1.215e-06 alpha=0.500+/-0.000 peak_mem=25.49GiB
epoch=10 step=26720/29520 loss=30.2048 Le=0.1362 Lc=1.3232 Ld=3.3502 lr=1.212e-06 gate_lr=1.212e-06 alpha=0.500+/-0.000 peak_mem=25.49GiB
epoch=10 step=26740/29520 loss=26.9544 Le=0.1141 Lc=1.2336 Ld=3.2102 lr=1.209e-06 gate_lr=1.209e-06 alpha=0.500+/-0.000 peak_mem=25.49GiB
epoch=10 step=26760/29520 loss=20.0572 Le=0.0464 Lc=1.1917 Ld=3.5005 lr=1.206e-06 gate_lr=1.206e-06 alpha=0.500+/-0.000 peak_mem=25.49GiB
epoch=10 step=26780/29520 loss=25.9214 Le=0.1007 Lc=1.2455 Ld=3.3976 lr=1.203e-06 gate_lr=1.203e-06 alpha=0.500+/-0.000 peak_mem=25.49GiB
epoch=10 step=26800/29520 loss=18.5515 Le=0.0320 Lc=1.2058 Ld=3.2955 lr=1.200e-06 gate_lr=1.200e-06 alpha=0.500+/-0.000 peak_mem=25.49GiB
epoch=10 step=26820/29520 loss=20.3793 Le=0.0448 Lc=1.2710 Ld=3.1909 lr=1.198e-06 gate_lr=1.198e-06 alpha=0.500+/-0.000 peak_mem=25.49GiB
epoch=10 step=26840/29520 loss=21.2975 Le=0.0404 Lc=1.3710 Ld=3.5435 lr=1.195e-06 gate_lr=1.195e-06 alpha=0.500+/-0.000 peak_mem=25.49GiB
epoch=10 step=26860/29520 loss=22.8604 Le=0.0585 Lc=1.3623 Ld=3.3903 lr=1.192e-06 gate_lr=1.192e-06 alpha=0.500+/-0.000 peak_mem=25.49GiB
epoch=10 step=26880/29520 loss=18.4113 Le=0.0463 Lc=1.0226 Ld=3.5536 lr=1.189e-06 gate_lr=1.189e-06 alpha=0.500+/-0.000 peak_mem=25.49GiB
epoch=10 step=26900/29520 loss=34.5676 Le=0.1878 Lc=1.2154 Ld=3.6376 lr=1.186e-06 gate_lr=1.186e-06 alpha=0.500+/-0.000 peak_mem=25.49GiB
epoch=10 step=26920/29520 loss=18.9242 Le=0.0265 Lc=1.2794 Ld=3.4816 lr=1.183e-06 gate_lr=1.183e-06 alpha=0.500+/-0.000 peak_mem=25.49GiB
epoch=10 step=26940/29520 loss=26.1818 Le=0.1018 Lc=1.2310 Ld=3.6882 lr=1.181e-06 gate_lr=1.181e-06 alpha=0.500+/-0.000 peak_mem=25.49GiB
epoch=10 step=26960/29520 loss=19.1245 Le=0.0373 Lc=1.2047 Ld=3.3477 lr=1.178e-06 gate_lr=1.178e-06 alpha=0.500+/-0.000 peak_mem=25.49GiB
epoch=10 step=26980/29520 loss=21.5696 Le=0.0571 Lc=1.2773 Ld=3.0907 lr=1.175e-06 gate_lr=1.175e-06 alpha=0.500+/-0.000 peak_mem=25.49GiB
epoch=10 step=27000/29520 loss=26.1057 Le=0.0934 Lc=1.3504 Ld=3.2607 lr=1.172e-06 gate_lr=1.172e-06 alpha=0.500+/-0.000 peak_mem=25.49GiB
epoch=10 step=27020/29520 loss=26.9332 Le=0.1054 Lc=1.3156 Ld=3.2393 lr=1.170e-06 gate_lr=1.170e-06 alpha=0.500+/-0.000 peak_mem=25.49GiB
epoch=10 step=27040/29520 loss=18.7222 Le=0.0316 Lc=1.2299 Ld=3.2654 lr=1.167e-06 gate_lr=1.167e-06 alpha=0.500+/-0.000 peak_mem=25.49GiB
epoch=10 step=27060/29520 loss=18.9136 Le=0.0244 Lc=1.2951 Ld=3.5239 lr=1.164e-06 gate_lr=1.164e-06 alpha=0.500+/-0.000 peak_mem=25.49GiB
epoch=10 step=27080/29520 loss=20.0808 Le=0.0398 Lc=1.2562 Ld=3.5372 lr=1.162e-06 gate_lr=1.162e-06 alpha=0.500+/-0.000 peak_mem=25.49GiB
epoch=10 step=27100/29520 loss=25.1545 Le=0.1034 Lc=1.1493 Ld=3.3248 lr=1.159e-06 gate_lr=1.159e-06 alpha=0.500+/-0.000 peak_mem=25.49GiB
epoch=10 step=27120/29520 loss=25.3887 Le=0.1020 Lc=1.2045 Ld=3.1394 lr=1.156e-06 gate_lr=1.156e-06 alpha=0.500+/-0.000 peak_mem=25.49GiB
epoch=10 step=27140/29520 loss=27.2828 Le=0.1123 Lc=1.2912 Ld=3.1379 lr=1.154e-06 gate_lr=1.154e-06 alpha=0.500+/-0.000 peak_mem=25.49GiB
epoch=10 step=27160/29520 loss=28.3323 Le=0.1233 Lc=1.2889 Ld=3.1142 lr=1.151e-06 gate_lr=1.151e-06 alpha=0.500+/-0.000 peak_mem=25.49GiB
epoch=10 step=27180/29520 loss=21.1285 Le=0.0424 Lc=1.3329 Ld=3.5565 lr=1.149e-06 gate_lr=1.149e-06 alpha=0.500+/-0.000 peak_mem=25.49GiB
epoch=10 step=27200/29520 loss=27.4512 Le=0.1159 Lc=1.2704 Ld=3.1529 lr=1.146e-06 gate_lr=1.146e-06 alpha=0.500+/-0.000 peak_mem=25.49GiB
epoch=10 step=27220/29520 loss=23.0148 Le=0.0819 Lc=1.1422 Ld=3.4044 lr=1.144e-06 gate_lr=1.144e-06 alpha=0.500+/-0.000 peak_mem=25.49GiB
epoch=10 step=27240/29520 loss=30.4320 Le=0.1461 Lc=1.2415 Ld=3.4084 lr=1.141e-06 gate_lr=1.141e-06 alpha=0.500+/-0.000 peak_mem=25.49GiB
epoch=10 step=27260/29520 loss=21.5848 Le=0.0526 Lc=1.2972 Ld=3.3560 lr=1.139e-06 gate_lr=1.139e-06 alpha=0.500+/-0.000 peak_mem=25.49GiB
epoch=10 step=27280/29520 loss=31.6971 Le=0.1540 Lc=1.3059 Ld=3.2430 lr=1.136e-06 gate_lr=1.136e-06 alpha=0.500+/-0.000 peak_mem=25.49GiB
epoch=10 step=27300/29520 loss=23.8038 Le=0.0744 Lc=1.2931 Ld=3.4344 lr=1.134e-06 gate_lr=1.134e-06 alpha=0.500+/-0.000 peak_mem=25.49GiB
epoch=10 step=27320/29520 loss=19.3719 Le=0.0388 Lc=1.2314 Ld=3.1827 lr=1.131e-06 gate_lr=1.131e-06 alpha=0.500+/-0.000 peak_mem=25.49GiB
epoch=10 step=27340/29520 loss=25.5027 Le=0.0893 Lc=1.3112 Ld=3.4638 lr=1.129e-06 gate_lr=1.129e-06 alpha=0.500+/-0.000 peak_mem=25.49GiB
epoch=10 step=27360/29520 loss=32.5057 Le=0.1598 Lc=1.3163 Ld=3.3629 lr=1.127e-06 gate_lr=1.127e-06 alpha=0.500+/-0.000 peak_mem=25.49GiB
epoch=10 step=27380/29520 loss=23.8204 Le=0.0600 Lc=1.4426 Ld=3.3902 lr=1.124e-06 gate_lr=1.124e-06 alpha=0.500+/-0.000 peak_mem=25.49GiB
epoch=10 step=27400/29520 loss=18.8368 Le=0.0245 Lc=1.3084 Ld=3.2995 lr=1.122e-06 gate_lr=1.122e-06 alpha=0.500+/-0.000 peak_mem=25.49GiB
epoch=10 step=27420/29520 loss=24.8074 Le=0.0998 Lc=1.1469 Ld=3.3588 lr=1.120e-06 gate_lr=1.120e-06 alpha=0.500+/-0.000 peak_mem=25.49GiB
epoch=10 step=27440/29520 loss=26.7669 Le=0.1123 Lc=1.2131 Ld=3.4030 lr=1.118e-06 gate_lr=1.118e-06 alpha=0.500+/-0.000 peak_mem=25.49GiB
epoch=10 step=27460/29520 loss=26.5704 Le=0.1112 Lc=1.2061 Ld=3.3863 lr=1.115e-06 gate_lr=1.115e-06 alpha=0.500+/-0.000 peak_mem=25.49GiB
epoch=10 step=27480/29520 loss=19.1906 Le=0.0268 Lc=1.3010 Ld=3.5030 lr=1.113e-06 gate_lr=1.113e-06 alpha=0.500+/-0.000 peak_mem=25.49GiB
epoch=10 step=27500/29520 loss=29.1804 Le=0.1419 Lc=1.1703 Ld=3.2882 lr=1.111e-06 gate_lr=1.111e-06 alpha=0.500+/-0.000 peak_mem=25.49GiB
epoch=10 step=27520/29520 loss=23.0934 Le=0.0562 Lc=1.4078 Ld=3.3945 lr=1.109e-06 gate_lr=1.109e-06 alpha=0.500+/-0.000 peak_mem=25.49GiB
epoch=10 step=27540/29520 loss=22.0891 Le=0.0488 Lc=1.3666 Ld=3.5418 lr=1.107e-06 gate_lr=1.107e-06 alpha=0.500+/-0.000 peak_mem=25.49GiB
epoch=10 step=27560/29520 loss=22.6983 Le=0.0675 Lc=1.2570 Ld=3.3794 lr=1.104e-06 gate_lr=1.104e-06 alpha=0.500+/-0.000 peak_mem=25.49GiB
epoch=10 step=27580/29520 loss=26.3186 Le=0.1034 Lc=1.2461 Ld=3.5139 lr=1.102e-06 gate_lr=1.102e-06 alpha=0.500+/-0.000 peak_mem=25.49GiB
epoch=10 step=27600/29520 loss=25.2865 Le=0.0957 Lc=1.2491 Ld=3.2223 lr=1.100e-06 gate_lr=1.100e-06 alpha=0.500+/-0.000 peak_mem=25.49GiB
epoch=10 step=27620/29520 loss=19.7344 Le=0.0437 Lc=1.1929 Ld=3.4380 lr=1.098e-06 gate_lr=1.098e-06 alpha=0.500+/-0.000 peak_mem=25.49GiB
epoch=10 step=27640/29520 loss=16.3479 Le=0.0140 Lc=1.1645 Ld=3.3076 lr=1.096e-06 gate_lr=1.096e-06 alpha=0.500+/-0.000 peak_mem=25.49GiB
epoch=10 step=27660/29520 loss=30.6102 Le=0.1392 Lc=1.3568 Ld=3.1237 lr=1.094e-06 gate_lr=1.094e-06 alpha=0.500+/-0.000 peak_mem=25.49GiB
epoch=10 step=27680/29520 loss=23.7745 Le=0.0944 Lc=1.0898 Ld=3.4390 lr=1.092e-06 gate_lr=1.092e-06 alpha=0.500+/-0.000 peak_mem=25.49GiB
epoch=10 step=27700/29520 loss=20.9416 Le=0.0567 Lc=1.1763 Ld=3.5109 lr=1.090e-06 gate_lr=1.090e-06 alpha=0.500+/-0.000 peak_mem=25.49GiB
epoch=10 step=27720/29520 loss=17.7398 Le=0.0227 Lc=1.2040 Ld=3.4269 lr=1.088e-06 gate_lr=1.088e-06 alpha=0.500+/-0.000 peak_mem=25.49GiB
epoch=10 step=27740/29520 loss=24.5921 Le=0.0783 Lc=1.3463 Ld=3.2990 lr=1.086e-06 gate_lr=1.086e-06 alpha=0.500+/-0.000 peak_mem=25.49GiB
epoch=10 step=27760/29520 loss=24.9544 Le=0.0864 Lc=1.3138 Ld=3.1807 lr=1.084e-06 gate_lr=1.084e-06 alpha=0.500+/-0.000 peak_mem=25.49GiB
epoch=10 step=27780/29520 loss=19.6990 Le=0.0334 Lc=1.3011 Ld=3.3487 lr=1.082e-06 gate_lr=1.082e-06 alpha=0.500+/-0.000 peak_mem=25.49GiB
epoch=10 step=27800/29520 loss=23.7859 Le=0.0853 Lc=1.1910 Ld=3.3437 lr=1.081e-06 gate_lr=1.081e-06 alpha=0.500+/-0.000 peak_mem=25.49GiB
epoch=10 step=27820/29520 loss=20.4789 Le=0.0511 Lc=1.2311 Ld=3.0581 lr=1.079e-06 gate_lr=1.079e-06 alpha=0.500+/-0.000 peak_mem=25.49GiB
epoch=10 step=27840/29520 loss=25.1324 Le=0.0984 Lc=1.1755 Ld=3.5412 lr=1.077e-06 gate_lr=1.077e-06 alpha=0.500+/-0.000 peak_mem=25.49GiB
epoch=10 step=27860/29520 loss=31.0609 Le=0.1543 Lc=1.2336 Ld=3.2934 lr=1.075e-06 gate_lr=1.075e-06 alpha=0.500+/-0.000 peak_mem=25.49GiB
epoch=10 step=27880/29520 loss=18.3549 Le=0.0342 Lc=1.1705 Ld=3.2286 lr=1.073e-06 gate_lr=1.073e-06 alpha=0.500+/-0.000 peak_mem=25.49GiB
epoch=10 step=27900/29520 loss=28.7142 Le=0.1321 Lc=1.2133 Ld=3.3742 lr=1.071e-06 gate_lr=1.071e-06 alpha=0.500+/-0.000 peak_mem=25.49GiB
epoch=10 step=27920/29520 loss=19.0933 Le=0.0385 Lc=1.1967 Ld=3.2808 lr=1.070e-06 gate_lr=1.070e-06 alpha=0.500+/-0.000 peak_mem=25.49GiB
epoch=10 step=27940/29520 loss=17.1695 Le=0.0163 Lc=1.2145 Ld=3.3954 lr=1.068e-06 gate_lr=1.068e-06 alpha=0.500+/-0.000 peak_mem=25.49GiB
epoch=10 step=27960/29520 loss=19.9439 Le=0.0366 Lc=1.2757 Ld=3.5243 lr=1.066e-06 gate_lr=1.066e-06 alpha=0.500+/-0.000 peak_mem=25.49GiB
epoch=10 step=27980/29520 loss=32.1019 Le=0.1592 Lc=1.2903 Ld=3.2794 lr=1.065e-06 gate_lr=1.065e-06 alpha=0.500+/-0.000 peak_mem=25.49GiB
epoch=10 step=28000/29520 loss=23.2624 Le=0.0756 Lc=1.2469 Ld=3.2345 lr=1.063e-06 gate_lr=1.063e-06 alpha=0.500+/-0.000 peak_mem=25.49GiB
epoch=10 step=28020/29520 loss=22.8688 Le=0.0728 Lc=1.2189 Ld=3.4007 lr=1.061e-06 gate_lr=1.061e-06 alpha=0.500+/-0.000 peak_mem=25.49GiB
epoch=10 step=28040/29520 loss=33.4293 Le=0.1624 Lc=1.3710 Ld=3.4747 lr=1.060e-06 gate_lr=1.060e-06 alpha=0.500+/-0.000 peak_mem=25.49GiB
epoch=10 step=28060/29520 loss=20.9887 Le=0.0570 Lc=1.2059 Ld=3.2300 lr=1.058e-06 gate_lr=1.058e-06 alpha=0.500+/-0.000 peak_mem=25.49GiB
epoch=10 step=28080/29520 loss=27.4882 Le=0.1136 Lc=1.2852 Ld=3.2715 lr=1.056e-06 gate_lr=1.056e-06 alpha=0.500+/-0.000 peak_mem=25.49GiB
epoch=10 step=28100/29520 loss=24.9981 Le=0.0937 Lc=1.2337 Ld=3.2876 lr=1.055e-06 gate_lr=1.055e-06 alpha=0.500+/-0.000 peak_mem=25.49GiB
epoch=10 step=28120/29520 loss=27.0501 Le=0.1006 Lc=1.3955 Ld=3.0339 lr=1.053e-06 gate_lr=1.053e-06 alpha=0.500+/-0.000 peak_mem=25.49GiB
epoch=10 step=28140/29520 loss=20.5045 Le=0.0488 Lc=1.2239 Ld=3.3897 lr=1.052e-06 gate_lr=1.052e-06 alpha=0.500+/-0.000 peak_mem=25.49GiB
epoch=10 step=28160/29520 loss=22.2032 Le=0.0627 Lc=1.2644 Ld=3.2905 lr=1.050e-06 gate_lr=1.050e-06 alpha=0.500+/-0.000 peak_mem=25.49GiB
epoch=10 step=28180/29520 loss=21.0758 Le=0.0407 Lc=1.3450 Ld=3.5583 lr=1.049e-06 gate_lr=1.049e-06 alpha=0.500+/-0.000 peak_mem=25.49GiB
epoch=10 step=28200/29520 loss=20.7882 Le=0.0657 Lc=1.1041 Ld=3.1792 lr=1.047e-06 gate_lr=1.047e-06 alpha=0.500+/-0.000 peak_mem=25.49GiB
epoch=10 step=28220/29520 loss=20.4862 Le=0.0550 Lc=1.1831 Ld=3.1565 lr=1.046e-06 gate_lr=1.046e-06 alpha=0.500+/-0.000 peak_mem=25.49GiB
epoch=10 step=28240/29520 loss=20.6080 Le=0.0552 Lc=1.1774 Ld=3.3093 lr=1.045e-06 gate_lr=1.045e-06 alpha=0.500+/-0.000 peak_mem=25.49GiB
epoch=10 step=28260/29520 loss=30.9263 Le=0.1492 Lc=1.2682 Ld=3.3258 lr=1.043e-06 gate_lr=1.043e-06 alpha=0.500+/-0.000 peak_mem=25.49GiB
epoch=10 step=28280/29520 loss=21.3954 Le=0.0609 Lc=1.1889 Ld=3.4168 lr=1.042e-06 gate_lr=1.042e-06 alpha=0.500+/-0.000 peak_mem=25.49GiB
epoch=10 step=28300/29520 loss=30.9436 Le=0.1621 Lc=1.1301 Ld=3.4368 lr=1.041e-06 gate_lr=1.041e-06 alpha=0.500+/-0.000 peak_mem=25.49GiB
epoch=10 step=28320/29520 loss=24.7724 Le=0.0995 Lc=1.1413 Ld=3.4050 lr=1.039e-06 gate_lr=1.039e-06 alpha=0.500+/-0.000 peak_mem=25.49GiB
epoch=10 step=28340/29520 loss=19.5279 Le=0.0378 Lc=1.2299 Ld=3.4486 lr=1.038e-06 gate_lr=1.038e-06 alpha=0.500+/-0.000 peak_mem=25.49GiB
epoch=10 step=28360/29520 loss=26.0695 Le=0.0934 Lc=1.3397 Ld=3.3349 lr=1.037e-06 gate_lr=1.037e-06 alpha=0.500+/-0.000 peak_mem=25.49GiB
epoch=10 step=28380/29520 loss=25.3048 Le=0.0813 Lc=1.3848 Ld=3.3264 lr=1.035e-06 gate_lr=1.035e-06 alpha=0.500+/-0.000 peak_mem=25.49GiB
epoch=10 step=28400/29520 loss=26.9910 Le=0.1027 Lc=1.3318 Ld=3.4012 lr=1.034e-06 gate_lr=1.034e-06 alpha=0.500+/-0.000 peak_mem=25.49GiB
epoch=10 step=28420/29520 loss=31.6662 Le=0.1646 Lc=1.1762 Ld=3.4408 lr=1.033e-06 gate_lr=1.033e-06 alpha=0.500+/-0.000 peak_mem=25.49GiB
epoch=10 step=28440/29520 loss=26.0940 Le=0.1029 Lc=1.2465 Ld=3.3429 lr=1.032e-06 gate_lr=1.032e-06 alpha=0.500+/-0.000 peak_mem=25.49GiB
epoch=10 step=28460/29520 loss=19.7463 Le=0.0409 Lc=1.2228 Ld=3.4241 lr=1.031e-06 gate_lr=1.031e-06 alpha=0.500+/-0.000 peak_mem=25.49GiB
epoch=10 step=28480/29520 loss=26.1149 Le=0.1114 Lc=1.1799 Ld=3.1786 lr=1.029e-06 gate_lr=1.029e-06 alpha=0.500+/-0.000 peak_mem=25.49GiB
epoch=10 step=28500/29520 loss=21.9225 Le=0.0617 Lc=1.2373 Ld=3.3779 lr=1.028e-06 gate_lr=1.028e-06 alpha=0.500+/-0.000 peak_mem=25.49GiB
epoch=10 step=28520/29520 loss=30.0256 Le=0.1360 Lc=1.3132 Ld=3.2944 lr=1.027e-06 gate_lr=1.027e-06 alpha=0.500+/-0.000 peak_mem=25.49GiB
epoch=10 step=28540/29520 loss=32.1257 Le=0.1573 Lc=1.3146 Ld=3.2548 lr=1.026e-06 gate_lr=1.026e-06 alpha=0.500+/-0.000 peak_mem=25.49GiB
epoch=10 step=28560/29520 loss=25.5119 Le=0.0923 Lc=1.2635 Ld=3.6478 lr=1.025e-06 gate_lr=1.025e-06 alpha=0.500+/-0.000 peak_mem=25.49GiB
epoch=10 step=28580/29520 loss=27.6548 Le=0.1288 Lc=1.1521 Ld=3.2529 lr=1.024e-06 gate_lr=1.024e-06 alpha=0.500+/-0.000 peak_mem=25.49GiB
epoch=10 step=28600/29520 loss=24.3916 Le=0.0899 Lc=1.2042 Ld=3.3606 lr=1.023e-06 gate_lr=1.023e-06 alpha=0.500+/-0.000 peak_mem=25.49GiB
epoch=10 step=28620/29520 loss=22.9003 Le=0.0819 Lc=1.1310 Ld=3.4054 lr=1.022e-06 gate_lr=1.022e-06 alpha=0.500+/-0.000 peak_mem=25.49GiB
epoch=10 step=28640/29520 loss=26.3400 Le=0.0916 Lc=1.3665 Ld=3.5130 lr=1.021e-06 gate_lr=1.021e-06 alpha=0.500+/-0.000 peak_mem=25.49GiB
epoch=10 step=28660/29520 loss=18.8067 Le=0.0267 Lc=1.3013 Ld=3.1270 lr=1.020e-06 gate_lr=1.020e-06 alpha=0.500+/-0.000 peak_mem=25.49GiB
epoch=10 step=28680/29520 loss=16.3018 Le=0.0168 Lc=1.1330 Ld=3.2957 lr=1.019e-06 gate_lr=1.019e-06 alpha=0.500+/-0.000 peak_mem=25.49GiB
epoch=10 step=28700/29520 loss=20.7829 Le=0.0626 Lc=1.1174 Ld=3.3472 lr=1.018e-06 gate_lr=1.018e-06 alpha=0.500+/-0.000 peak_mem=25.49GiB
epoch=10 step=28720/29520 loss=21.8916 Le=0.0608 Lc=1.2601 Ld=3.2152 lr=1.017e-06 gate_lr=1.017e-06 alpha=0.500+/-0.000 peak_mem=25.49GiB
epoch=10 step=28740/29520 loss=21.4207 Le=0.0412 Lc=1.4080 Ld=3.2185 lr=1.017e-06 gate_lr=1.017e-06 alpha=0.500+/-0.000 peak_mem=25.49GiB
epoch=10 step=28760/29520 loss=19.8138 Le=0.0451 Lc=1.1688 Ld=3.6139 lr=1.016e-06 gate_lr=1.016e-06 alpha=0.500+/-0.000 peak_mem=25.49GiB
epoch=10 step=28780/29520 loss=23.4130 Le=0.0766 Lc=1.2501 Ld=3.2547 lr=1.015e-06 gate_lr=1.015e-06 alpha=0.500+/-0.000 peak_mem=25.49GiB
epoch=10 step=28800/29520 loss=21.7834 Le=0.0553 Lc=1.2957 Ld=3.2998 lr=1.014e-06 gate_lr=1.014e-06 alpha=0.500+/-0.000 peak_mem=25.49GiB
epoch=10 step=28820/29520 loss=27.8602 Le=0.1110 Lc=1.3144 Ld=3.6197 lr=1.013e-06 gate_lr=1.013e-06 alpha=0.500+/-0.000 peak_mem=25.49GiB
epoch=10 step=28840/29520 loss=17.3801 Le=0.0265 Lc=1.1503 Ld=3.2257 lr=1.013e-06 gate_lr=1.013e-06 alpha=0.500+/-0.000 peak_mem=25.49GiB
epoch=10 step=28860/29520 loss=21.7115 Le=0.0468 Lc=1.3555 Ld=3.4740 lr=1.012e-06 gate_lr=1.012e-06 alpha=0.500+/-0.000 peak_mem=25.49GiB
epoch=10 step=28880/29520 loss=31.7899 Le=0.1584 Lc=1.2624 Ld=3.3231 lr=1.011e-06 gate_lr=1.011e-06 alpha=0.500+/-0.000 peak_mem=25.49GiB
epoch=10 step=28900/29520 loss=21.5346 Le=0.0605 Lc=1.2272 Ld=3.2098 lr=1.010e-06 gate_lr=1.010e-06 alpha=0.500+/-0.000 peak_mem=25.49GiB
epoch=10 step=28920/29520 loss=26.3049 Le=0.1018 Lc=1.2634 Ld=3.4925 lr=1.010e-06 gate_lr=1.010e-06 alpha=0.500+/-0.000 peak_mem=25.49GiB
epoch=10 step=28940/29520 loss=23.9112 Le=0.0879 Lc=1.1730 Ld=3.3912 lr=1.009e-06 gate_lr=1.009e-06 alpha=0.500+/-0.000 peak_mem=25.49GiB
epoch=10 step=28960/29520 loss=22.9386 Le=0.0599 Lc=1.3583 Ld=3.3618 lr=1.009e-06 gate_lr=1.009e-06 alpha=0.500+/-0.000 peak_mem=25.49GiB
epoch=10 step=28980/29520 loss=20.4072 Le=0.0528 Lc=1.1652 Ld=3.4794 lr=1.008e-06 gate_lr=1.008e-06 alpha=0.500+/-0.000 peak_mem=25.49GiB
epoch=10 step=29000/29520 loss=33.1064 Le=0.1771 Lc=1.1888 Ld=3.5094 lr=1.007e-06 gate_lr=1.007e-06 alpha=0.500+/-0.000 peak_mem=25.49GiB
epoch=10 step=29020/29520 loss=23.9136 Le=0.0809 Lc=1.2097 Ld=3.7270 lr=1.007e-06 gate_lr=1.007e-06 alpha=0.500+/-0.000 peak_mem=25.49GiB
epoch=10 step=29040/29520 loss=28.8051 Le=0.1190 Lc=1.3579 Ld=3.3298 lr=1.006e-06 gate_lr=1.006e-06 alpha=0.500+/-0.000 peak_mem=25.49GiB
epoch=10 step=29060/29520 loss=18.3363 Le=0.0263 Lc=1.2265 Ld=3.4398 lr=1.006e-06 gate_lr=1.006e-06 alpha=0.500+/-0.000 peak_mem=25.49GiB
epoch=10 step=29080/29520 loss=25.0407 Le=0.1007 Lc=1.1428 Ld=3.5468 lr=1.005e-06 gate_lr=1.005e-06 alpha=0.500+/-0.000 peak_mem=25.49GiB
epoch=10 step=29100/29520 loss=20.6352 Le=0.0359 Lc=1.3594 Ld=3.4502 lr=1.005e-06 gate_lr=1.005e-06 alpha=0.500+/-0.000 peak_mem=25.49GiB
epoch=10 step=29120/29520 loss=29.5522 Le=0.1359 Lc=1.2459 Ld=3.5054 lr=1.004e-06 gate_lr=1.004e-06 alpha=0.500+/-0.000 peak_mem=25.49GiB
epoch=10 step=29140/29520 loss=32.4136 Le=0.1682 Lc=1.1956 Ld=3.6409 lr=1.004e-06 gate_lr=1.004e-06 alpha=0.500+/-0.000 peak_mem=25.49GiB
epoch=10 step=29160/29520 loss=20.3714 Le=0.0437 Lc=1.2862 Ld=3.1447 lr=1.004e-06 gate_lr=1.004e-06 alpha=0.500+/-0.000 peak_mem=25.49GiB
epoch=10 step=29180/29520 loss=21.8166 Le=0.0455 Lc=1.3781 Ld=3.4811 lr=1.003e-06 gate_lr=1.003e-06 alpha=0.500+/-0.000 peak_mem=25.49GiB
epoch=10 step=29200/29520 loss=25.6038 Le=0.0983 Lc=1.2486 Ld=3.2914 lr=1.003e-06 gate_lr=1.003e-06 alpha=0.500+/-0.000 peak_mem=25.49GiB
epoch=10 step=29220/29520 loss=23.9680 Le=0.0913 Lc=1.1582 Ld=3.2528 lr=1.002e-06 gate_lr=1.002e-06 alpha=0.500+/-0.000 peak_mem=25.49GiB
epoch=10 step=29240/29520 loss=18.4993 Le=0.0287 Lc=1.2293 Ld=3.3363 lr=1.002e-06 gate_lr=1.002e-06 alpha=0.500+/-0.000 peak_mem=25.49GiB
epoch=10 step=29260/29520 loss=19.7629 Le=0.0261 Lc=1.3597 Ld=3.5606 lr=1.002e-06 gate_lr=1.002e-06 alpha=0.500+/-0.000 peak_mem=25.49GiB
epoch=10 step=29280/29520 loss=23.4146 Le=0.0696 Lc=1.2910 Ld=3.5431 lr=1.002e-06 gate_lr=1.002e-06 alpha=0.500+/-0.000 peak_mem=25.49GiB
epoch=10 step=29300/29520 loss=21.0867 Le=0.0397 Lc=1.3811 Ld=3.3037 lr=1.001e-06 gate_lr=1.001e-06 alpha=0.500+/-0.000 peak_mem=25.49GiB
epoch=10 step=29320/29520 loss=27.4269 Le=0.1075 Lc=1.3191 Ld=3.4825 lr=1.001e-06 gate_lr=1.001e-06 alpha=0.500+/-0.000 peak_mem=25.49GiB
epoch=10 step=29340/29520 loss=29.3031 Le=0.1255 Lc=1.3297 Ld=3.4615 lr=1.001e-06 gate_lr=1.001e-06 alpha=0.500+/-0.000 peak_mem=25.49GiB
epoch=10 step=29360/29520 loss=27.1454 Le=0.1051 Lc=1.3024 Ld=3.6144 lr=1.001e-06 gate_lr=1.001e-06 alpha=0.500+/-0.000 peak_mem=25.49GiB
epoch=10 step=29380/29520 loss=23.4407 Le=0.0673 Lc=1.3497 Ld=3.2127 lr=1.001e-06 gate_lr=1.001e-06 alpha=0.500+/-0.000 peak_mem=25.49GiB
epoch=10 step=29400/29520 loss=29.6097 Le=0.1415 Lc=1.2000 Ld=3.4625 lr=1.000e-06 gate_lr=1.000e-06 alpha=0.500+/-0.000 peak_mem=25.49GiB
epoch=10 step=29420/29520 loss=27.6274 Le=0.0918 Lc=1.4924 Ld=3.5252 lr=1.000e-06 gate_lr=1.000e-06 alpha=0.500+/-0.000 peak_mem=25.49GiB
epoch=10 step=29440/29520 loss=36.2628 Le=0.2162 Lc=1.1458 Ld=3.1819 lr=1.000e-06 gate_lr=1.000e-06 alpha=0.500+/-0.000 peak_mem=25.49GiB
epoch=10 step=29460/29520 loss=31.9384 Le=0.1492 Lc=1.3316 Ld=3.7042 lr=1.000e-06 gate_lr=1.000e-06 alpha=0.500+/-0.000 peak_mem=25.49GiB
epoch=10 step=29480/29520 loss=19.9773 Le=0.0373 Lc=1.2742 Ld=3.5017 lr=1.000e-06 gate_lr=1.000e-06 alpha=0.500+/-0.000 peak_mem=25.49GiB
epoch=10 step=29500/29520 loss=26.2576 Le=0.0886 Lc=1.4151 Ld=3.2513 lr=1.000e-06 gate_lr=1.000e-06 alpha=0.500+/-0.000 peak_mem=25.49GiB
epoch=10 step=29520/29520 loss=24.9347 Le=0.0954 Lc=1.1927 Ld=3.4681 lr=1.000e-06 gate_lr=1.000e-06 alpha=0.500+/-0.000 peak_mem=25.49GiB
epoch=10 checkpoints saved
