epoch,step,loss,embedding,classification,decoder,lr,gate_lr,alpha_mean,alpha_std,alpha_p10,alpha_p50,alpha_p90,seconds
1,1,595.537353515625,5.53663444519043,3.076902389526367,11.104829788208008,1e-08,1.0000000000000001e-07,0.5,0.0,0.5,0.5,0.5,6.088675498962402
1,20,290.9233093261719,2.4892141819000244,3.0912318229675293,11.089569091796875,2.0000000000000002e-07,2.0000000000000003e-06,0.5000146627426147,5.193481911192066e-07,0.500014066696167,0.5000146627426147,0.500015377998352,28.312811851501465
1,40,372.5076599121094,3.3096346855163574,3.048473358154297,11.059435844421387,4.0000000000000003e-07,4.000000000000001e-06,0.5000643730163574,2.1536488929996267e-06,0.5000617504119873,0.5000643134117126,0.5000671744346619,50.654980182647705
1,60,239.50152587890625,1.9721176624298096,3.1276767253875732,11.012996673583984,6.000000000000001e-07,6e-06,0.5001477003097534,3.891923824994592e-06,0.5001429319381714,0.5001481175422668,0.5001525282859802,73.69866919517517
1,80,243.74119567871094,2.0134294033050537,3.1477723121643066,10.920537948608398,8.000000000000001e-07,8.000000000000001e-06,0.5002610683441162,1.0770038898044731e-05,0.5002461075782776,0.5002609491348267,0.5002765655517578,96.70651888847351
1,100,185.8712158203125,1.4475960731506348,3.03550386428833,10.75656509399414,1.0000000000000002e-06,1e-05,0.5003862380981445,1.6176483768504113e-05,0.5003646016120911,0.5003845691680908,0.5004106163978577,119.77310466766357
1,120,171.3927001953125,1.303657054901123,3.0481984615325928,10.545015335083008,1.2000000000000002e-06,1.2e-05,0.5005162358283997,1.9727573089767247e-05,0.5004928708076477,0.500514030456543,0.5005469918251038,142.91304850578308
1,140,149.8389129638672,1.0788557529449463,3.1665151119232178,10.288186073303223,1.4000000000000001e-06,1.4000000000000001e-05,0.5006403923034668,2.4194203433580697e-05,0.5006109476089478,0.500637948513031,0.5006728172302246,165.90875148773193
1,160,143.71414184570312,1.0243251323699951,3.1258678436279297,10.02295207977295,1.6000000000000001e-06,1.6000000000000003e-05,0.5007895231246948,2.9233036912046373e-05,0.500754714012146,0.5007861852645874,0.5008374452590942,188.8228096961975
1,180,142.0655517578125,1.0039652585983276,3.1838855743408203,9.830177307128906,1.8000000000000001e-06,1.8e-05,0.5009429454803467,3.52371389453765e-05,0.500895619392395,0.5009405016899109,0.5009934902191162,211.86925411224365
1,200,138.82223510742188,0.9765945672988892,3.157109022140503,9.591690063476562,2.0000000000000003e-06,2e-05,0.5011392831802368,4.111354792257771e-05,0.5010866522789001,0.5011438131332397,0.5011886358261108,234.75116801261902
1,220,142.11070251464844,1.0202996730804443,3.0617198944091797,9.463529586791992,2.2e-06,2.2000000000000003e-05,0.5013300180435181,4.2622275941539556e-05,0.5012703537940979,0.5013295412063599,0.5013860464096069,257.64152455329895
1,240,109.43181610107422,0.6833775043487549,3.1929759979248047,9.164297103881836,2.4000000000000003e-06,2.4e-05,0.5014998912811279,4.2726063838927075e-05,0.5014530420303345,0.5014989376068115,0.501547634601593,280.3384187221527
1,260,121.91065216064453,0.8233057260513306,3.038970470428467,9.190376281738281,2.6e-06,2.6000000000000002e-05,0.5017184019088745,5.734943624702282e-05,0.5016562938690186,0.5017173886299133,0.5017861127853394,303.2845537662506
1,280,107.36334991455078,0.6822094321250916,3.013181686401367,9.010599136352539,2.8000000000000003e-06,2.8000000000000003e-05,0.501911461353302,5.937364403507672e-05,0.5018365383148193,0.5019114017486572,0.5019893050193787,326.2669732570648
1,300,125.62981414794922,0.8589402437210083,3.0779709815979004,8.956079483032227,3e-06,3e-05,0.5020643472671509,5.501905252458528e-05,0.5019930005073547,0.502063512802124,0.5021242499351501,349.4830095767975
1,320,133.12855529785156,0.9303684234619141,3.133981704711914,8.751886367797852,3.2000000000000003e-06,3.2000000000000005e-05,0.5023105144500732,5.675718784914352e-05,0.5022429823875427,0.5023060441017151,0.5023912787437439,372.2646460533142
1,340,152.91641235351562,1.1236004829406738,3.186884880065918,8.687518119812012,3.4000000000000005e-06,3.4000000000000007e-05,0.5025659799575806,6.339367246255279e-05,0.5024954080581665,0.5025596618652344,0.5026574730873108,395.2025282382965
1,360,146.41714477539062,1.067882776260376,3.10447096824646,8.584155082702637,3.6000000000000003e-06,3.6e-05,0.5028110146522522,7.113264291547239e-05,0.5027405023574829,0.5028115510940552,0.5029062032699585,418.27686524391174
1,380,123.58142852783203,0.83121657371521,3.1856470108032227,8.603301048278809,3.8000000000000005e-06,3.8e-05,0.5031229257583618,8.579809946240857e-05,0.5030186176300049,0.503126859664917,0.5032249689102173,432.06525135040283
1,400,124.8691635131836,0.8636992573738098,2.994135856628418,8.557878494262695,4.000000000000001e-06,4e-05,0.5034645795822144,8.904471906134859e-05,0.5033530592918396,0.503462553024292,0.5035632848739624,442.8669288158417
1,420,123.94889068603516,0.851676344871521,3.0249009132385254,8.532248497009277,4.2000000000000004e-06,4.2e-05,0.5036620497703552,8.790484571363777e-05,0.5035491585731506,0.5036737322807312,0.5037683248519897,462.29483127593994
1,440,123.24278259277344,0.8480359315872192,3.0101451873779297,8.337735176086426,4.4e-06,4.4000000000000006e-05,0.5039464235305786,9.401304123457521e-05,0.5038175582885742,0.5039633512496948,0.5040531158447266,483.00923442840576
1,460,108.4305648803711,0.6933795213699341,3.083824634552002,8.254368782043457,4.600000000000001e-06,4.600000000000001e-05,0.5040467977523804,0.00010021686466643587,0.5039024353027344,0.504051148891449,0.5041677355766296,503.909903049469
1,480,117.02906036376953,0.780971884727478,3.0570101737976074,8.361760139465332,4.800000000000001e-06,4.8e-05,0.5043190717697144,0.00011618094868026674,0.5041528344154358,0.5043114423751831,0.5044492483139038,524.8865704536438
1,500,114.38616943359375,0.7598615288734436,3.019487142562866,8.205143928527832,5e-06,5e-05,0.5046657919883728,0.00013618601951748133,0.5044583082199097,0.504685640335083,0.504834771156311,545.9902017116547
1,520,112.27149963378906,0.7371762990951538,3.0348165035247803,8.205702781677246,5.2e-06,5.2000000000000004e-05,0.5050009489059448,0.0001612960477359593,0.5047448873519897,0.5050266981124878,0.5051618814468384,567.065943479538
1,540,112.95783233642578,0.7571081519126892,2.9200189113616943,8.046828269958496,5.400000000000001e-06,5.4000000000000005e-05,0.505397617816925,0.00017723625933285803,0.5051282644271851,0.5054592490196228,0.5055813789367676,588.0407891273499
1,560,111.73649597167969,0.7377102375030518,2.974620819091797,8.219260215759277,5.600000000000001e-06,5.6000000000000006e-05,0.5054453015327454,0.00019564817193895578,0.5051405429840088,0.505490243434906,0.5056666135787964,608.9046950340271
1,580,118.47664642333984,0.8032839298248291,3.0048141479492188,8.100115776062012,5.8e-06,5.8e-05,0.5056744813919067,0.0001824833598220721,0.5053956508636475,0.5057082772254944,0.5058767795562744,629.9709303379059
1,600,105.52732849121094,0.6841988563537598,2.901090145111084,8.096546173095703,6e-06,6e-05,0.5060799717903137,0.00027232689899392426,0.5056393146514893,0.5061314702033997,0.506382167339325,650.9720911979675
1,620,118.0892105102539,0.8094872236251831,2.901984214782715,8.120644569396973,6.200000000000001e-06,6.2e-05,0.5065401792526245,0.0002681569312699139,0.5060957074165344,0.5065947771072388,0.5068440437316895,671.9308111667633
1,640,92.71131134033203,0.5566655397415161,2.902486801147461,8.019892692565918,6.4000000000000006e-06,6.400000000000001e-05,0.5066992044448853,0.0002927325258497149,0.5062358379364014,0.506738543510437,0.5069923400878906,692.8796963691711
1,660,101.22573852539062,0.6441015005111694,2.896010160446167,7.8554816246032715,6.600000000000001e-06,6.6e-05,0.5068656206130981,0.00032690545776858926,0.5062379240989685,0.5069493651390076,0.5071654915809631,714.117707490921
1,680,109.59413146972656,0.7236297130584717,2.9507007598876953,7.724154949188232,6.800000000000001e-06,6.800000000000001e-05,0.5073011517524719,0.0003161368367727846,0.5067829489707947,0.507370114326477,0.5076178908348083,735.2632944583893
1,700,123.78169250488281,0.8707098960876465,2.889885663986206,7.811840057373047,7e-06,7e-05,0.5073427557945251,0.00037549150874838233,0.5067028999328613,0.5074242353439331,0.5077414512634277,756.2768683433533
1,720,94.12530517578125,0.5782285928726196,2.8611583709716797,7.690855979919434,7.2000000000000005e-06,7.2e-05,0.5078805685043335,0.0003949578385800123,0.5073403120040894,0.5079341530799866,0.5083545446395874,777.1836373806
1,740,107.47381591796875,0.7140283584594727,2.8360304832458496,7.7106757164001465,7.4e-06,7.4e-05,0.5083453059196472,0.00045188606600277126,0.5076503157615662,0.5084716081619263,0.5088179111480713,798.1380031108856
1,760,109.09580993652344,0.7261340618133545,2.875382423400879,7.728582382202148,7.600000000000001e-06,7.6e-05,0.5088205337524414,0.0004949818248860538,0.5080910921096802,0.5089805126190186,0.509331464767456,819.1362974643707
1,780,110.91868591308594,0.7563867568969727,2.7701168060302734,7.578841209411621,7.800000000000002e-06,7.800000000000001e-05,0.5089343786239624,0.0006162500940263271,0.5078116655349731,0.5090823173522949,0.509499192237854,840.1622614860535
1,800,119.33223724365234,0.8468419909477234,2.6987369060516357,7.660667419433594,8.000000000000001e-06,8e-05,0.5089437365531921,0.000658905366435647,0.507864236831665,0.5091262459754944,0.5097060799598694,861.1987926959991
1,820,92.89602661132812,0.5872214436531067,2.664123058319092,7.532656669616699,8.2e-06,8.2e-05,0.5087641477584839,0.0005937950918450952,0.5079970359802246,0.5088573694229126,0.509333610534668,882.192634344101
1,840,121.22373962402344,0.849062979221344,2.8815603256225586,7.501840591430664,8.400000000000001e-06,8.4e-05,0.509172260761261,0.0006459126016125083,0.5081827044487,0.5093283653259277,0.5098997354507446,903.1598134040833
1,860,82.47266387939453,0.47214004397392273,2.7863166332244873,7.395490646362305,8.6e-06,8.6e-05,0.5093356966972351,0.0005896885995753109,0.5086951851844788,0.5093245506286621,0.5100454688072205,924.032613992691
1,880,97.22256469726562,0.6263128519058228,2.717057704925537,7.4207000732421875,8.8e-06,8.800000000000001e-05,0.5098692774772644,0.0007796909776516259,0.5088353157043457,0.5100134015083313,0.510683536529541,944.9509780406952
1,900,93.89156341552734,0.5749608278274536,2.8971681594848633,7.423800945281982,9e-06,9e-05,0.5103614330291748,0.000654724077321589,0.5095837116241455,0.5103544592857361,0.5112295150756836,965.898759841919
1,920,96.70443725585938,0.6206915974617004,2.730271816253662,7.332555294036865,9.200000000000002e-06,9.200000000000001e-05,0.5113312602043152,0.0009091044194065034,0.5101450681686401,0.5116002559661865,0.5121564269065857,986.7712547779083
1,940,107.85362243652344,0.7351051568984985,2.7037887573242188,7.305222511291504,9.4e-06,9.4e-05,0.5104386806488037,0.00107143959030509,0.5085431337356567,0.5106127262115479,0.5116032361984253,1007.7111871242523
1,960,89.07576751708984,0.5431697964668274,2.744983196258545,7.308950424194336,9.600000000000001e-06,9.6e-05,0.5102670788764954,0.0009551387629471719,0.5089135766029358,0.5104193687438965,0.5113826394081116,1029.0222713947296
1,980,76.47662353515625,0.43377363681793213,2.5679984092712402,7.419270038604736,9.800000000000001e-06,9.8e-05,0.5108685493469238,0.0007564435945823789,0.5100610256195068,0.5110431909561157,0.5115967392921448,1049.3768112659454
1,1000,84.03099822998047,0.5028178691864014,2.6518232822418213,7.230981826782227,1e-05,0.0001,0.5114633440971375,0.0007679137634113431,0.5105183124542236,0.5116003751754761,0.5123058557510376,1070.3471705913544
1,1020,105.77527618408203,0.7178711891174316,2.6712615489959717,7.275545597076416,9.999989079487085e-06,9.999989079487085e-05,0.5115236043930054,0.0011577557306736708,0.5094207525253296,0.5118237733840942,0.512723982334137,1091.0206878185272
1,1040,94.27639770507812,0.6264042854309082,2.453805446624756,7.097914695739746,9.999956318001344e-06,9.999956318001344e-05,0.5121663808822632,0.0011247030925005674,0.5103979110717773,0.5123394131660461,0.513353705406189,1111.8594915866852
1,1060,91.85995483398438,0.5866752862930298,2.63065242767334,6.885901927947998,9.999901715701785e-06,9.999901715701785e-05,0.5127972364425659,0.00115263182669878,0.5114762783050537,0.5129475593566895,0.5139865875244141,1132.3271081447601
1,1080,84.32328796386719,0.5305090546607971,2.4447240829467773,6.8251423835754395,9.999825272853424e-06,9.999825272853424e-05,0.5128408074378967,0.0012588627869263291,0.5113857388496399,0.5130817890167236,0.5143312811851501,1153.5155866146088
1,1100,64.3663558959961,0.33331194519996643,2.4091687202453613,6.943475723266602,9.999726989827282e-06,9.999726989827281e-05,0.5135619640350342,0.001297689974308014,0.511673092842102,0.513685941696167,0.5150980949401855,1174.4994699954987
1,1120,107.32059478759766,0.7567094564437866,2.457948684692383,7.070166110992432,9.99960686710038e-06,9.99960686710038e-05,0.5133898258209229,0.0016646258300170302,0.5112067461013794,0.5137719511985779,0.5151748061180115,1195.4986584186554
1,1140,80.02267456054688,0.4896048307418823,2.425507068634033,6.807121753692627,9.999464905255745e-06,9.999464905255745e-05,0.5139232873916626,0.0018037905683740973,0.5108767747879028,0.5142983198165894,0.5160104036331177,1216.5074889659882
1,1160,88.54207611083984,0.5941752195358276,2.227766990661621,6.846884727478027,9.999301104982392e-06,9.999301104982391e-05,0.5140066146850586,0.001571742701344192,0.512392520904541,0.5141972303390503,0.515720009803772,1237.3388509750366
1,1180,85.38231658935547,0.5459129810333252,2.387131690979004,6.919701099395752,9.99911546707534e-06,9.999115467075339e-05,0.513658881187439,0.001747380942106247,0.5114980936050415,0.5139060616493225,0.5155860185623169,1258.43230843544
1,1200,62.80848693847656,0.35020458698272705,2.096405506134033,6.823973655700684,9.998907992435593e-06,9.998907992435592e-05,0.5137178301811218,0.00145190698094666,0.5120360851287842,0.5139778852462769,0.5153590440750122,1279.240730047226
1,1220,89.44696044921875,0.6044674515724182,2.2309489250183105,6.690721035003662,9.99867868207014e-06,9.99867868207014e-05,0.5132229328155518,0.0021856287494301796,0.5091870427131653,0.5138943791389465,0.5155582427978516,1299.859926700592
1,1240,93.20408630371094,0.6304216980934143,2.3452160358428955,6.709752082824707,9.998427537091955e-06,9.998427537091955e-05,0.5145353078842163,0.002313050674274564,0.5113634467124939,0.5148018598556519,0.5173339247703552,1320.6818602085114
1,1260,67.86923217773438,0.4029734134674072,2.071661949157715,6.855271339416504,9.998154558719984e-06,9.998154558719984e-05,0.5142683982849121,0.0023547837045043707,0.5114773511886597,0.5148851871490479,0.5168431997299194,1341.8923604488373
1,1280,91.80892181396484,0.6168511509895325,2.3459348678588867,6.664462566375732,9.997859748279145e-06,9.997859748279144e-05,0.5152827501296997,0.0027334699407219887,0.5104161500930786,0.5157402157783508,0.5184704661369324,1363.050213098526
1,1300,82.45897674560547,0.5485111474990845,2.1101808547973633,6.5060505867004395,9.99754310720032e-06,9.997543107200318e-05,0.5156614780426025,0.002391305984929204,0.5127314329147339,0.5162947773933411,0.5180922746658325,1384.0305943489075
1,1320,66.10220336914062,0.37255460023880005,2.2240586280822754,6.606162071228027,9.997204637020343e-06,9.997204637020344e-05,0.516022801399231,0.002431484404951334,0.5133939981460571,0.5163276195526123,0.5187145471572876,1404.7694749832153
1,1340,96.8865966796875,0.6833375692367554,2.1884312629699707,6.6685309410095215,9.996844339382001e-06,9.996844339382001e-05,0.5146183371543884,0.002733166329562664,0.5102137923240662,0.5151182413101196,0.5174204111099243,1425.9489240646362
1,1360,89.677001953125,0.6129599809646606,2.1955087184906006,6.425919532775879,9.996462216034021e-06,9.996462216034022e-05,0.5151017904281616,0.0030012670904397964,0.5102112293243408,0.5159175395965576,0.5182178616523743,1446.865706205368
1,1380,67.04066467285156,0.3962325155735016,2.1011106967926025,6.406305313110352,9.996058268831064e-06,9.996058268831063e-05,0.5164287090301514,0.0025872804690152407,0.5131973028182983,0.5167748928070068,0.5194487571716309,1467.6060655117035
1,1400,85.71403503417969,0.5882651805877686,2.053114891052246,6.3563690185546875,9.99563249973371e-06,9.99563249973371e-05,0.5169492959976196,0.003063505981117487,0.5136522054672241,0.5172357559204102,0.5206428170204163,1488.5226647853851
1,1420,89.9265365600586,0.6398248076438904,1.9440460205078125,6.503594875335693,9.995184910808455e-06,9.995184910808454e-05,0.5178724527359009,0.00345264351926744,0.5136840343475342,0.5182304978370667,0.5217828750610352,1509.4827313423157
1,1440,81.56519317626953,0.5493764281272888,2.032125949859619,6.306293964385986,9.9947155042277e-06,9.9947155042277e-05,0.5175999402999878,0.0035688504576683044,0.513255774974823,0.5179100036621094,0.5214076042175293,1530.617383480072
1,1460,71.60253143310547,0.4363245368003845,2.1562395095825195,6.4076828956604,9.994224282269737e-06,9.994224282269737e-05,0.5178048610687256,0.003742292756214738,0.5132198333740234,0.5185128450393677,0.5218460559844971,1551.445613861084
1,1480,91.0439224243164,0.6381767988204956,2.0776941776275635,6.449305534362793,9.993711247318747e-06,9.993711247318748e-05,0.5173836946487427,0.002980867400765419,0.5135887265205383,0.5175320506095886,0.521115779876709,1572.2629985809326
1,1500,74.47431945800781,0.4937725067138672,1.889317274093628,6.203891754150391,9.993176401864772e-06,9.993176401864772e-05,0.5176677703857422,0.0034386608749628067,0.5139755010604858,0.5173845291137695,0.5220447778701782,1593.2354214191437
1,1520,71.8871841430664,0.4499238431453705,2.069760322570801,6.197195529937744,9.992619748503719e-06,9.992619748503719e-05,0.5184595584869385,0.003743280889466405,0.5141756534576416,0.5188279151916504,0.5223066806793213,1614.143390417099
1,1540,63.23078918457031,0.3792617917060852,1.9059598445892334,6.245012283325195,9.992041289937337e-06,9.992041289937338e-05,0.5183197259902954,0.004478246904909611,0.512703537940979,0.518750786781311,0.5232371091842651,1634.6551780700684
1,1560,89.38423156738281,0.6237602233886719,2.07472562789917,6.260952949523926,9.991441028973214e-06,9.991441028973213e-05,0.5195549726486206,0.004893809091299772,0.5117040872573853,0.5205087661743164,0.525117039680481,1655.4822146892548
1,1580,83.67106628417969,0.5711374878883362,2.0282716751098633,6.274593353271484,9.99081896852475e-06,9.990818968524748e-05,0.5195729732513428,0.0044995383359491825,0.5134377479553223,0.5204153656959534,0.5248720645904541,1676.549206495285
1,1600,76.25912475585938,0.5034067630767822,1.9730253219604492,6.188193321228027,9.990175111611154e-06,9.990175111611155e-05,0.518949031829834,0.004664896987378597,0.5125895738601685,0.5189549922943115,0.5242477655410767,1697.335664987564
1,1620,69.71804809570312,0.4353741407394409,1.9933912754058838,6.246716022491455,9.989509461357428e-06,9.989509461357426e-05,0.5185399651527405,0.005581571254879236,0.5104053020477295,0.5186349153518677,0.5252899527549744,1718.7620198726654
1,1640,67.31106567382812,0.4177936911582947,1.9483811855316162,6.047883033752441,9.98882202099434e-06,9.988822020994341e-05,0.5191141963005066,0.004527285695075989,0.5132155418395996,0.5197721719741821,0.524199366569519,1739.7946228981018
1,1660,70.4715576171875,0.44236743450164795,2.005125045776367,6.183564186096191,9.988112793858431e-06,9.98811279385843e-05,0.5198030471801758,0.004677388351410627,0.5145580768585205,0.5197217464447021,0.5251543521881104,1760.778151512146
1,1680,104.1008071899414,0.7811639308929443,1.9871273040771484,6.1131391525268555,9.987381783391975e-06,9.987381783391976e-05,0.5211104154586792,0.005481684114784002,0.5108718872070312,0.5226049423217773,0.5265629291534424,1781.6722784042358
1,1700,56.37894058227539,0.31999796628952026,1.8228650093078613,6.15049409866333,9.986628993142976e-06,9.986628993142977e-05,0.5216052532196045,0.00519951619207859,0.5159652233123779,0.5223895311355591,0.5265318155288696,1802.5795879364014
1,1720,75.25936126708984,0.4966942369937897,1.9303112030029297,6.286830425262451,9.985854426765148e-06,9.985854426765147e-05,0.5200246572494507,0.0061006383039057255,0.5098748803138733,0.5206036567687988,0.5272241830825806,1823.4427542686462
1,1740,70.29446411132812,0.46458372473716736,1.7601240873336792,6.23484468460083,9.985058088017898e-06,9.985058088017897e-05,0.520939826965332,0.005224918015301228,0.5129400491714478,0.520897626876831,0.5267136096954346,1844.3846266269684
1,1760,63.49396514892578,0.3839465081691742,1.9057798385620117,6.041519641876221,9.9842399807663e-06,9.984239980766301e-05,0.5219225883483887,0.005012873560190201,0.5158350467681885,0.5222386717796326,0.5280020236968994,1865.368703842163
1,1780,66.35514831542969,0.4278741776943207,1.750159740447998,6.066135406494141,9.983400108981094e-06,9.983400108981093e-05,0.5218628644943237,0.006886136252433062,0.5119300484657288,0.5225867629051208,0.5294630527496338,1886.401083946228
1,1800,46.95893478393555,0.2270762324333191,1.844085454940796,5.810460567474365,9.982538476738646e-06,9.982538476738645e-05,0.5233556032180786,0.005649436265230179,0.5158212780952454,0.5239964127540588,0.5297226905822754,1907.4673244953156
1,1820,73.86213684082031,0.4922385513782501,1.8700674772262573,5.937606334686279,9.98165508822094e-06,9.981655088220939e-05,0.5229833722114563,0.006413188762962818,0.5164355635643005,0.5232260227203369,0.5303454399108887,1928.5348315238953
1,1840,83.93698120117188,0.5938756465911865,1.8743622303009033,5.805797576904297,9.980749947715557e-06,9.980749947715557e-05,0.5209676623344421,0.006124233826994896,0.513920247554779,0.5205855369567871,0.5284847617149353,1949.6831381320953
1,1860,69.58280181884766,0.4386633038520813,1.969407558441162,6.022396564483643,9.979823059615653e-06,9.979823059615653e-05,0.5219963788986206,0.0063329762779176235,0.5139552354812622,0.5230444073677063,0.5288358926773071,1970.6660296916962
1,1880,66.46058654785156,0.41086429357528687,1.9480550289154053,5.893610000610352,9.978874428419936e-06,9.978874428419935e-05,0.5231126546859741,0.006643045227974653,0.5170450806617737,0.5232342481613159,0.5311194658279419,1991.2559461593628
1,1900,76.22213745117188,0.5045341849327087,2.0025441646575928,5.743276596069336,9.977904058732645e-06,9.977904058732645e-05,0.5243797898292542,0.006466221995651722,0.5156892538070679,0.5254794359207153,0.5318042039871216,2012.0914299488068
1,1920,60.19853973388672,0.34986376762390137,1.9198815822601318,6.013344764709473,9.976911955263528e-06,9.976911955263529e-05,0.5236023664474487,0.008133773691952229,0.5129194855690002,0.5243446230888367,0.5325456261634827,2032.9757478237152
1,1940,65.24012756347656,0.3969860076904297,1.9784735441207886,5.756791114807129,9.975898122827822e-06,9.975898122827822e-05,0.5247305035591125,0.007345976307988167,0.5135753154754639,0.5262138843536377,0.5322248935699463,2054.003282546997
1,1960,68.2733154296875,0.43942469358444214,1.8560035228729248,5.770805358886719,9.974862566346225e-06,9.974862566346224e-05,0.5262107849121094,0.00885940995067358,0.5120319724082947,0.5272586345672607,0.5365331172943115,2075.134648323059
1,1980,62.00646209716797,0.3770267367362976,1.8692201375961304,5.611586093902588,9.973805290844871e-06,9.973805290844871e-05,0.523821234703064,0.00732978992164135,0.5145155191421509,0.5244443416595459,0.5318121314048767,2096.2336370944977
1,2000,89.54469299316406,0.648120105266571,1.8924778699874878,5.807906627655029,9.972726301455314e-06,9.972726301455313e-05,0.5250338912010193,0.007648971397429705,0.5181251764297485,0.5253356695175171,0.5340081453323364,2117.229761838913
1,2020,52.43992233276367,0.2922520637512207,1.7193200588226318,6.0215163230896,9.971625603414492e-06,9.971625603414493e-05,0.5256690979003906,0.007838859222829342,0.5160112380981445,0.5262001752853394,0.5350304245948792,2138.2459473609924
1,2040,66.99542236328125,0.4285677969455719,1.8171489238739014,5.967152118682861,9.970503202064716e-06,9.970503202064716e-05,0.5262477993965149,0.008821985684335232,0.5134552717208862,0.5275886654853821,0.5354357957839966,2159.352954149246
1,2060,90.14566040039062,0.6475516557693481,1.952256202697754,5.86793851852417,9.969359102853624e-06,9.969359102853625e-05,0.524242103099823,0.009329893626272678,0.5077104568481445,0.5265033841133118,0.5338636636734009,2180.1170721054077
1,2080,60.37450408935547,0.36692047119140625,1.8032951354980469,5.64950704574585,9.968193311334176e-06,9.968193311334176e-05,0.5252915620803833,0.008585772477090359,0.5144165754318237,0.5261469483375549,0.5356504917144775,2200.8387224674225
1,2100,57.387508392333984,0.33438369631767273,1.8362364768981934,5.58677339553833,9.96700583316461e-06,9.96700583316461e-05,0.5233356356620789,0.008649318479001522,0.5141586065292358,0.5242627859115601,0.5331047177314758,2222.1969854831696
1,2120,62.59366989135742,0.3816388249397278,1.8468072414398193,5.96171236038208,9.965796674108424e-06,9.965796674108424e-05,0.523941159248352,0.010933292098343372,0.506474494934082,0.5250929594039917,0.5364192724227905,2243.374462366104
1,2140,52.25477981567383,0.27392444014549255,1.9168052673339844,5.694283485412598,9.964565840034348e-06,9.964565840034348e-05,0.5238005518913269,0.010139293037354946,0.510055661201477,0.5255008935928345,0.5349093079566956,2264.684942960739
1,2160,69.82001495361328,0.45026832818984985,1.8861663341522217,5.931519985198975,9.963313336916307e-06,9.963313336916307e-05,0.5250784754753113,0.008436925709247589,0.514930248260498,0.5256838798522949,0.5355700254440308,2286.1057522296906
1,2180,63.95594787597656,0.4059789180755615,1.771221399307251,5.645843982696533,9.962039170833407e-06,9.962039170833406e-05,0.5248094201087952,0.010001433081924915,0.5129407644271851,0.5255287885665894,0.536375105381012,2307.584998369217
1,2200,78.72445678710938,0.5414616465568542,1.9059219360351562,5.519073486328125,9.960743347969885e-06,9.960743347969884e-05,0.5249280333518982,0.0112448176369071,0.5145609378814697,0.5263990163803101,0.537102222442627,2328.985706090927
1,2220,44.9422607421875,0.21220138669013977,1.8009817600250244,5.712304592132568,9.9594258746151e-06,9.959425874615099e-05,0.5273430347442627,0.0106727946549654,0.5143582820892334,0.5271354913711548,0.539182186126709,2350.32675242424
1,2240,68.78650665283203,0.4539543390274048,1.782784342765808,5.563230037689209,9.958086757163489e-06,9.958086757163489e-05,0.5236293077468872,0.011719207279384136,0.504671037197113,0.5252099633216858,0.536460280418396,2371.6769528388977
1,2260,63.99980545043945,0.4065650701522827,1.7815361022949219,5.527938365936279,9.956726002114542e-06,9.956726002114542e-05,0.5225154161453247,0.011245566420257092,0.5042284727096558,0.5241155624389648,0.5349327325820923,2393.1413300037384
1,2280,77.85383605957031,0.523975133895874,1.9890884160995483,5.565441131591797,9.955343616072765e-06,9.955343616072765e-05,0.5219892859458923,0.011397277005016804,0.5057858228683472,0.5232070684432983,0.534409761428833,2414.596603870392
1,2300,57.782718658447266,0.35495513677597046,1.6930198669433594,5.357005596160889,9.953939605747655e-06,9.953939605747654e-05,0.5241976976394653,0.011043641716241837,0.5112451314926147,0.5258514881134033,0.5353667140007019,2436.305916070938
1,2320,45.40850830078125,0.20951974391937256,1.8979257345199585,5.4772772789001465,9.95251397795366e-06,9.952513977953659e-05,0.5244931578636169,0.011242548003792763,0.5067449808120728,0.526199460029602,0.5365414619445801,2457.819400072098
1,2340,67.50192260742188,0.4525100588798523,1.680643916130066,5.4444804191589355,9.951066739610154e-06,9.951066739610153e-05,0.5224368572235107,0.012728824280202389,0.4988727569580078,0.5256584882736206,0.5365021228790283,2479.274831533432
1,2360,62.43201446533203,0.3789171278476715,1.8967769145965576,5.572531223297119,9.949597897741397e-06,9.949597897741397e-05,0.523123025894165,0.010897106491029263,0.5105416178703308,0.5242143869400024,0.5341017246246338,2500.699824810028
1,2380,72.10968017578125,0.48866623640060425,1.7688207626342773,5.5548505783081055,9.948107459476502e-06,9.948107459476501e-05,0.5250725150108337,0.009794258512556553,0.5139930248260498,0.5257456302642822,0.5363737940788269,2522.1038830280304
1,2400,58.11220932006836,0.3461287021636963,1.8126201629638672,5.373137950897217,9.946595432049402e-06,9.946595432049403e-05,0.5207537412643433,0.011292937211692333,0.505287766456604,0.5216671228408813,0.5347870588302612,2543.558074951172
1,2420,80.73942565917969,0.5662513971328735,1.8732770681381226,5.381513595581055,9.945061822798817e-06,9.945061822798816e-05,0.5210265517234802,0.01325143687427044,0.49936750531196594,0.524470329284668,0.5350242853164673,2564.9566593170166
1,2440,70.5185546875,0.47146904468536377,1.7943530082702637,5.42811918258667,9.943506639168213e-06,9.943506639168212e-05,0.5219804048538208,0.010823985561728477,0.5112445950508118,0.5222111940383911,0.5371461510658264,2586.31312084198
1,2460,51.99281311035156,0.2953709065914154,1.7021055221557617,5.434670448303223,9.941929888705765e-06,9.941929888705766e-05,0.5224072933197021,0.011209542863070965,0.5093328952789307,0.522239625453949,0.5376985669136047,2607.7404379844666
1,2480,56.01097106933594,0.32953375577926636,1.7636756896972656,5.420835971832275,9.940331579064335e-06,9.940331579064335e-05,0.521321713924408,0.012148858979344368,0.5016398429870605,0.5230059623718262,0.5344388484954834,2629.0873639583588
1,2500,56.015533447265625,0.3212575912475586,1.8523616790771484,5.366158485412598,9.938711718001412e-06,9.938711718001411e-05,0.5197170376777649,0.011426613666117191,0.5020174384117126,0.5216125249862671,0.5327185392379761,2650.485677957535
1,2520,80.07937622070312,0.5725815296173096,1.7450666427612305,5.370563507080078,9.937070313379092e-06,9.937070313379092e-05,0.523272693157196,0.011839562095701694,0.5095423460006714,0.5246454477310181,0.536953330039978,2671.7679698467255
1,2540,46.387962341308594,0.2244628667831421,1.8466905355453491,5.474770545959473,9.935407373164031e-06,9.935407373164031e-05,0.5197725296020508,0.01399752777069807,0.4942418932914734,0.5224303007125854,0.5352632403373718,2693.390103816986
1,2560,59.202884674072266,0.36431288719177246,1.7513537406921387,5.258058071136475,9.933722905427415e-06,9.933722905427415e-05,0.5233026146888733,0.012182545848190784,0.5069254636764526,0.5252025127410889,0.5373947620391846,2714.8061017990112
1,2580,56.97178268432617,0.3355857729911804,1.7920234203338623,5.492970943450928,9.932016918344908e-06,9.932016918344909e-05,0.520342230796814,0.012682153843343258,0.5062096118927002,0.521013617515564,0.5355786085128784,2736.154280900955
1,2600,57.414955139160156,0.3379635810852051,1.8309063911437988,5.309534549713135,9.930289420196627e-06,9.930289420196626e-05,0.5196566581726074,0.011386608704924583,0.5068662166595459,0.5199284553527832,0.5338348150253296,2757.5349838733673
1,2620,48.218994140625,0.26405972242355347,1.630505919456482,5.507964611053467,9.928540419367087e-06,9.928540419367088e-05,0.5207422971725464,0.013846212066709995,0.49871572852134705,0.5211508274078369,0.5363000631332397,2779.188092947006
1,2640,58.231483459472656,0.3441035747528076,1.8427026271820068,5.394096851348877,9.92676992434517e-06,9.92676992434517e-05,0.523827314376831,0.012623175978660583,0.5088781118392944,0.5245922803878784,0.5383281707763672,2800.5398116111755
1,2660,58.09508514404297,0.35300561785697937,1.728725790977478,5.507265567779541,9.924977943724085e-06,9.924977943724085e-05,0.5233825445175171,0.01335587352514267,0.5048491358757019,0.5261908173561096,0.5364923477172852,2821.897495985031
1,2680,57.933860778808594,0.34974461793899536,1.7389698028564453,5.569703102111816,9.923164486201318e-06,9.923164486201318e-05,0.524654746055603,0.011853107251226902,0.5104339718818665,0.5245978832244873,0.5394746661186218,2843.2206411361694
1,2700,49.21550750732422,0.2627103626728058,1.7569255828857422,5.37521505355835,9.921329560578595e-06,9.921329560578594e-05,0.5210932493209839,0.013124623335897923,0.5054758787155151,0.5216312408447266,0.538069486618042,2864.944762468338
1,2720,53.57734298706055,0.2953765392303467,1.857339859008789,5.4662909507751465,9.919473175761844e-06,9.919473175761845e-05,0.5233514308929443,0.012219124473631382,0.5132031440734863,0.5242457389831543,0.5369182229042053,2886.318528652191
1,2740,58.83506774902344,0.34620678424835205,1.89280366897583,5.286355495452881,9.91759534076114e-06,9.91759534076114e-05,0.5215882062911987,0.01586923934519291,0.495805025100708,0.5245050191879272,0.5384299159049988,2907.5927250385284
1,2760,61.755218505859375,0.39683401584625244,1.6630592346191406,5.441223621368408,9.915696064690669e-06,9.915696064690668e-05,0.5208380222320557,0.01478519570082426,0.49896928668022156,0.5226346254348755,0.5372438430786133,2928.7346982955933
1,2780,53.29139709472656,0.30478519201278687,1.746154546737671,5.351335048675537,9.913775356768685e-06,9.913775356768684e-05,0.5212964415550232,0.012092584744095802,0.5080900192260742,0.5221595764160156,0.5359244346618652,2950.1186168193817
1,2800,45.67449951171875,0.22961759567260742,1.7481882572174072,5.230857849121094,9.911833226317462e-06,9.911833226317462e-05,0.5196480751037598,0.014216152019798756,0.5016124844551086,0.5209306478500366,0.5360673666000366,2971.5096094608307
1,2820,54.45124053955078,0.31953752040863037,1.7369931936264038,5.127553939819336,9.90986968276325e-06,9.90986968276325e-05,0.5168358683586121,0.013476136140525341,0.4979551136493683,0.516930103302002,0.5326293706893921,2992.9713633060455
1,2840,57.42030334472656,0.3387424349784851,1.8342584371566772,5.20347785949707,9.907884735636226e-06,9.907884735636226e-05,0.5213744044303894,0.016500042751431465,0.49401941895484924,0.5240187644958496,0.539756715297699,3014.353478908539
1,2860,39.12212371826172,0.15650558471679688,1.8210184574127197,5.261384963989258,9.905878394570453e-06,9.905878394570453e-05,0.5221935510635376,0.012397811748087406,0.5093523859977722,0.5220074653625488,0.5371745824813843,3035.5481474399567
1,2880,70.21858978271484,0.455288827419281,1.9393279552459717,5.296426296234131,9.903850669303832e-06,9.903850669303833e-05,0.5186076760292053,0.01572185754776001,0.49588799476623535,0.5200231075286865,0.5380533933639526,3057.2279250621796
1,2900,66.56808471679688,0.4369334876537323,1.750927209854126,5.365459442138672,9.90180156967805e-06,9.90180156967805e-05,0.5187824368476868,0.015111063607037067,0.5008281469345093,0.5196455717086792,0.5378395318984985,3078.5267543792725
1,2920,56.16661834716797,0.3297351598739624,1.7996690273284912,5.1964111328125,9.89973110563854e-06,9.899731105638539e-05,0.5229054689407349,0.014261378906667233,0.5058717131614685,0.5242955684661865,0.5398445129394531,3100.1682255268097
1,2940,39.1171760559082,0.1598140001296997,1.788424015045166,5.251538276672363,9.897639287234422e-06,9.897639287234423e-05,0.5191072225570679,0.014761064201593399,0.5030912160873413,0.5175561904907227,0.5390409231185913,3121.4902176856995
2,2960,57.482887268066406,0.351182758808136,1.718106985092163,5.1835408210754395,9.895526124618469e-06,9.895526124618468e-05,0.5286029577255249,0.01359361968934536,0.5115728974342346,0.5286248922348022,0.5451379418373108,3152.101090669632
2,2980,52.31448745727539,0.2911924719810486,1.7992572784423828,5.202666759490967,9.893391628047044e-06,9.893391628047043e-05,0.5250872373580933,0.017167294397950172,0.5030711889266968,0.5260816216468811,0.5469511151313782,3173.313807964325
2,3000,72.14203643798828,0.49335265159606934,1.7656588554382324,5.150182723999023,9.891235807880054e-06,9.891235807880054e-05,0.5214834213256836,0.016531681641936302,0.5001619458198547,0.5219895839691162,0.5418063402175903,3194.869555950165
2,3020,58.01778030395508,0.35993629693984985,1.6741321086883545,5.282830715179443,9.889058674580908e-06,9.88905867458091e-05,0.5246226787567139,0.015702640637755394,0.4998725652694702,0.5270897150039673,0.5418310761451721,3216.2091846466064
2,3040,53.900936126708984,0.3102741837501526,1.7599849700927734,5.2736687660217285,9.886860238716457e-06,9.886860238716457e-05,0.5218949317932129,0.0182651337236166,0.49119633436203003,0.525444746017456,0.5432710647583008,3237.5971834659576
2,3060,61.35065841674805,0.3860878348350525,1.741604208946228,5.325832843780518,9.88464051095694e-06,9.88464051095694e-05,0.5211345553398132,0.01671481691300869,0.49649733304977417,0.5224728584289551,0.5428932905197144,3258.888901948929
2,3080,68.67758178710938,0.43791264295578003,1.9772958755493164,5.1133575439453125,9.882399502075943e-06,9.882399502075943e-05,0.5152760148048401,0.01868487149477005,0.48166948556900024,0.5181765556335449,0.5379887819290161,3280.5714852809906
2,3100,67.36133575439453,0.42200690507888794,1.988903522491455,5.271607875823975,9.880137222950342e-06,9.880137222950342e-05,0.5213249921798706,0.014730140566825867,0.5041681528091431,0.5222853422164917,0.5397903323173523,3301.7977228164673
2,3120,54.46109390258789,0.3111012578010559,1.8197834491729736,5.153133869171143,9.877853684560246e-06,9.877853684560246e-05,0.5246272087097168,0.019160127267241478,0.49866265058517456,0.5260766744613647,0.5474415421485901,3322.930567264557
2,3140,49.03969955444336,0.2678449749946594,1.734100580215454,4.914196014404297,9.87554889798895e-06,9.87554889798895e-05,0.5243775248527527,0.017123673111200333,0.5081367492675781,0.5230990648269653,0.5467569828033447,3344.198832988739
2,3160,57.057430267333984,0.3233224153518677,1.962593913078308,5.099250793457031,9.873222874422873e-06,9.873222874422872e-05,0.5254120230674744,0.01657404936850071,0.5067322254180908,0.5273021459579468,0.5458840131759644,3365.6744525432587
2,3180,47.78989028930664,0.26571905612945557,1.6252756118774414,4.9652276039123535,9.870875625151519e-06,9.870875625151518e-05,0.5191218256950378,0.017853138968348503,0.49758052825927734,0.519220769405365,0.5417234897613525,3386.864731311798
2,3200,49.40806198120117,0.2777441143989563,1.6768617630004883,4.86503267288208,9.8685071615674e-06,9.8685071615674e-05,0.5199768543243408,0.018036141991615295,0.4940837621688843,0.5211523175239563,0.5446804761886597,3408.240579843521
2,3220,58.79481506347656,0.34417688846588135,1.947206735610962,4.905060291290283,9.866117495166001e-06,9.866117495166002e-05,0.5173478126525879,0.017957095056772232,0.4875876307487488,0.5180803537368774,0.5393045544624329,3429.6372911930084
2,3240,57.730472564697266,0.35487061738967896,1.7005186080932617,5.238223075866699,9.863706637545717e-06,9.863706637545717e-05,0.5213644504547119,0.019303137436509132,0.4871891140937805,0.522815465927124,0.5442615747451782,3451.341948747635
2,3260,65.33776092529297,0.4329163730144501,1.7191877365112305,4.854249477386475,9.861274600407792e-06,9.861274600407791e-05,0.5191035270690918,0.018883710727095604,0.49509215354919434,0.5197529792785645,0.5434662103652954,3472.7754123210907
2,3280,42.585628509521484,0.19709458947181702,1.7771003246307373,5.105168342590332,9.858821395556265e-06,9.858821395556266e-05,0.5185295343399048,0.01846754550933838,0.5008296370506287,0.5180487632751465,0.5407127141952515,3494.16034078598
2,3300,68.78553009033203,0.4486011862754822,1.875129222869873,5.174117565155029,9.85634703489792e-06,9.856347034897919e-05,0.5197164416313171,0.020253924652934074,0.4876391887664795,0.5217972993850708,0.5428439378738403,3515.4834673404694
2,3320,68.40206146240234,0.4570996165275574,1.75865638256073,5.105534553527832,9.853851530442216e-06,9.853851530442215e-05,0.5202116370201111,0.020348597317934036,0.48644745349884033,0.5228081345558167,0.5432879328727722,3536.9367673397064
2,3340,60.452362060546875,0.36431166529655457,1.8837544918060303,5.183649063110352,9.851334894301236e-06,9.851334894301235e-05,0.5174006223678589,0.01603104919195175,0.49730271100997925,0.5189495086669922,0.5332381129264832,3558.3534576892853
2,3360,41.8582763671875,0.20020174980163574,1.6656326055526733,5.1817731857299805,9.848797138689629e-06,9.848797138689629e-05,0.5243198275566101,0.014545359648764133,0.5090675950050354,0.5253113508224487,0.5403942465782166,3579.6018900871277
2,3380,58.99408721923828,0.3683898448944092,1.7266515493392944,4.888589382171631,9.846238275924547e-06,9.846238275924546e-05,0.5215290188789368,0.019478345289826393,0.4984167218208313,0.5228840112686157,0.5442217588424683,3601.086177587509
2,3400,59.128055572509766,0.3582971692085266,1.8240302801132202,5.058035850524902,9.843658318425586e-06,9.843658318425586e-05,0.5175907611846924,0.019307710230350494,0.4862433671951294,0.5196163654327393,0.5397368669509888,3622.4977176189423
2,3420,59.13373565673828,0.3528800308704376,1.8723939657211304,5.121793746948242,9.841057278714731e-06,9.841057278714732e-05,0.5176061391830444,0.019949709996581078,0.48695582151412964,0.516768217086792,0.5430248975753784,3643.9879512786865
2,3440,52.4882698059082,0.3069225251674652,1.6755726337432861,5.040291786193848,9.838435169416284e-06,9.838435169416285e-05,0.5225662589073181,0.021363399922847748,0.4985751509666443,0.5271140336990356,0.5456202030181885,3665.3685398101807
2,3460,48.85799789428711,0.2846307158470154,1.5483474731445312,4.911449909210205,9.83579200325682e-06,9.835792003256819e-05,0.5194448232650757,0.020057544112205505,0.4968649446964264,0.5214512348175049,0.5434920191764832,3686.6548104286194
2,3480,54.66808319091797,0.3318294882774353,1.646075963973999,5.024376392364502,9.833127793065098e-06,9.833127793065098e-05,0.5167155265808105,0.01931602694094181,0.49821919202804565,0.5177168846130371,0.5445226430892944,3707.993496656418
2,3500,47.11033248901367,0.25570395588874817,1.6655229330062866,4.884708881378174,9.830442551772032e-06,9.830442551772032e-05,0.5200839042663574,0.015055506490170956,0.5010274052619934,0.5190057754516602,0.5416009426116943,3729.413864135742
2,3520,55.91366195678711,0.32563573122024536,1.8263623714447021,5.086468696594238,9.827736292410604e-06,9.827736292410603e-05,0.5144026279449463,0.019994905218482018,0.4859626293182373,0.5145237445831299,0.5389138460159302,3750.8898272514343
2,3540,61.88033676147461,0.3899192214012146,1.779794454574585,5.0904717445373535,9.82500902811581e-06,9.82500902811581e-05,0.512252688407898,0.017683789134025574,0.48411107063293457,0.5153124332427979,0.5346163511276245,3772.369637966156
2,3560,46.52912902832031,0.23544558882713318,1.813145637512207,4.85311222076416,9.822260772124592e-06,9.822260772124592e-05,0.5165602564811707,0.020262356847524643,0.48883652687072754,0.5193082094192505,0.5426396131515503,3793.8200368881226
2,3580,46.87963104248047,0.2388613075017929,1.786069631576538,5.132806301116943,9.819491537775782e-06,9.819491537775781e-05,0.5200673341751099,0.01880723424255848,0.4981701374053955,0.520715594291687,0.5423707962036133,3815.2282707691193
2,3600,48.08067321777344,0.2517954707145691,1.7852747440338135,5.048377990722656,9.816701338510027e-06,9.816701338510028e-05,0.5197081565856934,0.021522121503949165,0.48856496810913086,0.521558403968811,0.5454010963439941,3836.5516686439514
2,3620,73.42121887207031,0.4963107109069824,1.8955938816070557,4.834207057952881,9.813890187869733e-06,9.813890187869732e-05,0.5147477388381958,0.021193956956267357,0.4780339002609253,0.518711268901825,0.5398081541061401,3857.9144814014435
2,3640,49.34014892578125,0.26947352290153503,1.7401546239852905,4.99124813079834,9.811058099498988e-06,9.811058099498988e-05,0.5184983015060425,0.020931895822286606,0.49547284841537476,0.5190483331680298,0.5458787679672241,3879.397909641266
2,3660,61.87144470214844,0.386514812707901,1.8203057050704956,5.016905307769775,9.808205087143506e-06,9.808205087143506e-05,0.5164651274681091,0.018944958224892616,0.49618637561798096,0.51547771692276,0.540256142616272,3900.8530101776123
2,3680,68.63545989990234,0.45785021781921387,1.7939485311508179,4.910948753356934,9.805331164650563e-06,9.805331164650562e-05,0.5127937197685242,0.019936081022024155,0.48412367701530457,0.5164766311645508,0.5358548164367676,3922.438946723938
2,3700,42.086978912353516,0.1931340992450714,1.783728837966919,4.936282157897949,9.802436345968911e-06,9.802436345968911e-05,0.5145294666290283,0.0216121394187212,0.4923577904701233,0.5137705206871033,0.5450138449668884,3943.764592885971
2,3720,68.49037170410156,0.4720151424407959,1.653228759765625,4.756565570831299,9.799520645148734e-06,9.799520645148735e-05,0.5192142724990845,0.020985204726457596,0.49154818058013916,0.5204883813858032,0.544181227684021,3965.256751537323
2,3740,48.54659652709961,0.26466765999794006,1.7236552238464355,4.843277454376221,9.796584076341567e-06,9.796584076341566e-05,0.5213077068328857,0.01935453712940216,0.49956172704696655,0.5199706554412842,0.5473652482032776,3986.675206184387
2,3760,58.67593002319336,0.3532074987888336,1.8422960042953491,4.932215213775635,9.79362665380022e-06,9.793626653800219e-05,0.5190238952636719,0.02222764492034912,0.4967774748802185,0.5210076570510864,0.5460361242294312,4008.4033386707306
2,3780,71.87775421142578,0.47801458835601807,1.9027423858642578,5.048862934112549,9.79064839187873e-06,9.790648391878729e-05,0.5171010494232178,0.02085527777671814,0.49169987440109253,0.5178474187850952,0.5442759394645691,4029.761498451233
2,3800,49.20402526855469,0.2719728350639343,1.7156836986541748,4.849908828735352,9.787649305032272e-06,9.787649305032272e-05,0.5193902254104614,0.02040875516831875,0.5019972324371338,0.5213525891304016,0.5393091440200806,4051.141720533371
2,3820,46.37785720825195,0.23385024070739746,1.803356409072876,4.959271430969238,9.784629407817098e-06,9.784629407817098e-05,0.5195555090904236,0.018014153465628624,0.49782416224479675,0.519241452217102,0.5456700921058655,4072.494683742523
2,3840,52.50560760498047,0.30978989601135254,1.6729631423950195,4.796991348266602,9.781588714890463e-06,9.781588714890463e-05,0.5145491361618042,0.022164879366755486,0.482194185256958,0.5168389081954956,0.5430544018745422,4093.994810819626
2,3860,51.18171310424805,0.2936505079269409,1.6947873830795288,4.868785381317139,9.778527241010559e-06,9.778527241010558e-05,0.5195174217224121,0.019796380773186684,0.4934844970703125,0.5214540958404541,0.5424286127090454,4115.376365184784
2,3880,43.798736572265625,0.20480608940124512,1.836970567703247,4.948421478271484,9.775445001036434e-06,9.775445001036434e-05,0.5141615867614746,0.015227888710796833,0.49773970246315,0.5135003924369812,0.5344753265380859,4136.578459739685
2,3900,53.25892639160156,0.29534751176834106,1.8856847286224365,4.867326259613037,9.772342009927932e-06,9.772342009927931e-05,0.5166758298873901,0.017924772575497627,0.49925994873046875,0.5156406164169312,0.5407166481018066,4157.934586048126
2,3920,57.490966796875,0.35321754217147827,1.7202060222625732,4.967153549194336,9.769218282745609e-06,9.769218282745608e-05,0.5146974921226501,0.022891227155923843,0.4832852780818939,0.5133063793182373,0.5444416999816895,4179.628888607025
2,3940,52.5859375,0.32143187522888184,1.559456706047058,4.84818172454834,9.766073834650665e-06,9.766073834650664e-05,0.5180320739746094,0.02259289100766182,0.48529505729675293,0.5193396806716919,0.5458595752716064,4200.97265625
2,3960,47.605777740478516,0.25641417503356934,1.6912225484848022,5.052135467529297,9.762908680904873e-06,9.762908680904873e-05,0.5192528367042542,0.018097037449479103,0.502084493637085,0.5182889103889465,0.5428105592727661,4222.416436433792
2,3980,60.64690399169922,0.37572741508483887,1.8094632625579834,4.979530334472656,9.7597228368705e-06,9.759722836870499e-05,0.5132308006286621,0.023500051349401474,0.4762691855430603,0.5150125622749329,0.5435675382614136,4242.979621171951
2,4000,68.94709014892578,0.4543612599372864,1.8809680938720703,4.701286792755127,9.756516318010237e-06,9.756516318010237e-05,0.5092623829841614,0.02086310088634491,0.4862799048423767,0.5101993083953857,0.536055326461792,4253.800312042236
2,4020,44.050636291503906,0.22699326276779175,1.6349637508392334,5.001671314239502,9.753289139887119e-06,9.753289139887118e-05,0.5119187831878662,0.022568153217434883,0.4821556806564331,0.5114023685455322,0.5426472425460815,4267.65856218338
2,4040,61.936729431152344,0.39951881766319275,1.7211542129516602,4.773309230804443,9.750041318164452e-06,9.750041318164451e-05,0.513696014881134,0.022293835878372192,0.4806134104728699,0.5154702067375183,0.5415372848510742,4290.7955458164215
2,4060,43.79790115356445,0.21422553062438965,1.7441737651824951,4.933607578277588,9.746772868605738e-06,9.746772868605737e-05,0.5080596804618835,0.02215513028204441,0.4733641743659973,0.5110071301460266,0.5347824096679688,4313.944660425186
2,4080,34.269287109375,0.1259758621454239,1.6867270469665527,4.80443000793457,9.7434838070746e-06,9.743483807074598e-05,0.5173680782318115,0.017698973417282104,0.4957992732524872,0.5178680419921875,0.5400570631027222,4336.998457670212
2,4100,51.69782257080078,0.30443981289863586,1.6373580694198608,4.880259990692139,9.740174149534694e-06,9.740174149534693e-05,0.5170624256134033,0.023557325825095177,0.4845083951950073,0.5192785263061523,0.5430561304092407,4360.109204530716
2,4120,52.03459167480469,0.3097737431526184,1.6316150426864624,4.741065502166748,9.736843912049649e-06,9.73684391204965e-05,0.5172409415245056,0.02305130660533905,0.4945591688156128,0.5171436667442322,0.5493893027305603,4383.160188436508
2,4140,51.63764190673828,0.27379727363586426,1.9450773000717163,4.80714225769043,9.733493110782978e-06,9.733493110782978e-05,0.5139458179473877,0.022492805495858192,0.480480432510376,0.5146218538284302,0.5434333682060242,4406.0700471401215
2,4160,40.95661926269531,0.20453572273254395,1.5502132177352905,5.000914573669434,9.730121761998e-06,9.730121761997999e-05,0.5140957832336426,0.021262172609567642,0.4932038187980652,0.5124265551567078,0.5415365695953369,4429.088577270508
2,4180,51.58441162109375,0.3063478171825409,1.6216468811035156,4.733160018920898,9.726729882057762e-06,9.726729882057762e-05,0.5180577039718628,0.019054928794503212,0.49818938970565796,0.5180034637451172,0.5440493822097778,4451.8204436302185
2,4200,45.07607650756836,0.22803542017936707,1.7289409637451172,4.983126163482666,9.72331748742496e-06,9.72331748742496e-05,0.5127675533294678,0.019897954538464546,0.4847492575645447,0.5122395157814026,0.5394774675369263,4474.724063158035
2,4220,51.607818603515625,0.2673182189464569,2.018343925476074,4.692556381225586,9.719884594661864e-06,9.719884594661864e-05,0.5121720433235168,0.02272808738052845,0.4779437184333801,0.5133466720581055,0.5401310920715332,4497.613859653473
2,4240,57.108123779296875,0.3418298065662384,1.8146265745162964,4.778877258300781,9.716431220430225e-06,9.716431220430224e-05,0.5149133205413818,0.021054653450846672,0.4902467727661133,0.5144264698028564,0.5435448884963989,4520.50600194931
2,4260,48.26392364501953,0.25678205490112305,1.743913173675537,5.1465840339660645,9.71295738149121e-06,9.71295738149121e-05,0.5148046016693115,0.01978522725403309,0.4951685667037964,0.5154722929000854,0.5392687320709229,4543.843756914139
2,4280,55.2913703918457,0.3227270841598511,1.8346953392028809,4.671708583831787,9.709463094705308e-06,9.709463094705308e-05,0.508114218711853,0.019321409985423088,0.49078047275543213,0.5081748962402344,0.5341945290565491,4567.0852954387665
2,4300,43.00795364379883,0.22920948266983032,1.5528501272201538,4.558506011962891,9.705948377032253e-06,9.705948377032253e-05,0.5137902498245239,0.02165878936648369,0.4943982660770416,0.5123264789581299,0.5422040224075317,4590.307033538818
2,4320,46.723609924316406,0.24017487466335297,1.7996562719345093,4.709558486938477,9.702413245530946e-06,9.702413245530945e-05,0.5187495946884155,0.020515520125627518,0.49562233686447144,0.52128005027771,0.5442136526107788,4613.665438175201
2,4340,45.519508361816406,0.22930893301963806,1.7792282104492188,4.796332836151123,9.69885771735936e-06,9.698857717359361e-05,0.5120851993560791,0.024061722680926323,0.4780735373497009,0.5161863565444946,0.5401772260665894,4637.21818113327
2,4360,57.474037170410156,0.35158771276474,1.7629804611206055,4.685463905334473,9.695281809774473e-06,9.695281809774473e-05,0.5138506889343262,0.023675432428717613,0.481212317943573,0.5157159566879272,0.539977490901947,4660.35137963295
2,4380,51.44197463989258,0.2943499684333801,1.7275159358978271,4.731814384460449,9.69168554013217e-06,9.69168554013217e-05,0.5126913785934448,0.023327933624386787,0.4841403365135193,0.5168652534484863,0.5412924885749817,4683.125812530518
2,4400,57.67998504638672,0.357769250869751,1.7312192916870117,4.590864181518555,9.688068925887165e-06,9.688068925887165e-05,0.5137705206871033,0.026397772133350372,0.4679815471172333,0.5173957347869873,0.544985830783844,4706.278651475906
2,4420,56.30008316040039,0.3420284688472748,1.730229377746582,4.794940948486328,9.684431984592919e-06,9.684431984592917e-05,0.5114530920982361,0.024124551564455032,0.48595213890075684,0.5128019452095032,0.5429447889328003,4729.889777421951
2,4440,48.77472686767578,0.2807410657405853,1.6080360412597656,4.62026309967041,9.680774733901546e-06,9.680774733901546e-05,0.5142731666564941,0.023809490725398064,0.4843164086341858,0.5152648687362671,0.5442073345184326,4753.006553173065
2,4460,44.44495391845703,0.23439595103263855,1.6668360233306885,4.336997032165527,9.67709719156374e-06,9.67709719156374e-05,0.5179276466369629,0.021128082647919655,0.4932261109352112,0.5201482772827148,0.5474182367324829,4776.242120504379
2,4480,41.7017822265625,0.19737564027309418,1.7064374685287476,4.899842739105225,9.673399375428677e-06,9.673399375428677e-05,0.508792519569397,0.02457965537905693,0.4692254364490509,0.5123754143714905,0.5370312333106995,4799.495466709137
2,4500,49.09360122680664,0.2689545452594757,1.7482731342315674,4.715415000915527,9.669681303443934e-06,9.669681303443933e-05,0.5163881778717041,0.024858508259058,0.49296703934669495,0.5162394046783447,0.5490560531616211,4822.635940313339
2,4520,35.274436950683594,0.1365998089313507,1.6958396434783936,4.656058311462402,9.665942993655402e-06,9.665942993655401e-05,0.5114214420318604,0.022554155439138412,0.48937004804611206,0.5112919807434082,0.5442487597465515,4845.706234931946
2,4540,63.353302001953125,0.41930505633354187,1.6848005056381226,4.574789047241211,9.662184464207196e-06,9.662184464207195e-05,0.5109259486198425,0.026931919157505035,0.4633945822715759,0.5129939317703247,0.5425559878349304,4868.471441984177
2,4560,47.4205207824707,0.26480257511138916,1.645534873008728,4.484912872314453,9.658405733341569e-06,9.658405733341568e-05,0.5082684755325317,0.024299245327711105,0.47795969247817993,0.5071286559104919,0.5387148261070251,4891.391056060791
2,4580,46.193603515625,0.25043630599975586,1.6559288501739502,4.590683937072754,9.654606819398825e-06,9.654606819398824e-05,0.5122989416122437,0.022526130080223083,0.48402607440948486,0.5128898620605469,0.5439090728759766,4914.206978797913
2,4600,50.61359786987305,0.28080594539642334,1.7955440282821655,4.5775651931762695,9.65078774081722e-06,9.65078774081722e-05,0.5109202861785889,0.024081654846668243,0.4812840521335602,0.5106689929962158,0.5419064164161682,4937.253088235855
2,4620,52.82796096801758,0.30948227643966675,1.7107148170471191,4.772586822509766,9.646948516132893e-06,9.646948516132892e-05,0.5102066993713379,0.02151060290634632,0.4865480065345764,0.5124005079269409,0.5337210893630981,4960.282552957535
2,4640,41.4171257019043,0.19544661045074463,1.7326478958129883,4.545987129211426,9.643089163979752e-06,9.643089163979751e-05,0.5134789347648621,0.02395910769701004,0.4830608367919922,0.5112572908401489,0.5456693172454834,4983.437519788742
2,4660,39.672637939453125,0.17598119378089905,1.7449839115142822,4.6246795654296875,9.6392097030894e-06,9.639209703089399e-05,0.5084741115570068,0.025822380557656288,0.46365857124328613,0.5097370147705078,0.5390106439590454,5006.618448734283
2,4680,58.81026840209961,0.3734855055809021,1.6841191053390503,4.620529651641846,9.635310152291038e-06,9.635310152291039e-05,0.5113300085067749,0.02644968032836914,0.48134344816207886,0.5108084082603455,0.5430004596710205,5029.6844046115875
2,4700,55.94255065917969,0.33371657133102417,1.7717227935791016,4.853662490844727,9.631390530511377e-06,9.631390530511376e-05,0.5118681788444519,0.020278077572584152,0.4899989366531372,0.513317346572876,0.536486029624939,5052.701696634293
2,4720,48.848270416259766,0.2835175395011902,1.5653457641601562,4.843058109283447,9.62745085677454e-06,9.627450856774539e-05,0.5107594728469849,0.023861950263381004,0.48178765177726746,0.5125805735588074,0.5420979857444763,5075.633570432663
2,4740,40.74201583862305,0.19695092737674713,1.6429498195648193,4.617422580718994,9.623491150201973e-06,9.623491150201974e-05,0.5109071731567383,0.02237471006810665,0.48422563076019287,0.5105335712432861,0.5413711071014404,5098.731206655502
2,4760,53.8300666809082,0.3237127661705017,1.6833620071411133,4.6251702308654785,9.619511430012358e-06,9.619511430012358e-05,0.5147230625152588,0.02218352071940899,0.4873899817466736,0.5158677101135254,0.5445091724395752,5122.02835392952
2,4780,33.85433578491211,0.117705337703228,1.7299703359603882,4.784100532531738,9.615511715521509e-06,9.615511715521508e-05,0.5148031711578369,0.02115471102297306,0.49399906396865845,0.5147250890731812,0.5411381721496582,5145.123755693436
2,4800,53.173095703125,0.3283233940601349,1.5583537817001343,4.757219314575195,9.611492026142287e-06,9.611492026142287e-05,0.5140530467033386,0.02382502146065235,0.48879414796829224,0.5155198574066162,0.5413908958435059,5168.10936832428
2,4820,53.72270202636719,0.3036019206047058,1.858393907546997,4.778570175170898,9.607452381384499e-06,9.607452381384499e-05,0.5114620327949524,0.021883996203541756,0.4904637932777405,0.5133477449417114,0.5403198003768921,5191.428541898727
2,4840,39.66018295288086,0.1872357875108719,1.6283400058746338,4.653201103210449,9.603392800854808e-06,9.603392800854808e-05,0.507796585559845,0.0210375115275383,0.4825369119644165,0.5084578990936279,0.5347476005554199,5214.5825934410095
2,4860,66.52023315429688,0.4458828568458557,1.7175039052963257,4.75690221786499,9.599313304256637e-06,9.599313304256637e-05,0.5051336288452148,0.0252803023904562,0.47611191868782043,0.507634162902832,0.5371074676513672,5237.423177957535
2,4880,44.40461349487305,0.23595315217971802,1.6217621564865112,4.591679573059082,9.595213911390077e-06,9.595213911390076e-05,0.5136379599571228,0.02123352140188217,0.49379539489746094,0.5127228498458862,0.5405536890029907,5260.2359845638275
2,4900,43.207462310791016,0.21332432329654694,1.7230210304260254,4.6448211669921875,9.59109464215178e-06,9.591094642151778e-05,0.5144645571708679,0.02229652740061283,0.4864664077758789,0.5156753063201904,0.5411515235900879,5283.333046913147
2,4920,42.59206771850586,0.19680336117744446,1.81559157371521,4.755818843841553,9.586955516534867e-06,9.586955516534867e-05,0.510703980922699,0.022138871252536774,0.48347458243370056,0.5097959041595459,0.5384186506271362,5306.472992181778
2,4940,44.44050216674805,0.22400769591331482,1.7299842834472656,4.73988676071167,9.582796554628844e-06,9.582796554628843e-05,0.5033351182937622,0.02579541876912117,0.4635964632034302,0.5055872797966003,0.534943163394928,5329.204689741135
2,4960,33.97690200805664,0.13395953178405762,1.6285737752914429,4.295212745666504,9.578617776619486e-06,9.578617776619485e-05,0.5106132626533508,0.020802127197384834,0.48864418268203735,0.5100494623184204,0.5377956628799438,5352.2453100681305
2,4980,50.881736755371094,0.2882893979549408,1.7454394102096558,4.598405838012695,9.574419202788745e-06,9.574419202788746e-05,0.5099886655807495,0.025637798011302948,0.47351884841918945,0.5117769837379456,0.5436433553695679,5374.441201925278
2,5000,53.18638610839844,0.3208273649215698,1.6568855047225952,4.534793376922607,9.570200853514662e-06,9.570200853514663e-05,0.5095243453979492,0.02362024411559105,0.47580885887145996,0.5113287568092346,0.5390256643295288,5396.755594968796
2,5020,45.43489456176758,0.23565447330474854,1.7226461172103882,4.6429877281188965,9.565962749271251e-06,9.565962749271251e-05,0.5118664503097534,0.02233256958425045,0.491158664226532,0.5119080543518066,0.539454996585846,5419.803647279739
2,5040,48.36262893676758,0.2675260603427887,1.7145994901657104,4.464032173156738,9.56170491062841e-06,9.561704910628409e-05,0.5085257291793823,0.024824783205986023,0.48018768429756165,0.5071440935134888,0.5457524061203003,5442.911786556244
2,5060,64.6124496459961,0.42917966842651367,1.6950591802597046,4.743889808654785,9.557427358251821e-06,9.55742735825182e-05,0.5071265697479248,0.024692855775356293,0.47922009229660034,0.5070733428001404,0.5381252765655518,5465.1147384643555
2,5080,47.76598358154297,0.26263269782066345,1.6802582740783691,4.700133323669434,9.553130112902845e-06,9.553130112902846e-05,0.4992867112159729,0.03143361583352089,0.4487030506134033,0.5040146112442017,0.5379857420921326,5487.898884534836
2,5100,53.253944396972656,0.30458810925483704,1.7926805019378662,4.8683271408081055,9.548813195438427e-06,9.548813195438427e-05,0.5014602541923523,0.02512056566774845,0.464087575674057,0.5034396648406982,0.5355472564697266,5511.1076567173
2,5120,41.98830032348633,0.20121201872825623,1.7120273113250732,4.746822834014893,9.544476626810992e-06,9.544476626810992e-05,0.5034183859825134,0.021671678870916367,0.48160552978515625,0.5028948187828064,0.5284099578857422,5534.39782166481
2,5140,35.32102966308594,0.1492188274860382,1.5655419826507568,4.743728160858154,9.540120428068337e-06,9.540120428068338e-05,0.5028892755508423,0.02724328450858593,0.45454323291778564,0.5067369937896729,0.5355490446090698,5557.178092241287
2,5160,47.02386474609375,0.2616945803165436,1.6357238292694092,4.49716854095459,9.535744620353545e-06,9.535744620353545e-05,0.5014208555221558,0.02802989073097706,0.4587860107421875,0.5053795576095581,0.5342338681221008,5580.372014045715
2,5180,51.51912307739258,0.3080160617828369,1.6088080406188965,4.629437446594238,9.531349224904865e-06,9.531349224904864e-05,0.508509635925293,0.022551385685801506,0.4839065968990326,0.5088983774185181,0.5373916625976562,5591.776924610138
2,5200,41.54473876953125,0.20604285597801208,1.605638027191162,4.884069919586182,9.526934263055616e-06,9.526934263055616e-05,0.49910005927085876,0.023128729313611984,0.47425687313079834,0.49748706817626953,0.5259840488433838,5603.604238510132
2,5220,62.08039474487305,0.4143257439136505,1.6097838878631592,4.549980163574219,9.52249975623409e-06,9.522499756234089e-05,0.5042657852172852,0.027537338435649872,0.46501749753952026,0.5059899687767029,0.539281964302063,5624.493479728699
2,5240,60.45390319824219,0.37900006771087646,1.8025845289230347,4.528054237365723,9.518045725963434e-06,9.518045725963434e-05,0.5054710507392883,0.027671681717038155,0.45978978276252747,0.5099813938140869,0.5364344120025635,5645.990325689316
2,5260,62.00567626953125,0.4029727578163147,1.7275937795639038,4.4324631690979,9.513572193861557e-06,9.513572193861557e-05,0.5011082291603088,0.029199475422501564,0.45242688059806824,0.5018967390060425,0.5351433753967285,5666.902177810669
2,5280,32.990901947021484,0.12171047180891037,1.639281153678894,4.4270453453063965,9.509079181641026e-06,9.509079181641025e-05,0.5078473091125488,0.021554727107286453,0.4863581955432892,0.5072290897369385,0.534299373626709,5688.3934280872345
2,5300,39.506622314453125,0.18501240015029907,1.6599321365356445,4.406059741973877,9.504566711108944e-06,9.504566711108944e-05,0.5104857683181763,0.02366243489086628,0.48751896619796753,0.5133247375488281,0.5424690246582031,5710.413423776627
2,5320,41.55100631713867,0.2096591591835022,1.6093435287475586,4.4916558265686035,9.500034804166872e-06,9.50003480416687e-05,0.4990966320037842,0.02379353903234005,0.4698168933391571,0.49888139963150024,0.5273700952529907,5731.744877338409
2,5340,44.385215759277344,0.220680832862854,1.7787375450134277,4.529752731323242,9.495483482810688e-06,9.495483482810688e-05,0.5068725943565369,0.025659050792455673,0.48089170455932617,0.5070087909698486,0.5406018495559692,5753.197541713715
2,5360,45.65613555908203,0.23934736847877502,1.7263230085372925,4.458169937133789,9.490912769130518e-06,9.490912769130518e-05,0.5000882148742676,0.023099811747670174,0.47258180379867554,0.5027440786361694,0.5276148915290833,5774.71778512001
2,5380,46.68360137939453,0.2709976136684418,1.5063698291778564,4.520142555236816,9.486322685310598e-06,9.486322685310596e-05,0.5137223601341248,0.02800753526389599,0.4782992899417877,0.5175073146820068,0.5437757968902588,5796.157195091248
2,5400,40.648162841796875,0.18182513117790222,1.821729063987732,4.248358726501465,9.48171325362918e-06,9.481713253629178e-05,0.5079857707023621,0.02550240233540535,0.48540371656417847,0.5091013312339783,0.5399534106254578,5817.864473819733
2,5420,31.42268180847168,0.11638662219047546,1.5353115797042847,4.430902481079102,9.477084496458422e-06,9.477084496458421e-05,0.5056743621826172,0.027062464505434036,0.46998751163482666,0.5097044706344604,0.5424206256866455,5839.355463027954
2,5440,29.028535842895508,0.0861605554819107,1.583367109298706,4.578810214996338,9.472436436264283e-06,9.472436436264282e-05,0.5047482848167419,0.02401210181415081,0.4784250259399414,0.5032691955566406,0.5390211343765259,5860.839057445526
2,5460,51.364105224609375,0.3026478886604309,1.6776213645935059,4.323102951049805,9.467769095606409e-06,9.467769095606408e-05,0.5064799785614014,0.029051151126623154,0.45776671171188354,0.5106438398361206,0.544217050075531,5882.318893671036
2,5480,30.610807418823242,0.10101690143346786,1.6142877340316772,4.366239547729492,9.463082497138021e-06,9.463082497138021e-05,0.5076234340667725,0.02245965786278248,0.4835040867328644,0.504319429397583,0.5383822917938232,5903.804437637329
2,5500,35.72336196899414,0.15329214930534363,1.6160788536071777,4.23335599899292,9.458376663605815e-06,9.458376663605814e-05,0.5026940703392029,0.027377856895327568,0.46576184034347534,0.5040434002876282,0.5351675748825073,5925.168374300003
2,5520,43.5507698059082,0.23331323266029358,1.5770248174667358,4.4491987228393555,9.45365161784984e-06,9.45365161784984e-05,0.5030136108398438,0.025571327656507492,0.47076094150543213,0.5026134252548218,0.5376486778259277,5946.555397033691
2,5540,37.3305549621582,0.17185689508914948,1.5687373876571655,4.457491874694824,9.448907382803396e-06,9.448907382803396e-05,0.5058350563049316,0.02336512878537178,0.47916656732559204,0.5070669651031494,0.5367708802223206,5968.000057697296
2,5560,54.43654251098633,0.3363797962665558,1.642688512802124,4.371676921844482,9.44414398149292e-06,9.444143981492919e-05,0.5025722980499268,0.025000080466270447,0.47872716188430786,0.5020714998245239,0.5319726467132568,5989.458029985428
2,5580,40.17284393310547,0.18737006187438965,1.702846884727478,4.407366752624512,9.439361437037869e-06,9.43936143703787e-05,0.5112225413322449,0.026656372472643852,0.4767645001411438,0.5103486776351929,0.5456182956695557,6010.874615430832
2,5600,40.21253967285156,0.18892240524291992,1.7021546363830566,4.2987518310546875,9.43455977265062e-06,9.43455977265062e-05,0.5042843818664551,0.028812456876039505,0.46008026599884033,0.5068590641021729,0.5409250259399414,6032.361682891846
2,5620,49.78562545776367,0.2838107645511627,1.6878427267074585,4.52611780166626,9.429739011636343e-06,9.429739011636343e-05,0.502274751663208,0.026133602485060692,0.46715283393859863,0.503052830696106,0.5355045795440674,6053.876661539078
2,5640,42.91559982299805,0.2200726568698883,1.6727313995361328,4.1810173988342285,9.424899177392896e-06,9.424899177392896e-05,0.5063494443893433,0.02188163250684738,0.48434120416641235,0.5062888860702515,0.5375851392745972,6075.462257146835
2,5660,50.4285888671875,0.3073917031288147,1.5195248126983643,4.494173049926758,9.420040293410711e-06,9.420040293410711e-05,0.49378514289855957,0.027437640354037285,0.44485384225845337,0.4957532584667206,0.5234496593475342,6097.003856420517
2,5680,47.82664108276367,0.2891825735569,1.449636697769165,4.412017345428467,9.415162383272683e-06,9.415162383272684e-05,0.4991428256034851,0.02583914063870907,0.4612545371055603,0.4991757273674011,0.5344181060791016,6118.310319900513
2,5700,49.368011474609375,0.2856764793395996,1.6124191284179688,4.676170825958252,9.410265470654046e-06,9.410265470654046e-05,0.510755181312561,0.026567555963993073,0.479636013507843,0.5114002823829651,0.5438336133956909,6139.063063621521
2,5720,56.955833435058594,0.3657381534576416,1.5832970142364502,4.54904842376709,9.405349579322264e-06,9.405349579322264e-05,0.5015003681182861,0.027003196999430656,0.4630291163921356,0.5047542452812195,0.5339722633361816,6159.595968008041
2,5740,52.58134841918945,0.319068968296051,1.628990888595581,4.384540557861328,9.400414733136917e-06,9.400414733136917e-05,0.5008915662765503,0.023513641208410263,0.47760897874832153,0.500546932220459,0.5323882699012756,6180.83208823204
2,5760,40.52738571166992,0.19220209121704102,1.6939858198165894,4.367321968078613,9.395460956049585e-06,9.395460956049584e-05,0.502171516418457,0.028669795021414757,0.4604862630367279,0.5024954676628113,0.5363394618034363,6201.501716852188
2,5780,55.82487487792969,0.35460400581359863,1.593027949333191,4.434195518493652,9.390488272103728e-06,9.390488272103728e-05,0.5077816247940063,0.025533096864819527,0.4753037989139557,0.5085086822509766,0.5408090353012085,6222.658699274063
2,5800,53.989437103271484,0.3308541774749756,1.6376521587371826,4.527497291564941,9.385496705434572e-06,9.385496705434573e-05,0.50235515832901,0.03005320578813553,0.4664020538330078,0.5032685399055481,0.5438938140869141,6244.273750543594
2,5820,27.224611282348633,0.07896016538143158,1.4903755187988281,4.424838542938232,9.380486280268994e-06,9.380486280268993e-05,0.5074340105056763,0.02298877388238907,0.4830852746963501,0.5053150653839111,0.5401182174682617,6265.650970220566
2,5840,41.269248962402344,0.21335215866565704,1.5600533485412598,4.333501815795898,9.375457020925394e-06,9.375457020925394e-05,0.5123531818389893,0.02277209423482418,0.48704102635383606,0.5105335712432861,0.5420745015144348,6287.096789121628
2,5860,52.41508483886719,0.3143499493598938,1.6535584926605225,4.4445037841796875,9.370408951813597e-06,9.370408951813597e-05,0.5081918239593506,0.025649424642324448,0.4769722819328308,0.5061355829238892,0.5415951013565063,6308.622882127762
2,5880,53.748722076416016,0.3290371596813202,1.6277718544006348,4.567288875579834,9.365342097434715e-06,9.365342097434714e-05,0.5026172995567322,0.027467697858810425,0.4625873565673828,0.5029850006103516,0.5395931005477905,6330.0736310482025
2,5900,46.03178024291992,0.2616927921772003,1.5514380931854248,4.348117828369141,9.360256482381032e-06,9.360256482381032e-05,0.5020182132720947,0.02347196638584137,0.47843414545059204,0.5012595653533936,0.5333971977233887,6351.575870037079
3,5920,35.193450927734375,0.15309986472129822,1.5433862209320068,4.449601650238037,9.355152131335894e-06,9.355152131335895e-05,0.504245936870575,0.025358958169817924,0.47794637084007263,0.5058298707008362,0.536445140838623,6384.467705965042
3,5940,39.77738952636719,0.20435962080955505,1.5121262073516846,4.220165252685547,9.350029069073585e-06,9.350029069073584e-05,0.5035429000854492,0.03026086464524269,0.45348307490348816,0.508772611618042,0.5419597625732422,6405.9568066596985
3,5960,43.99596405029297,0.2253853678703308,1.7017115354537964,4.440313816070557,9.3448873204592e-06,9.3448873204592e-05,0.5048550367355347,0.026359062641859055,0.47832974791526794,0.5015653967857361,0.5456970930099487,6427.379601716995
3,5980,42.742767333984375,0.22501227259635925,1.5760416984558105,4.48112678527832,9.339726910448528e-06,9.339726910448528e-05,0.5030094981193542,0.030095018446445465,0.4652992784976959,0.5039811134338379,0.5441780090332031,6448.79327082634
3,6000,35.94009780883789,0.15089201927185059,1.6440935134887695,4.4099602699279785,9.334547864087939e-06,9.334547864087938e-05,0.5070482492446899,0.028547633439302444,0.4737401604652405,0.505537211894989,0.5450941324234009,6470.550079107285
3,6020,32.19462585449219,0.1278609186410904,1.5011210441589355,4.397324085235596,9.32935020651425e-06,9.329350206514249e-05,0.5061960220336914,0.02375297248363495,0.47591736912727356,0.5075130462646484,0.5334680080413818,6491.910980463028
3,6040,36.25516891479492,0.16296303272247314,1.557431697845459,4.384548664093018,9.324133962954612e-06,9.324133962954611e-05,0.502465009689331,0.027968570590019226,0.47447365522384644,0.5022542476654053,0.5409070253372192,6513.625930786133
3,6060,36.50320053100586,0.16543462872505188,1.5541881322860718,4.417856693267822,9.31889915872638e-06,9.31889915872638e-05,0.5079109072685242,0.029041379690170288,0.4814157485961914,0.5071671009063721,0.5430036187171936,6535.027384281158
3,6080,47.125606536865234,0.2704126238822937,1.5869731903076172,4.214611530303955,9.313645819237e-06,9.313645819237e-05,0.5086239576339722,0.031874191015958786,0.46145299077033997,0.511012077331543,0.548321008682251,6556.608336925507
3,6100,29.663938522338867,0.09611035883426666,1.5738892555236816,4.314008712768555,9.308373969983877e-06,9.308373969983878e-05,0.5030593872070312,0.03169890493154526,0.4624437987804413,0.5052245259284973,0.5446344614028931,6578.095752477646
3,6120,52.65419387817383,0.3259557783603668,1.5728257894515991,4.330355167388916,9.303083636554255e-06,9.303083636554255e-05,0.5089305639266968,0.029006432741880417,0.47530776262283325,0.5093328356742859,0.5423402786254883,6599.674160718918
3,6140,34.9677848815918,0.1448434442281723,1.5986263751983643,4.497178077697754,9.29777484462509e-06,9.297774844625089e-05,0.49874347448349,0.03306037187576294,0.44538137316703796,0.5030306577682495,0.5435208678245544,6621.139505147934
3,6160,33.568260192871094,0.14494186639785767,1.4765857458114624,4.30821418762207,9.29244761996293e-06,9.292447619962928e-05,0.5021383762359619,0.028349483385682106,0.46492230892181396,0.5054301023483276,0.5380484461784363,6642.731418848038
3,6180,49.22909927368164,0.30377453565597534,1.4517358541488647,4.334286212921143,9.287101988423784e-06,9.287101988423784e-05,0.5068291425704956,0.029522579163312912,0.4753049314022064,0.5058706998825073,0.5467778444290161,6664.283975124359
3,6200,43.170352935791016,0.22512002289295197,1.6104539632797241,4.553811073303223,9.281737975953008e-06,9.281737975953006e-05,0.49696069955825806,0.03210179880261421,0.4433877170085907,0.4984481930732727,0.5409810543060303,6685.71875
3,6220,41.36861038208008,0.21215936541557312,1.5774683952331543,4.377989292144775,9.276355608585156e-06,9.276355608585157e-05,0.510346531867981,0.028006281703710556,0.4770403206348419,0.5078150033950806,0.5456110239028931,6706.98597240448
3,6240,44.74725341796875,0.24424341320991516,1.6064534187316895,4.258378028869629,9.270954912443888e-06,9.270954912443888e-05,0.5102335214614868,0.024891814216971397,0.4846390187740326,0.5073833465576172,0.5424761176109314,6728.741728544235
3,6260,42.730403900146484,0.23508024215698242,1.48137366771698,4.408641815185547,9.26553591374181e-06,9.26553591374181e-05,0.5093439817428589,0.0324259027838707,0.45993971824645996,0.5122780799865723,0.5504245758056641,6750.17786693573
3,6280,44.87894058227539,0.22904159128665924,1.7739795446395874,4.234986305236816,9.260098638780362e-06,9.260098638780362e-05,0.5088762640953064,0.031283777207136154,0.45710480213165283,0.5105279684066772,0.5437164306640625,6771.6351664066315
3,6300,46.1962890625,0.25933408737182617,1.603491187095642,4.227965831756592,9.254643113949693e-06,9.254643113949692e-05,0.5051844716072083,0.02957623079419136,0.463951975107193,0.5055271983146667,0.5420316457748413,6793.1346180438995
3,6320,36.49094009399414,0.15427102148532867,1.6557636260986328,4.50620174407959,9.249169365728528e-06,9.249169365728528e-05,0.502334713935852,0.027993591502308846,0.46002069115638733,0.5038748979568481,0.5342410802841187,6814.586489200592
3,6340,42.5950927734375,0.23235195875167847,1.4841639995574951,4.518258571624756,9.243677420684037e-06,9.243677420684037e-05,0.5105793476104736,0.029846949502825737,0.47369885444641113,0.5127817392349243,0.5478916168212891,6835.77589225769
3,6360,39.5733528137207,0.194784477353096,1.5714410543441772,4.380497932434082,9.238167305471716e-06,9.238167305471715e-05,0.5085918307304382,0.029696207493543625,0.47729602456092834,0.5080280900001526,0.5478081703186035,6857.1417717933655
3,6380,40.05250930786133,0.20376034080982208,1.520941972732544,4.467055797576904,9.232639046835242e-06,9.232639046835242e-05,0.5108166933059692,0.027646850794553757,0.4778134822845459,0.515615701675415,0.5393733382225037,6878.690033197403
3,6400,29.957122802734375,0.09678435325622559,1.580413818359375,4.47454833984375,9.227092671606362e-06,9.227092671606362e-05,0.5056626796722412,0.028060439974069595,0.4794379472732544,0.5065066814422607,0.5409356951713562,6899.849801778793
3,6420,39.17020797729492,0.19409403204917908,1.5362768173217773,4.398036479949951,9.221528206704745e-06,9.221528206704745e-05,0.5142681002616882,0.030903711915016174,0.4798622131347656,0.5180178880691528,0.5557634830474854,6921.324295282364
3,6440,48.15913391113281,0.2781969904899597,1.6058109998703003,4.281324863433838,9.215945679137865e-06,9.215945679137864e-05,0.5026317834854126,0.033265866339206696,0.4609149694442749,0.5046219825744629,0.5451724529266357,6942.744926691055
3,6460,50.53709411621094,0.3065325617790222,1.5535755157470703,4.348083019256592,9.210345116000856e-06,9.210345116000856e-05,0.5044376850128174,0.03396107256412506,0.4529460668563843,0.5073658227920532,0.5492551326751709,6964.08304643631
3,6480,37.312660217285156,0.16198541224002838,1.6866769790649414,4.247348785400391,9.204726544476402e-06,9.204726544476401e-05,0.5072504281997681,0.03305276855826378,0.4560301601886749,0.5125374794006348,0.5453060865402222,6985.629152536392
3,6500,57.186439514160156,0.37061160802841187,1.5620222091674805,4.505057334899902,9.19908999183458e-06,9.199089991834578e-05,0.5100443363189697,0.027932561933994293,0.4790775179862976,0.5108804702758789,0.5476268529891968,7007.16907286644
3,6520,33.219905853271484,0.13491860032081604,1.521199107170105,4.516055583953857,9.193435485432744e-06,9.193435485432745e-05,0.5067636370658875,0.02997112087905407,0.46609485149383545,0.5074526071548462,0.5458362698554993,7028.657867908478
3,6540,37.967979431152344,0.17555925250053406,1.5861244201660156,4.550813674926758,9.187763052715388e-06,9.187763052715387e-05,0.5029929876327515,0.034052569419145584,0.45755165815353394,0.5064314603805542,0.5457825064659119,7050.174532175064
3,6560,33.221797943115234,0.1374860405921936,1.49369215965271,4.536270618438721,9.182072721214012e-06,9.182072721214013e-05,0.5112162828445435,0.025429444387555122,0.48548218607902527,0.5118386745452881,0.540130078792572,7071.558172464371
3,6580,46.984615325927734,0.2566676735877991,1.706329345703125,4.254554271697998,9.17636451854699e-06,9.176364518546989e-05,0.49815988540649414,0.03295257315039635,0.4474501609802246,0.5043728351593018,0.5363409519195557,7093.227793455124
3,6600,42.93817901611328,0.22622933983802795,1.5909488201141357,4.405754566192627,9.17063847241943e-06,9.170638472419431e-05,0.5079922676086426,0.02837323769927025,0.48193398118019104,0.5100709199905396,0.5403283834457397,7114.358596324921
3,6620,42.063507080078125,0.21003782749176025,1.6629575490951538,4.430150508880615,9.164894610623051e-06,9.164894610623051e-05,0.5098487734794617,0.028839321807026863,0.47970178723335266,0.5072126388549805,0.5484851598739624,7135.727831125259
3,6640,36.136558532714844,0.17287158966064453,1.464660406112671,4.202794075012207,9.159132961036038e-06,9.159132961036038e-05,0.5034329295158386,0.028395934030413628,0.472439169883728,0.5033430457115173,0.5401802062988281,7157.497317314148
3,6660,40.32834243774414,0.21007341146469116,1.5158934593200684,4.16206693649292,9.15335355162291e-06,9.153353551622909e-05,0.5035807490348816,0.03135743737220764,0.46536290645599365,0.5032068490982056,0.5454226732254028,7178.904465198517
3,6680,39.54928207397461,0.20148470997810364,1.5348585844039917,4.052223205566406,9.147556410434383e-06,9.147556410434383e-05,0.5075236558914185,0.026918407529592514,0.4815193712711334,0.5072817206382751,0.5389595627784729,7200.378466129303
3,6700,41.31172180175781,0.2233482301235199,1.4590988159179688,4.385909080505371,9.14174156560724e-06,9.14174156560724e-05,0.5068125128746033,0.029777856543660164,0.47467321157455444,0.5071301460266113,0.5444153547286987,7221.8185160160065
3,6720,41.47938919067383,0.21533486247062683,1.5625429153442383,4.3204779624938965,9.135909045364186e-06,9.135909045364185e-05,0.507863461971283,0.029821865260601044,0.4750405550003052,0.5093582272529602,0.5435163974761963,7243.337091445923
3,6740,44.179222106933594,0.25081485509872437,1.494979739189148,4.1479363441467285,9.130058878013712e-06,9.130058878013712e-05,0.5006895065307617,0.032000426203012466,0.44328105449676514,0.501896858215332,0.5410410165786743,7264.654002189636
3,6760,60.338069915771484,0.40703698992729187,1.5143675804138184,4.490697383880615,9.124191091949968e-06,9.124191091949969e-05,0.5028400421142578,0.030103692784905434,0.4646303653717041,0.5032501220703125,0.5399943590164185,7285.991108417511
3,6780,37.64476013183594,0.1748206913471222,1.5941147804260254,4.221543312072754,9.118305715652614e-06,9.118305715652613e-05,0.5009145736694336,0.02714608423411846,0.46714502573013306,0.5053302049636841,0.5313620567321777,7307.51659655571
3,6800,43.15182876586914,0.21999655663967133,1.671378493309021,4.438390254974365,9.112402777686682e-06,9.112402777686682e-05,0.5092148184776306,0.030700162053108215,0.4698614478111267,0.5103297233581543,0.5476759672164917,7328.903810977936
3,6820,54.97727966308594,0.3582555949687958,1.4850143194198608,4.30157995223999,9.106482306702444e-06,9.106482306702443e-05,0.5052444338798523,0.03204530104994774,0.4714340567588806,0.5073984861373901,0.5499995946884155,7350.21510720253
3,6840,31.52777099609375,0.12857255339622498,1.4384336471557617,4.286179065704346,9.100544331435269e-06,9.100544331435268e-05,0.510446310043335,0.027684945613145828,0.47631046175956726,0.5145509243011475,0.5449981689453125,7371.416769981384
3,6860,32.46296310424805,0.12137705087661743,1.6245936155319214,4.079322338104248,9.094588880705481e-06,9.094588880705481e-05,0.5086729526519775,0.028712188825011253,0.47380292415618896,0.5099359750747681,0.5449032783508301,7392.815641403198
3,6880,47.26268005371094,0.28471317887306213,1.4670612812042236,4.120749473571777,9.088615983418229e-06,9.088615983418229e-05,0.5030182600021362,0.028578544035553932,0.47228169441223145,0.5036435127258301,0.5421091318130493,7414.3250460624695
3,6900,55.51404571533203,0.3467053174972534,1.6359285116195679,4.484231472015381,9.082625668563337e-06,9.082625668563337e-05,0.5105674266815186,0.03150442987680435,0.4753704071044922,0.5094183087348938,0.5507256984710693,7435.7135181427
3,6920,50.381385803222656,0.2999019920825958,1.6006206274032593,4.384981155395508,9.076617965215164e-06,9.076617965215163e-05,0.5095838308334351,0.029736299067735672,0.4733896553516388,0.5148986577987671,0.5420477390289307,7456.735066175461
3,6940,37.45896530151367,0.18798118829727173,1.4457511901855469,4.203335285186768,9.070592902532464e-06,9.070592902532463e-05,0.5047188997268677,0.03397635370492935,0.45007437467575073,0.5062547326087952,0.5465365648269653,7477.896503210068
3,6960,45.667972564697266,0.24542027711868286,1.6805256605148315,4.3206915855407715,9.064550509758249e-06,9.064550509758249e-05,0.5075644850730896,0.032059188932180405,0.4601806402206421,0.5108327865600586,0.5470643639564514,7499.26469373703
3,6980,53.460670471191406,0.32711920142173767,1.6379075050354004,4.3696746826171875,9.058490816219644e-06,9.058490816219643e-05,0.5052797794342041,0.028699295595288277,0.47140753269195557,0.5038011074066162,0.5428345203399658,7520.531271457672
3,7000,41.992897033691406,0.229739248752594,1.49535071849823,4.065464496612549,9.052413851327744e-06,9.052413851327743e-05,0.5040314197540283,0.030260441824793816,0.4672485589981079,0.5066882967948914,0.543897271156311,7541.7372941970825
3,7020,36.54073715209961,0.18401816487312317,1.4072179794311523,4.066738128662109,9.046319644577467e-06,9.046319644577466e-05,0.5068885087966919,0.029710320755839348,0.47254884243011475,0.5085503458976746,0.5413646697998047,7563.251820325851
3,7040,36.99655532836914,0.1619611531496048,1.6640172004699707,4.160268306732178,9.040208225547424e-06,9.040208225547423e-05,0.49908447265625,0.03398645669221878,0.45667004585266113,0.4981280565261841,0.5444984436035156,7584.331944704056
3,7060,42.27134323120117,0.22619596123695374,1.53271484375,4.324594974517822,9.034079623899756e-06,9.034079623899757e-05,0.5097543001174927,0.029782641679048538,0.47675859928131104,0.5116300582885742,0.5485897064208984,7604.553564548492
3,7080,37.0495491027832,0.16933825612068176,1.594130516052246,4.1744208335876465,9.027933869380012e-06,9.027933869380012e-05,0.5091551542282104,0.029769456014037132,0.4762078523635864,0.5098328590393066,0.5467939376831055,7624.563091993332
3,7100,33.80148696899414,0.14783157408237457,1.4892559051513672,4.125770092010498,9.021770991816984e-06,9.021770991816983e-05,0.5097489356994629,0.03166909143328667,0.4723309278488159,0.5102481842041016,0.5534079074859619,7645.429555416107
3,7120,32.98713302612305,0.12433445453643799,1.6487369537353516,4.066317558288574,9.01559102112258e-06,9.015591021122579e-05,0.5051892995834351,0.03278397023677826,0.4709300398826599,0.5014868974685669,0.5499882102012634,7665.640338182449
3,7140,35.570884704589844,0.15276841819286346,1.607210397720337,4.221939563751221,9.009393987291662e-06,9.009393987291662e-05,0.5082054138183594,0.03333254158496857,0.46583324670791626,0.51015305519104,0.5535589456558228,7686.61302113533
3,7160,37.433197021484375,0.17483943700790405,1.54435133934021,4.505738735198975,9.00317992040192e-06,9.003179920401919e-05,0.5125569701194763,0.0320962555706501,0.4730546772480011,0.514170229434967,0.5533267855644226,7707.683389663696
3,7180,40.48339080810547,0.2021521031856537,1.5974109172821045,4.29407262802124,8.996948850613703e-06,8.996948850613702e-05,0.5047124624252319,0.02919905260205269,0.47301429510116577,0.5026886463165283,0.5431013107299805,7728.621792793274
3,7200,57.81040573120117,0.3754592537879944,1.6267876625061035,3.9966044425964355,8.99070080816989e-06,8.990700808169889e-05,0.506549060344696,0.03355105593800545,0.45126715302467346,0.5093114376068115,0.5476043224334717,7749.8515610694885
3,7220,43.07466506958008,0.22502991557121277,1.6106666326522827,4.46500825881958,8.984435823395741e-06,8.984435823395742e-05,0.49960851669311523,0.031802140176296234,0.4453752040863037,0.5016650557518005,0.5414625406265259,7771.304405927658
3,7240,40.66407775878906,0.21448388695716858,1.510948896408081,4.106200695037842,8.978153926698744e-06,8.978153926698743e-05,0.5110466480255127,0.03317836672067642,0.4769291281700134,0.5072809457778931,0.5571780800819397,7792.395896911621
3,7260,41.59041213989258,0.20866607129573822,1.6401442289352417,4.322361469268799,8.971855148568466e-06,8.971855148568466e-05,0.5020307898521423,0.031824272125959396,0.46696174144744873,0.502426266670227,0.5501836538314819,7813.4480085372925
3,7280,45.7796630859375,0.2588714063167572,1.5743379592895508,4.149144172668457,8.965539519576414e-06,8.965539519576414e-05,0.5070115923881531,0.031168846413493156,0.47812724113464355,0.5050328969955444,0.5462270975112915,7834.50788807869
3,7300,38.919979095458984,0.19168266654014587,1.5266485214233398,4.485224723815918,8.959207070375885e-06,8.959207070375885e-05,0.5111533999443054,0.029902400448918343,0.4749715328216553,0.5113241672515869,0.5461918115615845,7855.4643478393555
3,7320,34.52457809448242,0.1442812830209732,1.588926076889038,4.207186698913574,8.952857831701803e-06,8.952857831701803e-05,0.4989872872829437,0.02918088063597679,0.4682208299636841,0.49748972058296204,0.5420035719871521,7876.171874761581
3,7340,39.82331848144531,0.20942886173725128,1.4501079320907593,4.3793535232543945,8.946491834370591e-06,8.94649183437059e-05,0.5015533566474915,0.03207074850797653,0.46311938762664795,0.4987547993659973,0.5404899716377258,7897.117950439453
3,7360,37.663230895996094,0.19440889358520508,1.3977402448654175,4.244937419891357,8.940109109280007e-06,8.940109109280006e-05,0.5002453923225403,0.0325390100479126,0.4417668282985687,0.5040030479431152,0.5383812189102173,7918.414778470993
3,7380,51.75593948364258,0.32140272855758667,1.5510095357894897,4.10557222366333,8.933709687408994e-06,8.933709687408994e-05,0.51021409034729,0.02521130070090294,0.4754335582256317,0.5075991153717041,0.5447394251823425,7939.787965297699
3,7400,36.84746551513672,0.17174193263053894,1.5611252784729004,4.062017440795898,8.927293599817543e-06,8.927293599817543e-05,0.5059075355529785,0.037836264818906784,0.4375702738761902,0.507866382598877,0.5510097742080688,7960.895983219147
3,7420,37.82718276977539,0.189533993601799,1.4976661205291748,3.897122859954834,8.920860877646529e-06,8.920860877646529e-05,0.5075498819351196,0.031089531257748604,0.47129619121551514,0.510955810546875,0.5501513481140137,7982.292495965958
3,7440,29.885921478271484,0.10122280567884445,1.531670331954956,4.4469380378723145,8.91441155211756e-06,8.914411552117559e-05,0.5056558847427368,0.03038228675723076,0.4711213707923889,0.505088210105896,0.5472138524055481,8003.405340909958
3,7460,44.84246826171875,0.22953572869300842,1.7662549018859863,4.226350784301758,8.907945654532834e-06,8.907945654532835e-05,0.5037474632263184,0.030370580032467842,0.46894657611846924,0.5063124895095825,0.5419158935546875,8024.8922753334045
3,7480,41.38264465332031,0.19285254180431366,1.791980266571045,4.1775898933410645,8.901463216274982e-06,8.901463216274983e-05,0.5006195306777954,0.03180280327796936,0.462890088558197,0.5017061829566956,0.5401778817176819,8046.172465801239
3,7500,35.414527893066406,0.14846192300319672,1.6449230909347534,4.119104385375977,8.894964268806916e-06,8.894964268806915e-05,0.4962443709373474,0.03631085529923439,0.4496607184410095,0.4987639784812927,0.5415431261062622,8067.02733373642
3,7520,46.277984619140625,0.2624568045139313,1.5622930526733398,4.409374713897705,8.888448843671674e-06,8.888448843671674e-05,0.5009985566139221,0.029483161866664886,0.45933544635772705,0.5027556419372559,0.5376154184341431,8088.061183691025
3,7540,40.09033203125,0.18719962239265442,1.738217830657959,3.988189935684204,8.881916972492272e-06,8.881916972492272e-05,0.4994381070137024,0.02929197996854782,0.46496546268463135,0.5000890493392944,0.5394352674484253,8109.1927626132965
3,7560,58.26225280761719,0.38871923089027405,1.5294431447982788,4.095900535583496,8.875368686971548e-06,8.875368686971547e-05,0.49638497829437256,0.032599855214357376,0.44919446110725403,0.499147891998291,0.5381580591201782,8129.9519283771515
3,7580,41.91572952270508,0.23953033983707428,1.4000990390777588,3.961703300476074,8.868804018892006e-06,8.868804018892005e-05,0.5007967948913574,0.030929364264011383,0.45949119329452515,0.5024291276931763,0.5430406332015991,8150.802724599838
3,7600,38.14138412475586,0.1782323271036148,1.6183419227600098,4.134730339050293,8.862223000115665e-06,8.862223000115665e-05,0.4983178973197937,0.031076377257704735,0.45413845777511597,0.5011143684387207,0.5375970602035522,8171.804132938385
3,7620,40.72504806518555,0.197452574968338,1.6690342426300049,4.28944730758667,8.855625662583904e-06,8.855625662583903e-05,0.49831685423851013,0.03491992503404617,0.4551424980163574,0.4974963665008545,0.5435423851013184,8192.575543165207
3,7640,39.99931716918945,0.197396919131279,1.6144609451293945,4.115017890930176,8.849012038317303e-06,8.849012038317302e-05,0.5013889670372009,0.03224621340632439,0.46855294704437256,0.5012073516845703,0.5418368577957153,8213.59655213356
3,7660,34.6560173034668,0.15477663278579712,1.4846856594085693,4.331497669219971,8.842382159415496e-06,8.842382159415495e-05,0.5046416521072388,0.02766009047627449,0.47296011447906494,0.5030061602592468,0.5422775745391846,8234.606794834137
3,7680,36.82638168334961,0.17278137803077698,1.5219749212265015,4.32849645614624,8.835736058057003e-06,8.835736058057002e-05,0.5039796233177185,0.030135761946439743,0.4749997854232788,0.5003809928894043,0.5450433492660522,8255.32100391388
3,7700,33.0908203125,0.13146084547042847,1.5844841003417969,4.09989595413208,8.829073766499087e-06,8.829073766499087e-05,0.5047268867492676,0.03005165234208107,0.4638933539390564,0.5051696300506592,0.544205904006958,8276.377643585205
3,7720,36.08747482299805,0.16610945761203766,1.5301094055175781,4.175434589385986,8.822395317077589e-06,8.822395317077587e-05,0.5101209878921509,0.02818644419312477,0.4767783284187317,0.5088369250297546,0.548672080039978,8297.391488552094
3,7740,47.067596435546875,0.2641773223876953,1.64812171459198,4.168648719787598,8.815700742206768e-06,8.815700742206768e-05,0.5027264356613159,0.03054417483508587,0.465768039226532,0.5033612251281738,0.5440378189086914,8318.919790506363
3,7760,31.80218505859375,0.12841445207595825,1.4932565689086914,4.0281758308410645,8.808990074379162e-06,8.808990074379161e-05,0.49861085414886475,0.0311073400080204,0.47084981203079224,0.49665677547454834,0.5431122183799744,8340.237652778625
3,7780,39.71722412109375,0.21475695073604584,1.4014592170715332,4.226937294006348,8.802263346165399e-06,8.802263346165399e-05,0.5035106539726257,0.03461088612675667,0.45451951026916504,0.5047866702079773,0.5484312772750854,8361.569480657578
3,7800,43.32477569580078,0.2385939657688141,1.5211280584335327,4.254097938537598,8.795520590214071e-06,8.795520590214071e-05,0.5017940998077393,0.029142336919903755,0.4651070237159729,0.5015517473220825,0.5409221649169922,8382.652397632599
3,7820,45.71875762939453,0.27259671688079834,1.4199556112289429,4.2595295906066895,8.78876183925156e-06,8.788761839251559e-05,0.5043922662734985,0.03411540389060974,0.45886874198913574,0.5075595378875732,0.5489852428436279,8403.86321401596
3,7840,27.930217742919922,0.08883243054151535,1.5135490894317627,3.9114837646484375,8.781987126081873e-06,8.781987126081873e-05,0.5055865049362183,0.02777814120054245,0.4715818762779236,0.5022854208946228,0.5496326684951782,8424.93002820015
3,7860,44.175289154052734,0.2543873190879822,1.460045576095581,4.136099815368652,8.7751964835865e-06,8.775196483586499e-05,0.502469003200531,0.028866922482848167,0.4726865887641907,0.49958518147468567,0.5480438470840454,8446.311166286469
3,7880,37.11949157714844,0.179142564535141,1.4852545261383057,4.35269021987915,8.768389944724237e-06,8.768389944724237e-05,0.5009282827377319,0.03284211829304695,0.45825082063674927,0.5003746747970581,0.5459386110305786,8467.642436027527
3,7900,39.43610382080078,0.19458067417144775,1.5842320919036865,4.135715484619141,8.76156754253104e-06,8.76156754253104e-05,0.49897441267967224,0.03647832199931145,0.43824541568756104,0.5000712871551514,0.5459051728248596,8488.932546138763
3,7920,40.09080505371094,0.20631161332130432,1.5250366926193237,4.209277629852295,8.754729310119857e-06,8.754729310119857e-05,0.5019862651824951,0.036236803978681564,0.4411415457725525,0.5055903196334839,0.5487146973609924,8510.134329319
3,7940,31.346656799316406,0.11719022691249847,1.558976650238037,4.037869453430176,8.747875280680464e-06,8.747875280680464e-05,0.49827122688293457,0.03409026563167572,0.44859302043914795,0.4968421161174774,0.5481427907943726,8530.923569202423
3,7960,40.882564544677734,0.22425273060798645,1.4371623992919922,4.085665702819824,8.741005487479316e-06,8.741005487479316e-05,0.4986008107662201,0.037911854684352875,0.44322484731674194,0.49973756074905396,0.5480784177780151,8551.925414323807
3,7980,55.13941192626953,0.3735659122467041,1.3711216449737549,4.071606159210205,8.734119963859377e-06,8.734119963859377e-05,0.5034942030906677,0.02949272096157074,0.46648794412612915,0.49954754114151,0.543513834476471,8572.802198648453
3,8000,43.016700744628906,0.21949641406536102,1.69657564163208,4.101303577423096,8.727218743239955e-06,8.727218743239956e-05,0.4948088526725769,0.033659759908914566,0.4513447880744934,0.49328672885894775,0.549328088760376,8593.927145719528
3,8020,35.27899169921875,0.1542844921350479,1.5646915435791016,4.203625679016113,8.72030185911655e-06,8.720301859116548e-05,0.5013726949691772,0.03147721290588379,0.4605708122253418,0.5048072934150696,0.5419163703918457,8614.482320308685
3,8040,47.82529067993164,0.2912926971912384,1.4356391429901123,4.339625835418701,8.713369345060678e-06,8.713369345060679e-05,0.49912306666374207,0.03197227045893669,0.4455460011959076,0.5052196979522705,0.535434365272522,8635.884736776352
3,8060,55.54983139038086,0.3675119876861572,1.4655954837799072,4.142681121826172,8.706421234719726e-06,8.706421234719726e-05,0.49873965978622437,0.03059799037873745,0.4581950604915619,0.4982578158378601,0.5421174764633179,8657.137282133102
3,8080,26.01939582824707,0.08254878222942352,1.36637282371521,4.100790500640869,8.699457561816772e-06,8.699457561816772e-05,0.49654126167297363,0.03233301267027855,0.46611782908439636,0.49673181772232056,0.5398724675178528,8678.393126249313
3,8100,62.083038330078125,0.424214631319046,1.546292781829834,4.198647499084473,8.692478360150428e-06,8.692478360150428e-05,0.5082622766494751,0.03329617530107498,0.4659322202205658,0.5101286172866821,0.5457837581634521,8699.74739933014
3,8120,45.306907653808594,0.2526376247406006,1.5885586738586426,4.157557010650635,8.685483663594678e-06,8.685483663594678e-05,0.5036424994468689,0.028885403648018837,0.47283515334129333,0.5027878284454346,0.539695143699646,8720.92101764679
3,8140,42.89231872558594,0.2467714548110962,1.4402036666870117,3.813138961791992,8.678473506098711e-06,8.678473506098711e-05,0.4971773624420166,0.02864106371998787,0.468038946390152,0.4977366328239441,0.5336874723434448,8742.004242181778
3,8160,43.77075958251953,0.2433142215013504,1.5154139995574951,4.285196304321289,8.671447921686757e-06,8.671447921686756e-05,0.5003886818885803,0.03232676908373833,0.4713304042816162,0.4962870478630066,0.5471972227096558,8762.720710277557
3,8180,39.107391357421875,0.21484170854091644,1.3164328336715698,4.458893775939941,8.664406944457917e-06,8.664406944457916e-05,0.49856340885162354,0.031926605850458145,0.466306209564209,0.4961242079734802,0.5426204800605774,8783.676971197128
3,8200,37.035491943359375,0.19375121593475342,1.3647321462631226,4.01304817199707,8.657350608586008e-06,8.657350608586008e-05,0.4991222321987152,0.033056873828172684,0.45793604850769043,0.5008838176727295,0.542883038520813,8805.087888002396
3,8220,37.48976516723633,0.1677958071231842,1.6470273733139038,4.239908695220947,8.650278948319388e-06,8.650278948319389e-05,0.4993595480918884,0.03175302967429161,0.4674680531024933,0.4995459318161011,0.5425337553024292,8826.450513124466
3,8240,42.59468078613281,0.23004835844039917,1.5663256645202637,3.92659068107605,8.643191997980796e-06,8.643191997980795e-05,0.5073764324188232,0.031188057735562325,0.47600412368774414,0.5033928155899048,0.5494246482849121,8847.869260072708
3,8260,38.134517669677734,0.19411993026733398,1.4269112348556519,4.4534125328063965,8.636089791967178e-06,8.636089791967177e-05,0.4899323582649231,0.03399093449115753,0.4306543469429016,0.493289589881897,0.5282976627349854,8869.170644283295
3,8280,50.036556243896484,0.3066525459289551,1.539332389831543,3.977976083755493,8.628972364749524e-06,8.628972364749524e-05,0.4968303442001343,0.036349859088659286,0.4485248625278473,0.4986194968223572,0.5452197790145874,8890.362509727478
3,8300,38.06549835205078,0.19491040706634521,1.4609178304672241,3.9652786254882812,8.621839750872706e-06,8.621839750872706e-05,0.5033766031265259,0.033001918345689774,0.4679020643234253,0.5015090703964233,0.5472486019134521,8911.452593326569
3,8320,39.53157043457031,0.20430541038513184,1.4902796745300293,4.1982293128967285,8.614691984955303e-06,8.614691984955302e-05,0.5043087005615234,0.03332309424877167,0.4676097631454468,0.506310224533081,0.548490047454834,8932.504004716873
3,8340,38.50627136230469,0.19870826601982117,1.4504997730255127,4.130448341369629,8.607529101689434e-06,8.607529101689433e-05,0.5045310258865356,0.03364112228155136,0.4636303186416626,0.505183219909668,0.5495613813400269,8953.535193681717
3,8360,43.00719451904297,0.2368091642856598,1.511022925376892,4.216050148010254,8.60035113584059e-06,8.600351135840589e-05,0.5032880306243896,0.03346119448542595,0.46757960319519043,0.5023221969604492,0.5459136962890625,8974.930333137512
3,8380,38.558868408203125,0.1892569363117218,1.5551586151123047,4.08159065246582,8.593158122247472e-06,8.59315812224747e-05,0.5000143647193909,0.03242527320981026,0.46725839376449585,0.4972194731235504,0.5430804491043091,8995.83662891388
3,8400,48.43497085571289,0.28042274713516235,1.6192030906677246,4.200664520263672,8.58595009582181e-06,8.58595009582181e-05,0.5085126757621765,0.032016731798648834,0.47576260566711426,0.5074150562286377,0.5574345588684082,9017.017348051071
3,8420,36.74807357788086,0.16667816042900085,1.608092188835144,3.999337911605835,8.578727091548202e-06,8.578727091548202e-05,0.504429042339325,0.03226051107048988,0.46976709365844727,0.5052303075790405,0.5438398122787476,9038.004724502563
3,8440,39.50045394897461,0.21299007534980774,1.431093454360962,3.890512704849243,8.571489144483945e-06,8.571489144483944e-05,0.4988136291503906,0.0350600965321064,0.4459393620491028,0.5002642869949341,0.5472288131713867,9059.313713312149
3,8460,31.706750869750977,0.1206866204738617,1.5433986186981201,4.204103469848633,8.564236289758853e-06,8.564236289758853e-05,0.5074335336685181,0.03481045737862587,0.4673697352409363,0.506393313407898,0.55819171667099,9080.772528886795
3,8480,41.55485153198242,0.21349942684173584,1.593611478805542,4.268794536590576,8.556968562575106e-06,8.556968562575106e-05,0.5049393177032471,0.03318839892745018,0.46487969160079956,0.5036309957504272,0.547970175743103,9101.936111211777
3,8500,45.536861419677734,0.2703433036804199,1.4290134906768799,4.212399005889893,8.549685998207062e-06,8.549685998207062e-05,0.49643799662590027,0.03563094139099121,0.44233763217926025,0.4989418089389801,0.5484006404876709,9123.265075683594
3,8520,44.97642517089844,0.2634802460670471,1.4675573110580444,3.9528276920318604,8.542388632001094e-06,8.542388632001094e-05,0.507421612739563,0.031065167859196663,0.46915000677108765,0.5089876651763916,0.5499235391616821,9144.304967403412
3,8540,31.606525421142578,0.13326552510261536,1.4153379201889038,4.1265950202941895,8.535076499375415e-06,8.535076499375414e-05,0.5096677541732788,0.02825934812426567,0.4799303412437439,0.5106772184371948,0.5466033816337585,9165.093960285187
3,8560,43.663482666015625,0.25976794958114624,1.379075050354004,3.8959357738494873,8.527749635819907e-06,8.527749635819907e-05,0.5072841048240662,0.0271851047873497,0.48097556829452515,0.5037256479263306,0.5469644069671631,9186.128811120987
3,8580,45.40419387817383,0.2461298704147339,1.6819289922714233,3.971916437149048,8.520408076895957e-06,8.520408076895957e-05,0.5008496642112732,0.039478447288274765,0.4329943060874939,0.5041961669921875,0.5505662560462952,9207.5300552845
3,8600,43.39919662475586,0.250487744808197,1.4074938297271729,4.275487422943115,8.513051858236268e-06,8.513051858236267e-05,0.5009551048278809,0.032806240022182465,0.4667327404022217,0.4970052242279053,0.54593825340271,9229.092519760132
3,8620,31.92743682861328,0.13966089487075806,1.3725669384002686,4.235678672790527,8.505681015544696e-06,8.505681015544695e-05,0.5038353204727173,0.02691766433417797,0.4772077202796936,0.5050921440124512,0.5362701416015625,9250.351786851883
3,8640,41.88267135620117,0.22956979274749756,1.477828860282898,4.147404670715332,8.49829558459608e-06,8.498295584596079e-05,0.5011845827102661,0.032826948910951614,0.4570855498313904,0.4994125962257385,0.5385816097259521,9271.408000946045
3,8660,29.363447189331055,0.10395225882530212,1.4918022155761719,4.050199031829834,8.490895601236063e-06,8.490895601236063e-05,0.5014538764953613,0.03688787668943405,0.4632203280925751,0.49904167652130127,0.5533690452575684,9292.526710271835
3,8680,40.45896530151367,0.21360981464385986,1.4940069913864136,4.157912254333496,8.483481101380917e-06,8.483481101380915e-05,0.49807390570640564,0.03316212818026543,0.46650230884552,0.4936123490333557,0.5420353412628174,9313.475591421127
3,8700,39.66764450073242,0.20401865243911743,1.5176725387573242,4.089055061340332,8.476052121017368e-06,8.476052121017369e-05,0.5043083429336548,0.029637809842824936,0.47099411487579346,0.5021666884422302,0.5476266145706177,9334.72683095932
3,8720,36.22501754760742,0.17764443159103394,1.4485712051391602,3.974865674972534,8.468608696202433e-06,8.468608696202434e-05,0.5023763179779053,0.03500175476074219,0.4694179892539978,0.5005236864089966,0.5461835265159607,9355.910627365112
3,8740,39.61960983276367,0.19377225637435913,1.6181838512420654,4.060542583465576,8.46115086306323e-06,8.46115086306323e-05,0.4975995421409607,0.036140475422143936,0.45413726568222046,0.4982622265815735,0.545829176902771,9377.221155643463
3,8760,32.72620391845703,0.1382872313261032,1.489222526550293,4.005256175994873,8.453678657796805e-06,8.453678657796805e-05,0.4995754659175873,0.02883661724627018,0.47237783670425415,0.49785512685775757,0.5372854471206665,9398.60078072548
3,8780,46.25513458251953,0.2691905200481415,1.5257987976074219,4.078094482421875,8.446192116669966e-06,8.446192116669967e-05,0.48389798402786255,0.03571076691150665,0.4221152663230896,0.49108582735061646,0.5218294262886047,9419.711967945099
3,8800,33.010345458984375,0.13530156016349792,1.5501031875610352,3.979156017303467,8.438691276019103e-06,8.438691276019101e-05,0.5011115074157715,0.030946487560868263,0.468741238117218,0.49577784538269043,0.5430991053581238,9440.834187030792
3,8820,33.91801834106445,0.15074209868907928,1.4839165210723877,4.004641532897949,8.431176172250002e-06,8.431176172250002e-05,0.5020915269851685,0.03272095322608948,0.4679432213306427,0.5008297562599182,0.5480260848999023,9461.73018193245
3,8840,43.691261291503906,0.2610763609409332,1.3431200981140137,4.152425289154053,8.423646841837678e-06,8.423646841837678e-05,0.49701905250549316,0.03842814639210701,0.44028744101524353,0.49985945224761963,0.5468812584877014,9482.785860300064
4,8860,35.10186004638672,0.17204460501670837,1.3986217975616455,3.9111807346343994,8.416103321326203e-06,8.416103321326202e-05,0.506094217300415,0.03210701048374176,0.4683991074562073,0.5029332637786865,0.5537495613098145,9513.575432300568
4,8880,38.155982971191406,0.18761348724365234,1.5314276218414307,4.08035945892334,8.408545647328513e-06,8.408545647328513e-05,0.5011521577835083,0.03308970108628273,0.45954832434654236,0.4981519281864166,0.5476897954940796,9526.703986644745
4,8900,32.806251525878906,0.14478197693824768,1.4178169965744019,4.149881839752197,8.400973856526243e-06,8.400973856526243e-05,0.502950131893158,0.031131796538829803,0.475544273853302,0.49904966354370117,0.5497698187828064,9550.899366617203
4,8920,38.21638107299805,0.20269055664539337,1.3746252059936523,4.201072692871094,8.393387985669541e-06,8.393387985669542e-05,0.5047780275344849,0.031210782006382942,0.46281105279922485,0.5055537223815918,0.5446740388870239,9575.3781914711
4,8940,34.96382141113281,0.16469693183898926,1.4303407669067383,4.1907196044921875,8.385788071576902e-06,8.385788071576902e-05,0.49843132495880127,0.03922182321548462,0.42784667015075684,0.5019990801811218,0.546071469783783,9600.237795352936
4,8960,47.449546813964844,0.29567626118659973,1.3667752742767334,4.214163780212402,8.378174151134968e-06,8.37817415113497e-05,0.5111005306243896,0.03556441888213158,0.4700196385383606,0.5152013301849365,0.5576469898223877,9624.852706432343
4,8980,26.659395217895508,0.08963264524936676,1.3927291631698608,3.768838882446289,8.370546261298375e-06,8.370546261298374e-05,0.5023190975189209,0.03577500209212303,0.4421393871307373,0.5042711496353149,0.5538805723190308,9649.475868463516
4,9000,37.994205474853516,0.18868187069892883,1.4825657606124878,4.300363063812256,8.362904439089549e-06,8.362904439089548e-05,0.5043211579322815,0.031934529542922974,0.46982234716415405,0.5011203289031982,0.5509587526321411,9674.401950120926
4,9020,31.40528106689453,0.13230952620506287,1.398946762084961,4.1848602294921875,8.355248721598544e-06,8.355248721598544e-05,0.4946528375148773,0.03514399006962776,0.45203647017478943,0.4964258670806885,0.5364373326301575,9699.215096712112
4,9040,47.470088958740234,0.2843794524669647,1.5076754093170166,3.9553911685943604,8.347579145982856e-06,8.347579145982855e-05,0.5052831172943115,0.036745570600032806,0.4599177837371826,0.5031623840332031,0.5544803142547607,9724.282625675201
4,9060,34.081546783447266,0.15562400221824646,1.4649171829223633,3.869976282119751,8.339895749467238e-06,8.339895749467238e-05,0.5032616853713989,0.035531431436538696,0.46260660886764526,0.5023730993270874,0.5522192716598511,9749.110743999481
4,9080,41.569889068603516,0.238449364900589,1.3833879232406616,3.891071319580078,8.332198569343527e-06,8.332198569343526e-05,0.5005308389663696,0.0302378311753273,0.4602561593055725,0.504941999912262,0.5408527255058289,9773.613379001617
4,9100,31.47289276123047,0.12841422855854034,1.455885410308838,4.072616100311279,8.324487642970458e-06,8.324487642970457e-05,0.5064976215362549,0.031938012689352036,0.4732379913330078,0.508607804775238,0.5474006533622742,9798.651394844055
4,9120,38.91874694824219,0.2063700258731842,1.4117491245269775,4.164254665374756,8.316763007773486e-06,8.316763007773484e-05,0.504551351070404,0.036112137138843536,0.46481096744537354,0.5032843947410583,0.5516941547393799,9823.315916061401
4,9140,27.937349319458008,0.08574019372463226,1.5246484279632568,4.116845607757568,8.3090247012446e-06,8.309024701244598e-05,0.5066622495651245,0.03401128575205803,0.4656551480293274,0.506848931312561,0.5540270805358887,9848.212141990662
4,9160,31.411367416381836,0.14585496485233307,1.2823270559310913,4.002600193023682,8.301272760942144e-06,8.301272760942144e-05,0.5047225952148438,0.03134164586663246,0.47247809171676636,0.5052193999290466,0.5434657335281372,9873.111291408539
4,9180,41.002723693847656,0.22735115885734558,1.433037281036377,3.937237501144409,8.293507224490638e-06,8.293507224490639e-05,0.5081038475036621,0.03251837193965912,0.4720895290374756,0.5102341175079346,0.5463345050811768,9897.65155506134
4,9200,32.072139739990234,0.13605648279190063,1.4418319463729858,4.048172950744629,8.285728129580589e-06,8.285728129580589e-05,0.49989813566207886,0.03333866968750954,0.4675261974334717,0.4986901581287384,0.5478621125221252,9922.229397535324
4,9220,38.5806999206543,0.200135737657547,1.451672077178955,4.050405025482178,8.27793551396831e-06,8.27793551396831e-05,0.5024932622909546,0.03472166508436203,0.46787431836128235,0.49928557872772217,0.5523496866226196,9946.634238243103
4,9240,41.88726043701172,0.23168155550956726,1.4682719707489014,4.036383152008057,8.270129415475739e-06,8.270129415475738e-05,0.5032342672348022,0.03221786022186279,0.4590942859649658,0.5048700571060181,0.5413820147514343,9971.319037675858
4,9260,30.608346939086914,0.12545785307884216,1.4070971012115479,3.991590976715088,8.262309871990251e-06,8.26230987199025e-05,0.50394606590271,0.03562371805310249,0.46379005908966064,0.5038343667984009,0.5525090098381042,9996.308540582657
4,9280,26.35903549194336,0.08045755326747894,1.4100496768951416,4.212782859802246,8.254476921464483e-06,8.254476921464484e-05,0.5096315145492554,0.0351877436041832,0.46558988094329834,0.5100128650665283,0.555253267288208,10021.072101831436
4,9300,32.978546142578125,0.14513380825519562,1.4654710292816162,3.8104543685913086,8.246630601916141e-06,8.246630601916139e-05,0.5047420263290405,0.03710776939988136,0.4637722969055176,0.5049389600753784,0.5580360293388367,10045.628461360931
4,9320,37.16975402832031,0.18509826064109802,1.4674090147018433,3.985836982727051,8.238770951427814e-06,8.238770951427814e-05,0.5042001605033875,0.03527222201228142,0.46457159519195557,0.5013455152511597,0.5547229051589966,10070.589954853058
4,9340,34.234039306640625,0.15333151817321777,1.4941332340240479,3.9595584869384766,8.230898008146799e-06,8.2308980081468e-05,0.5031336545944214,0.036119043827056885,0.4652891457080841,0.5026699304580688,0.5532969832420349,10094.885019779205
4,9360,46.34697723388672,0.27977830171585083,1.443745493888855,3.9316904544830322,8.223011810284912e-06,8.22301181028491e-05,0.5051845908164978,0.03709502890706062,0.4635865092277527,0.5005966424942017,0.5617912411689758,10119.438549280167
4,9380,35.01868438720703,0.1627519130706787,1.4766191244125366,3.9773001670837402,8.215112396118293e-06,8.215112396118293e-05,0.49528807401657104,0.037368763238191605,0.4474170506000519,0.49495142698287964,0.5502123832702637,10143.732941865921
4,9400,29.8228759765625,0.11316975951194763,1.4597597122192383,3.9083030223846436,8.207199803987235e-06,8.207199803987234e-05,0.49410074949264526,0.03463701158761978,0.4526447355747223,0.4953712821006775,0.5359342694282532,10168.556290149689
4,9420,29.117107391357422,0.10184581577777863,1.4837307929992676,4.095219135284424,8.199274072295988e-06,8.199274072295988e-05,0.5036073923110962,0.035563282668590546,0.46310678124427795,0.4995735287666321,0.5560435056686401,10193.031456708908
4,9440,40.01246643066406,0.2133273184299469,1.4808013439178467,3.8717193603515625,8.19133523951258e-06,8.19133523951258e-05,0.4910658299922943,0.03429465740919113,0.44089099764823914,0.49167221784591675,0.5336002111434937,10217.3517639637
4,9460,35.4363899230957,0.16302071511745453,1.4898996353149414,4.235322952270508,8.183383344168618e-06,8.183383344168618e-05,0.5002981424331665,0.03264719620347023,0.4649723470211029,0.5008763074874878,0.5463610887527466,10241.712273597717
4,9480,47.502811431884766,0.2889755070209503,1.466486930847168,3.940391778945923,8.175418424859116e-06,8.175418424859116e-05,0.5037739276885986,0.03939644619822502,0.46085289120674133,0.4981500208377838,0.5596372485160828,10265.764064788818
4,9500,39.14540100097656,0.19322815537452698,1.5869430303573608,3.953155755996704,8.167440520242298e-06,8.167440520242297e-05,0.5112573504447937,0.03243381530046463,0.47756674885749817,0.5084410905838013,0.5586206912994385,10289.345471858978
4,9520,44.59147644042969,0.2467694729566574,1.5893815755844116,4.020715713500977,8.159449669039411e-06,8.159449669039411e-05,0.500084400177002,0.033214956521987915,0.4630201756954193,0.5005234479904175,0.5450830459594727,10313.405197620392
4,9540,33.07061767578125,0.13954107463359833,1.5090196132659912,4.026315212249756,8.151445910034544e-06,8.151445910034545e-05,0.5042401552200317,0.034860339015722275,0.4613726735115051,0.5055357813835144,0.5502745509147644,10337.782316446304
4,9560,29.271013259887695,0.1199561208486557,1.3077805042266846,4.197595119476318,8.143429282074431e-06,8.14342928207443e-05,0.5014497637748718,0.033327702432870865,0.4641525149345398,0.5034432411193848,0.5399555563926697,10362.37599825859
4,9580,37.720458984375,0.19998674094676971,1.3707075119018555,4.014707565307617,8.135399824068267e-06,8.135399824068267e-05,0.49471062421798706,0.03652660548686981,0.4398329257965088,0.49328258633613586,0.5469376444816589,10387.00403380394
4,9600,49.34642791748047,0.3106878101825714,1.4339635372161865,3.9380125999450684,8.127357574987515e-06,8.127357574987515e-05,0.5029268264770508,0.03347165882587433,0.46877411007881165,0.5010747909545898,0.5538522005081177,10411.59456729889
4,9620,35.278751373291016,0.16188402473926544,1.521783709526062,3.8725125789642334,8.119302573865732e-06,8.119302573865732e-05,0.5006911158561707,0.03737952932715416,0.450186550617218,0.5011796951293945,0.5529322624206543,10436.16606092453
4,9640,34.24260711669922,0.1470174491405487,1.5628604888916016,3.912259340286255,8.111234859798353e-06,8.111234859798352e-05,0.5033473372459412,0.03276420384645462,0.4684310555458069,0.5017788410186768,0.5432321429252625,10460.722558736801
4,9660,45.07946014404297,0.26885077357292175,1.4159018993377686,4.035363674163818,8.103154471942524e-06,8.103154471942524e-05,0.5020127296447754,0.03677705302834511,0.4584929645061493,0.5030350089073181,0.556291937828064,10485.091925382614
4,9680,31.957836151123047,0.13731986284255981,1.4202197790145874,4.023650646209717,8.095061449516904e-06,8.095061449516903e-05,0.5064247846603394,0.03625187650322914,0.4681505560874939,0.5049853324890137,0.5509999990463257,10509.965120077133
4,9700,41.95634078979492,0.23104050755500793,1.4808874130249023,4.043415069580078,8.086955831801471e-06,8.086955831801472e-05,0.4989832639694214,0.035166770219802856,0.46206527948379517,0.49233564734458923,0.5502714514732361,10534.500123739243
4,9720,48.82302474975586,0.32086578011512756,1.2897446155548096,3.8389995098114014,8.078837658137342e-06,8.078837658137341e-05,0.5101069808006287,0.034272268414497375,0.47227269411087036,0.5096614956855774,0.553557276725769,10559.17278289795
4,9740,43.625553131103516,0.250703364610672,1.4557002782821655,3.9982123374938965,8.070706967926565e-06,8.070706967926565e-05,0.5003402233123779,0.03306567668914795,0.46395906805992126,0.49431443214416504,0.5471516847610474,10583.528854608536
4,9760,42.64804458618164,0.24131540954113007,1.454363226890564,3.972872495651245,8.062563800631949e-06,8.06256380063195e-05,0.4993833899497986,0.039821818470954895,0.444416880607605,0.5010538101196289,0.5523045063018799,10608.292214870453
4,9780,47.114501953125,0.2827102839946747,1.515621542930603,3.687255382537842,8.054408195776852e-06,8.054408195776851e-05,0.49882519245147705,0.034825731068849564,0.45849302411079407,0.4980725049972534,0.5410444140434265,10632.927957057953
4,9800,32.755130767822266,0.14164219796657562,1.4655736684799194,3.9351747035980225,8.046240192945e-06,8.046240192945e-05,0.4957267642021179,0.03791408985853195,0.4407584071159363,0.49672454595565796,0.5536021590232849,10657.562939405441
4,9820,44.74723815917969,0.25690558552742004,1.4909512996673584,4.147164821624756,8.038059831780301e-06,8.038059831780302e-05,0.5060570240020752,0.03417830914258957,0.4712200164794922,0.5049593448638916,0.55312180519104,10682.030900239944
4,9840,34.315757751464844,0.1597634255886078,1.4330291748046875,4.0091233253479,8.029867151986637e-06,8.029867151986636e-05,0.5009633302688599,0.03261680155992508,0.4640612006187439,0.5002037286758423,0.5459539294242859,10707.094243526459
4,9860,32.500892639160156,0.13426554203033447,1.5037397146224976,4.036940574645996,8.02166219332768e-06,8.021662193327679e-05,0.5040414929389954,0.03426607325673103,0.46448278427124023,0.5058553814888,0.5470445156097412,10731.565925359726
4,9880,26.762123107910156,0.08513591438531876,1.4227733612060547,4.0207977294921875,8.0134449956267e-06,8.013444995626699e-05,0.503301739692688,0.03316125273704529,0.45809677243232727,0.5027687549591064,0.5524985790252686,10755.904033899307
4,9900,31.940549850463867,0.13631698489189148,1.4190521240234375,4.118330001831055,8.005215598766371e-06,8.00521559876637e-05,0.502583384513855,0.03531772270798683,0.46010151505470276,0.5002995729446411,0.5503353476524353,10778.75589966774
4,9920,31.332820892333984,0.1327601969242096,1.4129832983016968,3.9269676208496094,7.996974042688574e-06,7.996974042688573e-05,0.49928662180900574,0.03782861307263374,0.45294880867004395,0.49895021319389343,0.5570571422576904,10803.691577196121
4,9940,42.27564239501953,0.22639895975589752,1.5614173412322998,4.021572589874268,7.98872036739421e-06,7.98872036739421e-05,0.49463245272636414,0.03734168782830238,0.4298948645591736,0.5000516772270203,0.5331458449363708,10827.787602901459
4,9960,33.41706848144531,0.14858084917068481,1.4648847579956055,3.9101383686065674,7.980454612942992e-06,7.980454612942991e-05,0.4981776177883148,0.03399800881743431,0.4635816216468811,0.49358993768692017,0.5529271960258484,10852.402949094772
4,9980,34.311893463134766,0.16121749579906464,1.410845160484314,4.081693172454834,7.972176819453269e-06,7.972176819453269e-05,0.4958098530769348,0.03452163562178612,0.45628201961517334,0.5004982948303223,0.539405345916748,10865.547202825546
4,10000,27.047822952270508,0.07243829220533371,1.5790750980377197,4.013242244720459,7.96388702710182e-06,7.96388702710182e-05,0.5035020112991333,0.03613853082060814,0.4633910059928894,0.500270664691925,0.5512293577194214,10876.361845493317
4,10020,41.5085334777832,0.23721930384635925,1.4085688591003418,3.700915575027466,7.95558527612366e-06,7.95558527612366e-05,0.5070565938949585,0.03464371711015701,0.46910524368286133,0.5075116157531738,0.553804874420166,10896.096531629562
4,10040,60.05171203613281,0.4155793786048889,1.476454496383667,3.729228973388672,7.947271606811845e-06,7.947271606811846e-05,0.49902772903442383,0.031412363052368164,0.4672325849533081,0.49804365634918213,0.544480562210083,10916.999989509583
4,10060,38.11048889160156,0.19780965149402618,1.4377045631408691,3.9524776935577393,7.93894605951728e-06,7.938946059517281e-05,0.5039020776748657,0.040280383080244064,0.45801666378974915,0.49905502796173096,0.5591659545898438,10937.92216348648
4,10080,28.912750244140625,0.10844689607620239,1.4172258377075195,3.895800828933716,7.930608674648517e-06,7.930608674648517e-05,0.4964124858379364,0.03486349806189537,0.4476666748523712,0.49770689010620117,0.5450527667999268,10959.02296757698
4,10100,34.51319122314453,0.15357549488544464,1.500123381614685,4.154407978057861,7.922259492671569e-06,7.922259492671569e-05,0.4976605772972107,0.03184923529624939,0.45586228370666504,0.4990032911300659,0.5400019884109497,10980.295320272446
4,10120,39.14076614379883,0.20824888348579407,1.4404563903808594,3.911313533782959,7.913898554109698e-06,7.913898554109697e-05,0.49234089255332947,0.03269452229142189,0.446849524974823,0.4965970516204834,0.5304844975471497,11001.36312866211
4,10140,38.61298370361328,0.21414512395858765,1.3583381175994873,3.6150906085968018,7.905525899543231e-06,7.905525899543231e-05,0.4944912791252136,0.032470546662807465,0.4414360523223877,0.4991525411605835,0.5330841541290283,11022.485662460327
4,10160,36.169837951660156,0.1795634925365448,1.4411596059799194,3.801896333694458,7.897141569609364e-06,7.897141569609364e-05,0.4951448142528534,0.0326046422123909,0.46275267004966736,0.49227917194366455,0.5407183170318604,11043.781116724014
4,10180,52.58567810058594,0.35782814025878906,1.2973377704620361,3.829488754272461,7.888745605001955e-06,7.888745605001954e-05,0.49423453211784363,0.037357211112976074,0.4420263171195984,0.49728405475616455,0.5402370095252991,11064.614292860031
4,10200,43.52900314331055,0.25627028942108154,1.4054632186889648,3.8473410606384277,7.880338046471331e-06,7.880338046471331e-05,0.5038952231407166,0.03795678913593292,0.4499419629573822,0.5054839849472046,0.5517081022262573,11085.66434788704
4,10220,55.22132110595703,0.3890487551689148,1.250208854675293,3.814354181289673,7.871918934824096e-06,7.871918934824096e-05,0.4966570734977722,0.028140489012002945,0.4626214802265167,0.4988635778427124,0.5277577638626099,11106.810112714767
4,10240,29.109285354614258,0.12181111425161362,1.2924253940582275,4.00391960144043,7.86348831092292e-06,7.863488310922921e-05,0.4960886836051941,0.036521196365356445,0.44379448890686035,0.49724042415618896,0.5468517541885376,11127.675031423569
4,10260,45.92258834838867,0.2814300060272217,1.3616228103637695,4.163358211517334,7.85504621568636e-06,7.855046215686359e-05,0.5061799883842468,0.03445475175976753,0.4679220914840698,0.5070443153381348,0.5491902232170105,11148.779695034027
4,10280,31.018047332763672,0.1271570324897766,1.447798490524292,3.8243603706359863,7.846592690088633e-06,7.846592690088633e-05,0.5049609541893005,0.03678373247385025,0.4638213515281677,0.503841757774353,0.5527538061141968,11169.96615934372
4,10300,36.58400344848633,0.17990273237228394,1.4674432277679443,3.9193015098571777,7.838127775159451e-06,7.838127775159452e-05,0.5030838251113892,0.029421433806419373,0.47665169835090637,0.5030221939086914,0.5431957840919495,11191.057643651962
4,10320,34.242923736572266,0.14283397793769836,1.5883049964904785,4.076477527618408,7.829651511983796e-06,7.829651511983796e-05,0.49891361594200134,0.035024601966142654,0.45846718549728394,0.5007817149162292,0.5482980012893677,11212.24859547615
4,10340,49.832279205322266,0.31787532567977905,1.4187657833099365,3.857090950012207,7.82116394170173e-06,7.82116394170173e-05,0.501348614692688,0.03707928955554962,0.44902700185775757,0.503791093826294,0.5517500042915344,11233.454969406128
4,10360,33.96261215209961,0.16688001155853271,1.3349511623382568,3.9250988960266113,7.812665105508194e-06,7.812665105508193e-05,0.49958372116088867,0.033107634633779526,0.4658074975013733,0.49690359830856323,0.5492565631866455,11254.567432880402
4,10380,38.23255920410156,0.2021433413028717,1.4355562925338745,3.6626639366149902,7.804155044652813e-06,7.804155044652813e-05,0.49242615699768066,0.03715687245130539,0.44487178325653076,0.49351152777671814,0.5427639484405518,11275.47851729393
4,10400,37.55167007446289,0.2017458975315094,1.3842495679855347,3.5345828533172607,7.79563380043969e-06,7.795633800439689e-05,0.5025076866149902,0.03595857694745064,0.45863956212997437,0.5040316581726074,0.5567351579666138,11296.691945791245
4,10420,37.186180114746094,0.18221712112426758,1.517663836479187,3.7878286838531494,7.787101414227202e-06,7.787101414227202e-05,0.49842768907546997,0.037951018661260605,0.44997307658195496,0.5008605718612671,0.5463950037956238,11317.879603385925
4,10440,32.80813980102539,0.14514514803886414,1.4522651433944702,3.7709743976593018,7.778557927427812e-06,7.778557927427811e-05,0.5037740468978882,0.03583287447690964,0.45081502199172974,0.5037682056427002,0.5542587637901306,11338.523773431778
4,10460,31.704986572265625,0.1379677951335907,1.3755601644515991,4.152606010437012,7.770003381507854e-06,7.770003381507854e-05,0.5039685964584351,0.03864671662449837,0.46157121658325195,0.5051940679550171,0.5554755926132202,11359.271773815155
4,10480,36.99722671508789,0.18715094029903412,1.4277231693267822,4.004901885986328,7.761437817987343e-06,7.761437817987342e-05,0.49358901381492615,0.036416858434677124,0.45102304220199585,0.4912099540233612,0.5431324243545532,11380.44266653061
4,10500,32.24481964111328,0.14788901805877686,1.353576421737671,3.9201526641845703,7.752861278439767e-06,7.752861278439767e-05,0.4959239363670349,0.03680584579706192,0.45202183723449707,0.49312740564346313,0.5471090078353882,11401.766829013824
4,10520,44.39210891723633,0.2708739638328552,1.3488792181015015,3.815920829772949,7.744273804491886e-06,7.744273804491885e-05,0.5040421485900879,0.031194481998682022,0.4690730571746826,0.5016059279441833,0.5473737716674805,11422.973764419556
4,10540,56.873043060302734,0.38605010509490967,1.4092167615890503,4.1758646965026855,7.73567543782353e-06,7.735675437823529e-05,0.5099300742149353,0.03658410161733627,0.4684469699859619,0.5079299211502075,0.5557446479797363,11444.311868190765
4,10560,26.36324119567871,0.07972954213619232,1.4288184642791748,4.102101802825928,7.727066220167398e-06,7.727066220167399e-05,0.5048398375511169,0.031478457152843475,0.4671468138694763,0.5040465593338013,0.5486420392990112,11465.36539363861
4,10580,31.576431274414062,0.1448727250099182,1.3153212070465088,3.9359474182128906,7.71844619330886e-06,7.71844619330886e-05,0.502196192741394,0.031654175370931625,0.46692365407943726,0.4992629587650299,0.5486239790916443,11486.480384349823
4,10600,29.859651565551758,0.11946798861026764,1.385208010673523,4.06077241897583,7.709815399085737e-06,7.709815399085738e-05,0.4938999116420746,0.03531710430979729,0.44570884108543396,0.49432581663131714,0.5433102250099182,11507.302764892578
4,10620,27.08670425415039,0.09457944333553314,1.399291753768921,3.635841131210327,7.701173879388128e-06,7.701173879388127e-05,0.49159377813339233,0.03397645428776741,0.44074463844299316,0.4911055564880371,0.5374611616134644,11528.047626256943
4,10640,41.60704803466797,0.2338375747203827,1.4455792903900146,3.767496109008789,7.69252167615817e-06,7.692521676158169e-05,0.506739616394043,0.03396805748343468,0.4760752320289612,0.5027036070823669,0.5545792579650879,11549.438665390015
4,10660,26.257278442382812,0.08870700001716614,1.346172571182251,3.9248533248901367,7.683858831389866e-06,7.683858831389867e-05,0.5072386264801025,0.03600841015577316,0.4674248695373535,0.500584602355957,0.5560187101364136,11570.690584659576
4,10680,39.776309967041016,0.20869377255439758,1.46959388256073,4.210994243621826,7.675185387128861e-06,7.67518538712886e-05,0.5031757354736328,0.03788867965340614,0.4606708288192749,0.5042142868041992,0.5604127645492554,11591.752848148346
4,10700,30.19179344177246,0.13194312155246735,1.2946879863739014,4.050599575042725,7.666501385472253e-06,7.666501385472252e-05,0.5016663074493408,0.036143332719802856,0.4603734612464905,0.4959529936313629,0.5562402009963989,11613.040541172028
4,10720,28.415668487548828,0.12062543630599976,1.254583716392517,3.8072876930236816,7.65780686856837e-06,7.65780686856837e-05,0.5033421516418457,0.03375858813524246,0.46649521589279175,0.504641056060791,0.5509960651397705,11634.444843769073
4,10740,28.578781127929688,0.10918037593364716,1.3882386684417725,3.7783563137054443,7.649101878616589e-06,7.64910187861659e-05,0.5032496452331543,0.040052078664302826,0.4398266673088074,0.5039948225021362,0.555652916431427,11655.805566310883
4,10760,29.325889587402344,0.11201414465904236,1.416427493095398,3.960200786590576,7.64038645786711e-06,7.640386457867109e-05,0.4904463291168213,0.03761095926165581,0.42948174476623535,0.49469342827796936,0.5301637649536133,11676.78954410553
4,10780,33.49344253540039,0.1563224494457245,1.3862173557281494,3.9990234375,7.63166064862076e-06,7.63166064862076e-05,0.4995669722557068,0.03750717267394066,0.45125240087509155,0.4998527467250824,0.5570530891418457,11697.605680465698
4,10800,31.30240249633789,0.12865851819515228,1.4775190353393555,3.6613619327545166,7.62292449322879e-06,7.622924493228789e-05,0.4991503655910492,0.033882997930049896,0.46133294701576233,0.5009114742279053,0.5411456227302551,11718.795199394226
4,10820,27.956453323364258,0.09863696992397308,1.428227424621582,3.8104825019836426,7.6141780340926675e-06,7.614178034092667e-05,0.5025172233581543,0.029359329491853714,0.4684903025627136,0.4959733784198761,0.5499371290206909,11739.882472753525
4,10840,34.79021453857422,0.1661941111087799,1.42758309841156,3.8949718475341797,7.605421313663864e-06,7.605421313663864e-05,0.5047539472579956,0.03500616177916527,0.46511995792388916,0.5051240921020508,0.5568199753761292,11761.312766551971
4,10860,36.7319450378418,0.18641576170921326,1.4180068969726562,3.910296678543091,7.596654374443665e-06,7.596654374443664e-05,0.5033742189407349,0.033023491501808167,0.4706028401851654,0.5023242235183716,0.5488407611846924,11782.58876132965
4,10880,32.60808563232422,0.14342719316482544,1.46193265914917,3.646038770675659,7.587877258982941e-06,7.58787725898294e-05,0.4947245121002197,0.0344751812517643,0.449596643447876,0.4926002323627472,0.5423449873924255,11803.931285619736
4,10900,37.947174072265625,0.19334860146045685,1.478278398513794,3.8295271396636963,7.579090009881965e-06,7.579090009881965e-05,0.5047935843467712,0.032174330204725266,0.46705693006515503,0.502853274345398,0.5539708137512207,11825.223341703415
4,10920,31.238126754760742,0.14432087540626526,1.3024728298187256,3.781309127807617,7.570292669790186e-06,7.570292669790186e-05,0.4914238452911377,0.04081067442893982,0.4277094006538391,0.4908530116081238,0.550369143486023,11846.149986028671
4,10940,33.04206848144531,0.14808902144432068,1.4160223007202148,4.072946548461914,7.5614852814060335e-06,7.561485281406034e-05,0.4919627606868744,0.03822799026966095,0.44562286138534546,0.49106571078300476,0.5487321615219116,11866.993744850159
4,10960,31.763328552246094,0.1520487368106842,1.297490119934082,3.5835535526275635,7.552667887476709e-06,7.552667887476709e-05,0.49437206983566284,0.0356522873044014,0.45120829343795776,0.4927372336387634,0.5486103892326355,11888.19989991188
4,10980,24.554227828979492,0.06789912283420563,1.404844045639038,3.7158761024475098,7.543840530797971e-06,7.543840530797972e-05,0.49942898750305176,0.03409197926521301,0.4690840542316437,0.49773117899894714,0.5440935492515564,11908.962318181992
4,11000,29.5838565826416,0.12257971614599228,1.336256980895996,3.9633164405822754,7.535003254213942e-06,7.535003254213941e-05,0.5016514658927917,0.030892055481672287,0.46843695640563965,0.5033611059188843,0.5429128408432007,11929.77674794197
4,11020,27.685739517211914,0.09907078742980957,1.402411937713623,3.7545418739318848,7.5261561006168785e-06,7.526156100616878e-05,0.49832963943481445,0.03591666370630264,0.45670342445373535,0.4985607862472534,0.5438388586044312,11950.961537361145
4,11040,38.723880767822266,0.20867076516151428,1.4127953052520752,3.7288506031036377,7.517299112946986e-06,7.517299112946986e-05,0.5065958499908447,0.03564106673002243,0.4660630226135254,0.5052038431167603,0.5520799160003662,11971.76873254776
4,11060,31.15191078186035,0.14342917501926422,1.297554850578308,3.833444356918335,7.508432334192199e-06,7.508432334192199e-05,0.4943234324455261,0.035706814378499985,0.4534788727760315,0.49323028326034546,0.5424692034721375,11992.970695972443
4,11080,51.245853424072266,0.33299121260643005,1.40824294090271,3.8642983436584473,7.49955580738797e-06,7.499555807387971e-05,0.48764532804489136,0.04429546743631363,0.4190462827682495,0.4894167184829712,0.5479253530502319,12014.086541175842
4,11100,30.281606674194336,0.12764233350753784,1.36050546169281,3.912317991256714,7.490669575617065e-06,7.490669575617064e-05,0.49902963638305664,0.03363501653075218,0.46226298809051514,0.49761688709259033,0.5441220998764038,12034.934034824371
4,11120,42.858097076416016,0.23948997259140015,1.4956973791122437,3.9521265029907227,7.481773682009356e-06,7.481773682009356e-05,0.4949727952480316,0.03311660513281822,0.46444714069366455,0.49216699600219727,0.5463676452636719,12056.070430994034
4,11140,40.88266372680664,0.20461510121822357,1.6565661430358887,3.8554928302764893,7.472868169741606e-06,7.472868169741605e-05,0.4892502725124359,0.03364947438240051,0.4488266110420227,0.48812657594680786,0.5351772308349609,12077.212349891663
4,11160,33.628719329833984,0.1593616008758545,1.3913311958312988,3.7792489528656006,7.463953082037266e-06,7.463953082037266e-05,0.4997682571411133,0.03455075994133949,0.4622347950935364,0.4989027976989746,0.5483445525169373,12097.787723302841
4,11180,46.173404693603516,0.27453118562698364,1.4949843883514404,3.770443916320801,7.4550284621662614e-06,7.455028462166262e-05,0.49955320358276367,0.03765064850449562,0.445625901222229,0.5005735158920288,0.5506560802459717,12118.399153470993
4,11200,24.443796157836914,0.06329089403152466,1.4185466766357422,3.9292385578155518,7.44609435344478e-06,7.44609435344478e-05,0.49555858969688416,0.03569943457841873,0.45522210001945496,0.49419936537742615,0.5458505153656006,12139.768541574478
4,11220,49.49100112915039,0.3220641016960144,1.3474137783050537,3.8104515075683594,7.43715079923507e-06,7.43715079923507e-05,0.49874481558799744,0.030620284378528595,0.4640181064605713,0.4980606138706207,0.5395137071609497,12160.521007061005
4,11240,33.56924057006836,0.15228590369224548,1.4404313564300537,3.936335563659668,7.428197842945215e-06,7.428197842945215e-05,0.4934117794036865,0.032816026359796524,0.4510346055030823,0.49391818046569824,0.5287971496582031,12181.099281072617
4,11260,35.4482421875,0.16561871767044067,1.4922358989715576,3.9640090465545654,7.419235528028938e-06,7.419235528028938e-05,0.5030733346939087,0.04358203336596489,0.43561822175979614,0.5029102563858032,0.554989218711853,12201.956140518188
4,11280,30.988346099853516,0.13285000622272491,1.4028232097625732,3.6751132011413574,7.410263897985387e-06,7.410263897985387e-05,0.5025175213813782,0.038078952580690384,0.4526064395904541,0.5012966394424438,0.5545824766159058,12223.029772520065
4,11300,46.81486892700195,0.2812980115413666,1.5029733180999756,3.655334949493408,7.401282996358915e-06,7.401282996358914e-05,0.5048076510429382,0.03855687752366066,0.46784886717796326,0.4975968301296234,0.5580431222915649,12243.997771978378
4,11320,30.347423553466797,0.13497301936149597,1.2920715808868408,3.9294047355651855,7.39229286673888e-06,7.39229286673888e-05,0.5033340454101562,0.036328040063381195,0.4599015414714813,0.5035940408706665,0.551787793636322,12265.172475099564
4,11340,24.710283279418945,0.05991050601005554,1.4878820180892944,3.840411901473999,7.383293552759427e-06,7.383293552759427e-05,0.49711355566978455,0.03768381476402283,0.45547181367874146,0.4938971996307373,0.5537139773368835,12286.165047645569
4,11360,41.00580978393555,0.2368365377187729,1.3481172323226929,3.8409831523895264,7.374285098099279e-06,7.374285098099278e-05,0.49982160329818726,0.034968890249729156,0.46264615654945374,0.49658000469207764,0.5485562086105347,12307.491140842438
4,11380,32.38604736328125,0.15027759969234467,1.3480051755905151,3.8782355785369873,7.3652675464815215e-06,7.365267546481522e-05,0.4971252381801605,0.03547626733779907,0.45630449056625366,0.49919986724853516,0.5437736511230469,12328.263933897018
4,11400,37.01482391357422,0.20591571927070618,1.2640496492385864,3.7827579975128174,7.356240941673394e-06,7.356240941673394e-05,0.4931076169013977,0.035364095121622086,0.4572336673736572,0.48861369490623474,0.5447655916213989,12349.588104009628
4,11420,36.16114044189453,0.18659116327762604,1.3695080280303955,3.8069472312927246,7.347205327486076e-06,7.347205327486075e-05,0.4972923696041107,0.03509798273444176,0.46398237347602844,0.497048020362854,0.5467557311058044,12370.551048994064
4,11440,51.629241943359375,0.34226226806640625,1.3569530248641968,3.8334829807281494,7.3381607477744764e-06,7.338160747774476e-05,0.48803192377090454,0.04246542230248451,0.41772496700286865,0.4894122779369354,0.5430159568786621,12391.930120944977
4,11460,35.77946472167969,0.1904553472995758,1.3079100847244263,3.654829263687134,7.329107246437016e-06,7.329107246437016e-05,0.4893147647380829,0.036447398364543915,0.44995754957199097,0.4884704351425171,0.5428252220153809,12412.880170106888
4,11480,37.884986877441406,0.2112846076488495,1.3098046779632568,3.658479690551758,7.320044867415419e-06,7.320044867415419e-05,0.5029715299606323,0.03732088953256607,0.4648287296295166,0.4965541362762451,0.5599327087402344,12433.869864463806
4,11500,25.53261375427246,0.08531252294778824,1.3415464162826538,3.5858967304229736,7.310973654694498e-06,7.310973654694497e-05,0.5009300708770752,0.03031778149306774,0.4690724313259125,0.4958254098892212,0.540860652923584,12454.901302337646
4,11520,43.27723693847656,0.253031849861145,1.4312347173690796,3.6617050170898438,7.301893652301938e-06,7.301893652301937e-05,0.49666523933410645,0.03412637859582901,0.4508916735649109,0.49371904134750366,0.5471394062042236,12476.088270187378
4,11540,30.009000778198242,0.13036374747753143,1.3276007175445557,3.6966195106506348,7.292804904308087e-06,7.292804904308087e-05,0.4964559078216553,0.03633223846554756,0.45467692613601685,0.49284398555755615,0.5522105097770691,12497.09861421585
4,11560,37.47048568725586,0.19135308265686035,1.4511455297470093,3.823723793029785,7.283707454825744e-06,7.283707454825744e-05,0.501352071762085,0.038212668150663376,0.4556099772453308,0.4990440309047699,0.551435649394989,12518.352380990982
4,11580,30.804319381713867,0.11241631954908371,1.5678250789642334,3.8844356536865234,7.274601348009934e-06,7.274601348009935e-05,0.4923233687877655,0.03779954835772514,0.446738600730896,0.4915551245212555,0.549096941947937,12539.400252342224
4,11600,42.55784606933594,0.23592475056648254,1.5112583637237549,3.8527867794036865,7.265486628057708e-06,7.265486628057707e-05,0.4953596591949463,0.037369001656770706,0.46080437302589417,0.492423415184021,0.5489459037780762,12560.267828702927
4,11620,41.7823486328125,0.24241915345191956,1.4008612632751465,3.5318210124969482,7.256363339207915e-06,7.256363339207915e-05,0.5025814771652222,0.036885861307382584,0.4596545100212097,0.499970018863678,0.554766058921814,12580.87677359581
4,11640,35.01652908325195,0.17066460847854614,1.4191484451293945,3.758582353591919,7.247231525740998e-06,7.247231525740997e-05,0.5001553297042847,0.03583497926592827,0.4683143198490143,0.4989631175994873,0.5509838461875916,12601.700028657913
4,11660,36.038570404052734,0.17443035542964935,1.470610499382019,3.8894317150115967,7.238091231978771e-06,7.23809123197877e-05,0.5004033446311951,0.038842156529426575,0.4601890444755554,0.4987742304801941,0.5598762631416321,12622.806773662567
4,11680,28.738645553588867,0.11631441861391068,1.3434038162231445,3.6731655597686768,7.228942502284215e-06,7.228942502284216e-05,0.5030049681663513,0.03458031639456749,0.46678343415260315,0.498055636882782,0.5527777671813965,12643.827636480331
4,11700,33.41496276855469,0.1566825807094574,1.4140022993087769,3.606682538986206,7.219785381061247e-06,7.219785381061248e-05,0.5068433284759521,0.03496641665697098,0.46744459867477417,0.5039896368980408,0.5573287010192871,12665.198899745941
4,11720,33.56226348876953,0.15587620437145233,1.4142227172851562,3.8324155807495117,7.210619912754518e-06,7.210619912754517e-05,0.49803516268730164,0.03434662148356438,0.4573138654232025,0.5008907318115234,0.5415363311767578,12686.473370313644
4,11740,37.389183044433594,0.1916736215353012,1.4394111633300781,3.8277108669281006,7.201446141849186e-06,7.201446141849185e-05,0.49493956565856934,0.03822873532772064,0.4442528784275055,0.4935569167137146,0.5459996461868286,12707.317401647568
4,11760,31.329912185668945,0.14361262321472168,1.3346784114837646,3.6218655109405518,7.1922641128707134e-06,7.192264112870714e-05,0.4955316483974457,0.03222373500466347,0.4602360129356384,0.4972429871559143,0.5328115224838257,12728.350797653198
4,11780,30.074071884155273,0.12097938358783722,1.4366273880004883,3.6098592281341553,7.183073870384643e-06,7.183073870384642e-05,0.4950527548789978,0.03737839683890343,0.45729225873947144,0.49414584040641785,0.547341525554657,12749.459830760956
4,11800,23.31243896484375,0.05041142553091049,1.4406989812850952,3.8643081188201904,7.1738754589963765e-06,7.173875458996377e-05,0.502557635307312,0.03169379010796547,0.4688892364501953,0.4989227056503296,0.5491848587989807,12770.512642860413
5,11820,33.323997497558594,0.16211746633052826,1.3453760147094727,3.6584901809692383,7.164668923350968e-06,7.164668923350967e-05,0.5041860938072205,0.03471972048282623,0.4595624506473541,0.5053907036781311,0.5535382628440857,12802.989159584045
5,11840,32.62323760986328,0.15042869746685028,1.3728092908859253,3.85227632522583,7.155454308132903e-06,7.155454308132903e-05,0.5026431083679199,0.036235611885786057,0.46339958906173706,0.5013684034347534,0.5506113767623901,12823.78569149971
5,11860,33.4981575012207,0.15709426999092102,1.383030652999878,3.9584238529205322,7.146231658065883e-06,7.146231658065882e-05,0.4954601228237152,0.03768647834658623,0.4487534165382385,0.49715617299079895,0.5473138093948364,12844.469794273376
5,11880,31.477279663085938,0.1418066918849945,1.3511216640472412,3.785393476486206,7.137001017912601e-06,7.137001017912602e-05,0.49850329756736755,0.03928500786423683,0.4382103383541107,0.5014631748199463,0.5486980676651001,12865.784262418747
5,11900,36.8250617980957,0.1893320083618164,1.3998537063598633,3.8933215141296387,7.12776243247454e-06,7.12776243247454e-05,0.5134260654449463,0.03727542608976364,0.4765700101852417,0.5155152082443237,0.5616836547851562,12886.704447984695
5,11920,30.584362030029297,0.13228625059127808,1.3349568843841553,4.006169319152832,7.118515946591738e-06,7.118515946591738e-05,0.5045051574707031,0.03667135164141655,0.46419069170951843,0.5053229331970215,0.5545785427093506,12907.936527013779
5,11940,35.64044952392578,0.19125322997570038,1.2816758155822754,3.6983680725097656,7.1092616051425804e-06,7.10926160514258e-05,0.5023517608642578,0.0397295244038105,0.45715609192848206,0.5006377696990967,0.5588933229446411,12929.055897474289
5,11960,26.362581253051758,0.07105182856321335,1.5209004878997803,4.048393249511719,7.099999453043581e-06,7.09999945304358e-05,0.4980480670928955,0.04113829508423805,0.4354749321937561,0.4983626902103424,0.5593035221099854,12950.06731748581
5,11980,42.08981704711914,0.2512581944465637,1.3250559568405151,3.713435173034668,7.090729535249165e-06,7.090729535249164e-05,0.5057703852653503,0.0379444882273674,0.4609212875366211,0.5026930570602417,0.5610059499740601,12971.297965288162
5,12000,32.1007080078125,0.13723206520080566,1.4487009048461914,3.8904926776885986,7.0814518967514435e-06,7.081451896751443e-05,0.5009071826934814,0.03931616619229317,0.44654381275177,0.5025515556335449,0.5539160966873169,12992.107766628265
5,12020,36.86077880859375,0.18616393208503723,1.4446918964385986,3.7974655628204346,7.072166582580006e-06,7.072166582580006e-05,0.4883633255958557,0.03598594292998314,0.44424954056739807,0.4892893433570862,0.5274115800857544,13012.971709728241
5,12040,35.464542388916016,0.17628729343414307,1.4191460609436035,3.6443533897399902,7.062873637801692e-06,7.062873637801692e-05,0.49358171224594116,0.041496578603982925,0.43228065967559814,0.4989379644393921,0.5423538684844971,13033.747265577316
5,12060,41.09048843383789,0.22898581624031067,1.4429798126220703,3.7621068954467773,7.05357310752038e-06,7.053573107520381e-05,0.49339407682418823,0.03828246518969536,0.445975661277771,0.4928700029850006,0.5511454343795776,13054.780602931976
5,12080,45.72876739501953,0.2797527313232422,1.3923521041870117,3.829970598220825,7.044265036876763e-06,7.044265036876763e-05,0.5001136660575867,0.03136391192674637,0.4637644290924072,0.5012879371643066,0.5424379110336304,13075.924326181412
5,12100,36.02055358886719,0.19075825810432434,1.3079516887664795,3.8652126789093018,7.034949471048133e-06,7.034949471048133e-05,0.5010253190994263,0.039244018495082855,0.4548535943031311,0.49732518196105957,0.551129937171936,13096.982618570328
5,12120,30.422168731689453,0.12458856403827667,1.4263027906417847,3.7002830505371094,7.025626455248161e-06,7.02562645524816e-05,0.49445778131484985,0.037346694618463516,0.4533945918083191,0.4919734001159668,0.5530428886413574,13118.246220827103
5,12140,39.227779388427734,0.21656617522239685,1.4099035263061523,3.4721274375915527,7.016296034726673e-06,7.016296034726673e-05,0.4924858808517456,0.03587207943201065,0.44921162724494934,0.4921823740005493,0.5454849004745483,13139.062925577164
5,12160,30.588275909423828,0.13327893614768982,1.3568341732025146,3.6920387744903564,7.006958254769438e-06,7.006958254769438e-05,0.4964621961116791,0.04085492342710495,0.45454299449920654,0.4952159523963928,0.5563318729400635,13159.936185359955
5,12180,35.61968231201172,0.1862032413482666,1.3421669006347656,3.5776913166046143,6.997613160697945e-06,6.997613160697945e-05,0.5017887353897095,0.036387670785188675,0.4653584957122803,0.5001343488693237,0.5512074828147888,13181.070558309555
5,12200,26.80913543701172,0.09561102837324142,1.3467830419540405,3.780200481414795,6.988260797869177e-06,6.988260797869177e-05,0.5028529167175293,0.03798424080014229,0.4471714496612549,0.5054227709770203,0.5513472557067871,13201.889610290527
5,12220,30.711788177490234,0.13307559490203857,1.3390650749206543,4.013575553894043,6.978901211675405e-06,6.978901211675404e-05,0.50260329246521,0.035793788731098175,0.4671134352684021,0.5014312863349915,0.5551877021789551,13223.05976819992
5,12240,43.9781608581543,0.2637788951396942,1.3952009677886963,3.6482627391815186,6.969534447543949e-06,6.96953444754395e-05,0.5015489459037781,0.032877687364816666,0.46678972244262695,0.4997350573539734,0.5475408434867859,13244.211499452591
5,12260,32.94197463989258,0.14731651544570923,1.4546222686767578,3.6641013622283936,6.960160550936979e-06,6.960160550936978e-05,0.4956166744232178,0.038759950548410416,0.4533154368400574,0.49417513608932495,0.5509960651397705,13265.356338500977
5,12280,33.292388916015625,0.15420372784137726,1.410082221031189,3.771193742752075,6.950779567351271e-06,6.950779567351271e-05,0.4997844696044922,0.03982812911272049,0.4385967254638672,0.5025536417961121,0.5537757873535156,13286.367052793503
5,12300,29.585254669189453,0.12658002972602844,1.3485889434814453,3.4413623809814453,6.941391542318008e-06,6.941391542318007e-05,0.4961795210838318,0.03229750320315361,0.46212202310562134,0.49368441104888916,0.5401599407196045,13307.636154651642
5,12320,28.922073364257812,0.12414973974227905,1.2824379205703735,3.68272066116333,6.931996521402543e-06,6.931996521402542e-05,0.49678248167037964,0.034885503351688385,0.4613206386566162,0.496349573135376,0.5407866835594177,13328.584742307663
5,12340,35.76026153564453,0.16629965603351593,1.5435298681259155,3.6950016021728516,6.922594550204187e-06,6.922594550204187e-05,0.4999653697013855,0.040138594806194305,0.4420977830886841,0.5007022619247437,0.5581713914871216,13349.89151263237
5,12360,25.29709815979004,0.07515275478363037,1.4105585813522339,3.6762373447418213,6.913185674355981e-06,6.91318567435598e-05,0.5001137256622314,0.03934742510318756,0.45631182193756104,0.49820128083229065,0.5568802356719971,13370.773170948029
5,12380,39.264984130859375,0.21047157049179077,1.4437674283981323,3.780151844024658,6.903769939524484e-06,6.903769939524484e-05,0.49497172236442566,0.03756456822156906,0.447740375995636,0.4956532418727875,0.542855978012085,13391.6686565876
5,12400,26.58271026611328,0.08398520946502686,1.4242212772369385,3.9419755935668945,6.8943473914095394e-06,6.894347391409539e-05,0.5011255145072937,0.03809937462210655,0.4575676918029785,0.5000631809234619,0.553144097328186,13412.214103460312
5,12420,31.974136352539062,0.1632211059331894,1.1768629550933838,3.883397102355957,6.884918075744065e-06,6.884918075744065e-05,0.5139155983924866,0.03207658603787422,0.47780245542526245,0.5110658407211304,0.5598195195198059,13433.007309913635
5,12440,38.213829040527344,0.20922139286994934,1.364620566368103,3.645486831665039,6.875482038293818e-06,6.875482038293818e-05,0.5016378164291382,0.036674123257398605,0.46312981843948364,0.5010967254638672,0.5550215244293213,13453.865027666092
5,12460,39.014556884765625,0.2158801555633545,1.373725175857544,3.689288377761841,6.866039324857189e-06,6.866039324857189e-05,0.49975693225860596,0.04014287889003754,0.4517784118652344,0.4990531802177429,0.5552722215652466,13474.815845489502
5,12480,38.49256134033203,0.20542046427726746,1.4356597661972046,3.5939159393310547,6.856589981264964e-06,6.856589981264963e-05,0.490344375371933,0.04713687300682068,0.4171100854873657,0.49307072162628174,0.5508929491043091,13495.622562885284
5,12500,25.79719352722168,0.06858610361814499,1.5277669429779053,3.6609134674072266,6.847134053380113e-06,6.847134053380112e-05,0.4959721565246582,0.03473049774765968,0.46102601289749146,0.4940096139907837,0.5407755374908447,13516.70860004425
5,12520,29.592050552368164,0.1285913586616516,1.3134956359863281,3.5979602336883545,6.837671587097559e-06,6.837671587097559e-05,0.4950457513332367,0.03095177933573723,0.4587027430534363,0.49472951889038086,0.5410990118980408,13537.673868656158
5,12540,39.73133087158203,0.22136978805065155,1.3658956289291382,3.9353933334350586,6.828202628343963e-06,6.828202628343963e-05,0.4895187318325043,0.03843848407268524,0.431476891040802,0.49173060059547424,0.5314586162567139,13558.470181703568
5,12560,25.838760375976562,0.0826348215341568,1.3907712697982788,3.667564630508423,6.818727223077498e-06,6.818727223077498e-05,0.5012859106063843,0.032350100576877594,0.4676779508590698,0.4979369640350342,0.5437014102935791,13579.41455411911
5,12580,26.608718872070312,0.09119130671024323,1.3767660856246948,3.7219274044036865,6.809245417287625e-06,6.809245417287625e-05,0.501822292804718,0.0399792455136776,0.45300722122192383,0.5037851929664612,0.5521331429481506,13600.611018657684
5,12600,27.671754837036133,0.09722866117954254,1.4171092510223389,3.7777960300445557,6.799757256994865e-06,6.799757256994865e-05,0.5017828345298767,0.034735307097435,0.46713221073150635,0.4982580542564392,0.5476301908493042,13621.542474985123
5,12620,25.964073181152344,0.09677162766456604,1.2535825967788696,3.7510828971862793,6.7902627882505914e-06,6.79026278825059e-05,0.5005738735198975,0.03559807315468788,0.4693077802658081,0.5005186796188354,0.5453733205795288,13642.73330283165
5,12640,30.620065689086914,0.12819890677928925,1.3973596096038818,3.8265788555145264,6.780762057136787e-06,6.780762057136786e-05,0.5001673698425293,0.034120798110961914,0.46623051166534424,0.4983827769756317,0.5461657643318176,13663.702322006226
5,12660,34.99820327758789,0.16587817668914795,1.443753957748413,3.972843885421753,6.771255109765833e-06,6.771255109765833e-05,0.4967292249202728,0.04189548268914223,0.4333105981349945,0.49570947885513306,0.5548088550567627,13684.672917842865
5,12680,24.844362258911133,0.0817604660987854,1.276180624961853,3.9065096378326416,6.761741992280282e-06,6.761741992280282e-05,0.4964825510978699,0.032079193741083145,0.46158653497695923,0.49512824416160583,0.5370219349861145,13705.668038368225
5,12700,24.666912078857422,0.05653591454029083,1.5401830673217773,3.6114892959594727,6.752222750852632e-06,6.752222750852631e-05,0.491290807723999,0.033367861062288284,0.45045626163482666,0.49090859293937683,0.5343368053436279,13726.496733903885
5,12720,45.74045181274414,0.27500230073928833,1.459487795829773,3.645343065261841,6.7426974316851035e-06,6.742697431685104e-05,0.48996731638908386,0.0375518724322319,0.4452717900276184,0.4878503382205963,0.5482231378555298,13747.421365737915
5,12740,34.51620864868164,0.17638471722602844,1.3512513637542725,3.3652243614196777,6.73316608100942e-06,6.73316608100942e-05,0.49707627296447754,0.03455151244997978,0.4560666084289551,0.49579060077667236,0.5507647395133972,13768.441451311111
5,12760,30.282135009765625,0.14271774888038635,1.2194664478302002,3.8156962394714355,6.723628745086574e-06,6.723628745086574e-05,0.4961090683937073,0.03807380422949791,0.4521673023700714,0.4947906732559204,0.5448840856552124,13789.199134111404
5,12780,40.68989181518555,0.2210826575756073,1.4855976104736328,3.725649118423462,6.71408547020661e-06,6.714085470206609e-05,0.4957456588745117,0.03594093397259712,0.4483933448791504,0.49805310368537903,0.5480546951293945,13810.109008312225
5,12800,47.77056121826172,0.3059592843055725,1.3247151374816895,3.927480936050415,6.7045363026883995e-06,6.704536302688399e-05,0.49892061948776245,0.04334428906440735,0.43668773770332336,0.4994221329689026,0.5564870238304138,13830.990054368973
5,12820,37.5584831237793,0.20508775115013123,1.334332823753357,3.7063796520233154,6.69498128887941e-06,6.694981288879409e-05,0.4912565350532532,0.030776353552937508,0.4492797255516052,0.4916192293167114,0.5288530588150024,13851.910207986832
5,12840,39.1829719543457,0.21187807619571686,1.3954709768295288,4.040456295013428,6.685420475155488e-06,6.685420475155488e-05,0.4981743097305298,0.035204820334911346,0.45996201038360596,0.4998963475227356,0.5471438765525818,13872.672075510025
5,12860,44.41200256347656,0.2724947929382324,1.342603087425232,3.736490249633789,6.675853907920629e-06,6.675853907920628e-05,0.49916335940361023,0.045929763466119766,0.4325157403945923,0.5008748769760132,0.5544131994247437,13893.91439819336
5,12880,42.741912841796875,0.24601665139198303,1.4399867057800293,3.7403788566589355,6.666281633606752e-06,6.666281633606753e-05,0.49856823682785034,0.03539714589715004,0.4505389332771301,0.5026336312294006,0.5456436276435852,13914.509249448776
5,12900,27.282371520996094,0.10445553064346313,1.3318977355957031,3.5178422927856445,6.656703698673482e-06,6.656703698673482e-05,0.49927398562431335,0.034975823014974594,0.4565092921257019,0.49970895051956177,0.5507107973098755,13935.290063142776
5,12920,33.893798828125,0.15599358081817627,1.4559381008148193,3.7350587844848633,6.647120149607907e-06,6.647120149607907e-05,0.5019012689590454,0.029566025361418724,0.45977574586868286,0.5005919337272644,0.5431086421012878,13956.325688838959
5,12940,29.152301788330078,0.10904736816883087,1.4472121000289917,3.7754437923431396,6.63753103292437e-06,6.63753103292437e-05,0.49104154109954834,0.0356074683368206,0.4537639021873474,0.49010753631591797,0.5447331666946411,13977.165579795837
5,12960,33.23168182373047,0.1684628129005432,1.2711143493652344,3.6742565631866455,6.627936395164243e-06,6.627936395164243e-05,0.5012495517730713,0.03801264241337776,0.4597598612308502,0.4986768066883087,0.5491600632667542,13998.030400514603
5,12980,32.14487075805664,0.1501017063856125,1.3568767309188843,3.5659339427948,6.618336282895683e-06,6.618336282895683e-05,0.49071288108825684,0.0355750136077404,0.44893962144851685,0.48900264501571655,0.5412582755088806,14018.981120824814
5,13000,32.229793548583984,0.15064309537410736,1.3451251983642578,3.7142322063446045,6.608730742713425e-06,6.608730742713425e-05,0.4956321120262146,0.04120461642742157,0.43637847900390625,0.49281054735183716,0.5478006601333618,14039.794009447098
5,13020,36.662784576416016,0.18199874460697174,1.4859261512756348,3.6036481857299805,6.599119821238546e-06,6.599119821238547e-05,0.4917853772640228,0.03954776003956795,0.4445533752441406,0.4907991290092468,0.5488463640213013,14060.62026143074
5,13040,27.708778381347656,0.10677013546228409,1.3217754364013672,3.814011573791504,6.589503565118245e-06,6.589503565118245e-05,0.48875993490219116,0.03578512743115425,0.4477757215499878,0.48910796642303467,0.5336538553237915,14081.585612297058
5,13060,36.074398040771484,0.1851666271686554,1.3638372421264648,3.919361114501953,6.5798820210256086e-06,6.579882021025609e-05,0.49784165620803833,0.034147243946790695,0.45913589000701904,0.4966830611228943,0.5478787422180176,14102.595988750458
5,13080,37.12187957763672,0.20166325569152832,1.3464820384979248,3.490734100341797,6.5702552356593905e-06,6.570255235659391e-05,0.5014029741287231,0.03765096515417099,0.4645160138607025,0.49876827001571655,0.5521062612533569,14123.689469575882
5,13100,22.99083137512207,0.06206756830215454,1.2924566268920898,3.859509229660034,6.560623255743784e-06,6.560623255743785e-05,0.4957693815231323,0.039681315422058105,0.43700283765792847,0.49458807706832886,0.5557219386100769,14144.572430610657
5,13120,33.46208953857422,0.15865090489387512,1.3836859464645386,3.7601382732391357,6.550986128028194e-06,6.550986128028194e-05,0.49889081716537476,0.03339599072933197,0.46314626932144165,0.49897927045822144,0.5492238998413086,14165.730907678604
5,13140,30.374114990234375,0.1332828551530838,1.3482692241668701,3.5631368160247803,6.541343899287012e-06,6.541343899287011e-05,0.5078821182250977,0.035383809357881546,0.4662773013114929,0.5061926245689392,0.5570807456970215,14186.531792640686
5,13160,33.268558502197266,0.17081892490386963,1.253765344619751,3.6490120887756348,6.531696616319384e-06,6.531696616319384e-05,0.5067230463027954,0.03717058524489403,0.46102288365364075,0.5105880498886108,0.5516350865364075,14207.371268033981
5,13180,35.013092041015625,0.16934315860271454,1.4436194896697998,3.642580270767212,6.52204432594899e-06,6.522044325948989e-05,0.4941970705986023,0.03859121352434158,0.43367287516593933,0.49464714527130127,0.5456744432449341,14228.454830646515
5,13200,36.488975524902344,0.1869472712278366,1.3964653015136719,3.8295958042144775,6.512387075023814e-06,6.512387075023814e-05,0.5022091865539551,0.040159326046705246,0.4480183720588684,0.4989529252052307,0.5598717927932739,14249.315264225006
5,13220,32.87635803222656,0.1594153493642807,1.304206371307373,3.89275860786438,6.502724910415914e-06,6.502724910415913e-05,0.4976983964443207,0.04169858247041702,0.4383413791656494,0.4949829578399658,0.559348464012146,14270.420390605927
5,13240,36.116004943847656,0.1742238998413086,1.4869678020477295,3.8239376544952393,6.493057879021199e-06,6.493057879021198e-05,0.4973434805870056,0.04142828658223152,0.44545403122901917,0.4972440004348755,0.5559091567993164,14291.373404741287
5,13260,24.44945526123047,0.0584905669093132,1.4853209257125854,3.747188091278076,6.483386027759196e-06,6.483386027759197e-05,0.49599677324295044,0.03194223716855049,0.4697378873825073,0.49910426139831543,0.5307850241661072,14312.173981904984
5,13280,33.800132751464844,0.16246169805526733,1.3866842985153198,3.6871204376220703,6.473709403572833e-06,6.473709403572833e-05,0.5038049817085266,0.035135820508003235,0.46102580428123474,0.5051555633544922,0.5485333204269409,14333.281733036041
5,13300,33.22166442871094,0.15425103902816772,1.4155454635620117,3.6411049365997314,6.464028053428194e-06,6.464028053428194e-05,0.5004349946975708,0.03404341638088226,0.4612690806388855,0.4990631639957428,0.5521143674850464,14354.171068668365
5,13320,35.28947448730469,0.174988254904747,1.4117225408554077,3.6734230518341064,6.454342024314307e-06,6.454342024314307e-05,0.4869105815887451,0.03636039420962334,0.45335859060287476,0.4895209074020386,0.5396013259887695,14375.054440021515
5,13340,29.642906188964844,0.13137274980545044,1.2942967414855957,3.5626630783081055,6.444651363242909e-06,6.444651363242908e-05,0.4946933686733246,0.03722258657217026,0.4480278491973877,0.4993923008441925,0.5413935780525208,14395.8535425663
5,13360,38.27074432373047,0.2145363986492157,1.3295581340789795,3.5215234756469727,6.4349561172482156e-06,6.434956117248216e-05,0.49199193716049194,0.03419351950287819,0.4502597451210022,0.49340516328811646,0.5321760177612305,14417.021963357925
5,13380,28.604454040527344,0.11480317264795303,1.3432855606079102,3.691279649734497,6.425256333386698e-06,6.425256333386697e-05,0.5009210109710693,0.038971345871686935,0.45984551310539246,0.5001702904701233,0.5522443056106567,14437.993925571442
5,13400,33.52752685546875,0.16616858541965485,1.2980892658233643,3.929777145385742,6.415552058736854e-06,6.415552058736854e-05,0.5036615133285522,0.041024718433618546,0.43965891003608704,0.5032476186752319,0.5592381954193115,14458.80182814598
5,13420,31.05307388305664,0.12643268704414368,1.4786932468414307,3.6228725910186768,6.405843340398971e-06,6.40584334039897e-05,0.49612030386924744,0.036340828984975815,0.45592015981674194,0.4984753131866455,0.5427312850952148,14479.609082460403
5,13440,31.399658203125,0.14990371465682983,1.2822149991989136,3.587134599685669,6.396130225494913e-06,6.396130225494913e-05,0.49554187059402466,0.04251876473426819,0.4480035603046417,0.495769739151001,0.5517107844352722,14500.59878206253
5,13460,35.251399993896484,0.1742430031299591,1.453204870223999,3.2950499057769775,6.386412761167876e-06,6.386412761167876e-05,0.5002604722976685,0.0345158651471138,0.4522448182106018,0.5042933821678162,0.5374131202697754,14521.066156625748
5,13480,34.45572280883789,0.16204136610031128,1.4485607147216797,3.765979051589966,6.3766909945821696e-06,6.37669099458217e-05,0.4982396066188812,0.03662153705954552,0.4566241502761841,0.4979335069656372,0.5513373613357544,14541.738101959229
5,13500,31.42705535888672,0.16418799757957458,1.1386847496032715,3.6214065551757812,6.366964972922984e-06,6.366964972922983e-05,0.5049936771392822,0.03947875648736954,0.4659295678138733,0.5047292709350586,0.5520559549331665,14556.245722055435
5,13520,46.25389099121094,0.28929027915000916,1.3782624006271362,3.5422420501708984,6.357234743396161e-06,6.357234743396161e-05,0.49762579798698425,0.03690784052014351,0.45473530888557434,0.5025814771652222,0.5448301434516907,14567.052501678467
5,13540,37.015201568603516,0.19587433338165283,1.376193881034851,3.665828227996826,6.347500353227966e-06,6.347500353227965e-05,0.5041894912719727,0.03519775718450546,0.4569040834903717,0.5043869018554688,0.5525509715080261,14590.169508934021
5,13560,25.306156158447266,0.096601203083992,1.1849478483200073,3.7965590953826904,6.337761849664857e-06,6.337761849664858e-05,0.49878567457199097,0.04043237864971161,0.44119173288345337,0.5010337829589844,0.5473185777664185,14614.560682296753
5,13580,38.23925018310547,0.20815591514110565,1.3818793296813965,3.6048667430877686,6.328019279973261e-06,6.32801927997326e-05,0.5003710985183716,0.03852015361189842,0.44707685708999634,0.5051469802856445,0.5490816831588745,14639.529824018478
5,13600,33.16707992553711,0.16180364787578583,1.3246562480926514,3.7401528358459473,6.318272691439337e-06,6.318272691439336e-05,0.5013653635978699,0.03916674107313156,0.4599025249481201,0.49666640162467957,0.5557754039764404,14664.189510822296
5,13620,29.15621566772461,0.11838167905807495,1.3702448606491089,3.6155989170074463,6.308522131368747e-06,6.308522131368747e-05,0.4952288568019867,0.04066861793398857,0.44577300548553467,0.49365389347076416,0.5531731843948364,14688.631493806839
5,13640,25.080354690551758,0.06763194501399994,1.4635814428329468,3.6813457012176514,6.2987676470864336e-06,6.298767647086434e-05,0.4922984540462494,0.04088348150253296,0.4370191991329193,0.4922308325767517,0.5473359823226929,14713.605823993683
5,13660,25.028343200683594,0.08205780386924744,1.3213191032409668,3.6093714237213135,6.289009285936384e-06,6.289009285936384e-05,0.4943625330924988,0.0306132473051548,0.46219950914382935,0.49637025594711304,0.5327346324920654,14738.198816299438
5,13680,29.980344772338867,0.12929996848106384,1.344947099685669,3.600877523422241,6.279247095281403e-06,6.279247095281404e-05,0.4957580268383026,0.037897706031799316,0.4488459825515747,0.4960019588470459,0.5498162508010864,14761.055082798004
5,13700,34.56856918334961,0.16960179805755615,1.3964060544967651,3.644329309463501,6.269481122502881e-06,6.269481122502881e-05,0.4926173686981201,0.03565661981701851,0.4547828137874603,0.49408650398254395,0.5426086783409119,14785.118419647217
5,13720,39.859622955322266,0.2142215222120285,1.5100531578063965,3.336940050125122,6.259711415000563e-06,6.259711415000563e-05,0.4956760108470917,0.033717360347509384,0.4551011323928833,0.4923171401023865,0.5454491376876831,14809.131645679474
5,13740,32.0096435546875,0.15068654716014862,1.3302757740020752,3.638232469558716,6.249938020192327e-06,6.249938020192326e-05,0.496751070022583,0.03946207836270332,0.44850051403045654,0.49878832697868347,0.5489898920059204,14833.582551002502
5,13760,28.209503173828125,0.099210724234581,1.4561532735824585,3.726897954940796,6.240160985513941e-06,6.240160985513941e-05,0.4953199028968811,0.03650340437889099,0.45203685760498047,0.4929741621017456,0.5507653951644897,14857.688645124435
5,13780,28.26744270324707,0.10639995336532593,1.3830026388168335,3.7974205017089844,6.230380358418845e-06,6.230380358418845e-05,0.5024922490119934,0.03936663642525673,0.45665428042411804,0.5052840113639832,0.5523076057434082,14882.6685526371
5,13800,41.59048843383789,0.24570466578006744,1.3271479606628418,3.748541831970215,6.220596186377908e-06,6.220596186377907e-05,0.4905855655670166,0.04151900112628937,0.4397681951522827,0.4872106909751892,0.5501213073730469,14906.514166116714
5,13820,35.35744857788086,0.18240660429000854,1.3230063915252686,3.886723041534424,6.210808516879213e-06,6.210808516879213e-05,0.49498558044433594,0.044353462755680084,0.4289860129356384,0.49580878019332886,0.5544944405555725,14931.183214902878
5,13840,34.10135269165039,0.17496523261070251,1.2976552248001099,3.6282753944396973,6.20101739742781e-06,6.20101739742781e-05,0.49267059564590454,0.035270437598228455,0.45218154788017273,0.48999783396720886,0.5453648567199707,14955.498909711838
5,13860,34.212554931640625,0.17573630809783936,1.31259024143219,3.513021230697632,6.1912228755455e-06,6.191222875545501e-05,0.4961528182029724,0.03757113218307495,0.45506519079208374,0.49330997467041016,0.5554951429367065,14980.040268421173
5,13880,33.91131591796875,0.16514995694160461,1.3690910339355469,3.7054104804992676,6.181424998770595e-06,6.181424998770595e-05,0.5115984678268433,0.03794895485043526,0.4677796959877014,0.5089003443717957,0.5623706579208374,15004.743668794632
5,13900,21.50920295715332,0.04497088864445686,1.347383737564087,3.5382766723632812,6.17162381465769e-06,6.17162381465769e-05,0.5019451975822449,0.03951520845293999,0.4577842354774475,0.49873974919319153,0.5565356016159058,15028.766600131989
5,13920,31.57782745361328,0.1388798952102661,1.4237793684005737,3.4520444869995117,6.161819370777433e-06,6.161819370777433e-05,0.4974575936794281,0.036286819726228714,0.4459756314754486,0.4970994293689728,0.548072099685669,15053.217767000198
5,13940,26.184972763061523,0.09995165467262268,1.2691048383712769,3.498758554458618,6.152011714716294e-06,6.152011714716294e-05,0.5138302445411682,0.033356063067913055,0.47678714990615845,0.5104151368141174,0.5603416562080383,15077.3189098835
5,13960,30.935867309570312,0.1366378664970398,1.3746967315673828,3.525111675262451,6.1422008940763315e-06,6.142200894076331e-05,0.4982451796531677,0.03864085301756859,0.44403398036956787,0.5020483732223511,0.5470540523529053,15102.001796007156
5,13980,31.102413177490234,0.14217442274093628,1.3223847150802612,3.6611227989196777,6.132386956474966e-06,6.132386956474966e-05,0.5038275718688965,0.037573300302028656,0.46357202529907227,0.5032362937927246,0.5524938106536865,15126.520107984543
5,14000,28.45361328125,0.11896593868732452,1.3128013610839844,3.429003953933716,6.122569949544742e-06,6.122569949544742e-05,0.4941605031490326,0.03873775526881218,0.43959665298461914,0.49778807163238525,0.544161319732666,15151.211696624756
5,14020,32.756752014160156,0.16452445089817047,1.2651920318603516,3.6523845195770264,6.112749920933111e-06,6.112749920933111e-05,0.49303460121154785,0.03331763669848442,0.451308012008667,0.49520736932754517,0.5268455147743225,15175.515864372253
5,14040,36.93712615966797,0.2051216959953308,1.2928473949432373,3.49648118019104,6.102926918302177e-06,6.1029269183021774e-05,0.49931371212005615,0.04489239305257797,0.43173614144325256,0.5020668506622314,0.5578757524490356,15200.507356405258
5,14060,25.878734588623047,0.09787574410438538,1.2430495023727417,3.6606645584106445,6.09310098932849e-06,6.09310098932849e-05,0.49593210220336914,0.03675751015543938,0.43774789571762085,0.49803709983825684,0.5432040691375732,15224.942564725876
5,14080,26.14818000793457,0.08577019721269608,1.4175747632980347,3.3954129219055176,6.083272181702795e-06,6.083272181702795e-05,0.49146685004234314,0.0355520062148571,0.4476250410079956,0.48966675996780396,0.5411654710769653,15249.668618440628
5,14100,35.29096984863281,0.18498025834560394,1.2971590757369995,3.8213534355163574,6.073440543129816e-06,6.073440543129816e-05,0.5005354881286621,0.03471594303846359,0.4625738263130188,0.5012716054916382,0.5485310554504395,15274.592872619629
5,14120,36.55961227416992,0.18486204743385315,1.444230556488037,3.6311028003692627,6.0636061213280105e-06,6.0636061213280105e-05,0.4987185597419739,0.03848015516996384,0.4504360556602478,0.5003862977027893,0.5513983964920044,15299.078679323196
5,14140,32.825157165527344,0.16557982563972473,1.280611276626587,3.461060047149658,6.053768964029348e-06,6.053768964029348e-05,0.5035359859466553,0.03920027241110802,0.4565572142601013,0.5045238733291626,0.5534499883651733,15323.90797162056
5,14160,29.83878517150879,0.12596432864665985,1.380174160003662,3.44061017036438,6.043929118979075e-06,6.043929118979075e-05,0.5054596662521362,0.0369039885699749,0.4549013078212738,0.509019136428833,0.5467934608459473,15348.512069702148
5,14180,29.84142303466797,0.1311720311641693,1.3168528079986572,3.555692672729492,6.034086633935486e-06,6.034086633935485e-05,0.4980977475643158,0.044306010007858276,0.4376956820487976,0.5009022951126099,0.558938205242157,15373.106449604034
5,14200,26.15506935119629,0.09126016497612,1.3135977983474731,3.893075942993164,6.024241556669678e-06,6.0242415566696774e-05,0.49963444471359253,0.03504118695855141,0.46661800146102905,0.4983823597431183,0.5472449660301208,15397.649236679077
5,14220,26.651004791259766,0.09540101885795593,1.38443922996521,3.266509532928467,6.014393934965342e-06,6.0143939349653424e-05,0.49190807342529297,0.042773570865392685,0.43321752548217773,0.4935375452041626,0.5498661994934082,15421.935202598572
5,14240,25.172527313232422,0.0798727497458458,1.3420655727386475,3.764594078063965,6.004543816618512e-06,6.0045438166185117e-05,0.5075514316558838,0.03867622837424278,0.4706454277038574,0.5092657804489136,0.5524623990058899,15446.192266702652
5,14260,30.01714515686035,0.12977784872055054,1.3363107442855835,3.676252841949463,5.994691249437342e-06,5.994691249437342e-05,0.4932422637939453,0.03852338716387749,0.4484117329120636,0.4911535382270813,0.5470559597015381,15470.82824754715
5,14280,27.810718536376953,0.10145506262779236,1.4021247625350952,3.643965005874634,5.9848362812418724e-06,5.9848362812418726e-05,0.5004410147666931,0.041593048721551895,0.4534091353416443,0.49921637773513794,0.5524331331253052,15495.711425542831
5,14300,32.78847885131836,0.1539326012134552,1.3838801383972168,3.5564181804656982,5.974978959863792e-06,5.974978959863792e-05,0.49867528676986694,0.04255436733365059,0.437186598777771,0.5036149024963379,0.555587649345398,15520.34830904007
5,14320,33.884010314941406,0.1456967443227768,1.5460104942321777,3.854231119155884,5.965119333146215e-06,5.965119333146215e-05,0.49810537695884705,0.03858722373843193,0.4543342888355255,0.496817022562027,0.5467756986618042,15544.589211940765
5,14340,24.324613571166992,0.07772510498762131,1.2803313732147217,3.748788356781006,5.955257448943446e-06,5.955257448943445e-05,0.49954909086227417,0.036360327154397964,0.45874691009521484,0.4969567656517029,0.5521775484085083,15569.47781419754
5,14360,24.998781204223633,0.08180190622806549,1.3268016576766968,3.5505731105804443,5.945393355120743e-06,5.945393355120743e-05,0.49328216910362244,0.039006516337394714,0.4515262842178345,0.4882596433162689,0.5498256683349609,15593.533193588257
5,14380,26.380340576171875,0.08862949907779694,1.3686800003051758,3.8305885791778564,5.9355270995540895e-06,5.935527099554089e-05,0.49387019872665405,0.044171012938022614,0.43689048290252686,0.49483585357666016,0.5576027631759644,15618.43040060997
5,14400,28.00190544128418,0.10970047116279602,1.3481693267822266,3.5501649379730225,5.925658730129963e-06,5.925658730129962e-05,0.5001958012580872,0.03957509621977806,0.44361042976379395,0.5002038478851318,0.5535988807678223,15642.652733802795
5,14420,23.538724899291992,0.07162036001682281,1.2822426557540894,3.5542614459991455,5.915788294745099e-06,5.915788294745098e-05,0.5057799220085144,0.03739410266280174,0.46633997559547424,0.5017316341400146,0.5640794634819031,15667.097504615784
5,14440,27.386917114257812,0.09512224793434143,1.4300007820129395,3.5746848583221436,5.90591584130626e-06,5.90591584130626e-05,0.49767565727233887,0.03738972544670105,0.46426305174827576,0.49744606018066406,0.548568844795227,15691.36805510521
5,14460,36.02568817138672,0.1989784836769104,1.2428562641143799,3.699280023574829,5.896041417730004e-06,5.896041417730004e-05,0.5017454624176025,0.03277219086885452,0.4593873918056488,0.5009459257125854,0.542192816734314,15716.261937379837
5,14480,26.95389175415039,0.09813587367534637,1.3412456512451172,3.727848529815674,5.886165071942451e-06,5.886165071942451e-05,0.49402862787246704,0.04054364934563637,0.43480363488197327,0.495256632566452,0.5429418087005615,15740.632787942886
5,14500,47.015380859375,0.30319732427597046,1.3257954120635986,3.4376940727233887,5.876286851879053e-06,5.876286851879053e-05,0.4913818836212158,0.04143209010362625,0.42567208409309387,0.49322763085365295,0.5535403490066528,15765.400640964508
5,14520,27.80620574951172,0.10642410069704056,1.3537752628326416,3.6260440349578857,5.866406805484354e-06,5.866406805484353e-05,0.4967197775840759,0.04198126867413521,0.4425499439239502,0.4969545304775238,0.5515076518058777,15790.148803710938
5,14540,25.38601303100586,0.08516861498355865,1.3183517456054688,3.6856348514556885,5.856524980711765e-06,5.856524980711765e-05,0.5006680488586426,0.03988506272435188,0.4522055387496948,0.502423882484436,0.5577359199523926,15814.577993154526
5,14560,31.10011863708496,0.1209130734205246,1.539289951324463,3.6159112453460693,5.846641425523328e-06,5.846641425523328e-05,0.4917070269584656,0.03676026314496994,0.44640931487083435,0.4906356930732727,0.538312554359436,15839.72223830223
5,14580,42.11284255981445,0.25621384382247925,1.2659194469451904,3.8322625160217285,5.836756187889486e-06,5.8367561878894864e-05,0.4974667727947235,0.03899950161576271,0.458653062582016,0.5001657009124756,0.5476083755493164,15858.384776115417
5,14600,34.302616119384766,0.17609071731567383,1.2810662984848022,3.8828799724578857,5.826869315788844e-06,5.8268693157888447e-05,0.5000240802764893,0.03847508132457733,0.45289191603660583,0.49919307231903076,0.5489070415496826,15869.180394172668
5,14620,39.056602478027344,0.21296152472496033,1.4215517044067383,3.5449321269989014,5.816980857207941e-06,5.816980857207941e-05,0.4932803809642792,0.04225960001349449,0.4462393522262573,0.4918845295906067,0.5548874735832214,15886.42993068695
5,14640,25.985862731933594,0.10503789782524109,1.1811808347702026,3.6702661514282227,5.80709086014102e-06,5.80709086014102e-05,0.49849963188171387,0.041506435722112656,0.4507436156272888,0.4991195797920227,0.5523070096969604,15907.280196428299
5,14660,25.3476505279541,0.09621421992778778,1.198279619216919,3.7434332370758057,5.797199372589786e-06,5.797199372589786e-05,0.4907846450805664,0.037042636424303055,0.44303208589553833,0.49220091104507446,0.5397657155990601,15928.178922176361
5,14680,28.557817459106445,0.1193465143442154,1.3235430717468262,3.3877358436584473,5.787306442563179e-06,5.7873064425631794e-05,0.5049721002578735,0.03755692020058632,0.4651910662651062,0.5026581287384033,0.5542175769805908,15949.109257698059
5,14700,22.457948684692383,0.05239713937044144,1.3343175649642944,3.8750598430633545,5.777412118077141e-06,5.777412118077141e-05,0.4899924695491791,0.03610539808869362,0.4383816123008728,0.4920721650123596,0.5375308990478516,15969.89122724533
5,14720,21.939647674560547,0.05014224350452423,1.3114417791366577,3.811004877090454,5.767516447154386e-06,5.767516447154385e-05,0.4901633858680725,0.04161607846617699,0.43286317586898804,0.4922850430011749,0.5397360324859619,15991.297294855118
5,14740,28.897974014282227,0.1305694282054901,1.2260878086090088,3.580152750015259,5.757619477824157e-06,5.757619477824156e-05,0.4840303361415863,0.03860761225223541,0.43137168884277344,0.4866410493850708,0.5290148258209229,16012.06851887703
5,14760,27.777616500854492,0.10802873969078064,1.3470457792282104,3.5042855739593506,5.747721258122e-06,5.7477212581219994e-05,0.4950849711894989,0.04064919799566269,0.4467146396636963,0.49301716685295105,0.5545622706413269,16032.960649967194
6,14780,39.82877731323242,0.2264435589313507,1.375044822692871,3.433971405029297,5.7378218360895334e-06,5.737821836089533e-05,0.48946356773376465,0.04766160622239113,0.42114877700805664,0.493219792842865,0.5546048879623413,16065.466638803482
6,14800,28.87507438659668,0.10902577638626099,1.4090981483459473,3.8815157413482666,5.727921259774208e-06,5.727921259774208e-05,0.4911288619041443,0.03961540758609772,0.42721056938171387,0.49413931369781494,0.5337021946907043,16086.477808237076
6,14820,31.63330841064453,0.14043089747428894,1.3998082876205444,3.5921356678009033,5.718019577229078e-06,5.718019577229078e-05,0.49861520528793335,0.04361627995967865,0.44236665964126587,0.4973192811012268,0.560795783996582,16106.9997651577
6,14840,35.52067184448242,0.18115103244781494,1.372573733329773,3.679831027984619,5.708116836512566e-06,5.708116836512566e-05,0.5047017335891724,0.034001171588897705,0.46962296962738037,0.500752329826355,0.5558226108551025,16127.629885196686
6,14860,21.171735763549805,0.0426609106361866,1.3137295246124268,3.768350601196289,5.69821308568823e-06,5.69821308568823e-05,0.5040156841278076,0.03468345105648041,0.47148919105529785,0.5019424557685852,0.549587607383728,16148.63529253006
6,14880,25.017518997192383,0.07970987260341644,1.3495452404022217,3.5510787963867188,5.688308372824535e-06,5.688308372824534e-05,0.49605831503868103,0.03828657791018486,0.4562271237373352,0.4983634352684021,0.548255443572998,16168.940614938736
6,14900,27.851009368896484,0.09723162651062012,1.4402880668640137,3.7249655723571777,5.678402745994609e-06,5.6784027459946084e-05,0.4991856515407562,0.03939516469836235,0.4475874900817871,0.5019220113754272,0.5528531074523926,16189.798653364182
6,14920,35.48272705078125,0.1912507712841034,1.3010554313659668,3.347094774246216,5.66849625327602e-06,5.66849625327602e-05,0.49620160460472107,0.04230670630931854,0.4310219883918762,0.5000609755516052,0.5539370775222778,16210.846518039703
6,14940,31.25698471069336,0.14126203954219818,1.3335025310516357,3.795755624771118,5.658588942750537e-06,5.658588942750537e-05,0.4972573220729828,0.039486054331064224,0.45082974433898926,0.5019559264183044,0.5488842725753784,16231.418672561646
6,14960,26.7429141998291,0.10709072649478912,1.2611058950424194,3.422781467437744,5.6486808625039e-06,5.6486808625039e-05,0.49474626779556274,0.04233655706048012,0.42387595772743225,0.5014439821243286,0.5521610975265503,16252.232730388641
6,14980,24.573850631713867,0.07471415400505066,1.3510844707489014,3.5915887355804443,5.6387720606255855e-06,5.638772060625585e-05,0.4974748492240906,0.03415760025382042,0.4642603397369385,0.4946514368057251,0.537004828453064,16273.217456102371
6,15000,42.04181671142578,0.25021201372146606,1.3242719173431396,3.77789306640625,5.628862585208566e-06,5.6288625852085665e-05,0.5055031776428223,0.04212680459022522,0.4390203356742859,0.5094819068908691,0.5509531497955322,16294.58473944664
6,15020,33.05461883544922,0.16208255290985107,1.3295007944107056,3.551356077194214,5.618952484349091e-06,5.6189524843490906e-05,0.4951009750366211,0.04226392135024071,0.43707749247550964,0.4969199299812317,0.5529419183731079,16314.783058166504
6,15040,24.876123428344727,0.08940252661705017,1.2477864027023315,3.4580066204071045,5.609041806146442e-06,5.609041806146442e-05,0.4988454580307007,0.033830463886260986,0.4634653329849243,0.5011849403381348,0.5467298030853271,16335.575061559677
6,15060,36.450191497802734,0.1910213828086853,1.385451078414917,3.4935410022735596,5.599130598702704e-06,5.5991305987027043e-05,0.5028542876243591,0.03945189341902733,0.4542461037635803,0.5042845010757446,0.5529507994651794,16356.48351264
6,15080,20.705142974853516,0.03421199694275856,1.351953387260437,3.7644083499908447,5.589218910122529e-06,5.589218910122529e-05,0.5030437707901001,0.04127650707960129,0.4556642174720764,0.504325270652771,0.5605645179748535,16377.674483537674
6,15100,34.87533187866211,0.17838633060455322,1.3304224014282227,3.732475996017456,5.579306788512904e-06,5.5793067885129036e-05,0.5028151273727417,0.03871807083487511,0.46088987588882446,0.49972933530807495,0.560355544090271,16398.640387773514
6,15120,41.716251373291016,0.25731149315834045,1.224741816520691,3.7376813888549805,5.569394281982919e-06,5.569394281982919e-05,0.49651584029197693,0.03978608176112175,0.4430941641330719,0.5031601190567017,0.5360220670700073,16419.780558109283
6,15140,35.35942077636719,0.17077037692070007,1.4746098518371582,3.5362863540649414,5.559481438643535e-06,5.5594814386435346e-05,0.4981878697872162,0.03846301510930061,0.44347018003463745,0.49446022510528564,0.5521639585494995,16441.012693166733
6,15160,39.193180084228516,0.21646039187908173,1.3916797637939453,3.630345582962036,5.5495683066073415e-06,5.549568306607341e-05,0.497051477432251,0.043608639389276505,0.43270063400268555,0.4966965615749359,0.5618699193000793,16461.58265686035
6,15180,29.681854248046875,0.13202022016048431,1.2599380016326904,3.8804521560668945,5.539654933988332e-06,5.539654933988332e-05,0.4992051124572754,0.04049954190850258,0.4466758668422699,0.5031729936599731,0.5509839057922363,16482.46054339409
6,15200,32.68730926513672,0.15302006900310516,1.3919849395751953,3.465453863143921,5.529741368901672e-06,5.529741368901672e-05,0.4890540540218353,0.04648849368095398,0.42078959941864014,0.48767566680908203,0.5533262491226196,16503.34108352661
6,15220,26.225019454956055,0.09197160601615906,1.3601346015930176,3.4265122413635254,5.519827659463455e-06,5.519827659463455e-05,0.5037870407104492,0.04117833077907562,0.4564164876937866,0.5004323720932007,0.5574079751968384,16523.912818431854
6,15240,25.325551986694336,0.09384119510650635,1.2402081489562988,3.539351224899292,5.509913853790476e-06,5.509913853790476e-05,0.5051925778388977,0.03422423079609871,0.46486032009124756,0.5025542974472046,0.5547109842300415,16544.82367324829
6,15260,25.579795837402344,0.08480332791805267,1.3569910526275635,3.5295515060424805,5.500000000000001e-06,5.500000000000001e-05,0.5028601884841919,0.04021286219358444,0.46314680576324463,0.49757808446884155,0.5585784316062927,16565.94962120056
6,15280,24.859094619750977,0.08459074795246124,1.2558808326721191,3.8412115573883057,5.490086146209526e-06,5.4900861462095255e-05,0.5001186728477478,0.03602762520313263,0.46109068393707275,0.4996817708015442,0.5444064140319824,16586.72587299347
6,15300,26.086584091186523,0.09054216742515564,1.318690538406372,3.8454620838165283,5.480172340536547e-06,5.480172340536547e-05,0.4997395873069763,0.04409841075539589,0.43946921825408936,0.5013473629951477,0.5520623922348022,16608.048364400864
6,15320,24.320697784423828,0.09005579352378845,1.1885550022125244,3.429570198059082,5.470258631098328e-06,5.470258631098328e-05,0.4949633479118347,0.04316502436995506,0.44633686542510986,0.4943414330482483,0.5547058582305908,16629.033466100693
6,15340,28.268033981323242,0.11801016330718994,1.2831649780273438,3.6353683471679688,5.460345066011668e-06,5.460345066011667e-05,0.4943862557411194,0.04228866472840309,0.44183191657066345,0.49570339918136597,0.5546003580093384,16649.99662590027
6,15360,22.482154846191406,0.0672607272863388,1.238598108291626,3.3701014518737793,5.450431693392662e-06,5.450431693392661e-05,0.5027024149894714,0.03362893685698509,0.46805262565612793,0.5056637525558472,0.5478683710098267,16670.19935655594
6,15380,44.68038558959961,0.28571709990501404,1.259951114654541,3.5091612339019775,5.4405185613564685e-06,5.440518561356468e-05,0.5032154321670532,0.036774273961782455,0.46728336811065674,0.5001319646835327,0.5523328185081482,16690.30574798584
6,15400,28.534276962280273,0.12789174914360046,1.222422480583191,3.5208754539489746,5.430605718017082e-06,5.430605718017082e-05,0.5024253726005554,0.03614542633295059,0.4663335084915161,0.5045745968818665,0.544746994972229,16711.423793315887
6,15420,29.907974243164062,0.12579096853733063,1.376597285270691,3.5629045963287354,5.420693211487098e-06,5.420693211487098e-05,0.5052905082702637,0.03897139057517052,0.4629697799682617,0.5061397552490234,0.5591884255409241,16732.384066581726
6,15440,28.100801467895508,0.10533163696527481,1.391350269317627,3.654134750366211,5.410781089877473e-06,5.4107810898774725e-05,0.4881743788719177,0.0425482802093029,0.43834033608436584,0.48458701372146606,0.5496426820755005,16753.509150981903
6,15460,27.727718353271484,0.10691937059164047,1.3371204137802124,3.664576768875122,5.400869401297297e-06,5.4008694012972974e-05,0.4958237111568451,0.03761260211467743,0.45331576466560364,0.49301838874816895,0.5400128960609436,16774.621024608612
6,15480,37.65190505981445,0.20596416294574738,1.3252789974212646,3.802699089050293,5.3909581938535585e-06,5.390958193853558e-05,0.49339383840560913,0.04174943268299103,0.439839243888855,0.4951457381248474,0.5484902858734131,16795.645470142365
6,15500,25.612234115600586,0.08432960510253906,1.3508400917053223,3.6708743572235107,5.381047515650909e-06,5.381047515650909e-05,0.5038281679153442,0.04018936678767204,0.4633644223213196,0.5054161548614502,0.5591139793395996,16816.513446569443
6,15520,31.604087829589844,0.15668068826198578,1.2162789106369019,3.773228883743286,5.371137414791437e-06,5.371137414791436e-05,0.497406929731369,0.035838037729263306,0.45771950483322144,0.498587429523468,0.5395491123199463,16837.217803239822
6,15540,30.065210342407227,0.13849706947803497,1.267950415611267,3.535999298095703,5.361227939374417e-06,5.361227939374417e-05,0.5010210275650024,0.0395890474319458,0.4592452049255371,0.5003698468208313,0.5562412738800049,16857.72103357315
6,15560,30.771198272705078,0.14472055435180664,1.298377275466919,3.31537127494812,5.351319137496101e-06,5.3513191374961004e-05,0.509782075881958,0.03692222386598587,0.4631466865539551,0.5113846063613892,0.5618389248847961,16878.364134788513
6,15580,31.935686111450195,0.16009698808193207,1.2334582805633545,3.591404676437378,5.341411057249464e-06,5.3414110572494636e-05,0.5076535940170288,0.043375514447689056,0.45359006524086,0.507606029510498,0.5601792335510254,16899.487117528915
6,15600,30.772035598754883,0.14267170429229736,1.306255578994751,3.442309617996216,5.3315037467239814e-06,5.3315037467239814e-05,0.4960172772407532,0.041583381593227386,0.44943898916244507,0.49747711420059204,0.5513612031936646,16920.43178987503
6,15620,24.61349105834961,0.0708739310503006,1.390308141708374,3.623016357421875,5.321597254005393e-06,5.3215972540053926e-05,0.4933346211910248,0.040705516934394836,0.4456080198287964,0.4946686625480652,0.5470708608627319,16941.377609968185
6,15640,30.043867111206055,0.13972413539886475,1.2443361282348633,3.628092050552368,5.311691627175466e-06,5.3116916271754655e-05,0.5030385255813599,0.038185250014066696,0.4680541455745697,0.5028148889541626,0.5481547117233276,16962.707713842392
6,15660,31.65837287902832,0.14652110636234283,1.3362029790878296,3.6442313194274902,5.30178691431177e-06,5.3017869143117703e-05,0.5044228434562683,0.03793825954198837,0.46201440691947937,0.5026800632476807,0.5593011379241943,16983.515009880066
6,15680,38.662071228027344,0.2268044352531433,1.2491133213043213,3.4904935359954834,5.291883163487437e-06,5.2918831634874366e-05,0.4984637498855591,0.04344843700528145,0.44223523139953613,0.5004737377166748,0.5535596609115601,17004.662914037704
6,15700,37.23020553588867,0.20472827553749084,1.3079651594161987,3.677726984024048,5.281980422770924e-06,5.2819804227709246e-05,0.4959378242492676,0.042539265006780624,0.4343014657497406,0.497297465801239,0.5483958721160889,17025.508383989334
6,15720,32.4688606262207,0.15452075004577637,1.3370788097381592,3.6459953784942627,5.272078740225793e-06,5.2720787402257935e-05,0.5032286643981934,0.04257102310657501,0.44120416045188904,0.5065685510635376,0.5582770109176636,17046.587431907654
6,15740,24.67238426208496,0.08365079760551453,1.2664072513580322,3.6432318687438965,5.262178163910469e-06,5.262178163910468e-05,0.49953049421310425,0.04196493700146675,0.44893738627433777,0.505169153213501,0.5528701543807983,17067.573018312454
6,15760,27.612470626831055,0.10565795004367828,1.3427003622055054,3.619673013687134,5.252278741878001e-06,5.252278741878e-05,0.49844229221343994,0.04327049478888512,0.45344042778015137,0.4972248077392578,0.5605911016464233,17088.6704955101
6,15780,29.13200569152832,0.12934266030788422,1.261059045791626,3.5871481895446777,5.242380522175845e-06,5.242380522175845e-05,0.4972551763057709,0.039363618940114975,0.4425100088119507,0.49587482213974,0.5501779317855835,17109.774245500565
6,15800,32.85756301879883,0.16447415947914124,1.300170660018921,3.408437967300415,5.232483552845615e-06,5.232483552845615e-05,0.5020952224731445,0.033858414739370346,0.46011167764663696,0.5024290084838867,0.5515503883361816,17130.83975338936
6,15820,31.820314407348633,0.1557740569114685,1.269284963607788,3.5500576496124268,5.2225878819228595e-06,5.222587881922859e-05,0.4918139576911926,0.04283706471323967,0.42804473638534546,0.4934387803077698,0.5487216711044312,17152.01686310768
6,15840,25.725738525390625,0.09314986318349838,1.2699081897735596,3.711670160293579,5.2126935574368245e-06,5.2126935574368244e-05,0.5011625289916992,0.04013444110751152,0.4528534710407257,0.4999085068702698,0.5567806959152222,17172.854989290237
6,15860,26.834821701049805,0.09749326854944229,1.3497122526168823,3.5883729457855225,5.2028006274102174e-06,5.202800627410217e-05,0.5013079643249512,0.03617649897933006,0.46519631147384644,0.5017892122268677,0.5495302677154541,17193.923006772995
6,15880,23.12590789794922,0.06420742720365524,1.3260152339935303,3.4450128078460693,5.192909139858981e-06,5.192909139858981e-05,0.5013025403022766,0.040483973920345306,0.45899492502212524,0.5004950761795044,0.5571712255477905,17214.540553092957
6,15900,26.89993667602539,0.10812725871801376,1.2738969326019287,3.3482391834259033,5.183019142792059e-06,5.183019142792059e-05,0.4816756248474121,0.0433996245265007,0.43077778816223145,0.487377405166626,0.5357565879821777,17234.927646398544
6,15920,22.911439895629883,0.07060001790523529,1.2334498167037964,3.5169389247894287,5.173130684211157e-06,5.173130684211157e-05,0.49016356468200684,0.040079742670059204,0.4467092454433441,0.4855978488922119,0.5520250201225281,17256.041113615036
6,15940,28.749835968017578,0.12260544300079346,1.3197076320648193,3.29221510887146,5.163243812110516e-06,5.1632438121105153e-05,0.48999929428100586,0.04288915917277336,0.44052156805992126,0.4888131618499756,0.5533852577209473,17276.880809783936
6,15960,21.032005310058594,0.05336994305253029,1.227083444595337,3.424177408218384,5.153358574476672e-06,5.153358574476672e-05,0.49084410071372986,0.04241122677922249,0.43828141689300537,0.49146026372909546,0.5436822175979614,17297.636897087097
6,15980,27.099950790405273,0.0971595048904419,1.3972996473312378,3.4110047817230225,5.143475019288237e-06,5.1434750192882366e-05,0.4999569356441498,0.03904443979263306,0.45986470580101013,0.49971264600753784,0.5551316738128662,17318.51464343071
6,16000,23.906200408935547,0.06804241240024567,1.3494341373443604,3.6076180934906006,5.133593194515649e-06,5.133593194515649e-05,0.4896678328514099,0.03716113790869713,0.44575873017311096,0.493654727935791,0.5345906019210815,17339.39764022827
6,16020,27.350534439086914,0.10500239580869675,1.300445795059204,3.8458378314971924,5.123713148120948e-06,5.1237131481209476e-05,0.4988904893398285,0.03699396923184395,0.45978084206581116,0.4932502508163452,0.553412914276123,17360.051780462265
6,16040,25.76209831237793,0.09646812081336975,1.250030755996704,3.614978313446045,5.11383492805755e-06,5.1138349280575495e-05,0.5076505541801453,0.037611257284879684,0.4547653794288635,0.5112085342407227,0.5563720464706421,17381.329649925232
6,16060,25.25265884399414,0.0853869765996933,1.2856016159057617,3.8579437732696533,5.103958582269997e-06,5.103958582269998e-05,0.5050088763237,0.039689574390649796,0.45685112476348877,0.5042551755905151,0.5599894523620605,17402.3637676239
6,16080,38.07956314086914,0.20708975195884705,1.414268970489502,3.227898359298706,5.0940841586937416e-06,5.094084158693742e-05,0.49225887656211853,0.042458221316337585,0.4352900981903076,0.4901006817817688,0.5547704696655273,17423.476013183594
6,16100,34.42692184448242,0.17905575037002563,1.3095414638519287,3.425930976867676,5.0842117052549035e-06,5.0842117052549035e-05,0.492177814245224,0.037971381098032,0.4491807818412781,0.49085313081741333,0.5405056476593018,17444.29410791397
6,16120,35.52396774291992,0.19388313591480255,1.2469357252120972,3.666299343109131,5.074341269870038e-06,5.0743412698700374e-05,0.49208998680114746,0.04461061581969261,0.4427857995033264,0.49287450313568115,0.5497430562973022,17465.59921002388
6,16140,33.17620849609375,0.15990769863128662,1.3715846538543701,3.469590425491333,5.064472900445911e-06,5.064472900445911e-05,0.4962775707244873,0.037504300475120544,0.4511277675628662,0.4977356195449829,0.5425287485122681,17486.40177321434
6,16160,29.99005699157715,0.13744714856147766,1.2569096088409424,3.6762471199035645,5.05460664487926e-06,5.0546066448792595e-05,0.4947062134742737,0.04361705854535103,0.4392825961112976,0.4896494746208191,0.5527005195617676,17507.462150335312
6,16180,30.386585235595703,0.13305005431175232,1.3647642135620117,3.4339377880096436,5.0447425510565564e-06,5.044742551056556e-05,0.4984320104122162,0.041537974029779434,0.43861377239227295,0.49844157695770264,0.5457445383071899,17528.527010679245
6,16200,18.774768829345703,0.029757168143987656,1.2409536838531494,3.3895161151885986,5.034880666853786e-06,5.034880666853786e-05,0.5036172866821289,0.036362409591674805,0.4621396064758301,0.5048155188560486,0.5528576970100403,17549.391189336777
6,16220,20.171024322509766,0.04985635727643967,1.1539545059204102,3.645843744277954,5.02502104013621e-06,5.02502104013621e-05,0.4916112422943115,0.03963848575949669,0.44341349601745605,0.4938550591468811,0.5420159697532654,17570.637120962143
6,16240,29.541017532348633,0.12951236963272095,1.3108806610107422,3.480973720550537,5.015163718758129e-06,5.015163718758129e-05,0.4954622685909271,0.04328768700361252,0.43586334586143494,0.49642258882522583,0.5463168025016785,17591.133407831192
6,16260,43.88121032714844,0.278462290763855,1.2655421495437622,3.3795576095581055,5.0053087505626585e-06,5.005308750562658e-05,0.49650758504867554,0.041477788239717484,0.4507741928100586,0.4967557191848755,0.5511587858200073,17611.454883098602
6,16280,30.059236526489258,0.12662634253501892,1.3747323751449585,3.6492791175842285,4.995456183381488e-06,4.995456183381488e-05,0.4988175332546234,0.04347027465701103,0.4286051392555237,0.5007153153419495,0.5569868087768555,17632.720230579376
6,16300,27.364286422729492,0.10869792103767395,1.2788467407226562,3.706026792526245,4.985606065034659e-06,4.9856060650346594e-05,0.4899900555610657,0.04603714868426323,0.4244350790977478,0.49023672938346863,0.5525571703910828,17653.50128006935
6,16320,23.797060012817383,0.0850321426987648,1.1792640686035156,3.5012047290802,4.975758443330325e-06,4.9757584433303244e-05,0.4867033362388611,0.043142639100551605,0.4281427264213562,0.4809298515319824,0.5511612892150879,17674.451879262924
6,16340,34.28609848022461,0.16927304863929749,1.3906164169311523,3.452629566192627,4.965913366064517e-06,4.965913366064517e-05,0.4942062497138977,0.042532891035079956,0.4435019791126251,0.4953329563140869,0.5492904186248779,17695.40263223648
6,16360,23.9209041595459,0.07006029039621353,1.3665030002593994,3.249844789505005,4.9560708810209255e-06,4.956070881020926e-05,0.49815255403518677,0.034796860069036484,0.4573240280151367,0.498701274394989,0.5443363189697266,17716.205701589584
6,16380,22.525211334228516,0.05623713880777359,1.2989108562469482,3.912388801574707,4.9462310359706525e-06,4.9462310359706524e-05,0.5025185346603394,0.038687124848365784,0.4616246223449707,0.5056620240211487,0.549919843673706,17737.137079000473
6,16400,28.154266357421875,0.12389130890369415,1.2346525192260742,3.418609857559204,4.936393878671991e-06,4.9363938786719906e-05,0.49014443159103394,0.04846486076712608,0.4178692102432251,0.4927862882614136,0.5533730983734131,17757.89171242714
6,16420,34.288570404052734,0.16846127808094025,1.3581721782684326,3.860718250274658,4.926559456870185e-06,4.9265594568701846e-05,0.4918293356895447,0.04378525912761688,0.4350097179412842,0.4896623492240906,0.5507471561431885,17778.775077342987
6,16440,27.186796188354492,0.11076126992702484,1.2621115446090698,3.489553689956665,4.916727818297205e-06,4.916727818297205e-05,0.4950568377971649,0.039923395961523056,0.4427928924560547,0.4945645332336426,0.550176739692688,17799.5697016716
6,16460,32.12961959838867,0.13989681005477905,1.4583091735839844,3.5568454265594482,4.90689901067151e-06,4.90689901067151e-05,0.49977657198905945,0.042771220207214355,0.44215160608291626,0.5051864385604858,0.5535473823547363,17820.30691385269
6,16480,28.198179244995117,0.11147511750459671,1.3443397283554077,3.607271671295166,4.897073081697825e-06,4.897073081697825e-05,0.49313458800315857,0.04590541869401932,0.43897533416748047,0.49399617314338684,0.5569155216217041,17841.006736040115
6,16500,33.72632598876953,0.16114740073680878,1.4019224643707275,3.592362880706787,4.8872500790668915e-06,4.887250079066891e-05,0.4916808605194092,0.0405387356877327,0.4349307715892792,0.4958876371383667,0.5444337725639343,17861.60957622528
6,16520,28.157485961914062,0.11158779263496399,1.3446149826049805,3.552556037902832,4.877430050455259e-06,4.877430050455258e-05,0.49116143584251404,0.04219534993171692,0.43951863050460815,0.49321606755256653,0.5500164031982422,17882.179183721542
6,16540,26.22439193725586,0.08427377045154572,1.4030555486679077,3.7664597034454346,4.8676130435250365e-06,4.867613043525036e-05,0.4885201156139374,0.04844231903553009,0.41569066047668457,0.49436259269714355,0.549180269241333,17903.048698186874
6,16560,30.268373489379883,0.1409243792295456,1.259971022605896,3.576225996017456,4.85779910592367e-06,4.85779910592367e-05,0.5024814605712891,0.04102492704987526,0.4518202543258667,0.5015116930007935,0.5540410280227661,17923.730410814285
6,16580,32.576805114746094,0.1493373066186905,1.3970868587493896,3.6722066402435303,4.847988285283707e-06,4.847988285283706e-05,0.4977496862411499,0.0449410043656826,0.43332093954086304,0.5023630261421204,0.5527463555335999,17944.250242471695
6,16600,32.96900939941406,0.16942235827445984,1.2270376682281494,3.7563984394073486,4.838180629222567e-06,4.838180629222567e-05,0.5051769018173218,0.04511522501707077,0.45252281427383423,0.507749080657959,0.5689300298690796,17964.861332654953
6,16620,32.574546813964844,0.1439458280801773,1.4440574645996094,3.7393903732299805,4.8283761853423094e-06,4.828376185342309e-05,0.5073448419570923,0.036703091114759445,0.4664957523345947,0.508560299873352,0.5539469122886658,17985.664438724518
6,16640,24.738853454589844,0.07914230227470398,1.3388793468475342,3.435828685760498,4.818575001229406e-06,4.8185750012294065e-05,0.499398410320282,0.04528361186385155,0.44579195976257324,0.503179669380188,0.5570143461227417,18006.034893989563
6,16660,23.872440338134766,0.06541519612073898,1.3736600875854492,3.5943193435668945,4.808777124454501e-06,4.8087771244545e-05,0.5019718408584595,0.038210246711969376,0.45615214109420776,0.500267744064331,0.553774356842041,18026.81182360649
6,16680,36.63166046142578,0.19785907864570618,1.3260509967803955,3.585242986679077,4.798982602572191e-06,4.7989826025721914e-05,0.5014326572418213,0.045962143689394,0.44461390376091003,0.50399249792099,0.5672689080238342,18047.365233659744
6,16700,22.117324829101562,0.0456632636487484,1.4036614894866943,3.5143826007843018,4.789191483120789e-06,4.7891914831207885e-05,0.5049809217453003,0.04577939584851265,0.4425070583820343,0.5058655142784119,0.5659819841384888,18068.140866279602
6,16720,25.916643142700195,0.09458599984645844,1.2892531156539917,3.5655112266540527,4.779403813622093e-06,4.7794038136220924e-05,0.49915799498558044,0.04248625785112381,0.45640724897384644,0.49646812677383423,0.5596814155578613,18088.879738092422
6,16740,27.46648406982422,0.11304233223199844,1.2511377334594727,3.650872230529785,4.7696196415811565e-06,4.769619641581156e-05,0.49874088168144226,0.04063587635755539,0.4541344940662384,0.5013206005096436,0.5520716905593872,18109.48183989525
6,16760,25.68560791015625,0.07926053553819656,1.4185818433761597,3.5737357139587402,4.75983901448606e-06,4.759839014486059e-05,0.4999593496322632,0.04509217292070389,0.4313236474990845,0.5018048882484436,0.5613157749176025,18130.026772499084
6,16780,25.011329650878906,0.07569225132465363,1.373711109161377,3.7049944400787354,4.750061979807674e-06,4.7500619798076736e-05,0.5024077296257019,0.04230919107794762,0.45652687549591064,0.5041743516921997,0.560531735420227,18151.004188537598
6,16800,22.549169540405273,0.065110944211483,1.2572317123413086,3.465757369995117,4.740288584999438e-06,4.740288584999438e-05,0.49695050716400146,0.042435310781002045,0.44796115159988403,0.4960848093032837,0.553049623966217,18171.923645734787
6,16820,32.2090950012207,0.1499750167131424,1.3608464002609253,3.603128671646118,4.730518877497122e-06,4.730518877497122e-05,0.4903857707977295,0.04294782131910324,0.43992286920547485,0.4937540888786316,0.549702525138855,18192.409512043
6,16840,22.78227424621582,0.06759174168109894,1.2764118909835815,3.258981466293335,4.720752904718598e-06,4.720752904718598e-05,0.5021742582321167,0.03723720833659172,0.4571858048439026,0.5024092197418213,0.5494271516799927,18213.196442842484
6,16860,31.74904441833496,0.14236482977867126,1.4049066305160522,3.4634957313537598,4.7109907140636175e-06,4.7109907140636174e-05,0.4931127429008484,0.04284936189651489,0.4454606771469116,0.4915665090084076,0.5504608750343323,18233.96160054207
6,16880,28.1485538482666,0.11253610253334045,1.3450407981872559,3.4445366859436035,4.701232352913569e-06,4.701232352913568e-05,0.4937117099761963,0.036559466272592545,0.44963952898979187,0.4932050108909607,0.5450372695922852,18254.157819271088
6,16900,24.45059585571289,0.07695049792528152,1.3128976821899414,3.6265692710876465,4.691477868631254e-06,4.691477868631254e-05,0.49897682666778564,0.04316645860671997,0.4515226483345032,0.49693775177001953,0.5596897602081299,18274.317740917206
6,16920,25.481525421142578,0.09165133535861969,1.2670233249664307,3.6461594104766846,4.6817273085606655e-06,4.681727308560665e-05,0.4944114685058594,0.041887931525707245,0.44222313165664673,0.49394941329956055,0.5570642352104187,18294.902714014053
6,16940,26.847131729125977,0.0948890969157219,1.3952062129974365,3.4061598777770996,4.671980720026739e-06,4.6719807200267386e-05,0.48862218856811523,0.04538340121507645,0.41344887018203735,0.4905029535293579,0.5456627607345581,18315.637412786484
6,16960,26.335838317871094,0.09279138594865799,1.3538424968719482,3.518275022506714,4.662238150335144e-06,4.662238150335144e-05,0.4952603578567505,0.04689345136284828,0.42613548040390015,0.49979180097579956,0.5579914450645447,18336.40060377121
6,16980,28.237152099609375,0.1178324967622757,1.2845020294189453,3.608883857727051,4.652499646772037e-06,4.652499646772037e-05,0.5026826858520508,0.03714650869369507,0.45763900876045227,0.5061039924621582,0.5514209866523743,18356.99937915802
6,17000,34.4908332824707,0.18157604336738586,1.2736910581588745,3.596316337585449,4.642765256603841e-06,4.642765256603841e-05,0.48688626289367676,0.04673483222723007,0.4226211905479431,0.48298126459121704,0.5576672554016113,18377.841712236404
6,17020,34.296669006347656,0.18462646007537842,1.2486251592636108,3.3477704524993896,4.633035027077018e-06,4.633035027077018e-05,0.5044760704040527,0.041424721479415894,0.4512980282306671,0.5080839395523071,0.5584794282913208,18398.74002432823
6,17040,23.011037826538086,0.07202062755823135,1.218018889427185,3.628786087036133,4.623309005417832e-06,4.623309005417831e-05,0.4863438606262207,0.04133470356464386,0.43859049677848816,0.4879014492034912,0.5424630641937256,18419.25575709343
6,17060,31.313199996948242,0.16558918356895447,1.1350034475326538,3.4042470455169678,4.613587238832125e-06,4.613587238832125e-05,0.4985659718513489,0.045347895473241806,0.4412188231945038,0.49999526143074036,0.5637732744216919,18440.34672498703
6,17080,30.298097610473633,0.15232209861278534,1.184070348739624,3.2251832485198975,4.603869774505089e-06,4.603869774505089e-05,0.49515339732170105,0.04134180769324303,0.441792756319046,0.4980917274951935,0.5533310770988464,18461.166130542755
6,17100,22.787364959716797,0.06448689848184586,1.2911503314971924,3.4271726608276367,4.594156659601029e-06,4.594156659601029e-05,0.4999992847442627,0.04003822058439255,0.4525116980075836,0.5008208751678467,0.5487980246543884,18481.58936190605
6,17120,27.950056076049805,0.1172400712966919,1.2899737358093262,3.326310873031616,4.584447941263148e-06,4.5844479412631484e-05,0.499099463224411,0.04062919691205025,0.45819613337516785,0.5011256337165833,0.5558230876922607,18501.9767639637
6,17140,27.49075698852539,0.10699909925460815,1.3354309797286987,3.4365367889404297,4.574743666613304e-06,4.5747436666133036e-05,0.4961737096309662,0.03792845085263252,0.4502040445804596,0.4920961260795593,0.5501754879951477,18522.83124256134
6,17160,22.89742660522461,0.06670643389225006,1.2427648305892944,3.7991347312927246,4.565043882751786e-06,4.565043882751786e-05,0.4986356198787689,0.040768813341856,0.45563703775405884,0.4982723295688629,0.554042398929596,18542.958514213562
6,17180,37.34722137451172,0.21571296453475952,1.223405361175537,3.541870355606079,4.555348636757093e-06,4.555348636757093e-05,0.5029427409172058,0.037677593529224396,0.4636291265487671,0.49958866834640503,0.5465681552886963,18563.098500967026
6,17200,29.544294357299805,0.11520768702030182,1.4523814916610718,3.49971079826355,4.5456579756856936e-06,4.5456579756856936e-05,0.49321550130844116,0.046851903200149536,0.41914060711860657,0.4983642101287842,0.5528202652931213,18583.391623020172
6,17220,33.238975524902344,0.16339322924613953,1.352738380432129,3.372267007827759,4.535971946571807e-06,4.535971946571807e-05,0.49610310792922974,0.03589814528822899,0.4590607285499573,0.4931383728981018,0.549246072769165,18603.953381061554
6,17240,27.881175994873047,0.12174856662750244,1.2208099365234375,3.4982199668884277,4.526290596427168e-06,4.526290596427168e-05,0.4915864169597626,0.049177780747413635,0.4182777404785156,0.49728769063949585,0.55576092004776,18624.565329790115
6,17260,26.549053192138672,0.09345806390047073,1.361644983291626,3.586796998977661,4.516613972240804e-06,4.516613972240804e-05,0.4985826015472412,0.03644826263189316,0.4585043787956238,0.5016034245491028,0.54379802942276,18645.293294906616
6,17280,26.6374454498291,0.0891028493642807,1.4076592922210693,3.6505680084228516,4.506942120978804e-06,4.5069421209788035e-05,0.48724353313446045,0.04461708292365074,0.4156975746154785,0.49306970834732056,0.540700376033783,18665.853250980377
6,17300,35.99528503417969,0.18912023305892944,1.366929531097412,3.4139671325683594,4.497275089584088e-06,4.4972750895840884e-05,0.5036476850509644,0.04085884988307953,0.4526037573814392,0.5052871108055115,0.5574920177459717,18686.35023832321
6,17320,35.67374801635742,0.1830364167690277,1.397547960281372,3.394627809524536,4.487612924976188e-06,4.4876129249761876e-05,0.4957680106163025,0.04493165388703346,0.4254974126815796,0.4971044063568115,0.5548406839370728,18707.139714241028
6,17340,32.251373291015625,0.15026035904884338,1.3865783214569092,3.359555959701538,4.477955674051011e-06,4.477955674051011e-05,0.5031355619430542,0.041126009076833725,0.45875221490859985,0.5050943493843079,0.5545284152030945,18728.014086961746
6,17360,20.839378356933594,0.04265860468149185,1.3038809299468994,3.5347092151641846,4.468303383680617e-06,4.468303383680617e-05,0.5028266906738281,0.04401488974690437,0.4436362385749817,0.5029348731040955,0.5593626499176025,18748.749025583267
6,17380,34.96753692626953,0.17232367396354675,1.3921464681625366,3.8137047290802,4.45865610071299e-06,4.4586561007129894e-05,0.5090901255607605,0.04493150860071182,0.4524121880531311,0.5093127489089966,0.573560357093811,18769.327637434006
6,17400,33.50291061401367,0.1654481291770935,1.334015130996704,3.617948293685913,4.449013871971806e-06,4.449013871971806e-05,0.5067389011383057,0.044205158948898315,0.4575214385986328,0.5039322376251221,0.5673593282699585,18790.246594667435
6,17420,25.04022216796875,0.08931537717580795,1.2336525917053223,3.7721590995788574,4.439376744256217e-06,4.439376744256217e-05,0.5013728737831116,0.044303156435489655,0.4275929927825928,0.500637412071228,0.5633935928344727,18810.675153255463
6,17440,25.335084915161133,0.0912887379527092,1.276677131652832,3.4394400119781494,4.429744764340612e-06,4.4297447643406114e-05,0.5085587501525879,0.044621940702199936,0.4614543318748474,0.5103778839111328,0.5672280192375183,18831.34286379814
6,17460,22.604312896728516,0.056355107575654984,1.3390015363693237,3.578786611557007,4.420117978974394e-06,4.420117978974394e-05,0.5039533376693726,0.037210509181022644,0.4606080651283264,0.5039165616035461,0.5627167820930481,18852.32234764099
6,17480,22.893604278564453,0.06754540652036667,1.2535009384155273,3.6040539741516113,4.410496434881756e-06,4.410496434881756e-05,0.5092566609382629,0.03973020240664482,0.4633043110370636,0.506393551826477,0.5659866333007812,18872.76713371277
6,17500,22.87868881225586,0.05661983788013458,1.365893840789795,3.557765483856201,4.400880178761455e-06,4.400880178761454e-05,0.5014996528625488,0.042631614953279495,0.4467911720275879,0.5046339631080627,0.5540058612823486,18893.319704055786
6,17520,32.26812744140625,0.1685699224472046,1.2070096731185913,3.341036796569824,4.391269257286575e-06,4.391269257286575e-05,0.4922083020210266,0.04335271567106247,0.44249874353408813,0.4946131110191345,0.5412843227386475,18914.257968902588
6,17540,29.200231552124023,0.13527461886405945,1.2237963676452637,3.434805393218994,4.381663717104318e-06,4.381663717104318e-05,0.4984365403652191,0.03783172369003296,0.4596177339553833,0.49878597259521484,0.5541092157363892,18935.05900835991
6,17560,36.50996017456055,0.20460528135299683,1.2523083686828613,3.5263490676879883,4.372063604835757e-06,4.372063604835757e-05,0.4964742660522461,0.04208999127149582,0.44213852286338806,0.4964746832847595,0.5607407093048096,18955.36769104004
6,17580,23.732641220092773,0.06143767759203911,1.397873878479004,3.6101338863372803,4.362468967075629e-06,4.362468967075629e-05,0.4936995506286621,0.04373598098754883,0.42805129289627075,0.4968116283416748,0.5504269599914551,18975.938683271408
6,17600,24.08266830444336,0.07522577047348022,1.2833802700042725,3.7262885570526123,4.3528798503920965e-06,4.352879850392096e-05,0.500193178653717,0.041889630258083344,0.4467521607875824,0.4977748990058899,0.5631601810455322,18996.28565096855
6,17620,40.061187744140625,0.23397204279899597,1.2925798892974854,3.7381856441497803,4.343296301326521e-06,4.34329630132652e-05,0.5067377090454102,0.04146691411733627,0.45560312271118164,0.5107449293136597,0.5571832656860352,19016.71462059021
6,17640,32.18536376953125,0.16335152089595795,1.2345850467681885,3.5043606758117676,4.333718366393248e-06,4.333718366393248e-05,0.5023425817489624,0.0373748280107975,0.4593248963356018,0.5023572444915771,0.5525779128074646,19037.09691476822
6,17660,25.77400779724121,0.09169591963291168,1.3150089979171753,3.45432448387146,4.324146092079373e-06,4.324146092079373e-05,0.49444758892059326,0.04271562770009041,0.42851725220680237,0.4973522424697876,0.5476099848747253,19057.287992239
6,17680,35.46742248535156,0.18594568967819214,1.3294386863708496,3.578467845916748,4.314579524844513e-06,4.3145795248445134e-05,0.49755486845970154,0.048082392662763596,0.42452386021614075,0.49724429845809937,0.5684068202972412,19077.915424108505
6,17700,31.412519454956055,0.14530479907989502,1.337030291557312,3.511735200881958,4.305018711120591e-06,4.3050187111205906e-05,0.49761122465133667,0.039817798882722855,0.4538155794143677,0.49911314249038696,0.5467790365219116,19098.144118785858
7,17720,34.07468795776367,0.18355560302734375,1.2146753072738647,3.5723745822906494,4.295463697311601e-06,4.295463697311601e-05,0.49385151267051697,0.045928992331027985,0.4303869605064392,0.4959281384944916,0.556226909160614,19129.541220664978
7,17740,32.90349578857422,0.17149227857589722,1.2208737134933472,3.545534133911133,4.285914529793391e-06,4.2859145297933906e-05,0.4976821839809418,0.040150463581085205,0.4505992531776428,0.49600517749786377,0.5535937547683716,19150.383016824722
7,17760,22.916650772094727,0.05815815180540085,1.3479812145233154,3.621023654937744,4.276371254913429e-06,4.276371254913429e-05,0.4917561709880829,0.037673383951187134,0.445448100566864,0.4911622405052185,0.5384570360183716,19171.01114678383
7,17780,34.40376281738281,0.1573752909898758,1.5153238773345947,3.512996196746826,4.266833918990582e-06,4.266833918990582e-05,0.49827080965042114,0.04696495085954666,0.4265901744365692,0.5031957030296326,0.5639597177505493,19191.717739343643
7,17800,32.043121337890625,0.14025917649269104,1.4257872104644775,3.7593307495117188,4.257302568314898e-06,4.257302568314898e-05,0.5094826817512512,0.03577500209212303,0.4648882746696472,0.5069953203201294,0.5577919483184814,19212.4544608593
7,17820,27.367862701416016,0.10340109467506409,1.345970630645752,3.568047285079956,4.24777724914737e-06,4.24777724914737e-05,0.49546146392822266,0.04341988265514374,0.4313013553619385,0.4972888231277466,0.5495526790618896,19233.143879652023
7,17840,26.326631546020508,0.08555737882852554,1.4089865684509277,3.681028127670288,4.23825800771972e-06,4.2382580077197195e-05,0.4943719804286957,0.04531383886933327,0.43049168586730957,0.49544990062713623,0.5588551759719849,19253.52295064926
7,17860,24.931438446044922,0.08769936859607697,1.271681785583496,3.4446828365325928,4.228744890234169e-06,4.228744890234169e-05,0.5041155815124512,0.04048166051506996,0.4535389542579651,0.4995213449001312,0.5647577047348022,19274.299684286118
7,17880,21.487812042236328,0.05422595888376236,1.2609838247299194,3.4553773403167725,4.219237942863214e-06,4.219237942863214e-05,0.5072965621948242,0.036067571491003036,0.46830281615257263,0.5038642883300781,0.5591017007827759,19294.96691250801
7,17900,28.300792694091797,0.11875022202730179,1.28347909450531,3.59097957611084,4.209737211749409e-06,4.209737211749409e-05,0.5041084289550781,0.03939177468419075,0.4644193649291992,0.5045521259307861,0.5563682317733765,19315.682645320892
7,17920,28.639097213745117,0.11755265295505524,1.347344160079956,3.4103903770446777,4.200242743005136e-06,4.2002427430051363e-05,0.5028476119041443,0.04360894486308098,0.44775351881980896,0.5065367817878723,0.5587983131408691,19335.09768295288
7,17940,27.524423599243164,0.10021188855171204,1.3861730098724365,3.6415045261383057,4.190754582712378e-06,4.190754582712378e-05,0.5025226473808289,0.04046310856938362,0.45747965574264526,0.5024064779281616,0.555351197719574,19345.91253709793
7,17960,36.227447509765625,0.18496417999267578,1.4045017957687378,3.68601393699646,4.181272776922504e-06,4.1812727769225044e-05,0.5061950087547302,0.04400309920310974,0.45089054107666016,0.5055336356163025,0.5650544166564941,19359.54197692871
7,17980,27.010629653930664,0.10478733479976654,1.3104214668273926,3.4276833534240723,4.171797371656038e-06,4.1717973716560385e-05,0.5044168829917908,0.0396963469684124,0.4668254256248474,0.4989364445209503,0.5620745420455933,19383.46353006363
7,18000,19.89590072631836,0.048964329063892365,1.1389718055725098,3.609747886657715,4.162328412902443e-06,4.162328412902443e-05,0.501765787601471,0.04173918440937996,0.4578036069869995,0.49802690744400024,0.5612426400184631,19407.54846572876
7,18020,31.932083129882812,0.15802153944969177,1.2279188632965088,3.8507421016693115,4.15286594661989e-06,4.152865946619889e-05,0.4889933466911316,0.045945316553115845,0.420734167098999,0.4905456602573395,0.5585488677024841,19431.45727944374
7,18040,29.363143920898438,0.12892335653305054,1.305988073348999,3.410926342010498,4.143410018735037e-06,4.143410018735037e-05,0.4986346960067749,0.04315323010087013,0.4489160478115082,0.49880504608154297,0.555508017539978,19455.705696344376
7,18060,38.99489212036133,0.20926612615585327,1.4495580196380615,3.572697162628174,4.133960675142813e-06,4.1339606751428125e-05,0.5025148987770081,0.04206462576985359,0.4523688554763794,0.49778276681900024,0.5650705099105835,19479.338911294937
7,18080,38.163719177246094,0.20947745442390442,1.3395193815231323,3.82077693939209,4.1245179617061835e-06,4.1245179617061834e-05,0.49723315238952637,0.04038067162036896,0.44852113723754883,0.4972987174987793,0.5561161041259766,19502.72709918022
7,18100,33.130462646484375,0.16610237956047058,1.324082612991333,3.2794013023376465,4.115081924255938e-06,4.1150819242559375e-05,0.4950453042984009,0.04653353616595268,0.4359355568885803,0.4905281662940979,0.5618630647659302,19525.963845729828
7,18120,25.634347915649414,0.086237832903862,1.3536757230758667,3.473806142807007,4.105652608590462e-06,4.105652608590462e-05,0.49200913310050964,0.04122248291969299,0.4430167078971863,0.48982250690460205,0.5455962419509888,19549.300661087036
7,18140,28.5124454498291,0.12812748551368713,1.2075276374816895,3.6244208812713623,4.0962300604755176e-06,4.096230060475517e-05,0.49922436475753784,0.041442692279815674,0.4528239965438843,0.5036593675613403,0.5537307858467102,19572.948637247086
7,18160,24.265548706054688,0.07774461805820465,1.302885890007019,3.4622275829315186,4.086814325644019e-06,4.0868143256440194e-05,0.4970035254955292,0.04546370729804039,0.42033031582832336,0.5016226172447205,0.5544475317001343,19595.796712875366
7,18180,32.22808837890625,0.1434655338525772,1.4249399900436401,3.6321334838867188,4.077405449795814e-06,4.0774054497958134e-05,0.49769076704978943,0.046209897845983505,0.44005146622657776,0.5008301734924316,0.5580343008041382,19618.912970781326
7,18200,24.362985610961914,0.0712924599647522,1.395674467086792,3.2769951820373535,4.068003478597457e-06,4.0680034785974574e-05,0.48381704092025757,0.04145737737417221,0.4290975332260132,0.4857757091522217,0.5422433614730835,19642.431561231613
7,18220,25.339033126831055,0.09457331895828247,1.212649941444397,3.755202054977417,4.058608457681992e-06,4.0586084576819914e-05,0.49985191226005554,0.038745153695344925,0.4473927915096283,0.494983971118927,0.5571116209030151,19666.809631347656
7,18240,22.794601440429688,0.06676054000854492,1.2801473140716553,3.317074775695801,4.04922043264873e-06,4.04922043264873e-05,0.5015978217124939,0.04222121462225914,0.45698821544647217,0.5059061050415039,0.5570303201675415,19690.764441728592
7,18260,22.833765029907227,0.06580838561058044,1.2833722829818726,3.4192020893096924,4.039839449063023e-06,4.039839449063023e-05,0.5060172080993652,0.04031575471162796,0.4581361413002014,0.5011430978775024,0.5606273412704468,19714.01963186264
7,18280,22.31341552734375,0.05407591164112091,1.3484982252120972,3.420841932296753,4.030465552456051e-06,4.0304655524560515e-05,0.5033669471740723,0.0363873653113842,0.46404212713241577,0.5010390281677246,0.549704909324646,19739.006630182266
7,18300,29.77621841430664,0.1377623826265335,1.258481740951538,3.4151611328125,4.021098788324596e-06,4.021098788324597e-05,0.5037258863449097,0.04339267313480377,0.4575500190258026,0.5033209919929504,0.5609776377677917,19763.628907203674
7,18320,38.029136657714844,0.1978895366191864,1.4796419143676758,3.4437644481658936,4.011739202130824e-06,4.011739202130824e-05,0.49325451254844666,0.04369376599788666,0.44576287269592285,0.4924205541610718,0.5515124797821045,19788.098133563995
7,18340,29.10724639892578,0.13323797285556793,1.2496484518051147,3.286964178085327,4.002386839302056e-06,4.0023868393020564e-05,0.49630820751190186,0.03941715136170387,0.4464512765407562,0.49626898765563965,0.5465930700302124,19812.553945541382
7,18360,29.937280654907227,0.1298244595527649,1.3621476888656616,3.3333568572998047,3.993041745230562e-06,3.9930417452305626e-05,0.49486130475997925,0.04311639815568924,0.43778929114341736,0.5018307566642761,0.5416282415390015,19836.553567647934
7,18380,19.701711654663086,0.03942161053419113,1.2122944593429565,3.636605978012085,3.983703965273327e-06,3.983703965273327e-05,0.49719223380088806,0.04062334820628166,0.4486744999885559,0.49777382612228394,0.5538637042045593,19860.357904434204
7,18400,31.725481033325195,0.1405150592327118,1.405179738998413,3.6221773624420166,3.97437354475184e-06,3.9743735447518405e-05,0.4979437291622162,0.04631095379590988,0.4263710081577301,0.5040957927703857,0.5552394390106201,19883.43022298813
7,18420,27.865201950073242,0.10699299722909927,1.3692302703857422,3.473599672317505,3.965050528951867e-06,3.9650505289518677e-05,0.5059670209884644,0.04664602875709534,0.4478650391101837,0.5066971778869629,0.5675656795501709,19907.136256694794
7,18440,33.69853973388672,0.1581476628780365,1.4489673376083374,3.3941004276275635,3.955734963123238e-06,3.955734963123238e-05,0.4981907308101654,0.0493205189704895,0.42795199155807495,0.4978649914264679,0.5601540803909302,19931.232756853104
7,18460,32.88698196411133,0.16273073852062225,1.2874047756195068,3.7398602962493896,3.946426892479621e-06,3.946426892479621e-05,0.501051664352417,0.04911704361438751,0.4155082106590271,0.5037432312965393,0.5596919059753418,19955.24609208107
7,18480,25.53965950012207,0.09484456479549408,1.240952491760254,3.645677089691162,3.9371263621983096e-06,3.9371263621983096e-05,0.4891701638698578,0.04533321410417557,0.4243730902671814,0.49045848846435547,0.5463383197784424,19979.843508958817
7,18500,24.220123291015625,0.07987399399280548,1.2853004932403564,3.379718780517578,3.927833417419996e-06,3.9278334174199955e-05,0.5003316402435303,0.04662327840924263,0.4434589147567749,0.4989515244960785,0.5627791285514832,20004.133184671402
7,18520,24.78887939453125,0.08208566904067993,1.3246678113937378,3.333632707595825,3.918548103248558e-06,3.918548103248558e-05,0.49552756547927856,0.046280864626169205,0.4424331784248352,0.4947673976421356,0.5677371621131897,20028.048667907715
7,18540,30.72842788696289,0.14122998714447021,1.3098869323730469,3.5065600872039795,3.909270464750836e-06,3.9092704647508363e-05,0.4998326003551483,0.04681277275085449,0.4474402070045471,0.4957442879676819,0.5678167343139648,20052.668996810913
7,18560,26.013288497924805,0.09794015437364578,1.2519049644470215,3.700223445892334,3.90000054695642e-06,3.90000054695642e-05,0.5021822452545166,0.05079362913966179,0.44546228647232056,0.5019985437393188,0.5695980787277222,20077.029936552048
7,18580,38.04755401611328,0.2006133794784546,1.4749311208724976,3.236903190612793,3.890738394857422e-06,3.890738394857421e-05,0.49405258893966675,0.04840938374400139,0.4278910160064697,0.49924057722091675,0.5592519044876099,20101.424228429794
7,18600,45.32957077026367,0.2783340513706207,1.4057190418243408,3.438976287841797,3.881484053408264e-06,3.8814840534082634e-05,0.48584574460983276,0.046895626932382584,0.41275709867477417,0.49128228425979614,0.5499247908592224,20126.047940015793
7,18620,19.01797866821289,0.022995121777057648,1.3091574907302856,3.626891851425171,3.8722375675254615e-06,3.872237567525461e-05,0.4952184557914734,0.03907456248998642,0.44169849157333374,0.49843600392341614,0.5409262776374817,20149.882784366608
7,18640,26.03653907775879,0.09943819046020508,1.271094560623169,3.3817756175994873,3.8629989820874e-06,3.8629989820874e-05,0.4965375065803528,0.043546635657548904,0.44070133566856384,0.49883973598480225,0.5509754419326782,20174.472789287567
7,18660,24.341768264770508,0.07262756675481796,1.3468369245529175,3.6106417179107666,3.8537683419341195e-06,3.853768341934119e-05,0.49824750423431396,0.04189649224281311,0.4538230001926422,0.4936142563819885,0.5565817356109619,20198.773086071014
7,18680,23.0186710357666,0.05342775210738182,1.4279751777648926,3.396143674850464,3.844545691867098e-06,3.844545691867098e-05,0.4963040351867676,0.0486065149307251,0.4333884119987488,0.49621182680130005,0.5622303485870361,20222.47641301155
7,18700,22.79168128967285,0.0736946165561676,1.177804946899414,3.6441712379455566,3.835331076649032e-06,3.8353310766490324e-05,0.5045427680015564,0.03904852643609047,0.4550149738788605,0.5023623108863831,0.5600019693374634,20246.06574368477
7,18720,34.76142120361328,0.18434976041316986,1.2752108573913574,3.574338674545288,3.826124541003626e-06,3.826124541003626e-05,0.49821937084198,0.042621634900569916,0.444642573595047,0.4994441270828247,0.5570108890533447,20270.442055940628
7,18740,27.700624465942383,0.12197579443454742,1.2178834676742554,3.324208974838257,3.816926129615359e-06,3.816926129615359e-05,0.49175041913986206,0.04550650715827942,0.4385516047477722,0.49029505252838135,0.5537469387054443,20294.422287464142
7,18760,19.77696990966797,0.04299955442547798,1.198256254196167,3.494452476501465,3.8077358871292867e-06,3.8077358871292866e-05,0.5005680918693542,0.0426289439201355,0.4549104571342468,0.49999749660491943,0.5581150650978088,20318.525333881378
7,18780,36.92021179199219,0.2114412784576416,1.2203539609909058,3.572542667388916,3.798553858150816e-06,3.798553858150816e-05,0.48842939734458923,0.037861406803131104,0.44384169578552246,0.48794546723365784,0.5259979963302612,20342.41905260086
7,18800,36.28925323486328,0.20717358589172363,1.209057331085205,3.4813218116760254,3.7893800872454845e-06,3.7893800872454845e-05,0.49684596061706543,0.03541984036564827,0.45898330211639404,0.50037682056427,0.5444878935813904,20366.813777923584
7,18820,29.878868103027344,0.13586771488189697,1.2855221033096313,3.4368770122528076,3.780214618938754e-06,3.7802146189387535e-05,0.5014030337333679,0.044785670936107635,0.4523051083087921,0.4998232126235962,0.5676456689834595,20391.472519397736
7,18840,29.507051467895508,0.13390785455703735,1.2528564929962158,3.5877010822296143,3.771057497715786e-06,3.771057497715786e-05,0.4983782172203064,0.04767559841275215,0.4293495714664459,0.5027262568473816,0.5580774545669556,20416.39174580574
7,18860,23.29077911376953,0.08038520812988281,1.1428236961364746,3.824021100997925,3.7619087680212283e-06,3.7619087680212287e-05,0.502467930316925,0.04265153780579567,0.45377907156944275,0.4995381832122803,0.5581953525543213,20441.22713303566
7,18880,24.400596618652344,0.07237114012241364,1.3735030889511108,3.4284520149230957,3.752768474259004e-06,3.7527684742590044e-05,0.4958368241786957,0.042886074632406235,0.45065581798553467,0.49727004766464233,0.5512186884880066,20465.77908706665
7,18900,28.694480895996094,0.11595675349235535,1.3848705291748047,3.2500996589660645,3.7436366607920877e-06,3.743636660792087e-05,0.4999943971633911,0.04354159161448479,0.45270636677742004,0.4992184638977051,0.5644040107727051,20490.045911073685
7,18920,22.970979690551758,0.061303939670324326,1.3280627727508545,3.559957981109619,3.7345133719422944e-06,3.734513371942294e-05,0.5079810619354248,0.04082789644598961,0.46190619468688965,0.49977046251296997,0.5672802329063416,20514.490341186523
7,18940,32.13068389892578,0.1582511067390442,1.2676477432250977,3.6290974617004395,3.7253986519900674e-06,3.725398651990067e-05,0.5018391609191895,0.04675658792257309,0.44014009833335876,0.5005090236663818,0.5657780170440674,20538.932888031006
7,18960,34.29866027832031,0.1664658784866333,1.4237072467803955,3.41500186920166,3.716292545174257e-06,3.716292545174257e-05,0.508625328540802,0.044963378459215164,0.45381075143814087,0.5104104280471802,0.5696877241134644,20563.59108018875
7,18980,27.973817825317383,0.12322114408016205,1.2116036415100098,3.535667896270752,3.707195095691913e-06,3.707195095691913e-05,0.5069329142570496,0.042593833059072495,0.4530563950538635,0.5032934546470642,0.5651657581329346,20588.233021497726
7,19000,28.386972427368164,0.11958914250135422,1.2862379550933838,3.5656790733337402,3.698106347698063e-06,3.6981063476980634e-05,0.4983998239040375,0.04524066299200058,0.44447439908981323,0.4954243302345276,0.5629246234893799,20612.874626636505
7,19020,25.44390869140625,0.0952632874250412,1.2361457347869873,3.556121349334717,3.6890263453055035e-06,3.6890263453055034e-05,0.49498602747917175,0.041776083409786224,0.44598186016082764,0.49542364478111267,0.5529041886329651,20637.198033571243
7,19040,29.92984390258789,0.13494354486465454,1.3035367727279663,3.4001214504241943,3.679955132584583e-06,3.679955132584583e-05,0.4946293830871582,0.043540775775909424,0.4456915855407715,0.487995982170105,0.5653213262557983,20661.514256477356
7,19060,23.20502471923828,0.07224134355783463,1.2425726652145386,3.5551652908325195,3.6708927535629857e-06,3.6708927535629853e-05,0.495572030544281,0.04987253621220589,0.4249492883682251,0.502710223197937,0.5605820417404175,20678.453943490982
7,19080,33.068416595458984,0.1549050360918045,1.4081273078918457,3.496640205383301,3.6618392522255254e-06,3.661839252225525e-05,0.49487727880477905,0.03895902633666992,0.45393088459968567,0.4912424385547638,0.5500463247299194,20689.58854007721
7,19100,28.439838409423828,0.12769295275211334,1.2423839569091797,3.246704578399658,3.6527946725139247e-06,3.652794672513925e-05,0.4989948272705078,0.04394284635782242,0.4493268132209778,0.49938735365867615,0.5593143105506897,20708.000190734863
7,19120,27.56923484802246,0.12197335809469223,1.2105423212051392,3.266475200653076,3.643759058326607e-06,3.6437590583266065e-05,0.49565133452415466,0.04413028061389923,0.4328240752220154,0.4941151738166809,0.5537582635879517,20729.226511478424
7,19140,29.081501007080078,0.1150049939751625,1.409009337425232,3.490908145904541,3.6347324535184803e-06,3.63473245351848e-05,0.4991631507873535,0.049915969371795654,0.42345988750457764,0.4987591505050659,0.5653412342071533,20750.518824100494
7,19160,22.341569900512695,0.04874616116285324,1.4075517654418945,3.3914356231689453,3.625714901900722e-06,3.625714901900722e-05,0.4947919547557831,0.044059447944164276,0.4449630081653595,0.49532875418663025,0.5491169095039368,20771.57176756859
7,19180,22.4117431640625,0.06574710458517075,1.2660688161849976,3.176344156265259,3.616706447240573e-06,3.616706447240573e-05,0.4901162087917328,0.047814615070819855,0.42904001474380493,0.4943203926086426,0.5572580099105835,20792.588858366013
7,19200,29.69586944580078,0.12691757082939148,1.3428380489349365,3.5757315158843994,3.6077071332611213e-06,3.607707133261121e-05,0.4904784560203552,0.03819851949810982,0.4417121410369873,0.49237656593322754,0.547376275062561,20813.613550424576
7,19220,30.86294174194336,0.15456444025039673,1.179249882698059,3.6139988899230957,3.598717003641086e-06,3.598717003641086e-05,0.49085360765457153,0.043140485882759094,0.44073981046676636,0.48405274748802185,0.5552915334701538,20833.922756433487
7,19240,21.642852783203125,0.057130150496959686,1.2318557500839233,3.611280918121338,3.5897361020146156e-06,3.589736102014615e-05,0.4873172640800476,0.04923109710216522,0.41343528032302856,0.489313006401062,0.5548511743545532,20844.723993062973
7,19260,30.87946128845215,0.14239725470542908,1.3072408437728882,3.5673277378082275,3.580764471971063e-06,3.5807644719710634e-05,0.49619972705841064,0.045214783400297165,0.4409279525279999,0.4891032576560974,0.5611639618873596,20855.528188228607
7,19280,31.49982452392578,0.14433526992797852,1.348036766052246,3.585930109024048,3.571802157054787e-06,3.5718021570547864e-05,0.4896504282951355,0.047136686742305756,0.435762494802475,0.48886242508888245,0.5576821565628052,20866.338825941086
7,19300,32.019065856933594,0.15475569665431976,1.3146401643753052,3.397094488143921,3.5628492007649306e-06,3.562849200764931e-05,0.49026036262512207,0.04788700491189957,0.43015995621681213,0.4922761917114258,0.5512485504150391,20877.148923397064
7,19320,31.61025619506836,0.15881595015525818,1.210799217224121,3.620671272277832,3.5539056465552203e-06,3.55390564655522e-05,0.49536848068237305,0.04597894474864006,0.4352203607559204,0.4987385869026184,0.5577202439308167,20887.962679624557
7,19340,24.417083740234375,0.06686603277921677,1.419357180595398,3.5369091033935547,3.5449715378337387e-06,3.5449715378337384e-05,0.49978572130203247,0.04550391808152199,0.442446768283844,0.5009849071502686,0.5599436163902283,20898.775287866592
7,19360,34.607872009277344,0.18061918020248413,1.311331033706665,3.4326446056365967,3.5360469179627355e-06,3.536046917962735e-05,0.4958574175834656,0.04378021880984306,0.4437558054924011,0.4938070774078369,0.5605759620666504,20909.59201478958
7,19380,18.079158782958984,0.022530358284711838,1.2095093727111816,3.731029748916626,3.527131830258395e-06,3.527131830258395e-05,0.4934995174407959,0.03641119226813316,0.45147114992141724,0.4959847927093506,0.5359379053115845,20920.418808698654
7,19400,22.08992576599121,0.054087962955236435,1.3254764080047607,3.4263651371002197,3.518226317990646e-06,3.518226317990645e-05,0.5023054480552673,0.039004530757665634,0.4661591649055481,0.5012253522872925,0.5602236986160278,20931.240744113922
7,19420,22.659137725830078,0.05938044190406799,1.3081310987472534,3.6397812366485596,3.5093304243829375e-06,3.509330424382937e-05,0.49259376525878906,0.046164918690919876,0.4474182724952698,0.4960905909538269,0.5555689334869385,20942.06508898735
7,19440,27.961467742919922,0.10551528632640839,1.4103949069976807,3.3059892654418945,3.500444192612032e-06,3.500444192612032e-05,0.4987369179725647,0.04945988953113556,0.4235036373138428,0.4997643232345581,0.5624687671661377,20952.88895702362
7,19460,24.559099197387695,0.08696523308753967,1.2343840599060059,3.51873517036438,3.491567665807802e-06,3.491567665807802e-05,0.4861898422241211,0.049370232969522476,0.40502679347991943,0.4922247529029846,0.543830394744873,20963.709536075592
7,19480,25.544212341308594,0.09077923744916916,1.2902891635894775,3.5633957386016846,3.482700887053015e-06,3.482700887053015e-05,0.4940526485443115,0.039369143545627594,0.4480694532394409,0.4924611449241638,0.5496842861175537,20974.528009176254
7,19500,26.60080337524414,0.10460379719734192,1.2815487384796143,3.3249363899230957,3.4738438993831225e-06,3.473843899383122e-05,0.4931122064590454,0.04483223333954811,0.44561412930488586,0.49196964502334595,0.555061936378479,20985.350632190704
7,19520,38.329307556152344,0.21021756529808044,1.3570611476898193,3.736936569213867,3.4649967457860616e-06,3.4649967457860615e-05,0.5050481557846069,0.036620642989873886,0.46103179454803467,0.5026781558990479,0.558363139629364,20996.176737070084
7,19540,27.584716796875,0.10725076496601105,1.3562049865722656,3.297591209411621,3.4561594692020295e-06,3.4561594692020295e-05,0.49773716926574707,0.04184088483452797,0.4507105350494385,0.49437668919563293,0.5592131614685059,21006.998282432556
7,19560,25.717544555664062,0.0901520848274231,1.3343113660812378,3.3592214584350586,3.4473321125232923e-06,3.447332112523292e-05,0.49533408880233765,0.04414566233754158,0.44702520966529846,0.4868554174900055,0.561980664730072,21017.814534902573
7,19580,33.00228500366211,0.15168397128582,1.4371188879013062,3.4627013206481934,3.4385147185939683e-06,3.438514718593968e-05,0.4969988465309143,0.04996222257614136,0.43908512592315674,0.49961763620376587,0.5689375996589661,21028.633376598358
7,19600,25.38135528564453,0.08739227056503296,1.3170368671417236,3.4717600345611572,3.4297073302098156e-06,3.4297073302098156e-05,0.49584001302719116,0.04347950220108032,0.44467735290527344,0.4964674115180969,0.555077314376831,21039.46254301071
7,19620,24.102367401123047,0.09084056317806244,1.1579456329345703,3.438854217529297,3.4209099901180363e-06,3.420909990118036e-05,0.49761343002319336,0.04131357744336128,0.45041418075561523,0.4953819811344147,0.5613095760345459,21050.282629728317
7,19640,24.483003616333008,0.07902516424655914,1.3161020278930664,3.4194657802581787,3.4121227410170602e-06,3.4121227410170604e-05,0.4963347911834717,0.04728451371192932,0.4480111002922058,0.4944203495979309,0.5674169659614563,21061.10307073593
7,19660,21.85047721862793,0.06568348407745361,1.1908447742462158,3.3736824989318848,3.4033456255563366e-06,3.403345625556337e-05,0.4965512752532959,0.041395798325538635,0.45357653498649597,0.49802497029304504,0.560143232345581,21071.92501449585
7,19680,22.2879638671875,0.06412428617477417,1.24551522731781,3.4203834533691406,3.3945786863361375e-06,3.3945786863361375e-05,0.49755585193634033,0.04610063135623932,0.4407773017883301,0.49691227078437805,0.5637013912200928,21082.752176761627
7,19700,21.97201156616211,0.05246568098664284,1.3246948719024658,3.478494644165039,3.385821965907335e-06,3.385821965907335e-05,0.4902791976928711,0.04413529857993126,0.42809587717056274,0.4925108551979065,0.5502244234085083,21093.57053232193
7,19720,20.64100456237793,0.048584796488285065,1.257965087890625,3.202875852584839,3.3770755067712113e-06,3.3770755067712114e-05,0.4972552955150604,0.03699345886707306,0.4534229636192322,0.49209895730018616,0.5525418519973755,21104.398289442062
7,19740,27.15944480895996,0.10429525375366211,1.307926893234253,3.6506502628326416,3.368339351379243e-06,3.368339351379243e-05,0.499223530292511,0.04169856756925583,0.445075124502182,0.5027902722358704,0.5462633371353149,21115.222074747086
7,19760,33.24418640136719,0.16604965925216675,1.334559440612793,3.2936253547668457,3.359613542132893e-06,3.359613542132893e-05,0.4860544800758362,0.04682440683245659,0.4204050898551941,0.4911491870880127,0.5484368205070496,21126.05007338524
7,19780,28.72617530822754,0.12373010814189911,1.3127347230911255,3.2258174419403076,3.3508981213834114e-06,3.350898121383411e-05,0.5021175742149353,0.04709947109222412,0.4444923996925354,0.5015032291412354,0.5629938840866089,21136.874735593796
7,19800,28.97020721435547,0.11630219966173172,1.405219554901123,3.287792682647705,3.342193131431629e-06,3.342193131431629e-05,0.4954490661621094,0.04200073331594467,0.4415028989315033,0.49878543615341187,0.5479212999343872,21147.699344158173
7,19820,30.366531372070312,0.1378466933965683,1.313158392906189,3.45028018951416,3.333498614527749e-06,3.3334986145277494e-05,0.4884636104106903,0.04682936891913414,0.4353131949901581,0.4879083037376404,0.5538156032562256,21158.51975274086
7,19840,32.74290466308594,0.1712104231119156,1.2092326879501343,3.529536485671997,3.3248146128711408e-06,3.32481461287114e-05,0.5004717111587524,0.0429263561964035,0.4505106210708618,0.495836079120636,0.5582268238067627,21169.345873832703
7,19860,24.76992416381836,0.07418067753314972,1.3926481008529663,3.425375461578369,3.316141168610136e-06,3.3161411686101364e-05,0.495760440826416,0.04974235221743584,0.4272160530090332,0.5013014078140259,0.5593568086624146,21180.17774605751
7,19880,31.196142196655273,0.1396769881248474,1.3865039348602295,3.3634033203125,3.307478323841831e-06,3.3074783238418305e-05,0.4971080720424652,0.044367946684360504,0.44425010681152344,0.4957273006439209,0.5548713803291321,21191.002781152725
7,19900,25.473617553710938,0.1043047234416008,1.1687593460083008,3.3555517196655273,3.298826120611875e-06,3.298826120611875e-05,0.4894290566444397,0.04547210410237312,0.42033377289772034,0.4912090599536896,0.5468279123306274,21201.82594871521
7,19920,26.74129295349121,0.10345639288425446,1.2911657094955444,3.4839961528778076,3.2901846009142623e-06,3.2901846009142626e-05,0.5013980269432068,0.04524030163884163,0.4497992992401123,0.49627685546875,0.5620583295822144,21212.647413253784
7,19940,25.405059814453125,0.09126994013786316,1.287821650505066,3.3998491764068604,3.2815538066911416e-06,3.281553806691142e-05,0.49138307571411133,0.04004281014204025,0.45083725452423096,0.48429611325263977,0.5523316264152527,21223.46696138382
7,19960,24.336631774902344,0.08139843493700027,1.3128794431686401,3.067993640899658,3.2729337798326015e-06,3.272933779832602e-05,0.5058707594871521,0.03830666095018387,0.461849182844162,0.5035780668258667,0.5581451058387756,21234.28908586502
7,19980,22.184986114501953,0.05726531147956848,1.2810229063034058,3.648226022720337,3.264324562176472e-06,3.264324562176472e-05,0.4975009858608246,0.043520841747522354,0.4527345597743988,0.4942643344402313,0.561111569404602,21245.1132209301
7,20000,25.763830184936523,0.09734654426574707,1.2668085098266602,3.3610894680023193,3.2557261955081167e-06,3.255726195508116e-05,0.5017433166503906,0.04066982865333557,0.4582633972167969,0.4985315203666687,0.5643683671951294,21255.938514471054
7,20020,33.78368377685547,0.16962319612503052,1.3441483974456787,3.37988018989563,3.2471387215602348e-06,3.247138721560234e-05,0.4968529939651489,0.046625733375549316,0.42695802450180054,0.4989966154098511,0.5521807670593262,21266.76108288765
7,20040,32.539283752441406,0.16902092099189758,1.2218382358551025,3.4188084602355957,3.2385621820126573e-06,3.2385621820126574e-05,0.49941617250442505,0.03837089613080025,0.4545338749885559,0.49816861748695374,0.5556895732879639,21277.592724084854
7,20060,25.251142501831055,0.08951759338378906,1.3018786907196045,3.2805960178375244,3.2299966184921475e-06,3.2299966184921475e-05,0.5021699666976929,0.0394008606672287,0.4615485668182373,0.496304988861084,0.561715304851532,21288.42709326744
7,20080,28.34653663635254,0.12479905784130096,1.2812495231628418,3.054136276245117,3.22144207257219e-06,3.22144207257219e-05,0.4933880567550659,0.045591503381729126,0.42980894446372986,0.48896241188049316,0.5572699308395386,21299.2514193058
7,20100,30.281585693359375,0.1568739414215088,1.1145145893096924,3.4490480422973633,3.212898585772799e-06,3.212898585772799e-05,0.48901790380477905,0.04302021488547325,0.44301730394363403,0.4873148202896118,0.5501093864440918,21310.07938504219
7,20120,21.190448760986328,0.05610377714037895,1.206077218055725,3.5192995071411133,3.204366199560311e-06,3.204366199560311e-05,0.5054439306259155,0.04297471418976784,0.4588426947593689,0.5038620233535767,0.5648041367530823,21320.904097557068
7,20140,31.01013946533203,0.14055562019348145,1.3447387218475342,3.5071916580200195,3.1958449553471875e-06,3.1958449553471876e-05,0.49799761176109314,0.046645816415548325,0.44214773178100586,0.49912965297698975,0.5642538070678711,21331.734162569046
7,20160,25.47711944580078,0.09283401072025299,1.2682604789733887,3.5111122131347656,3.1873348944918074e-06,3.187334894491808e-05,0.4927893579006195,0.04625699669122696,0.43109697103500366,0.49018940329551697,0.5674028396606445,21342.563712120056
7,20180,25.391061782836914,0.09781546890735626,1.2150475978851318,3.4590389728546143,3.1788360582982717e-06,3.178836058298272e-05,0.5010596513748169,0.044387247413396835,0.45563584566116333,0.4991624355316162,0.5571928024291992,21353.39535188675
7,20200,25.281095504760742,0.08947062492370605,1.2722680568695068,3.6113524436950684,3.170348488016205e-06,3.170348488016205e-05,0.5008333921432495,0.04328136518597603,0.4530565142631531,0.4969363808631897,0.5617251992225647,21364.211667776108
7,20220,23.86760902404785,0.060614198446273804,1.4506371021270752,3.2998180389404297,3.1618722248405504e-06,3.16187222484055e-05,0.4908907413482666,0.03770335763692856,0.4453084468841553,0.4917282462120056,0.538049578666687,21375.032068490982
7,20240,16.45965003967285,0.006948645226657391,1.2511184215545654,3.2536003589630127,3.1534073099113675e-06,3.1534073099113676e-05,0.5071216821670532,0.045864708721637726,0.4376225471496582,0.5076857805252075,0.5660221576690674,21385.857267141342
7,20260,33.89085006713867,0.18104350566864014,1.2240030765533447,3.5464704036712646,3.1449537843136423e-06,3.1449537843136425e-05,0.510568380355835,0.04211968928575516,0.4665665030479431,0.5123995542526245,0.564083993434906,21396.670923948288
7,20280,20.320432662963867,0.05080757290124893,1.196698546409607,3.2726893424987793,3.1365116890770786e-06,3.136511689077079e-05,0.4996434152126312,0.0467289574444294,0.42855313420295715,0.49907755851745605,0.5642722249031067,21407.484194993973
7,20300,20.585323333740234,0.04691602662205696,1.25685715675354,3.325148820877075,3.1280810651759054e-06,3.128081065175905e-05,0.49581533670425415,0.04000066965818405,0.4517914950847626,0.49812737107276917,0.538159191608429,21418.303441524506
7,20320,32.40098190307617,0.163338765501976,1.2727322578430176,3.3397839069366455,3.1196619535286704e-06,3.1196619535286704e-05,0.4996698796749115,0.048115212470293045,0.427444726228714,0.5031655430793762,0.562103807926178,21429.1154153347
7,20340,27.50321388244629,0.10100054740905762,1.400057315826416,3.4025862216949463,3.111254394998047e-06,3.111254394998047e-05,0.4957472085952759,0.04527760669589043,0.44592177867889404,0.4920104742050171,0.5578162670135498,21439.93190741539
7,20360,23.161836624145508,0.06589014828205109,1.2950479984283447,3.622343063354492,3.1028584303906374e-06,3.1028584303906374e-05,0.4912486970424652,0.041584283113479614,0.4363933205604553,0.49125856161117554,0.5437313318252563,21450.74808239937
7,20380,22.570289611816406,0.05401361733675003,1.3570045232772827,3.5988829135894775,3.094474100456769e-06,3.094474100456769e-05,0.4860929846763611,0.038932524621486664,0.4340181350708008,0.49030500650405884,0.5325080752372742,21461.572456121445
7,20400,23.309837341308594,0.07595194876194,1.2522916793823242,3.191725730895996,3.0861014458903045e-06,3.086101445890304e-05,0.49268579483032227,0.047005198895931244,0.43145042657852173,0.4933090806007385,0.5642370581626892,21472.40042448044
7,20420,44.56757736206055,0.27071094512939453,1.400460958480835,3.491870164871216,3.0777405073284326e-06,3.077740507328433e-05,0.49497509002685547,0.0507880263030529,0.43289119005203247,0.4959137439727783,0.5636510848999023,21483.225190401077
7,20440,27.908823013305664,0.11723039299249649,1.3111134767532349,3.0746476650238037,3.0693913253514822e-06,3.069391325351482e-05,0.49544715881347656,0.03672380745410919,0.4543627202510834,0.49489209055900574,0.5471794605255127,21494.05050420761
7,20460,25.303842544555664,0.09773510694503784,1.2074512243270874,3.455820083618164,3.061053940482721e-06,3.061053940482721e-05,0.502281904220581,0.0346284843981266,0.4614490866661072,0.5028929114341736,0.5456957221031189,21504.876984119415
7,20480,22.522533416748047,0.06854182481765747,1.2040315866470337,3.628035545349121,3.052728393188157e-06,3.052728393188157e-05,0.5058243870735168,0.03975994884967804,0.46039608120918274,0.5023385882377625,0.5626646280288696,21515.70177102089
7,20500,28.918458938598633,0.12085908651351929,1.3584356307983398,3.2481932640075684,3.0444147238763417e-06,3.0444147238763416e-05,0.4914211928844452,0.040972352027893066,0.44641971588134766,0.4903028607368469,0.5513989925384521,21526.53329396248
7,20520,29.905006408691406,0.1435161828994751,1.2241766452789307,3.311622142791748,3.0361129728981803e-06,3.0361129728981802e-05,0.4945918023586273,0.04342298582196236,0.44252753257751465,0.4956378936767578,0.554222583770752,21537.360587596893
7,20540,22.833293914794922,0.06566955149173737,1.2897976636886597,3.368361473083496,3.0278231805467317e-06,3.0278231805467315e-05,0.5108166933059692,0.03673667460680008,0.47146713733673096,0.5081968903541565,0.5637209415435791,21548.178513288498
7,20560,23.528583526611328,0.06318125128746033,1.3850407600402832,3.3600499629974365,3.019545387057011e-06,3.0195453870570106e-05,0.5066477060317993,0.04920400679111481,0.42668747901916504,0.5124177932739258,0.5658813714981079,21559.269657850266
7,20580,27.156352996826172,0.0931951180100441,1.4130362272262573,3.7064783573150635,3.011279632605793e-06,3.011279632605793e-05,0.49806031584739685,0.05176972597837448,0.42090904712677,0.5004087686538696,0.5596600770950317,21570.091475486755
7,20600,24.578500747680664,0.07991883158683777,1.3306434154510498,3.280183792114258,3.0030259573114264e-06,3.003025957311426e-05,0.4984736144542694,0.04311124235391617,0.4374246597290039,0.4991915822029114,0.560381293296814,21580.91106390953
7,20620,30.659435272216797,0.14601683616638184,1.2657052278518677,3.400700569152832,2.9947844012336296e-06,2.9947844012336295e-05,0.501394510269165,0.04457896202802658,0.45354944467544556,0.5011053085327148,0.5688633322715759,21591.73499393463
7,20640,26.234180450439453,0.09402015805244446,1.3159713745117188,3.6724510192871094,2.9865550043733033e-06,2.986555004373303e-05,0.5033766031265259,0.04128929600119591,0.4674454927444458,0.5048846006393433,0.5522948503494263,21602.554223537445
7,20660,25.786155700683594,0.10776369273662567,1.1550374031066895,3.4594125747680664,2.9783378066723227e-06,2.9783378066723228e-05,0.5048014521598816,0.04422402381896973,0.446027934551239,0.5080711841583252,0.5622428059577942,21613.37558913231
8,20680,23.335186004638672,0.07033468782901764,1.2884290218353271,3.417426824569702,2.9701328480133656e-06,2.9701328480133656e-05,0.5019161701202393,0.04391685500741005,0.4480494260787964,0.5032263398170471,0.5606480836868286,21635.530173540115
8,20700,20.121849060058594,0.033639244735240936,1.3639434576034546,3.1184909343719482,2.961940168219699e-06,2.961940168219699e-05,0.49270638823509216,0.044746022671461105,0.43564721941947937,0.4910431504249573,0.5581485033035278,21646.35320186615
8,20720,24.87518310546875,0.09941547363996506,1.1694307327270508,3.239328145980835,2.9537598070550004e-06,2.9537598070550005e-05,0.49235329031944275,0.04264100641012192,0.4424779713153839,0.49423903226852417,0.5542870759963989,21657.16914319992
8,20740,28.138675689697266,0.1282031089067459,1.185903787612915,3.4593284130096436,2.94559180422315e-06,2.94559180422315e-05,0.4897473454475403,0.04475397616624832,0.42886483669281006,0.487979918718338,0.537529706954956,21667.981792211533
8,20760,24.028976440429688,0.07906800508499146,1.283288598060608,3.289290428161621,2.9374361993680516e-06,2.9374361993680515e-05,0.49196192622184753,0.04110186919569969,0.4327213764190674,0.4925520420074463,0.538987398147583,21678.804372787476
8,20780,24.139535903930664,0.06877706199884415,1.37210214138031,3.5408072471618652,2.9292930320734337e-06,2.9292930320734335e-05,0.4954448342323303,0.03822725638747215,0.45091623067855835,0.49640095233917236,0.5499087572097778,21689.625727653503
8,20800,25.77718162536621,0.0994017943739891,1.2463198900222778,3.3738045692443848,2.9211623418626617e-06,2.9211623418626616e-05,0.4956147074699402,0.04108421877026558,0.4505358040332794,0.4994666576385498,0.5514795780181885,21700.457322835922
8,20820,29.461732864379883,0.14084970951080322,1.2069170475006104,3.3075921535491943,2.9130441681985306e-06,2.9130441681985305e-05,0.4986498951911926,0.04248069226741791,0.45391714572906494,0.49652379751205444,0.5645601749420166,21711.283482551575
8,20840,20.66444969177246,0.03787415847182274,1.3294456005096436,3.582576036453247,2.9049385504830987e-06,2.9049385504830985e-05,0.5038425326347351,0.04018601030111313,0.45793771743774414,0.506466269493103,0.556107759475708,21722.13919186592
8,20860,24.1055908203125,0.08481937646865845,1.2230615615844727,3.393037796020508,2.8968455280574775e-06,2.8968455280574774e-05,0.5027758479118347,0.043362680822610855,0.45114970207214355,0.4965331256389618,0.561370313167572,21732.96691441536
8,20880,27.898197174072266,0.12055141478776932,1.236133337020874,3.4817216396331787,2.8887651402016505e-06,2.88876514020165e-05,0.4927303194999695,0.05035019293427467,0.42688965797424316,0.4911764860153198,0.5647708773612976,21743.802271842957
8,20900,44.86685562133789,0.2806897759437561,1.3556721210479736,3.2411587238311768,2.8806974261342704e-06,2.88069742613427e-05,0.506926953792572,0.04294579103589058,0.4606100022792816,0.5032453536987305,0.5641547441482544,21754.63175845146
8,20920,21.94121551513672,0.05300343409180641,1.3123779296875,3.517094612121582,2.8726424250124847e-06,2.8726424250124844e-05,0.5053447484970093,0.03724423795938492,0.46295875310897827,0.5055506229400635,0.5562106370925903,21765.46218729019
8,20940,25.89303207397461,0.09456707537174225,1.3069720268249512,3.3666043281555176,2.8646001759317337e-06,2.864600175931734e-05,0.4958387613296509,0.04222259297966957,0.44626471400260925,0.4920295476913452,0.5598136186599731,21776.29140353203
8,20960,29.748332977294922,0.13494972884655,1.2833260297775269,3.4200992584228516,2.85657071792557e-06,2.85657071792557e-05,0.49602240324020386,0.04613804444670677,0.4449169337749481,0.4920341670513153,0.5621682405471802,21787.119529008865
8,20980,33.415306091308594,0.16465669870376587,1.370579719543457,3.2438385486602783,2.8485540899654574e-06,2.8485540899654574e-05,0.49555084109306335,0.04594257101416588,0.43090784549713135,0.5026915669441223,0.5537654161453247,21797.940425395966
8,21000,24.0853214263916,0.0833008661866188,1.23578679561615,3.3973681926727295,2.8405503309605896e-06,2.8405503309605896e-05,0.5047022104263306,0.03715789318084717,0.4653790593147278,0.5032503008842468,0.5586631298065186,21808.766489982605
8,21020,24.525447845458984,0.07856424152851105,1.3108800649642944,3.560222625732422,2.8325594797577034e-06,2.8325594797577034e-05,0.5001237392425537,0.04048769548535347,0.4567764401435852,0.4954652786254883,0.5590202808380127,21819.59206342697
8,21040,19.875139236450195,0.039400454610586166,1.2590992450714111,3.3441035747528076,2.8245815751408855e-06,2.8245815751408854e-05,0.49624499678611755,0.0406082347035408,0.45038166642189026,0.4963710308074951,0.5521632432937622,21830.418049812317
8,21060,26.09900665283203,0.0913211852312088,1.3803644180297852,3.1632449626922607,2.816616655831383e-06,2.8166166558313827e-05,0.49562662839889526,0.045351799577474594,0.4428690969944,0.496035635471344,0.5577125549316406,21841.24625635147
8,21080,30.96282196044922,0.14836132526397705,1.2775986194610596,3.3507046699523926,2.808664760487421e-06,2.8086647604874205e-05,0.4986581802368164,0.046854015439748764,0.4391680061817169,0.5005767345428467,0.5608119964599609,21852.07421016693
8,21100,27.191608428955078,0.10994083434343338,1.2958130836486816,3.2393951416015625,2.8007259277040113e-06,2.800725927704011e-05,0.5046823024749756,0.04531412944197655,0.45428162813186646,0.4988355040550232,0.5672674179077148,21862.90181517601
8,21120,23.435150146484375,0.07477374374866486,1.2624139785766602,3.333635091781616,2.792800196012766e-06,2.792800196012766e-05,0.5015455484390259,0.042690709233284,0.45675379037857056,0.4957268536090851,0.5622897148132324,21873.728039741516
8,21140,20.204580307006836,0.03905750811100006,1.2793139219284058,3.505690336227417,2.7848876038817095e-06,2.7848876038817095e-05,0.49523553252220154,0.03976975381374359,0.45075464248657227,0.49985265731811523,0.5383918285369873,21884.556853055954
8,21160,24.947891235351562,0.08216572552919388,1.3088382482528687,3.642937421798706,2.7769881897150903e-06,2.7769881897150902e-05,0.49897560477256775,0.04295625537633896,0.44859179854393005,0.5030319690704346,0.5499606132507324,21895.38290834427
8,21180,40.8995361328125,0.24801728129386902,1.2728630304336548,3.3691790103912354,2.7691019918532015e-06,2.7691019918532013e-05,0.49863681197166443,0.05007832124829292,0.4223451614379883,0.4977439045906067,0.5629043579101562,21906.20606803894
8,21200,23.91130256652832,0.06867692619562149,1.3812246322631836,3.231363296508789,2.761229048572187e-06,2.761229048572187e-05,0.49258631467819214,0.04543567821383476,0.4266497790813446,0.4930471181869507,0.558804452419281,21917.033069610596
8,21220,25.745010375976562,0.09818274527788162,1.2441685199737549,3.485050678253174,2.7533693980838617e-06,2.7533693980838614e-05,0.5058119297027588,0.038053229451179504,0.46689414978027344,0.5033823251724243,0.5635116696357727,21927.863386392593
8,21240,29.083799362182617,0.12150044739246368,1.3574256896972656,3.35949969291687,2.745523078535517e-06,2.745523078535517e-05,0.5026708245277405,0.04456070438027382,0.4528598189353943,0.5014106035232544,0.5694012641906738,21938.69224834442
8,21260,22.530841827392578,0.07254452258348465,1.2044627666473389,3.231762409210205,2.7376901280097483e-06,2.7376901280097483e-05,0.5112811326980591,0.04429905489087105,0.4656373858451843,0.5092880129814148,0.570438027381897,21949.52194929123
8,21280,21.699398040771484,0.0481177419424057,1.3272621631622314,3.615002393722534,2.729870584524263e-06,2.729870584524263e-05,0.509108304977417,0.03680410608649254,0.4624660015106201,0.5062016248703003,0.5627254247665405,21960.34980559349
8,21300,27.529359817504883,0.11618392169475555,1.2342088222503662,3.5688798427581787,2.7220644860316925e-06,2.7220644860316923e-05,0.5088659524917603,0.047564566135406494,0.4509064257144928,0.5106498003005981,0.5701864957809448,21971.18267917633
8,21320,18.991464614868164,0.032255325466394424,1.2144898176193237,3.6210334300994873,2.714271870419413e-06,2.7142718704194125e-05,0.49484193325042725,0.0436570942401886,0.4415547251701355,0.4906863570213318,0.5500814318656921,21982.311178922653
8,21340,33.380489349365234,0.17424646019935608,1.2581415176391602,3.3744277954101562,2.7064927755093624e-06,2.7064927755093622e-05,0.4982537031173706,0.04711054265499115,0.42863476276397705,0.5039733648300171,0.5586900115013123,21993.14204478264
8,21360,24.67888832092285,0.0859963446855545,1.2830824851989746,3.2484302520751953,2.698727239057856e-06,2.698727239057856e-05,0.5004618167877197,0.04460788518190384,0.4538077414035797,0.49794700741767883,0.5690039396286011,22003.96836400032
8,21380,24.084545135498047,0.07604850828647614,1.3065431118011475,3.4142627716064453,2.6909752987554023e-06,2.6909752987554022e-05,0.5055599808692932,0.03717412054538727,0.4682601988315582,0.5020076036453247,0.5626218318939209,22014.792278528214
8,21400,21.201356887817383,0.05358078330755234,1.2632434368133545,3.2108442783355713,2.6832369922265156e-06,2.6832369922265156e-05,0.5008689165115356,0.04196276143193245,0.45714306831359863,0.49532395601272583,0.5551291108131409,22025.622916460037
8,21420,27.304569244384766,0.10344494879245758,1.3387420177459717,3.572654962539673,2.6755123570295423e-06,2.6755123570295422e-05,0.4959283769130707,0.04406747967004776,0.44932544231414795,0.4927118420600891,0.5577521324157715,22036.455073595047
8,21440,24.782651901245117,0.08146308362483978,1.3231120109558105,3.4052236080169678,2.6678014306564743e-06,2.667801430656474e-05,0.4991442561149597,0.050568412989377975,0.42340272665023804,0.4989365339279175,0.5663030743598938,22047.282302379608
8,21460,32.52352523803711,0.16029036045074463,1.3043882846832275,3.450605630874634,2.660104250532764e-06,2.660104250532764e-05,0.4991028308868408,0.048370856791734695,0.43793922662734985,0.5004522800445557,0.5585676431655884,22058.111003637314
8,21480,24.583709716796875,0.07307377457618713,1.3811167478561401,3.465163230895996,2.652420854017146e-06,2.6524208540171458e-05,0.4973028302192688,0.04473591595888138,0.4447096586227417,0.492886483669281,0.5640816688537598,22068.940673589706
8,21500,35.17948913574219,0.18032503128051758,1.3731257915496826,3.415729284286499,2.644751278401456e-06,2.644751278401456e-05,0.49569541215896606,0.048470593988895416,0.43256402015686035,0.4956095814704895,0.5685018301010132,22079.76780486107
8,21520,30.353588104248047,0.12671314179897308,1.435322642326355,3.3290486335754395,2.6370955609104517e-06,2.6370955609104515e-05,0.49456167221069336,0.051234468817710876,0.41529762744903564,0.4968903064727783,0.5577764511108398,22090.591023921967
8,21540,22.676843643188477,0.07047087699174881,1.2260667085647583,3.369088649749756,2.6294537387016267e-06,2.6294537387016267e-05,0.49503177404403687,0.04361632838845253,0.4492536783218384,0.4935188293457031,0.5598661303520203,22101.419729948044
8,21560,25.6525936126709,0.09413151443004608,1.2881869077682495,3.357571840286255,2.6218258488650318e-06,2.6218258488650317e-05,0.4962548017501831,0.04256816580891609,0.44949597120285034,0.4978148937225342,0.5591152906417847,22112.247878313065
8,21580,29.10116195678711,0.12874706089496613,1.275536060333252,3.4710960388183594,2.614211928423099e-06,2.6142119284230986e-05,0.5027471780776978,0.04443108290433884,0.45578914880752563,0.5012657642364502,0.5628154277801514,22123.07831645012
8,21600,20.815114974975586,0.047458961606025696,1.2494218349456787,3.5749995708465576,2.6066120143304592e-06,2.606612014330459e-05,0.5039772391319275,0.04311491921544075,0.4510447084903717,0.5000030398368835,0.5658310651779175,22133.90924358368
8,21620,24.857816696166992,0.0872974619269371,1.2874661684036255,3.253408908843994,2.5990261434737596e-06,2.5990261434737594e-05,0.4898103177547455,0.0476241260766983,0.41890767216682434,0.4915722608566284,0.5489502549171448,22144.742398500443
8,21640,26.190908432006836,0.08969098329544067,1.3833059072494507,3.3887500762939453,2.5914543526714884e-06,2.5914543526714883e-05,0.49425074458122253,0.04995042085647583,0.41294437646865845,0.49303507804870605,0.5657002329826355,22155.571367502213
8,21660,24.40869903564453,0.0833473727107048,1.2548331022262573,3.525629997253418,2.5838966786737986e-06,2.5838966786737982e-05,0.5009878873825073,0.04405925050377846,0.4506841003894806,0.49949371814727783,0.5635550618171692,22166.403475046158
8,21680,26.327133178710938,0.09168878197669983,1.3862969875335693,3.2952849864959717,2.5763531581623217e-06,2.576353158162322e-05,0.500135064125061,0.0482599250972271,0.43781375885009766,0.4996333718299866,0.5630043148994446,22177.239963531494
8,21700,24.5084285736084,0.0731080025434494,1.3696420192718506,3.5012080669403076,2.568823827750001e-06,2.568823827750001e-05,0.4992336630821228,0.04684781655669212,0.4544023871421814,0.4944685995578766,0.5653749704360962,22188.070036649704
8,21720,26.85558319091797,0.1098230630159378,1.240280032157898,3.4704766273498535,2.561308723980899e-06,2.5613087239808985e-05,0.4986250400543213,0.05303686112165451,0.43023526668548584,0.4997134804725647,0.5646154880523682,22198.893579006195
8,21740,34.7548713684082,0.19123193621635437,1.2238882780075073,3.3927972316741943,2.553807883330033e-06,2.5538078833300333e-05,0.49675726890563965,0.049551595002412796,0.43745046854019165,0.4944390058517456,0.569455623626709,22209.725001096725
8,21760,26.005142211914062,0.0956810861825943,1.3097813129425049,3.3392226696014404,2.5463213422031966e-06,2.5463213422031966e-05,0.4964548945426941,0.04612746089696884,0.42667803168296814,0.4966881573200226,0.5616984963417053,22220.556017160416
8,21780,24.141475677490234,0.08830547332763672,1.1902801990509033,3.4081268310546875,2.538849136936772e-06,2.538849136936772e-05,0.4914003312587738,0.04635774716734886,0.427412211894989,0.4946419596672058,0.5436369776725769,22231.38370156288
8,21800,20.905305862426758,0.04991577938199043,1.2148067951202393,3.7656612396240234,2.5313913037975674e-06,2.5313913037975672e-05,0.503036379814148,0.043442487716674805,0.45497629046440125,0.5033115744590759,0.5663026571273804,22242.213513851166
8,21820,29.51290512084961,0.1312870979309082,1.2784183025360107,3.6000120639801025,2.5239478789826323e-06,2.523947878982632e-05,0.498454213142395,0.040741629898548126,0.4638097882270813,0.5008695125579834,0.5599912405014038,22253.04713869095
8,21840,20.6310977935791,0.04451846703886986,1.285626769065857,3.3229820728302,2.5165188986190846e-06,2.5165188986190846e-05,0.5078052282333374,0.04229018837213516,0.45197397470474243,0.5062256455421448,0.5670419931411743,22263.88096356392
8,21860,23.76641082763672,0.07236666232347488,1.331132173538208,3.218424081802368,2.5091043987639385e-06,2.5091043987639385e-05,0.5120334625244141,0.04808299243450165,0.45775192975997925,0.5112841129302979,0.5743370652198792,22274.713443040848
8,21880,27.24884796142578,0.11216489970684052,1.2654645442962646,3.3777120113372803,2.5017044154039205e-06,2.5017044154039204e-05,0.5073986053466797,0.047721412032842636,0.4475961923599243,0.509160041809082,0.5704679489135742,22285.548233509064
8,21900,20.35359764099121,0.04040731489658356,1.2797545194625854,3.515321731567383,2.4943189844553046e-06,2.4943189844553043e-05,0.5013038516044617,0.04770445451140404,0.43658220767974854,0.504851758480072,0.5684574842453003,22296.38628602028
8,21920,44.13631820678711,0.28864920139312744,1.192616581916809,3.3452322483062744,2.4869481417637343e-06,2.486948141763734e-05,0.5015470385551453,0.04922688379883766,0.4328574538230896,0.5039122104644775,0.5634839534759521,22307.22087264061
8,21940,20.72356605529785,0.04826647788286209,1.2409273386001587,3.4876468181610107,2.479591923104043e-06,2.4795919231040433e-05,0.503730297088623,0.0433991476893425,0.4628850221633911,0.49838748574256897,0.5607476830482483,22318.056282281876
8,21960,27.279956817626953,0.11354736983776093,1.2666305303573608,3.258915424346924,2.472250364180093e-06,2.472250364180093e-05,0.49487003684043884,0.04608406499028206,0.43317222595214844,0.49768030643463135,0.5580444931983948,22328.894537448883
8,21980,24.867403030395508,0.08196403086185455,1.3236663341522217,3.434335947036743,2.4649235006245864e-06,2.4649235006245862e-05,0.49934762716293335,0.041828595101833344,0.44458991289138794,0.5005341172218323,0.5586540699005127,22339.73443722725
8,22000,30.425735473632812,0.14039288461208344,1.2723309993743896,3.663135290145874,2.4576113679989066e-06,2.4576113679989067e-05,0.5088627934455872,0.0473979115486145,0.4562140107154846,0.5124741792678833,0.5679281949996948,22350.567910432816
8,22020,20.436229705810547,0.04178443178534508,1.269641399383545,3.561372756958008,2.4503140017929384e-06,2.4503140017929382e-05,0.5107566714286804,0.040683165192604065,0.4674302637577057,0.5022857189178467,0.5717564225196838,22361.399314403534
8,22040,25.596324920654297,0.09423588961362839,1.2685402631759644,3.487332820892334,2.4430314374248935e-06,2.4430314374248935e-05,0.5062669515609741,0.041524723172187805,0.4542594254016876,0.5071215629577637,0.5660391449928284,22372.230540513992
8,22060,20.482284545898438,0.04724515229463577,1.2330524921417236,3.4272444248199463,2.4357637102411464e-06,2.4357637102411464e-05,0.505818247795105,0.04502301290631294,0.455050528049469,0.5103887319564819,0.5587766170501709,22383.062539815903
8,22080,28.874683380126953,0.13435648381710052,1.2297899723052979,3.14113712310791,2.4285108555160576e-06,2.4285108555160573e-05,0.5002321004867554,0.04149904474616051,0.45448601245880127,0.4991694986820221,0.5587337613105774,22393.894857406616
8,22100,23.21101951599121,0.05887503921985626,1.371137022972107,3.6121444702148438,2.4212729084517985e-06,2.4212729084517983e-05,0.4995982050895691,0.04731140658259392,0.4427746832370758,0.5061697363853455,0.5600681304931641,22404.722910165787
8,22120,33.96913528442383,0.16248685121536255,1.4146784543991089,3.5736653804779053,2.414049904178192e-06,2.4140499041781917e-05,0.50612473487854,0.04236519709229469,0.457988977432251,0.5092887282371521,0.5628272294998169,22415.550359487534
8,22140,22.875394821166992,0.0688328742980957,1.2534713745117188,3.457393169403076,2.4068418777525292e-06,2.4068418777525292e-05,0.5072948336601257,0.043801210820674896,0.45612508058547974,0.5070573091506958,0.5673721432685852,22426.37726330757
8,22160,24.729402542114258,0.08084644377231598,1.342116355895996,3.2235941886901855,2.39964886415941e-06,2.39964886415941e-05,0.4896104037761688,0.04499667137861252,0.4151184558868408,0.490329772233963,0.541221559047699,22437.20329809189
8,22180,26.133647918701172,0.10942809283733368,1.1824984550476074,3.365854263305664,2.3924708983105672e-06,2.392470898310567e-05,0.5010004043579102,0.042809732258319855,0.44343647360801697,0.5003222227096558,0.5606562495231628,22448.033861875534
8,22200,24.03518295288086,0.07767142355442047,1.2743533849716187,3.5245065689086914,2.385308015044699e-06,2.385308015044699e-05,0.5101272463798523,0.0433589369058609,0.46004873514175415,0.5045657753944397,0.5685392618179321,22458.868951559067
8,22220,21.186729431152344,0.06241898983716965,1.1586787700653076,3.358041286468506,2.3781602491272943e-06,2.378160249127294e-05,0.500886857509613,0.04288875684142113,0.44467616081237793,0.5024451017379761,0.5593149065971375,22469.696202278137
8,22240,21.288557052612305,0.04582911729812622,1.3129222393035889,3.5764214992523193,2.3710276352504776e-06,2.3710276352504772e-05,0.49330347776412964,0.04829031229019165,0.4334784150123596,0.4922109842300415,0.5596274137496948,22480.524707078934
8,22260,22.407005310058594,0.06811579316854477,1.2490291595458984,3.1051342487335205,2.363910208032824e-06,2.363910208032824e-05,0.4952622354030609,0.04883350431919098,0.4315764605998993,0.49503546953201294,0.5648452043533325,22491.355810165405
8,22280,21.30800437927246,0.04546322673559189,1.3536803722381592,3.2248785495758057,2.3568080020192057e-06,2.3568080020192057e-05,0.49964720010757446,0.0458160936832428,0.454120010137558,0.49340492486953735,0.5676162242889404,22502.184753894806
8,22300,22.261920928955078,0.05383199825882912,1.3408397436141968,3.4703242778778076,2.3497210516806125e-06,2.3497210516806124e-05,0.4965652823448181,0.04641783982515335,0.44244831800460815,0.4978969395160675,0.5599538087844849,22513.012743234634
8,22320,27.238420486450195,0.10645689070224762,1.310828685760498,3.484445095062256,2.3426493914139924e-06,2.3426493914139923e-05,0.4938654899597168,0.04442807659506798,0.44282206892967224,0.49536293745040894,0.5534375905990601,22523.84101176262
8,22340,20.63236427307129,0.0436558797955513,1.2908179759979248,3.358595132827759,2.3355930555420838e-06,2.3355930555420835e-05,0.4950870871543884,0.044082824140787125,0.4439483880996704,0.4968893527984619,0.5517442226409912,22534.668042182922
8,22360,28.61880111694336,0.12635783851146698,1.2354955673217773,3.628061294555664,2.3285520783132455e-06,2.3285520783132454e-05,0.49668630957603455,0.046117380261421204,0.4361833930015564,0.5012896060943604,0.5574226379394531,22545.502052545547
8,22380,24.955636978149414,0.07316020876169205,1.410645842552185,3.5331568717956543,2.3215264939012892e-06,2.321526493901289e-05,0.49648579955101013,0.046118322759866714,0.43995508551597595,0.4952455759048462,0.5597516298294067,22556.33473587036
8,22400,37.59559631347656,0.20707109570503235,1.3350389003753662,3.5380966663360596,2.314516336405323e-06,2.3145163364053228e-05,0.49826177954673767,0.04532390087842941,0.4487626552581787,0.49733227491378784,0.559246301651001,22567.16234111786
8,22420,21.665498733520508,0.06185273081064224,1.2051881551742554,3.4283432960510254,2.307521639849573e-06,2.307521639849573e-05,0.4986889958381653,0.04299086332321167,0.45314693450927734,0.4929792881011963,0.5578948259353638,22577.99052119255
8,22440,28.249664306640625,0.10929692536592484,1.3908909559249878,3.411062479019165,2.3005424381832304e-06,2.3005424381832302e-05,0.5008945465087891,0.04028996452689171,0.45394575595855713,0.4992018938064575,0.5573469400405884,22588.818134069443
8,22460,31.155155181884766,0.15831667184829712,1.2027150392532349,3.2963368892669678,2.2935787652802755e-06,2.2935787652802752e-05,0.4905630946159363,0.05103316158056259,0.404677152633667,0.49367251992225647,0.5554061532020569,22599.643128156662
8,22480,27.424898147583008,0.11180508881807327,1.2810767889022827,3.433621883392334,2.2866306549393226e-06,2.2866306549393225e-05,0.5031464099884033,0.04723964259028435,0.43506520986557007,0.5008746981620789,0.5669093132019043,22610.467554330826
8,22500,25.972644805908203,0.11219609528779984,1.1425610780715942,3.327425003051758,2.279698140883452e-06,2.2796981408834516e-05,0.5086923837661743,0.042517684400081635,0.46086540818214417,0.5080246925354004,0.5714726448059082,22621.30155134201
8,22520,30.169498443603516,0.1385556310415268,1.271919846534729,3.5947389602661133,2.272781256760046e-06,2.272781256760046e-05,0.5034379959106445,0.048791032284498215,0.4481062889099121,0.5053758025169373,0.5748488306999207,22632.13442492485
8,22540,24.90957260131836,0.09085063636302948,1.2471377849578857,3.35313081741333,2.2658800361406238e-06,2.2658800361406235e-05,0.509994387626648,0.04259728267788887,0.45916521549224854,0.508047342300415,0.5674653649330139,22642.960535287857
8,22560,21.437379837036133,0.06500262022018433,1.1399359703063965,3.5377578735351562,2.258994512520684e-06,2.258994512520684e-05,0.5050258636474609,0.04310637339949608,0.46059131622314453,0.5052058696746826,0.5716807842254639,22654.092502117157
8,22580,28.33650016784668,0.11222272366285324,1.3531699180603027,3.5825297832489014,2.252124719319537e-06,2.2521247193195366e-05,0.4853050112724304,0.04862876981496811,0.4070737659931183,0.48937657475471497,0.5436291694641113,22664.92082619667
8,22600,19.47888946533203,0.03625357151031494,1.2539401054382324,3.3141300678253174,2.245270689880146e-06,2.2452706898801455e-05,0.506205141544342,0.041545968502759933,0.45317143201828003,0.5053433179855347,0.5660645365715027,22675.745052576065
8,22620,23.848522186279297,0.07993350178003311,1.2328356504440308,3.526815414428711,2.238432457468961e-06,2.2384324574689612e-05,0.5077120065689087,0.048884667456150055,0.45199406147003174,0.5130088329315186,0.5689579248428345,22686.570788145065
8,22640,20.86200714111328,0.048366643488407135,1.2663477659225464,3.3618667125701904,2.2316100552757635e-06,2.2316100552757636e-05,0.5000117421150208,0.04895259067416191,0.4258638918399811,0.5013327598571777,0.5655258893966675,22697.395001649857
8,22660,24.909791946411133,0.0828389823436737,1.3393440246582031,3.232455015182495,2.2248035164135006e-06,2.2248035164135006e-05,0.5000942945480347,0.04306742176413536,0.4538349509239197,0.4969310760498047,0.5685597062110901,22708.216289281845
8,22680,26.040542602539062,0.09544730186462402,1.3033809661865234,3.462001323699951,2.218012873918128e-06,2.2180128739181277e-05,0.49855661392211914,0.044053394347429276,0.44721120595932007,0.4990454912185669,0.56840980052948,22719.043657064438
8,22700,26.524166107177734,0.10508354008197784,1.2568080425262451,3.447730541229248,2.2112381607484413e-06,2.2112381607484413e-05,0.4977107048034668,0.04772145301103592,0.44116833806037903,0.49719858169555664,0.5724645853042603,22729.86905694008
8,22720,36.56727981567383,0.20485958456993103,1.2779958248138428,3.301365375518799,2.20447940978593e-06,2.2044794097859302e-05,0.5014941692352295,0.044323794543743134,0.4475533366203308,0.5032240748405457,0.5616487264633179,22740.697148799896
8,22740,18.962980270385742,0.035107504576444626,1.1757053136825562,3.695176839828491,2.1977366538346028e-06,2.1977366538346028e-05,0.49149787425994873,0.04994644597172737,0.4266604781150818,0.491275429725647,0.5564253926277161,22751.52430510521
8,22760,23.96099090576172,0.07639793306589127,1.2811532020568848,3.509666681289673,2.1910099256208406e-06,2.1910099256208404e-05,0.5016791224479675,0.04917173832654953,0.4405512511730194,0.5019639730453491,0.5759221315383911,22762.353881835938
8,22780,27.925302505493164,0.11164063215255737,1.344016432762146,3.3210742473602295,2.184299257793232e-06,2.1842992577932324e-05,0.5021078586578369,0.043303389102220535,0.44920629262924194,0.5043541789054871,0.5631530284881592,22773.187059879303
8,22800,36.32408142089844,0.196551114320755,1.3385648727416992,3.283322334289551,2.177604682922413e-06,2.177604682922413e-05,0.5007525086402893,0.0465361587703228,0.4469262957572937,0.5012215971946716,0.5683364868164062,22784.013273000717
8,22820,20.30784797668457,0.04724873602390289,1.2275941371917725,3.3070313930511475,2.1709262335009133e-06,2.1709262335009132e-05,0.4957450330257416,0.04372600093483925,0.44515857100486755,0.4983934760093689,0.5484627485275269,22794.8395318985
8,22840,27.296449661254883,0.10826009511947632,1.318849802017212,3.28194260597229,2.1642639419429985e-06,2.1642639419429982e-05,0.5099130868911743,0.04540175944566727,0.46156129240989685,0.5101253986358643,0.5729552507400513,22805.661775827408
8,22860,33.26850891113281,0.1726570725440979,1.2804296016693115,3.1985068321228027,2.157617840584506e-06,2.157617840584506e-05,0.49985092878341675,0.04174644500017166,0.4560096263885498,0.49444618821144104,0.5605076551437378,22816.484755277634
8,22880,21.956695556640625,0.0749472975730896,1.1288361549377441,3.1736035346984863,2.150987961682699e-06,2.1509879616826988e-05,0.4989980161190033,0.04733246937394142,0.4330570101737976,0.4969412088394165,0.5676119923591614,22827.315492868423
8,22900,22.639827728271484,0.07395043969154358,1.1898808479309082,3.3459765911102295,2.1443743374160987e-06,2.1443743374160986e-05,0.5096083283424377,0.04598061367869377,0.4546026587486267,0.5116380453109741,0.5716303586959839,22838.142067670822
8,22920,33.63182067871094,0.16186708211898804,1.4002764225006104,3.4423491954803467,2.1377769998843365e-06,2.1377769998843365e-05,0.5096152424812317,0.04801337420940399,0.4519535303115845,0.5116026997566223,0.5732284784317017,22848.96865415573
8,22940,28.639572143554688,0.1230994313955307,1.3045390844345093,3.284236431121826,2.1311959811079964e-06,2.1311959811079966e-05,0.5030500888824463,0.041721828281879425,0.46383291482925415,0.4994758367538452,0.5672512650489807,22859.79333806038
8,22960,23.016498565673828,0.07655395567417145,1.1908152103424072,3.4529523849487305,2.1246313130284535e-06,2.1246313130284535e-05,0.499509334564209,0.048935260623693466,0.4328451156616211,0.5017720460891724,0.5677952766418457,22870.620760679245
8,22980,37.02363204956055,0.22146087884902954,1.126070261001587,3.616840362548828,2.118083027507729e-06,2.1180830275077288e-05,0.5013033151626587,0.048556048423051834,0.42231303453445435,0.49987438321113586,0.5695160627365112,22881.447073698044
8,23000,25.925046920776367,0.09285810589790344,1.3164019584655762,3.4752185344696045,2.1115511563283283e-06,2.111551156328328e-05,0.5044294595718384,0.04173569008708,0.45619893074035645,0.4988515377044678,0.5652741193771362,22892.276055574417
8,23020,24.749338150024414,0.08132436126470566,1.3137307167053223,3.4795949459075928,2.1050357311930853e-06,2.105035731193085e-05,0.49822843074798584,0.04666522517800331,0.43737345933914185,0.49968087673187256,0.5607761740684509,22903.09587430954
8,23040,29.825883865356445,0.15005196630954742,1.1440417766571045,3.3802707195281982,2.098536783725019e-06,2.098536783725019e-05,0.5002760291099548,0.0448102168738842,0.445087730884552,0.5037165880203247,0.5579089522361755,22913.93233537674
8,23060,24.470661163330078,0.08507051318883896,1.271345615386963,3.2501516342163086,2.0920543454671668e-06,2.0920543454671665e-05,0.5036948919296265,0.04225136712193489,0.45563092827796936,0.5058225989341736,0.5577875375747681,22924.774233341217
8,23080,24.764198303222656,0.07706283032894135,1.3609120845794678,3.448793411254883,2.085588447882441e-06,2.0855884478824412e-05,0.4929477870464325,0.042764268815517426,0.43988722562789917,0.48825305700302124,0.5486308336257935,22935.607075452805
8,23100,24.207897186279297,0.08157023042440414,1.2651461362838745,3.3994123935699463,2.0791391223534727e-06,2.079139122353473e-05,0.5035121440887451,0.04594894498586655,0.4405394196510315,0.5049954652786255,0.5620740056037903,22946.43732523918
8,23120,21.24768829345703,0.06035066023468971,1.176633358001709,3.4462883472442627,2.0727064001824577e-06,2.0727064001824575e-05,0.509708046913147,0.0442725270986557,0.4595743417739868,0.5098865032196045,0.568791389465332,22957.2689101696
8,23140,26.043350219726562,0.11190810799598694,1.1461360454559326,3.3911774158477783,2.0662903125910067e-06,2.0662903125910065e-05,0.5026806592941284,0.04563731700181961,0.4399767518043518,0.502417266368866,0.5704657435417175,22968.100119113922
8,23160,29.93339729309082,0.14300423860549927,1.254406452178955,3.0889084339141846,2.059890890719995e-06,2.059890890719995e-05,0.5037683844566345,0.04836650937795639,0.4398770034313202,0.5055577754974365,0.5707697868347168,22978.932446718216
8,23180,20.70580291748047,0.050538599491119385,1.216286540031433,3.4890787601470947,2.0535081656294105e-06,2.05350816562941e-05,0.5073651671409607,0.043437857180833817,0.45674407482147217,0.51093590259552,0.5678207874298096,22989.767019033432
8,23200,31.357257843017578,0.15394392609596252,1.2477086782455444,3.4857778549194336,2.0471421682981983e-06,2.0471421682981984e-05,0.5022766590118408,0.04542482644319534,0.4406317472457886,0.5059699416160583,0.5589725375175476,23000.60049533844
8,23220,22.652366638183594,0.07298052310943604,1.183790922164917,3.516404628753662,2.040792929624117e-06,2.040792929624117e-05,0.5025779008865356,0.04505077376961708,0.4427190124988556,0.5006032586097717,0.564258337020874,23011.436403036118
8,23240,25.662778854370117,0.09214204549789429,1.3030344247817993,3.4182307720184326,2.0344604804235855e-06,2.0344604804235855e-05,0.5051713585853577,0.04378536716103554,0.4535549283027649,0.507448673248291,0.5666413307189941,23022.267159223557
8,23260,28.094179153442383,0.1304580569267273,1.1698524951934814,3.3498470783233643,2.028144851431536e-06,2.028144851431536e-05,0.5125179290771484,0.038480911403894424,0.46823376417160034,0.5118489265441895,0.5614946484565735,23033.100932121277
8,23280,20.03179168701172,0.038431547582149506,1.2751219272613525,3.4374186992645264,2.0218460733012583e-06,2.0218460733012582e-05,0.5037927031517029,0.042498327791690826,0.4540254473686218,0.4995272755622864,0.5606640577316284,23043.931949853897
8,23300,28.3946590423584,0.12220171093940735,1.2917954921722412,3.2565319538116455,2.015564176604259e-06,2.0155641766042594e-05,0.49250897765159607,0.0452994741499424,0.4279954433441162,0.49106884002685547,0.5496613383293152,23054.763724565506
8,23320,25.831748962402344,0.10234035551548004,1.2284245491027832,3.3134679794311523,2.0092991918301106e-06,2.0092991918301104e-05,0.49164295196533203,0.04549931734800339,0.42270609736442566,0.4946214556694031,0.5511244535446167,23065.59095430374
8,23340,32.75088882446289,0.16827362775802612,1.2543238401412964,3.3802857398986816,2.0030511493862996e-06,2.0030511493862998e-05,0.5021287202835083,0.04365195333957672,0.4501752257347107,0.5019984245300293,0.5609829425811768,23076.42213010788
8,23360,27.07682228088379,0.10822512209415436,1.2806658744812012,3.44765043258667,1.996820079598083e-06,1.9968200795980828e-05,0.5070468187332153,0.042452622205019,0.45697253942489624,0.5036041736602783,0.569767415523529,23087.253057956696
8,23380,26.742403030395508,0.11439968645572662,1.1847031116485596,3.4554035663604736,1.9906060127083388e-06,1.990606012708339e-05,0.5009100437164307,0.04298999905586243,0.45224475860595703,0.5004388093948364,0.5588337779045105,23098.08429503441
8,23400,19.910371780395508,0.04135015234351158,1.2299288511276245,3.4760680198669434,1.9844089788774217e-06,1.9844089788774216e-05,0.49496036767959595,0.04447026178240776,0.43726104497909546,0.4950219392776489,0.5491057634353638,23108.92175745964
8,23420,30.797189712524414,0.14557640254497528,1.2678196430206299,3.5613529682159424,1.9782290081830177e-06,1.9782290081830177e-05,0.5004786252975464,0.040601201355457306,0.4573861360549927,0.4992207884788513,0.5543321371078491,23119.751324415207
8,23440,20.0336856842041,0.036290962249040604,1.2888784408569336,3.5158047676086426,1.97206613061999e-06,1.97206613061999e-05,0.49922043085098267,0.04455490782856941,0.44761258363723755,0.5018298625946045,0.5600765943527222,23130.580085277557
8,23460,28.134824752807617,0.1211504340171814,1.282454013824463,3.1952412128448486,1.965920376100245e-06,1.9659203761002448e-05,0.49779438972473145,0.047023553401231766,0.43863651156425476,0.49868929386138916,0.5623483657836914,23141.415786266327
8,23480,23.245044708251953,0.072602279484272,1.2440087795257568,3.544727325439453,1.959791774452578e-06,1.959791774452578e-05,0.5076140761375427,0.04322049766778946,0.46211904287338257,0.5078285336494446,0.5670429468154907,23152.257954359055
8,23500,31.255172729492188,0.13978701829910278,1.3884763717651367,3.3917083740234375,1.9536803554225335e-06,1.9536803554225337e-05,0.4984003007411957,0.0400591716170311,0.4528394341468811,0.499660849571228,0.5488636493682861,23163.0962266922
8,23520,17.528484344482422,0.017608430236577988,1.232214331626892,3.4454972743988037,1.9475861486722586e-06,1.9475861486722585e-05,0.5071367025375366,0.045833006501197815,0.46360358595848083,0.5073287487030029,0.566074013710022,23173.93066263199
8,23540,29.397668838500977,0.12292276322841644,1.3772566318511963,3.3328261375427246,1.9415091837803574e-06,1.9415091837803573e-05,0.49892324209213257,0.04483375325798988,0.4554991126060486,0.49871379137039185,0.5521323680877686,23184.763993024826
8,23560,28.895545959472656,0.13492974638938904,1.2201389074325562,3.201183557510376,1.9354494902417524e-06,1.935449490241752e-05,0.49517497420310974,0.05219932645559311,0.43095919489860535,0.4954648017883301,0.5700048804283142,23195.600461244583
8,23580,22.481857299804688,0.059523291885852814,1.3448904752731323,3.0806241035461426,1.929407097467539e-06,1.9294070974675388e-05,0.48918458819389343,0.042853645980358124,0.4433504641056061,0.49054086208343506,0.5467289686203003,23206.437749385834
8,23600,26.564844131469727,0.09300065785646439,1.3943904638290405,3.320873498916626,1.923382034784838e-06,1.9233820347848385e-05,0.49524983763694763,0.04640215262770653,0.43462514877319336,0.4991462230682373,0.5558242797851562,23217.264489412308
9,23620,22.731435775756836,0.0588381327688694,1.3509867191314697,3.3377552032470703,1.9173743314366635e-06,1.9173743314366632e-05,0.5036149024963379,0.047541867941617966,0.434920072555542,0.5003037452697754,0.5691367983818054,23239.047120571136
9,23640,32.04115295410156,0.15949338674545288,1.2804597616195679,3.287214756011963,1.9113840165817702e-06,1.91138401658177e-05,0.5034953355789185,0.04603453353047371,0.4382038116455078,0.5076483488082886,0.5561456680297852,23249.853451013565
9,23660,30.647645950317383,0.1495693027973175,1.2410770654678345,3.2799456119537354,1.90541111929452e-06,1.90541111929452e-05,0.5014235973358154,0.04476683586835861,0.4478546380996704,0.501187801361084,0.5670169591903687,23260.6647772789
9,23680,25.348403930664062,0.0815124586224556,1.3783681392669678,3.4134745597839355,1.8994556685647345e-06,1.8994556685647345e-05,0.49872463941574097,0.05107899755239487,0.4195801615715027,0.5042098760604858,0.5668724775314331,23271.48098039627
9,23700,38.72317123413086,0.22238637506961823,1.3202908039093018,3.2816269397735596,1.8935176932975585e-06,1.8935176932975586e-05,0.5016351938247681,0.04298397898674011,0.4435182213783264,0.5054454207420349,0.5588635802268982,23282.294914007187
9,23720,24.436710357666016,0.07775110751390457,1.3269541263580322,3.3920586109161377,1.8875972223133194e-06,1.887597222313319e-05,0.49959927797317505,0.047518469393253326,0.43990832567214966,0.5001010894775391,0.5593312978744507,23293.11058282852
9,23740,33.88970947265625,0.17991894483566284,1.2545753717422485,3.3520634174346924,1.8816942843473868e-06,1.8816942843473868e-05,0.5095521807670593,0.04753871634602547,0.4492388367652893,0.5106891393661499,0.5706778764724731,23303.928413152695
9,23760,29.962383270263672,0.1505425125360489,1.1398227214813232,3.5099034309387207,1.8758089080500326e-06,1.8758089080500323e-05,0.495025634765625,0.047971680760383606,0.4207652807235718,0.49464696645736694,0.5593120455741882,23314.743101119995
9,23780,19.475650787353516,0.03749549761414528,1.218538522720337,3.5407161712646484,1.8699411219862886e-06,1.8699411219862888e-05,0.5062164664268494,0.046679772436618805,0.4476277232170105,0.5021063089370728,0.5728011131286621,23325.560801267624
9,23800,20.631601333618164,0.05819505825638771,1.135880947113037,3.45328688621521,1.864090954635816e-06,1.864090954635816e-05,0.511773943901062,0.04817802086472511,0.4590263366699219,0.5116422176361084,0.5786424875259399,23336.377831697464
9,23820,22.929353713989258,0.07580398768186569,1.2077805995941162,3.2711479663848877,1.8582584343927618e-06,1.8582584343927618e-05,0.49814078211784363,0.04505935311317444,0.44819384813308716,0.4990342855453491,0.5553869009017944,23347.193178892136
9,23840,23.37764549255371,0.07226230204105377,1.2848913669586182,3.3025014400482178,1.852443589565619e-06,1.852443589565619e-05,0.5046794414520264,0.0470573753118515,0.4441981315612793,0.5045106410980225,0.5693350434303284,23358.011308670044
9,23860,19.333757400512695,0.03723609447479248,1.2317830324172974,3.292318344116211,1.8466464483770918e-06,1.8466464483770916e-05,0.5067082047462463,0.039098042994737625,0.46816882491111755,0.5065451264381409,0.5616641044616699,23368.83392572403
9,23880,25.421722412109375,0.09894047677516937,1.2055606842041016,3.472069025039673,1.8408670389639628e-06,1.8408670389639625e-05,0.4945480227470398,0.048184171319007874,0.4198962152004242,0.501312792301178,0.5504645109176636,23379.65346646309
9,23900,23.832801818847656,0.07908489555120468,1.2584168910980225,3.3401427268981934,1.8351053893769485e-06,1.8351053893769484e-05,0.4984847903251648,0.04836415871977806,0.42768558859825134,0.5009080171585083,0.5677114725112915,23390.475877285004
9,23920,22.770488739013672,0.07322623580694199,1.2102855443954468,3.3450095653533936,1.8293615275805709e-06,1.829361527580571e-05,0.5022116899490356,0.04117051884531975,0.4495998024940491,0.5018420219421387,0.5567790865898132,23401.296087265015
9,23940,26.180185317993164,0.09527956694364548,1.317742943763733,3.4747989177703857,1.823635481453011e-06,1.823635481453011e-05,0.5109661817550659,0.046842433512210846,0.4647408723831177,0.5068989396095276,0.5709916949272156,23412.11997318268
9,23960,21.142560958862305,0.04807937145233154,1.2943110466003418,3.3915135860443115,1.8179272787859875e-06,1.8179272787859873e-05,0.5064054727554321,0.04862871393561363,0.44334936141967773,0.5089763402938843,0.5739799737930298,23422.936648368835
9,23980,27.73403549194336,0.11939295381307602,1.2537260055541992,3.257481336593628,1.8122369472846116e-06,1.8122369472846114e-05,0.501981258392334,0.050085969269275665,0.42377135157585144,0.5034768581390381,0.5672011375427246,23433.75297808647
9,24000,26.878416061401367,0.11209973692893982,1.2390267848968506,3.2781739234924316,1.8065645145672578e-06,1.806564514567258e-05,0.5054425001144409,0.049101851880550385,0.44629111886024475,0.5043672323226929,0.5697231292724609,23444.570934534073
9,24020,24.68694305419922,0.07633024454116821,1.3611253499984741,3.4426651000976562,1.8009100081654216e-06,1.8009100081654213e-05,0.4972606599330902,0.037489064037799835,0.45454466342926025,0.49896305799484253,0.5386517643928528,23455.39171075821
9,24040,24.586061477661133,0.0802897959947586,1.3074986934661865,3.4820950031280518,1.795273455523599e-06,1.795273455523599e-05,0.5104745626449585,0.0422821044921875,0.456587016582489,0.5092775821685791,0.5716997385025024,23466.21192383766
9,24060,29.48388671875,0.14437615871429443,1.1855216026306152,3.191054582595825,1.789654883999144e-06,1.789654883999144e-05,0.5004198551177979,0.047584231942892075,0.4336596429347992,0.5009763836860657,0.5705810785293579,23477.03152155876
9,24080,22.71685028076172,0.05710895359516144,1.3604040145874023,3.401914358139038,1.7840543208621378e-06,1.7840543208621376e-05,0.5026129484176636,0.04346669465303421,0.462551087141037,0.5002157688140869,0.5639985799789429,23487.85418820381
9,24100,16.937496185302734,0.013793572783470154,1.2241287231445312,3.3168511390686035,1.7784717932952558e-06,1.7784717932952557e-05,0.5006095767021179,0.04319227486848831,0.4560127258300781,0.4967169761657715,0.5664851665496826,23498.672677993774
9,24120,24.674564361572266,0.08193562179803848,1.3138339519500732,3.3426623344421387,1.7729073283936386e-06,1.7729073283936383e-05,0.5052075386047363,0.048878274857997894,0.4431512653827667,0.5057021379470825,0.5657290816307068,23509.489290714264
9,24140,26.335264205932617,0.10833895206451416,1.2202503681182861,3.298865556716919,1.7673609531647574e-06,1.7673609531647572e-05,0.5058587789535522,0.04342573508620262,0.46572554111480713,0.508208155632019,0.564054012298584,23520.31358218193
9,24160,28.26972007751465,0.11538650840520859,1.311927080154419,3.611799478530884,1.7618326945282866e-06,1.7618326945282865e-05,0.5054218173027039,0.04991132393479347,0.44951415061950684,0.5007328987121582,0.5695368051528931,23531.12738609314
9,24180,24.052753448486328,0.06883589923381805,1.346892237663269,3.7002413272857666,1.7563225793159641e-06,1.756322579315964e-05,0.4993584156036377,0.049894604831933975,0.43534359335899353,0.4998650550842285,0.5708322525024414,23541.941784143448
9,24200,23.098703384399414,0.07283905893564224,1.2525935173034668,3.288862466812134,1.7508306342714743e-06,1.750830634271474e-05,0.5020784735679626,0.0422484315931797,0.4566698372364044,0.49974703788757324,0.5619933605194092,23552.760313034058
9,24220,22.000652313232422,0.0628666803240776,1.2437677383422852,3.2763051986694336,1.7453568860503078e-06,1.745356886050308e-05,0.5065875053405762,0.04538340866565704,0.4562497138977051,0.5046682357788086,0.5706937313079834,23563.578809976578
9,24240,33.386863708496094,0.17610031366348267,1.2670867443084717,3.105966329574585,1.7399013612196403e-06,1.7399013612196403e-05,0.5002523064613342,0.04907478764653206,0.44132086634635925,0.4998954236507416,0.5670623183250427,23574.39578652382
9,24260,28.468257904052734,0.11633740365505219,1.3463692665100098,3.3708255290985107,1.7344640862581918e-06,1.7344640862581917e-05,0.5036939978599548,0.04545235261321068,0.4522567391395569,0.5059100389480591,0.5548561215400696,23585.21711039543
9,24280,28.85997200012207,0.12321140617132187,1.3194239139556885,3.3445937633514404,1.729045087556112e-06,1.729045087556112e-05,0.5024111270904541,0.047723665833473206,0.4470420777797699,0.5039454698562622,0.5647515654563904,23596.044242858887
9,24300,32.81532287597656,0.1680033802986145,1.2468823194503784,3.54616117477417,1.723644391414843e-06,1.7236443914148427e-05,0.4996245801448822,0.046819206327199936,0.4353282153606415,0.49650290608406067,0.5669431090354919,23606.871451616287
9,24320,27.431589126586914,0.10407295823097229,1.3475472927093506,3.548818349838257,1.7182620240469949e-06,1.718262024046995e-05,0.4998553693294525,0.042216625064611435,0.452143132686615,0.49581557512283325,0.5622681379318237,23617.695265054703
9,24340,28.861671447753906,0.1214095950126648,1.3342258930206299,3.3784515857696533,1.712898011576217e-06,1.712898011576217e-05,0.5001845359802246,0.04846101626753807,0.4303099513053894,0.504180371761322,0.5642465353012085,23628.51728439331
9,24360,26.65287208557129,0.11713318526744843,1.158233880996704,3.3572142124176025,1.707552380037072e-06,1.7075523800370718e-05,0.5072057843208313,0.04315157234668732,0.4602172374725342,0.5106886625289917,0.5624669790267944,23639.343371868134
9,24380,25.192127227783203,0.07962468266487122,1.3731880187988281,3.4977805614471436,1.702225155374911e-06,1.702225155374911e-05,0.5009407997131348,0.045860905200242996,0.44379353523254395,0.5039335489273071,0.5592654943466187,23650.167744636536
9,24400,23.215410232543945,0.07928559184074402,1.1861188411712646,3.425661563873291,1.6969163634457466e-06,1.6969163634457465e-05,0.5083916187286377,0.042938653379678726,0.4659578204154968,0.5064153671264648,0.5724955797195435,23660.98965072632
9,24420,25.906906127929688,0.10869120061397552,1.1822266578674316,3.215517997741699,1.691626030016123e-06,1.691626030016123e-05,0.5057955384254456,0.041497375816106796,0.46082210540771484,0.5038995742797852,0.5598089694976807,23671.811433315277
9,24440,17.038589477539062,0.01828783005475998,1.1634976863861084,3.5748283863067627,1.686354180763e-06,1.686354180763e-05,0.5000460147857666,0.04211894050240517,0.45101749897003174,0.5013350248336792,0.5519293546676636,23682.633554458618
9,24460,29.745248794555664,0.14153829216957092,1.2192233800888062,3.3991856575012207,1.6811008412736205e-06,1.6811008412736205e-05,0.5073932409286499,0.03764119744300842,0.4703712463378906,0.5058640241622925,0.5540426969528198,23693.45101094246
9,24480,19.27974510192871,0.03742807358503342,1.19783616065979,3.5585758686065674,1.6758660370453904e-06,1.6758660370453905e-05,0.49424952268600464,0.048502806574106216,0.4263418912887573,0.4943802058696747,0.5561138987541199,23704.269659519196
9,24500,27.56289291381836,0.10263553261756897,1.3872249126434326,3.427088737487793,1.6706497934857525e-06,1.6706497934857523e-05,0.5017852783203125,0.0412069596350193,0.45483827590942383,0.5003973245620728,0.5570212602615356,23715.094175100327
9,24520,23.036823272705078,0.05942371487617493,1.3859126567840576,3.2353241443634033,1.665452135912063e-06,1.665452135912063e-05,0.4982200860977173,0.04045146703720093,0.45481300354003906,0.49296775460243225,0.5548208355903625,23726.151070833206
9,24540,27.155982971191406,0.09844675660133362,1.4049333333969116,3.2619752883911133,1.660273089551473e-06,1.660273089551473e-05,0.4978610873222351,0.04595193639397621,0.441104918718338,0.4914177656173706,0.5666866898536682,23736.977519750595
9,24560,26.279531478881836,0.10140721499919891,1.2848920822143555,3.289888858795166,1.6551126795408015e-06,1.6551126795408013e-05,0.510961651802063,0.04610491916537285,0.4608630836009979,0.5111280679702759,0.5719205141067505,23747.795739650726
9,24580,25.952045440673828,0.10496768355369568,1.199615240097046,3.459125518798828,1.6499709309264155e-06,1.6499709309264155e-05,0.5120663642883301,0.0422312393784523,0.47208458185195923,0.5068808794021606,0.5721770524978638,23758.614443302155
9,24600,24.491619110107422,0.07796404510736465,1.3161839246749878,3.533374071121216,1.644847868664105e-06,1.644847868664105e-05,0.49608632922172546,0.0397985577583313,0.44858694076538086,0.4960283637046814,0.535292387008667,23769.43748307228
9,24620,24.724170684814453,0.09430563449859619,1.2004917860031128,3.288688898086548,1.639743517618968e-06,1.639743517618968e-05,0.5048415660858154,0.04552252218127251,0.45762911438941956,0.5056000351905823,0.5616293549537659,23780.256931066513
9,24640,23.098154067993164,0.055828191339969635,1.4136093854904175,3.3792405128479004,1.6346579025652865e-06,1.6346579025652863e-05,0.5045452117919922,0.04663465544581413,0.4439086318016052,0.5060688257217407,0.5687936544418335,23791.082112312317
9,24660,31.771461486816406,0.14814940094947815,1.3680992126464844,3.2755286693573,1.6295910481864031e-06,1.6295910481864028e-05,0.5012073516845703,0.045988261699676514,0.4401307702064514,0.5012331008911133,0.5691100358963013,23801.907860040665
9,24680,23.891979217529297,0.06632044911384583,1.3814034461975098,3.4459002017974854,1.6245429790746058e-06,1.6245429790746058e-05,0.5007798075675964,0.05213812738656998,0.4219537079334259,0.5020185708999634,0.5720957517623901,23812.737985610962
9,24700,24.473554611206055,0.08177191019058228,1.3125596046447754,3.170767068862915,1.6195137197310077e-06,1.6195137197310075e-05,0.5018278360366821,0.04631708562374115,0.43952324986457825,0.5041356086730957,0.5655251741409302,23823.566885709763
9,24720,27.63100814819336,0.10441730171442032,1.3898746967315674,3.290531873703003,1.614503294565428e-06,1.6145032945654277e-05,0.49563464522361755,0.053689830005168915,0.411420077085495,0.5074203014373779,0.5568960309028625,23834.391642570496
9,24740,22.86717987060547,0.06310643255710602,1.301396131515503,3.5425758361816406,1.6095117278962732e-06,1.6095117278962733e-05,0.5069941878318787,0.04825246334075928,0.4574349820613861,0.5042834281921387,0.5738667845726013,23845.21416091919
9,24760,31.384645462036133,0.1499103307723999,1.3089860677719116,3.303751230239868,1.6045390439504158e-06,1.6045390439504156e-05,0.5030086636543274,0.04775620624423027,0.4473174214363098,0.49738743901252747,0.5774556398391724,23856.038756132126
9,24780,22.066226959228516,0.06257934868335724,1.2413314580917358,3.3949782848358154,1.5995852668630834e-06,1.5995852668630833e-05,0.5116173624992371,0.04266956448554993,0.46758341789245605,0.5142607688903809,0.5672479867935181,23866.863977193832
9,24800,29.849258422851562,0.14676693081855774,1.173525094985962,3.437314987182617,1.5946504206777374e-06,1.5946504206777373e-05,0.4980267286300659,0.04835345968604088,0.4270089864730835,0.49828797578811646,0.5658694505691528,23877.691318273544
9,24820,29.007061004638672,0.12298828363418579,1.347137212753296,3.236861228942871,1.589734529345956e-06,1.589734529345956e-05,0.4978261888027191,0.04869433119893074,0.43004536628723145,0.5015859603881836,0.5613946318626404,23888.5126144886
9,24840,22.104841232299805,0.0675545409321785,1.1933681964874268,3.4157049655914307,1.5848376167273173e-06,1.584837616727317e-05,0.5042810440063477,0.04422489181160927,0.4507981836795807,0.5054733157157898,0.566281795501709,23899.338121175766
9,24860,30.02682876586914,0.14246715605258942,1.2360087633132935,3.420024871826172,1.5799597065892883e-06,1.579959706589288e-05,0.5019508600234985,0.04513169825077057,0.4360126256942749,0.5031687021255493,0.5590898990631104,23910.159700870514
9,24880,21.53470802307129,0.06750182062387466,1.124739646911621,3.537130832672119,1.5751008226071047e-06,1.5751008226071044e-05,0.5006139278411865,0.046438027173280716,0.4337010383605957,0.5015096664428711,0.5619720220565796,23920.97875380516
9,24900,24.737751007080078,0.08261630684137344,1.312851905822754,3.3476016521453857,1.5702609883636587e-06,1.5702609883636587e-05,0.5028620958328247,0.048420749604701996,0.44171425700187683,0.4997688829898834,0.5781675577163696,23931.803607225418
9,24920,21.899028778076172,0.05708587169647217,1.2789409160614014,3.401031255722046,1.5654402273493808e-06,1.5654402273493805e-05,0.5035995841026306,0.043020591139793396,0.45399558544158936,0.502217173576355,0.563737154006958,23942.629757404327
9,24940,22.907649993896484,0.06966280937194824,1.2339810132980347,3.601557970046997,1.5606385629621302e-06,1.56063856296213e-05,0.5047411322593689,0.046631671488285065,0.45424607396125793,0.5111813545227051,0.5643411874771118,23953.454542398453
9,24960,21.055356979370117,0.05369338393211365,1.2482168674468994,3.203850269317627,1.5558560185070813e-06,1.555856018507081e-05,0.5053826570510864,0.04255581274628639,0.4552944600582123,0.508716881275177,0.5632495284080505,23964.27809691429
9,24980,28.91617202758789,0.13578349351882935,1.2052119970321655,3.2857019901275635,1.551092617196605e-06,1.551092617196605e-05,0.5056881308555603,0.05460476502776146,0.4176475405693054,0.5069003105163574,0.5789831876754761,23975.10096693039
9,25000,30.030385971069336,0.14930029213428497,1.1623284816741943,3.477071762084961,1.5463483821501615e-06,1.5463483821501615e-05,0.5077110528945923,0.044007379561662674,0.4459860622882843,0.5125216841697693,0.5683507919311523,23985.92460823059
9,25020,25.823654174804688,0.08291449397802353,1.402675986289978,3.505443572998047,1.5416233363941866e-06,1.5416233363941865e-05,0.5042660236358643,0.049091413617134094,0.4258119463920593,0.5108622312545776,0.5643752813339233,23996.75243282318
9,25040,24.37025260925293,0.07804523408412933,1.3119128942489624,3.4466006755828857,1.5369175028619795e-06,1.5369175028619793e-05,0.5120033025741577,0.04792269319295883,0.4528793692588806,0.5123730897903442,0.5813825130462646,24007.58240222931
9,25060,29.699411392211914,0.1357925683259964,1.295051097869873,3.169642686843872,1.5322309043935927e-06,1.5322309043935926e-05,0.5087532997131348,0.05002395808696747,0.4463043212890625,0.5100906491279602,0.5783681869506836,24018.410098791122
9,25080,30.561931610107422,0.14729470014572144,1.236750602722168,3.464954137802124,1.527563563735718e-06,1.527563563735718e-05,0.5059759616851807,0.048027414828538895,0.46415549516677856,0.5036710500717163,0.5727440714836121,24029.23861169815
9,25100,28.74603843688965,0.12118665874004364,1.2985355854034424,3.642016887664795,1.5229155035415788e-06,1.5229155035415788e-05,0.5043062567710876,0.045561015605926514,0.4544079303741455,0.5085328817367554,0.5710448026657104,24040.061866760254
9,25120,25.829023361206055,0.09940648823976517,1.2638906240463257,3.249467611312866,1.5182867463708231e-06,1.518286746370823e-05,0.5001952648162842,0.04209006205201149,0.4400172531604767,0.49933648109436035,0.5559185743331909,24050.8858127594
9,25140,20.639095306396484,0.0495903342962265,1.218978762626648,3.490274429321289,1.5136773146894036e-06,1.5136773146894034e-05,0.5108753442764282,0.04464080557227135,0.4535139203071594,0.5121704936027527,0.5705046057701111,24061.71409010887
9,25160,27.45906639099121,0.11132960766553879,1.2835969924926758,3.4901371002197266,1.5090872308694828e-06,1.5090872308694828e-05,0.5023916959762573,0.04929514229297638,0.4312596321105957,0.5077155232429504,0.5696243047714233,24072.54639697075
9,25180,18.579113006591797,0.023466117680072784,1.282036542892456,3.412135362625122,1.5045165171893117e-06,1.5045165171893116e-05,0.5028631091117859,0.0462542288005352,0.4497949481010437,0.5076642036437988,0.5656352043151855,24083.368098020554
9,25200,27.20307159423828,0.09688293933868408,1.4113014936447144,3.4017629623413086,1.4999651958331296e-06,1.4999651958331295e-05,0.5056537389755249,0.04537871107459068,0.45025163888931274,0.504989743232727,0.5721430778503418,24094.190850257874
9,25220,22.180063247680664,0.07136192917823792,1.1632987260818481,3.4108827114105225,1.4954332888910557e-06,1.4954332888910557e-05,0.500014066696167,0.04581695795059204,0.43891096115112305,0.5001339316368103,0.5580928921699524,24105.017085552216
9,25240,24.242719650268555,0.08045796304941177,1.2888209819793701,3.30871319770813,1.4909208183589756e-06,1.4909208183589756e-05,0.4993461072444916,0.045587047934532166,0.42399948835372925,0.5057275891304016,0.5575396418571472,24115.836135149002
9,25260,29.543373107910156,0.1400970220565796,1.2219300270080566,3.3143692016601562,1.4864278061384424e-06,1.4864278061384424e-05,0.50788414478302,0.047729797661304474,0.4409876763820648,0.5094733238220215,0.574128270149231,24126.65934610367
9,25280,19.355602264404297,0.04678548872470856,1.1547091007232666,3.12996244430542,1.4819542740365676e-06,1.4819542740365674e-05,0.5067586898803711,0.04535740613937378,0.45445960760116577,0.5026788115501404,0.5715718269348145,24137.490169286728
9,25300,29.766218185424805,0.13550616800785065,1.2843269109725952,3.3723320960998535,1.477500243765911e-06,1.477500243765911e-05,0.5069850087165833,0.042472269386053085,0.45524007081985474,0.505782961845398,0.568421483039856,24148.313935995102
9,25320,25.78304672241211,0.10681279003620148,1.173060655593872,3.3711624145507812,1.4730657369443845e-06,1.4730657369443845e-05,0.5078631043434143,0.050148457288742065,0.4372645616531372,0.5082963705062866,0.5725439786911011,24159.142634153366
9,25340,28.042339324951172,0.1222028136253357,1.2505583763122559,3.316474199295044,1.4686507750951363e-06,1.4686507750951362e-05,0.5071231126785278,0.04670034348964691,0.44772961735725403,0.5125970840454102,0.5698479413986206,24169.96720957756
9,25360,18.202367782592773,0.02567880228161812,1.205769419670105,3.576793670654297,1.464255379646455e-06,1.4642553796464551e-05,0.5036870837211609,0.04856809973716736,0.4423642158508301,0.5024572014808655,0.5696129202842712,24180.792855978012
9,25380,19.52541160583496,0.045886315405368805,1.1909499168395996,3.0272812843322754,1.459879571931663e-06,1.459879571931663e-05,0.5016478300094604,0.04907321557402611,0.42104479670524597,0.5033068656921387,0.5597684979438782,24191.615077257156
9,25400,24.217548370361328,0.07400957494974136,1.3469386100769043,3.34720516204834,1.4555233731890097e-06,1.4555233731890097e-05,0.5023477673530579,0.04707862436771393,0.44604331254959106,0.5104598999023438,0.5652506351470947,24202.439275741577
9,25420,22.08639907836914,0.06525705009698868,1.2179670333862305,3.381024122238159,1.4511868045615735e-06,1.4511868045615734e-05,0.5024937391281128,0.03787211328744888,0.4604398012161255,0.4985341727733612,0.555533766746521,24213.269368886948
9,25440,22.21498680114746,0.052336327731609344,1.3697919845581055,3.2834346294403076,1.4468698870971566e-06,1.4468698870971564e-05,0.5045537948608398,0.042005158960819244,0.4664592742919922,0.5036057233810425,0.5671634674072266,24224.093888282776
9,25460,21.58437156677246,0.055913619697093964,1.2624340057373047,3.3686702251434326,1.4425726417481805e-06,1.4425726417481805e-05,0.49283307790756226,0.045495159924030304,0.43221980333328247,0.494048148393631,0.5539830923080444,24234.91780424118
9,25480,23.646848678588867,0.0811697319149971,1.2011874914169312,3.518000364303589,1.4382950893715914e-06,1.4382950893715914e-05,0.5015467405319214,0.050608985126018524,0.4211661219596863,0.5029296875,0.5683887004852295,24245.74217391014
9,25500,32.59571075439453,0.15667271614074707,1.3627088069915771,3.301348924636841,1.43403725072875e-06,1.43403725072875e-05,0.5065972805023193,0.052579715847969055,0.44338974356651306,0.508601725101471,0.5738650560379028,24256.569927215576
9,25520,20.910932540893555,0.04954294115304947,1.275136947631836,3.205268144607544,1.4297991464853382e-06,1.429799146485338e-05,0.5096917152404785,0.045107144862413406,0.4581538438796997,0.5116910934448242,0.568400502204895,24267.394091129303
9,25540,28.970870971679688,0.12058363854885101,1.3494176864624023,3.4183318614959717,1.425580797211254e-06,1.425580797211254e-05,0.5057471394538879,0.04788661748170853,0.4543474316596985,0.505658745765686,0.5733063220977783,24278.22565317154
9,25560,25.47488784790039,0.091258704662323,1.3097002506256104,3.2520148754119873,1.4213822233805154e-06,1.4213822233805155e-05,0.5066746473312378,0.050035495311021805,0.4512145519256592,0.5017706155776978,0.5731062889099121,24289.04986667633
9,25580,25.67438507080078,0.09403710812330246,1.2762693166732788,3.5079798698425293,1.4172034453711568e-06,1.4172034453711566e-05,0.500188946723938,0.046553581953048706,0.4492674469947815,0.49690157175064087,0.5704123973846436,24299.875786304474
9,25600,19.30972671508789,0.04125748202204704,1.2070077657699585,3.1139001846313477,1.4130444834651341e-06,1.4130444834651341e-05,0.501541018486023,0.04085931181907654,0.4565364718437195,0.5044612884521484,0.5509059429168701,24310.70788359642
9,25620,27.90171241760254,0.11673974990844727,1.302528738975525,3.2024505138397217,1.408905357848223e-06,1.408905357848223e-05,0.5065507292747498,0.0488240011036396,0.4489908516407013,0.5054639577865601,0.5729479789733887,24321.531994104385
9,25640,29.932119369506836,0.15045900642871857,1.1551742553710938,3.334477186203003,1.404786088609924e-06,1.404786088609924e-05,0.4981776177883148,0.04722662270069122,0.43780726194381714,0.498014360666275,0.5593670606613159,24332.35191655159
9,25660,31.972131729125977,0.15850213170051575,1.2600597143173218,3.521322250366211,1.4006866957433624e-06,1.4006866957433622e-05,0.4996589124202728,0.05116920545697212,0.42856264114379883,0.5024803876876831,0.5663459300994873,24343.170367717743
9,25680,23.653757095336914,0.08420930057764053,1.1974306106567383,3.2585201263427734,1.396607199145193e-06,1.3966071991451928e-05,0.508086621761322,0.04350229352712631,0.45846134424209595,0.510048508644104,0.5657107830047607,24354.000909090042
9,25700,18.62798500061035,0.03961440175771713,1.1394891738891602,3.271653652191162,1.3925476186155022e-06,1.3925476186155021e-05,0.4987407326698303,0.04296959191560745,0.44667381048202515,0.4990650415420532,0.5508449077606201,24364.820920228958
9,25720,27.35047721862793,0.11913320422172546,1.2067670822143555,3.369486093521118,1.3885079738577142e-06,1.3885079738577142e-05,0.49811333417892456,0.04654906317591667,0.4393504559993744,0.49743252992630005,0.5628662109375,24375.63601207733
9,25740,26.81045913696289,0.1051979511976242,1.2709894180297852,3.5807693004608154,1.384488284478491e-06,1.384488284478491e-05,0.5055001974105835,0.04859668016433716,0.45882946252822876,0.5008071660995483,0.577625036239624,24386.454674243927
9,25760,23.034029006958008,0.06961599737405777,1.2794830799102783,3.277599811553955,1.3804885699876428e-06,1.3804885699876427e-05,0.5043554902076721,0.04576163738965988,0.44921988248825073,0.4994652271270752,0.5643385648727417,24397.271978616714
9,25780,22.15358543395996,0.06373220682144165,1.2435507774353027,3.344857931137085,1.3765088497980275e-06,1.3765088497980275e-05,0.49342697858810425,0.04421326890587807,0.44931745529174805,0.48868662118911743,0.5548096895217896,24408.095029592514
9,25800,22.141267776489258,0.06059928610920906,1.2557408809661865,3.5239293575286865,1.3725491432254622e-06,1.3725491432254623e-05,0.4989193081855774,0.047359008342027664,0.43456119298934937,0.5015575885772705,0.5668820142745972,24418.916320562363
9,25820,16.20056915283203,0.019168365746736526,1.0800714492797852,3.483018398284912,1.368609469488624e-06,1.368609469488624e-05,0.5137126445770264,0.045410651713609695,0.4661078453063965,0.5184718370437622,0.5684911608695984,24429.741560697556
9,25840,28.204242706298828,0.13543641567230225,1.1277803182601929,3.3827970027923584,1.3646898477089623e-06,1.3646898477089623e-05,0.4938315153121948,0.0410538874566555,0.4503818154335022,0.48810556530952454,0.5501784086227417,24440.56392812729
9,25860,27.976516723632812,0.12291428446769714,1.2277777194976807,3.4073097705841064,1.3607902969106012e-06,1.3607902969106012e-05,0.4994097650051117,0.04465116560459137,0.44642603397369385,0.49747151136398315,0.5643899440765381,24451.390600204468
9,25880,23.229663848876953,0.07488109171390533,1.2224373817443848,3.5171806812286377,1.3569108360202496e-06,1.3569108360202496e-05,0.49686384201049805,0.044304147362709045,0.43953028321266174,0.49416249990463257,0.5624074935913086,24462.210282325745
9,25900,26.668834686279297,0.10798867791891098,1.2479448318481445,3.3905189037323,1.3530514838671086e-06,1.3530514838671086e-05,0.5070031881332397,0.053451478481292725,0.4234500527381897,0.5095716714859009,0.5729434490203857,24473.034318447113
9,25920,30.92243766784668,0.14578646421432495,1.3138399124145508,3.205392837524414,1.349212259182781e-06,1.349212259182781e-05,0.4981544613838196,0.047906067222356796,0.4430702030658722,0.49940645694732666,0.5673640370368958,24483.860188484192
9,25940,34.354854583740234,0.17135244607925415,1.4032704830169678,3.1869053840637207,1.345393180601178e-06,1.345393180601178e-05,0.4941886067390442,0.04548480361700058,0.44522690773010254,0.4914737045764923,0.5645308494567871,24494.682192087173
9,25960,26.78459930419922,0.11870287358760834,1.1453540325164795,3.4607720375061035,1.3415942666584328e-06,1.3415942666584328e-05,0.5064624547958374,0.052081625908613205,0.4336625337600708,0.5066449642181396,0.5728037357330322,24505.503514528275
9,25980,28.040172576904297,0.11434774845838547,1.3156297206878662,3.4491007328033447,1.3378155357928055e-06,1.3378155357928055e-05,0.5024875402450562,0.04627366364002228,0.4489791989326477,0.5008896589279175,0.5633213520050049,24516.322695732117
9,26000,21.703441619873047,0.06425534933805466,1.2053451538085938,3.2244558334350586,1.3340570063445992e-06,1.3340570063445992e-05,0.5024732351303101,0.04805421456694603,0.4347640573978424,0.5015348196029663,0.5708249807357788,24527.147248268127
9,26020,24.31456756591797,0.09893561899662018,1.1060352325439453,3.360651969909668,1.3303186965560666e-06,1.3303186965560666e-05,0.5039111375808716,0.043448079377412796,0.44903191924095154,0.5052518844604492,0.5609281063079834,24537.969895601273
9,26040,18.216493606567383,0.020034488290548325,1.2665232419967651,3.5478127002716064,1.3266006245713244e-06,1.3266006245713244e-05,0.4948742389678955,0.05338214337825775,0.40725386142730713,0.5015949010848999,0.5671414732933044,24548.79269886017
9,26060,21.89732551574707,0.06773946434259415,1.1738646030426025,3.384732484817505,1.322902808436261e-06,1.322902808436261e-05,0.5018283128738403,0.04677769914269447,0.44937223196029663,0.4977110028266907,0.5657312870025635,24559.615639209747
9,26080,24.56909942626953,0.08763603866100311,1.2647039890289307,3.1584556102752686,1.319225266098456e-06,1.3192252660984559e-05,0.5066547393798828,0.04983771964907646,0.4520324468612671,0.5044986009597778,0.5753988027572632,24570.436006069183
9,26100,20.482929229736328,0.04291677474975586,1.2961716651916504,3.2295339107513428,1.3155680154070841e-06,1.315568015407084e-05,0.4969184398651123,0.05557754263281822,0.41794535517692566,0.49595803022384644,0.5758090019226074,24581.25488138199
9,26120,22.686962127685547,0.06356270611286163,1.318845510482788,3.1422338485717773,1.3119310741128364e-06,1.3119310741128363e-05,0.5060735940933228,0.05152257904410362,0.42449894547462463,0.5070031881332397,0.5749915838241577,24592.39159798622
9,26140,29.853031158447266,0.1395970582962036,1.2526767253875732,3.3665578365325928,1.3083144598678321e-06,1.308314459867832e-05,0.5026204586029053,0.049482498317956924,0.440008282661438,0.5054370760917664,0.5742974281311035,24603.21149945259
9,26160,25.534832000732422,0.10260896384716034,1.184490442276001,3.429030418395996,1.3047181902255281e-06,1.3047181902255281e-05,0.5049644112586975,0.044412728399038315,0.45039069652557373,0.5013685822486877,0.5696115493774414,24614.04349923134
9,26180,23.45199203491211,0.08823184669017792,1.1263558864593506,3.3652470111846924,1.30114228264064e-06,1.30114228264064e-05,0.5097224116325378,0.04689621925354004,0.45640385150909424,0.5146496295928955,0.5769256353378296,24624.8766374588
9,26200,24.0507869720459,0.07636386156082153,1.2882269620895386,3.5321316719055176,1.2975867544690556e-06,1.2975867544690556e-05,0.5034443140029907,0.042169615626335144,0.4554993510246277,0.5026373267173767,0.5575423240661621,24635.704951286316
9,26220,21.821094512939453,0.06029055640101433,1.2497215270996094,3.2948222160339355,1.294051622967747e-06,1.294051622967747e-05,0.5040336847305298,0.044927675276994705,0.45046186447143555,0.5080429911613464,0.559949517250061,24646.540806531906
9,26240,25.870716094970703,0.0789048820734024,1.4638952016830444,3.341275215148926,1.2905369052946935e-06,1.2905369052946934e-05,0.5114631056785583,0.04922769218683243,0.45737168192863464,0.5096621513366699,0.5774880647659302,24657.374276161194
9,26260,26.855262756347656,0.1051667183637619,1.284292221069336,3.495668411254883,1.2870426185087914e-06,1.2870426185087914e-05,0.5023155808448792,0.048358310014009476,0.4487106204032898,0.5078884363174438,0.5616523027420044,24668.192774534225
9,26280,26.560121536254883,0.1077415943145752,1.2195098400115967,3.5908639430999756,1.283568779569776e-06,1.2835687795697759e-05,0.49932175874710083,0.04448595643043518,0.4397699534893036,0.4979349672794342,0.5653903484344482,24679.014987707138
9,26300,22.517555236816406,0.0656188428401947,1.2622954845428467,3.3327159881591797,1.2801154053381386e-06,1.2801154053381386e-05,0.4970628619194031,0.052061084657907486,0.43436309695243835,0.4946882128715515,0.5755378007888794,24689.825667858124
9,26320,21.44176483154297,0.04620260000228882,1.3266510963439941,3.5549936294555664,1.276682512575041e-06,1.276682512575041e-05,0.5004986524581909,0.04353327676653862,0.44633063673973083,0.5008344650268555,0.5515042543411255,24700.64935898781
9,26340,21.474470138549805,0.06526874005794525,1.158119559288025,3.3664000034332275,1.2732701179422397e-06,1.2732701179422395e-05,0.5011508464813232,0.042284272611141205,0.4505714178085327,0.49807631969451904,0.5686022043228149,24711.46336746216
9,26360,26.28989028930664,0.11155925691127777,1.1867097616195679,3.2668659687042236,1.2698782380020015e-06,1.2698782380020014e-05,0.5098294615745544,0.04417271539568901,0.4574113190174103,0.5107104778289795,0.5725167989730835,24722.273810625076
9,26380,19.14866828918457,0.03587450459599495,1.2405133247375488,3.1560845375061035,1.2665068892170227e-06,1.2665068892170226e-05,0.5026726722717285,0.04884883016347885,0.4387008249759674,0.5006343126296997,0.5726671814918518,24733.081923007965
9,26400,25.42391586303711,0.09153883159160614,1.2950656414031982,3.3193764686584473,1.2631560879503522e-06,1.263156087950352e-05,0.5045953989028931,0.04569656401872635,0.4515810012817383,0.5012410879135132,0.5694272518157959,24743.890917301178
9,26420,22.457088470458984,0.07889223098754883,1.1310858726501465,3.257006883621216,1.2598258504653082e-06,1.2598258504653081e-05,0.5004973411560059,0.04511665925383568,0.45267289876937866,0.49834972620010376,0.5608543157577515,24754.703708171844
9,26440,20.273242950439453,0.0448501817882061,1.2437149286270142,3.3510756492614746,1.2565161929254028e-06,1.2565161929254027e-05,0.5033272504806519,0.04454590752720833,0.457511305809021,0.5012863278388977,0.572115421295166,24765.50422167778
9,26460,26.24259376525879,0.09406439960002899,1.347498893737793,3.361165761947632,1.2532271313942635e-06,1.2532271313942634e-05,0.500176727771759,0.04434067755937576,0.444848895072937,0.5065789222717285,0.5572645664215088,24776.321800470352
9,26480,22.356494903564453,0.053336258977651596,1.3675146102905273,3.3477237224578857,1.2499586818355493e-06,1.2499586818355493e-05,0.49877017736434937,0.049025412648916245,0.43224868178367615,0.5037248134613037,0.5622314214706421,24787.14768075943
9,26500,29.499889373779297,0.14687423408031464,1.1771727800369263,3.040736675262451,1.246710860112882e-06,1.246710860112882e-05,0.49999117851257324,0.04558626934885979,0.446098268032074,0.5012372732162476,0.5619850158691406,24797.967282772064
9,26520,18.354278564453125,0.032055336982011795,1.1638360023498535,3.5103836059570312,1.2434836819897635e-06,1.2434836819897634e-05,0.5073819160461426,0.03983151167631149,0.45892250537872314,0.5059915781021118,0.5753973722457886,24808.783678531647
9,26540,26.82461166381836,0.1063518151640892,1.2707712650299072,3.4817185401916504,1.2402771631295004e-06,1.2402771631295004e-05,0.5026745796203613,0.0463874377310276,0.43941253423690796,0.5031319260597229,0.5684748888015747,24819.60273861885
9,26560,32.384178161621094,0.15522876381874084,1.3698277473449707,3.1630258560180664,1.2370913190951287e-06,1.2370913190951287e-05,0.4993971288204193,0.04319148510694504,0.4478711485862732,0.49888741970062256,0.554651141166687,24830.42262482643
10,26580,21.225963592529297,0.05546664446592331,1.2138099670410156,3.541199207305908,1.2339261653493368e-06,1.2339261653493366e-05,0.507594108581543,0.041869617998600006,0.45711565017700195,0.5045086741447449,0.5668435096740723,24852.34520316124
10,26600,20.721240997314453,0.04960615932941437,1.2713559865951538,3.047065496444702,1.2307817172543928e-06,1.230781717254393e-05,0.5005179047584534,0.04478759691119194,0.4557511508464813,0.4952264726161957,0.5728260278701782,24863.161593675613
10,26620,23.781131744384766,0.06827907264232635,1.317521095275879,3.778012275695801,1.2276579900720696e-06,1.2276579900720695e-05,0.5032861232757568,0.04479984939098358,0.45884203910827637,0.5001795887947083,0.5676064491271973,24873.984652280807
10,26640,18.528675079345703,0.0354553759098053,1.183477759361267,3.148359537124634,1.2245549989635668e-06,1.224554998963567e-05,0.5021519660949707,0.053242120891809464,0.4477195739746094,0.49772244691848755,0.5794133543968201,24884.807891368866
10,26660,22.00433921813965,0.06599898636341095,1.187118649482727,3.5332553386688232,1.2214727589894424e-06,1.2214727589894425e-05,0.5032311677932739,0.04401664808392525,0.46076124906539917,0.5052976012229919,0.5654706954956055,24895.631330013275
10,26680,28.016422271728516,0.11533962190151215,1.2951840162277222,3.530620813369751,1.2184112851095373e-06,1.2184112851095372e-05,0.5085039138793945,0.04744020476937294,0.45487529039382935,0.5095812082290649,0.5738071203231812,24906.454468488693
10,26700,22.94674301147461,0.07972119748592377,1.178063154220581,3.1939899921417236,1.2153705921829033e-06,1.2153705921829032e-05,0.5155026912689209,0.04271981865167618,0.4729069471359253,0.511011004447937,0.5752463340759277,24917.281245708466
10,26720,30.909671783447266,0.14676830172538757,1.2919044494628906,3.3137965202331543,1.2123506949677297e-06,1.2123506949677296e-05,0.5054639577865601,0.04150453209877014,0.4571962058544159,0.5057067275047302,0.5684741735458374,24928.108294725418
10,26740,23.28665542602539,0.0792289525270462,1.2183984518051147,3.1797759532928467,1.2093516081212708e-06,1.2093516081212708e-05,0.5023418664932251,0.046690985560417175,0.4572959542274475,0.504948079586029,0.5608580112457275,24938.939632177353
10,26760,19.12212371826172,0.037847958505153656,1.1869451999664307,3.46787691116333,1.2063733461997804e-06,1.2063733461997803e-05,0.5114073157310486,0.04243658483028412,0.47033917903900146,0.5074836015701294,0.5709426999092102,24949.76667881012
10,26780,19.8641357421875,0.04408407211303711,1.2097556591033936,3.358170509338379,1.203415923658435e-06,1.203415923658435e-05,0.5082842707633972,0.044648829847574234,0.45764482021331787,0.5013009309768677,0.5731191635131836,24960.60098052025
10,26800,27.738426208496094,0.12327463179826736,1.2144821882247925,3.2661399841308594,1.2004793548512656e-06,1.2004793548512655e-05,0.4959920346736908,0.05317031964659691,0.4175052046775818,0.4989180564880371,0.5666257739067078,24971.435725688934
10,26820,19.205543518066406,0.03768937662243843,1.227924108505249,3.1573646068573,1.1975636540310891e-06,1.197563654031089e-05,0.5021399259567261,0.04199526458978653,0.44537031650543213,0.5038188695907593,0.5587339401245117,24982.264295101166
10,26840,17.93352508544922,0.008722513914108276,1.3553264141082764,3.508009195327759,1.1946688353494385e-06,1.1946688353494383e-05,0.49399828910827637,0.0479859933257103,0.4167146384716034,0.49582433700561523,0.5630955696105957,24993.09236049652
10,26860,29.447830200195312,0.12447312474250793,1.3658488988876343,3.342029571533203,1.1917949128564942e-06,1.1917949128564942e-05,0.49924904108047485,0.051447439938783646,0.43788790702819824,0.4960111975669861,0.5763810873031616,25003.926466464996
10,26880,22.95229148864746,0.08888877928256989,1.0542948246002197,3.5204660892486572,1.1889419005010144e-06,1.1889419005010144e-05,0.5026930570602417,0.05499446392059326,0.4235899746417999,0.5075889825820923,0.5713547468185425,25014.767513990402
10,26900,22.004871368408203,0.06222622096538544,1.217565894126892,3.606590986251831,1.186109812130269e-06,1.1861098121302689e-05,0.510745644569397,0.04514549300074577,0.45541709661483765,0.5144455432891846,0.5706287026405334,25025.60052371025
10,26920,22.048988342285156,0.058451585471630096,1.27504301071167,3.453399419784546,1.1832986614899724e-06,1.1832986614899724e-05,0.49977606534957886,0.04554781690239906,0.45031678676605225,0.49888741970062256,0.5546647310256958,25036.43511891365
10,26940,19.50963592529297,0.036413222551345825,1.222532033920288,3.6429920196533203,1.1805084622242183e-06,1.1805084622242183e-05,0.5067596435546875,0.04325747489929199,0.46533203125,0.5091285705566406,0.5648491382598877,25047.27273631096
10,26960,21.962677001953125,0.06581494212150574,1.2065715789794922,3.31546688079834,1.1777392278754086e-06,1.1777392278754086e-05,0.494889497756958,0.04603057727217674,0.4440106749534607,0.496904194355011,0.5559391975402832,25058.094940423965
10,26980,19.628849029541016,0.03654138743877411,1.2919334173202515,3.055375576019287,1.1749909718841914e-06,1.1749909718841914e-05,0.492731511592865,0.04482358694076538,0.4422786235809326,0.4935764670372009,0.5486657619476318,25069.24629664421
10,27000,20.05027961730957,0.033947091549634933,1.3423776626586914,3.231794595718384,1.172263707589397e-06,1.1722637075893969e-05,0.5005738139152527,0.04723187908530235,0.4417802393436432,0.499162495136261,0.5723357200622559,25080.077427625656
10,27020,28.174575805664062,0.1172521784901619,1.323375940322876,3.21560001373291,1.1695574482279692e-06,1.169557448227969e-05,0.5017845034599304,0.04465269669890404,0.45826655626296997,0.49616533517837524,0.5693690776824951,25090.902552604675
10,27040,26.560781478881836,0.11031829565763474,1.2294844388961792,3.2341060638427734,1.166872206934904e-06,1.166872206934904e-05,0.5030540227890015,0.0483032688498497,0.44173023104667664,0.5000135898590088,0.5749452114105225,25101.73174905777
10,27060,30.96079444885254,0.1448504626750946,1.2976417541503906,3.4993300437927246,1.1642079967431833e-06,1.1642079967431832e-05,0.505611777305603,0.05020700767636299,0.44732189178466797,0.5001448392868042,0.5727789998054504,25112.557242155075
10,27080,25.072837829589844,0.09369172900915146,1.2213127613067627,3.4905381202697754,1.1615648305837153e-06,1.1615648305837152e-05,0.5103976726531982,0.04274837672710419,0.46198415756225586,0.5069904327392578,0.5702658891677856,25123.38543486595
10,27100,26.996179580688477,0.12347353249788284,1.1358177661895752,3.2906486988067627,1.1589427212852698e-06,1.1589427212852697e-05,0.5016897320747375,0.04606328532099724,0.44854506850242615,0.5024316310882568,0.5722216367721558,25134.209149599075
10,27120,24.611507415771484,0.09507912397384644,1.1995398998260498,3.108196258544922,1.156341681574415e-06,1.1563416815744147e-05,0.4979846477508545,0.04647703096270561,0.43154269456863403,0.5010409355163574,0.5591320395469666,25145.033346176147
10,27140,18.26714324951172,0.02380862459540367,1.2780060768127441,3.1062209606170654,1.1537617240754545e-06,1.1537617240754544e-05,0.5033015012741089,0.03539802506566048,0.46646010875701904,0.49756085872650146,0.5595481395721436,25155.858535051346
10,27160,22.69405746459961,0.06720288842916489,1.2886276245117188,3.087491989135742,1.1512028613103726e-06,1.1512028613103724e-05,0.5059864521026611,0.04380331188440323,0.45933401584625244,0.5008981227874756,0.5709837079048157,25166.676745653152
10,27180,24.20108985900879,0.07384108006954193,1.3275824785232544,3.541156053543091,1.1486651056987654e-06,1.1486651056987654e-05,0.4983642101287842,0.04740304499864578,0.4347389340400696,0.5004349946975708,0.5675479173660278,25177.498148679733
10,27200,23.56355094909668,0.08149640262126923,1.2293784618377686,3.1201272010803223,1.146148469557786e-06,1.1461484695577857e-05,0.5111088752746582,0.04603920876979828,0.46094954013824463,0.5121299028396606,0.5775988101959229,25188.32447218895
10,27220,19.097463607788086,0.04164208471775055,1.1578079462051392,3.3551766872406006,1.1436529651020813e-06,1.1436529651020813e-05,0.5061069130897522,0.050212960690259933,0.442261278629303,0.5064398646354675,0.5803709030151367,25199.145048379898
10,27240,23.842500686645508,0.07700584828853607,1.2771471738815308,3.370443820953369,1.141178604443735e-06,1.141178604443735e-05,0.4975357949733734,0.053515758365392685,0.41689562797546387,0.5000645518302917,0.5678101778030396,25209.966314315796
10,27260,27.004793167114258,0.10686828941106796,1.2986458539962769,3.3315064907073975,1.138725399592209e-06,1.1387253995922088e-05,0.5014299750328064,0.04670219123363495,0.45342499017715454,0.5016284584999084,0.5670573711395264,25220.78493952751
10,27280,37.84080505371094,0.2156910002231598,1.3073580265045166,3.198129415512085,1.1362933624542836e-06,1.1362933624542836e-05,0.5080584287643433,0.04502105712890625,0.4608704447746277,0.5077693462371826,0.5696141719818115,25231.60913014412
10,27300,24.115365982055664,0.0777224600315094,1.2942098379135132,3.401021718978882,1.133882504833999e-06,1.133882504833999e-05,0.49651655554771423,0.04691906273365021,0.43074554204940796,0.5046409964561462,0.5496035814285278,25242.42592215538
10,27320,24.438030242919922,0.08951842039823532,1.2329233884811401,3.1569528579711914,1.1314928384326015e-06,1.1314928384326015e-05,0.49668067693710327,0.04854113236069679,0.43009892106056213,0.5007492303848267,0.561382532119751,25253.25276017189
10,27340,21.397520065307617,0.052620504051446915,1.2704893350601196,3.4305758476257324,1.1291243748484827e-06,1.1291243748484825e-05,0.5043430924415588,0.0429193377494812,0.4599970579147339,0.5022777318954468,0.5666208267211914,25264.079076051712
10,27360,22.728717803955078,0.06354109942913055,1.3046844005584717,3.3277628421783447,1.1267771255771275e-06,1.1267771255771275e-05,0.5049088001251221,0.04680180922150612,0.4491313099861145,0.502899706363678,0.578344464302063,25274.903810977936
10,27380,28.325868606567383,0.10800984501838684,1.4172672033309937,3.3522136211395264,1.1244511020110515e-06,1.1244511020110514e-05,0.5097691416740417,0.04310161992907524,0.4694150686264038,0.5030495524406433,0.577040433883667,25285.73081612587
10,27400,25.812149047851562,0.09579882025718689,1.295612096786499,3.2761454582214355,1.1221463154397539e-06,1.122146315439754e-05,0.5002986192703247,0.04511112719774246,0.43888258934020996,0.5040380358695984,0.551615834236145,25296.554426193237
10,27420,17.920270919799805,0.03141336143016815,1.1436185836791992,3.3427488803863525,1.1198627770496576e-06,1.1198627770496575e-05,0.5044206380844116,0.04341061785817146,0.4526018798351288,0.5041999816894531,0.5679463744163513,25307.385746717453
10,27440,19.5772762298584,0.044102832674980164,1.1795763969421387,3.371229887008667,1.1176004979240572e-06,1.117600497924057e-05,0.5083742737770081,0.038513537496328354,0.4598628580570221,0.507072925567627,0.5648820400238037,25318.216725826263
10,27460,20.70477867126465,0.05571482330560684,1.1776098012924194,3.35719895362854,1.115359489043061e-06,1.115359489043061e-05,0.49537310004234314,0.047075871378183365,0.4302605390548706,0.5000333786010742,0.5584620833396912,25329.044588327408
10,27480,23.02194595336914,0.06558579206466675,1.2993450164794922,3.4699177742004395,1.1131397612835442e-06,1.113139761283544e-05,0.5008150339126587,0.04678373411297798,0.4498956799507141,0.4965061545372009,0.5752499103546143,25339.865443468094
10,27500,19.353464126586914,0.04460585117340088,1.1645559072494507,3.2473196983337402,1.1109413254190913e-06,1.1109413254190913e-05,0.5055590271949768,0.045756593346595764,0.45838457345962524,0.499464213848114,0.5731596946716309,25350.68341231346
10,27520,21.947229385375977,0.04775684326887131,1.3816598653793335,3.3549458980560303,1.1087641921199462e-06,1.1087641921199463e-05,0.4975113570690155,0.04662488028407097,0.43846479058265686,0.4970831871032715,0.5674200057983398,25361.517852544785
10,27540,26.47128677368164,0.09392848610877991,1.357511281967163,3.503324270248413,1.1066083719529583e-06,1.1066083719529582e-05,0.5058093070983887,0.045709963887929916,0.45126062631607056,0.5066930055618286,0.572411060333252,25372.35098171234
10,27560,19.399763107299805,0.03704456239938736,1.235119104385376,3.3441169261932373,1.1044738753815322e-06,1.1044738753815321e-05,0.5010921955108643,0.046710893511772156,0.4396879971027374,0.4993327558040619,0.563583493232727,25383.18120408058
10,27580,17.159204483032227,0.012690681964159012,1.2416764497756958,3.473372220993042,1.1023607127655783e-06,1.1023607127655781e-05,0.5047354102134705,0.04074016585946083,0.4604300856590271,0.5036783814430237,0.5673508644104004,25394.015966415405
10,27600,18.92732810974121,0.030249377712607384,1.270272135734558,3.199669122695923,1.1002688943614617e-06,1.1002688943614616e-05,0.500383734703064,0.050541654229164124,0.42351996898651123,0.5002850294113159,0.5691435933113098,25404.85448026657
10,27620,24.762619018554688,0.09543851763010025,1.1811082363128662,3.407683849334717,1.0981984303219504e-06,1.0981984303219503e-05,0.5005077123641968,0.04411708191037178,0.4526708126068115,0.5012288093566895,0.560325026512146,25415.68429541588
10,27640,23.862014770507812,0.0890110656619072,1.1685868501663208,3.275038957595825,1.0961493306961685e-06,1.0961493306961685e-05,0.5099140405654907,0.04741232469677925,0.4576683044433594,0.5089592933654785,0.5744717717170715,25426.512434482574
10,27660,26.207792282104492,0.09406255930662155,1.3715636730194092,3.0858993530273438,1.0941216054295469e-06,1.0941216054295467e-05,0.5039349794387817,0.05112080276012421,0.4298053979873657,0.5072342157363892,0.5753471255302429,25437.34657716751
10,27680,18.949718475341797,0.046160031110048294,1.0948431491851807,3.385284662246704,1.0921152643637748e-06,1.0921152643637748e-05,0.5034284591674805,0.04654556140303612,0.44192588329315186,0.5014575719833374,0.5740336179733276,25448.463645219803
10,27700,22.438182830810547,0.07300886511802673,1.1653926372528076,3.483369827270508,1.0901303172367513e-06,1.0901303172367512e-05,0.5022538900375366,0.048527516424655914,0.437280535697937,0.5034100413322449,0.5683633089065552,25459.301384687424
10,27720,31.529462814331055,0.16126137971878052,1.2011871337890625,3.3914527893066406,1.0881667736825384e-06,1.0881667736825383e-05,0.5052911043167114,0.0503828227519989,0.4467257261276245,0.5049586892127991,0.5753748416900635,25470.129393577576
10,27740,26.305471420288086,0.09580326080322266,1.3450000286102295,3.275144577026367,1.0862246432313158e-06,1.0862246432313156e-05,0.5075021982192993,0.04793862998485565,0.45407795906066895,0.5059469938278198,0.5705835819244385,25480.96085882187
10,27760,29.98908233642578,0.13733595609664917,1.3092879056930542,3.1626064777374268,1.0843039353093321e-06,1.084303935309332e-05,0.5012402534484863,0.042947351932525635,0.43751513957977295,0.4965707063674927,0.5607349872589111,25491.790979146957
10,27780,31.382354736328125,0.1510372906923294,1.2975729703903198,3.3028950691223145,1.0824046592388615e-06,1.0824046592388615e-05,0.5071378946304321,0.045440200716257095,0.455271452665329,0.501922070980072,0.572030782699585,25502.61902499199
10,27800,31.831172943115234,0.16668371856212616,1.185743808746338,3.3053622245788574,1.0805268242381566e-06,1.0805268242381565e-05,0.507988452911377,0.0513872392475605,0.4539628028869629,0.5065158605575562,0.5730617046356201,25513.45040345192
10,27820,22.570083618164062,0.07224975526332855,1.2323639392852783,3.0214686393737793,1.0786704394214041e-06,1.078670439421404e-05,0.5030341148376465,0.05283695459365845,0.4251686632633209,0.5026057958602905,0.5715985894203186,25524.287913560867
10,27840,31.021947860717773,0.15905886888504028,1.1624064445495605,3.491997241973877,1.0768355137986828e-06,1.0768355137986828e-05,0.512639045715332,0.04773998260498047,0.4673566520214081,0.5120161175727844,0.5801404714584351,25535.121845006943
10,27860,18.999313354492188,0.03697264567017555,1.204998254776001,3.2520675659179688,1.075022056275916e-06,1.0750220562759158e-05,0.512169599533081,0.043569497764110565,0.45014631748199463,0.5110914707183838,0.5702303647994995,25545.955724477768
10,27880,18.23666000366211,0.031991146504879,1.1824498176574707,3.2130467891693115,1.0732300756548305e-06,1.0732300756548306e-05,0.5043913722038269,0.03871411457657814,0.4664011299610138,0.49825310707092285,0.5583198666572571,25556.79026031494
10,27900,29.528989791870117,0.14398562908172607,1.1798943281173706,3.331483840942383,1.0714595806329144e-06,1.0714595806329145e-05,0.5075031518936157,0.047608520835638046,0.45722031593322754,0.5005810260772705,0.5723433494567871,25567.617666721344
10,27920,18.947723388671875,0.03929203003644943,1.1768485307693481,3.2500345706939697,1.0697105798033737e-06,1.0697105798033738e-05,0.5031567811965942,0.0509120337665081,0.4460996687412262,0.501487135887146,0.5775771141052246,25578.45690870285
10,27940,18.483407974243164,0.028864378109574318,1.2232422828674316,3.364548444747925,1.0679830816550918e-06,1.0679830816550918e-05,0.5035854578018188,0.047357771545648575,0.45107951760292053,0.5006970763206482,0.5760207772254944,25589.291263103485
10,27960,24.231786727905273,0.07984611392021179,1.2747193574905396,3.499983310699463,1.0662770945725858e-06,1.0662770945725859e-05,0.5045892000198364,0.04261930286884308,0.4561885595321655,0.5063692331314087,0.5700130462646484,25600.123831033707
10,27980,34.63188171386719,0.18519531190395355,1.2862389087677002,3.249962091445923,1.0645926268359697e-06,1.0645926268359698e-05,0.5137126445770264,0.05164216831326485,0.4527832269668579,0.511648952960968,0.5803582668304443,25610.956146240234
10,28000,24.740089416503906,0.09076788276433945,1.2459888458251953,3.203413486480713,1.0629296866209104e-06,1.0629296866209105e-05,0.5032912492752075,0.04561633989214897,0.459947407245636,0.49968987703323364,0.5668928623199463,25621.791185617447
10,28020,19.299245834350586,0.036208219826221466,1.230489730834961,3.3735268115997314,1.0612882819985896e-06,1.0612882819985896e-05,0.5004853010177612,0.04769837111234665,0.44173651933670044,0.4974207282066345,0.5601357817649841,25632.628979682922
10,28040,28.879846572875977,0.1181897222995758,1.362588882446289,3.4349842071533203,1.0596684209356665e-06,1.0596684209356664e-05,0.5074660778045654,0.047762420028448105,0.44450485706329346,0.5052709579467773,0.5774961709976196,25643.46232175827
10,28060,26.090900421142578,0.10760550945997238,1.2135964632034302,3.1943862438201904,1.0580701112942347e-06,1.0580701112942346e-05,0.5067428946495056,0.04568714648485184,0.4484253525733948,0.502155065536499,0.5746893286705017,25654.29546570778
10,28080,24.57889747619629,0.08382637798786163,1.295143723487854,3.244821310043335,1.0564933608317883e-06,1.0564933608317883e-05,0.4948643147945404,0.0468580424785614,0.4244527816772461,0.4963485598564148,0.5512380599975586,25665.13305068016
10,28100,22.016244888305664,0.06414248049259186,1.234104871749878,3.260948419570923,1.0549381772011834e-06,1.0549381772011833e-05,0.49640774726867676,0.05110596865415573,0.430921733379364,0.49511969089508057,0.570030927658081,25675.966002225876
10,28120,18.044921875,0.01261201873421669,1.378043532371521,3.003284454345703,1.0534045679505979e-06,1.0534045679505979e-05,0.49991005659103394,0.040795084089040756,0.454750657081604,0.498138427734375,0.5643112659454346,25686.80220913887
10,28140,22.738916397094727,0.07084256410598755,1.2299141883850098,3.3555188179016113,1.0518925405234988e-06,1.0518925405234987e-05,0.5060193538665771,0.05230127274990082,0.43582549691200256,0.504840612411499,0.5742290019989014,25697.639129638672
10,28160,26.28256607055664,0.10233254730701447,1.2793500423431396,3.2558090686798096,1.0504021022586035e-06,1.0504021022586036e-05,0.5041282176971436,0.04851838946342468,0.44507840275764465,0.5064705610275269,0.574873685836792,25708.469405651093
10,28180,35.40977096557617,0.18837647140026093,1.3050923347473145,3.5212008953094482,1.0489332603898469e-06,1.048933260389847e-05,0.5050845742225647,0.0479469895362854,0.43965595960617065,0.507568359375,0.5654187202453613,25719.301846027374
10,28200,18.523622512817383,0.04514027386903763,1.0867856740951538,3.141737699508667,1.047486022046341e-06,1.0474860220463409e-05,0.5099954605102539,0.046749938279390335,0.4482331871986389,0.5086765289306641,0.5751032829284668,25730.13304924965
10,28220,27.378280639648438,0.1259002983570099,1.1656911373138428,3.131340742111206,1.0460603942523467e-06,1.0460603942523467e-05,0.5029112100601196,0.04244881868362427,0.45753997564315796,0.4987087845802307,0.5624265670776367,25740.969611167908
10,28240,27.45863151550293,0.12470698356628418,1.170189380645752,3.286039352416992,1.0446563839272362e-06,1.0446563839272362e-05,0.513893187046051,0.040088262408971786,0.46574878692626953,0.5143613815307617,0.574958086013794,25751.808059453964
10,28260,23.83868408203125,0.08116482198238373,1.2434759140014648,3.287443161010742,1.0432739978854593e-06,1.0432739978854594e-05,0.5110690593719482,0.04440077021718025,0.4567639231681824,0.5097687840461731,0.5720312595367432,25762.64117193222
10,28280,18.365787506103516,0.03145153820514679,1.1840295791625977,3.380338668823242,1.0419132428365116e-06,1.0419132428365115e-05,0.5025980472564697,0.04681134968996048,0.4397989511489868,0.5032490491867065,0.5681558847427368,25773.473040819168
10,28300,29.081153869628906,0.14458851516246796,1.1221582889556885,3.4007179737091064,1.0405741253849012e-06,1.0405741253849011e-05,0.510744035243988,0.04569581523537636,0.455470472574234,0.5107315182685852,0.5730092525482178,25784.307337522507
10,28320,18.313961029052734,0.03828224539756775,1.1123356819152832,3.3623783588409424,1.039256652030116e-06,1.039256652030116e-05,0.500189483165741,0.044615987688302994,0.4482986330986023,0.5016579031944275,0.5590474605560303,25795.140460968018
10,28340,20.95391845703125,0.051996368914842606,1.2326468229293823,3.4278125762939453,1.0379608291665952e-06,1.0379608291665953e-05,0.4990313947200775,0.05110512301325798,0.4352627694606781,0.4972943067550659,0.5741686820983887,25805.97495985031
10,28360,23.488601684570312,0.06722038984298706,1.3462882041931152,3.303680181503296,1.0366866630836928e-06,1.0366866630836928e-05,0.5020025372505188,0.05229823291301727,0.4423742890357971,0.4999787211418152,0.5717167854309082,25816.804983139038
10,28380,24.591533660888672,0.0746680200099945,1.3829516172409058,3.2952146530151367,1.0354341599656527e-06,1.0354341599656527e-05,0.50905841588974,0.04565553739666939,0.4623628258705139,0.5079813599586487,0.5789316892623901,25827.64254617691
10,28400,23.05824089050293,0.06571941822767258,1.3106462955474854,3.37983775138855,1.0342033258915757e-06,1.0342033258915758e-05,0.501603364944458,0.03820549696683884,0.4589990973472595,0.5019484758377075,0.554675817489624,25838.48773956299
10,28420,19.217449188232422,0.0396931916475296,1.1834973096847534,3.4131557941436768,1.0329941668353906e-06,1.0329941668353905e-05,0.5034746527671814,0.038421113044023514,0.4643931984901428,0.5070246458053589,0.5484474301338196,25849.32050204277
10,28440,17.639404296875,0.02020322158932686,1.2314785718917847,3.304295778274536,1.0318066886658248e-06,1.0318066886658247e-05,0.500023365020752,0.046180449426174164,0.44455069303512573,0.4978848695755005,0.5645342469215393,25860.149463176727
10,28460,22.050640106201172,0.06448233127593994,1.2199150323867798,3.4032578468322754,1.0306408971463757e-06,1.0306408971463756e-05,0.49918049573898315,0.0470188669860363,0.4493563175201416,0.496370792388916,0.5694490671157837,25870.984330654144
10,28480,23.424964904785156,0.08631332218647003,1.1641119718551636,3.1525115966796875,1.029496797935285e-06,1.029496797935285e-05,0.502261757850647,0.04418628290295601,0.4583275020122528,0.5025836825370789,0.5621951818466187,25881.81844353676
10,28500,18.3791446685791,0.02797749824821949,1.2234708070755005,3.3466880321502686,1.0283743965855071e-06,1.028374396585507e-05,0.4984285831451416,0.0481611005961895,0.4385901093482971,0.4975551962852478,0.5635558366775513,25892.646936655045
10,28520,20.89788818359375,0.043974194675683975,1.3237565755844116,3.2629032135009766,1.0272736985446873e-06,1.0272736985446871e-05,0.4927176237106323,0.05045710876584053,0.41534364223480225,0.49499019980430603,0.5602817535400391,25903.47160077095
10,28540,37.440643310546875,0.20931653678417206,1.3287014961242676,3.2219748497009277,1.02619470915513e-06,1.0261947091551301e-05,0.4992082118988037,0.04541357234120369,0.4568014144897461,0.49590200185775757,0.564082145690918,25914.301599264145
10,28560,22.523189544677734,0.06038279831409454,1.286432147026062,3.6205873489379883,1.0251374336537763e-06,1.0251374336537762e-05,0.49696439504623413,0.04824875667691231,0.42829370498657227,0.5021774768829346,0.5623241662979126,25925.129086494446
10,28580,21.539384841918945,0.06859398633241653,1.1461975574493408,3.2180111408233643,1.0241018771721783e-06,1.0241018771721782e-05,0.5024068355560303,0.04499362036585808,0.4511893391609192,0.5019944906234741,0.5734819173812866,25935.958931922913
10,28600,23.227258682250977,0.0786074846982956,1.2047955989837646,3.318553924560547,1.0230880447364717e-06,1.0230880447364718e-05,0.4979283809661865,0.04765800014138222,0.44019341468811035,0.4986514449119568,0.5652762651443481,25946.784912347794
10,28620,18.314252853393555,0.03912625089287758,1.1027315855026245,3.3743109703063965,1.022095941267356e-06,1.0220959412673558e-05,0.4958249032497406,0.045092690736055374,0.43854767084121704,0.4964122176170349,0.5537779331207275,25957.61039328575
10,28640,21.978191375732422,0.05162753909826279,1.3326318264007568,3.4891178607940674,1.0211255715800649e-06,1.0211255715800647e-05,0.5141522288322449,0.041489794850349426,0.46805745363235474,0.5179870128631592,0.5685573816299438,25968.43335366249
10,28660,23.796735763549805,0.07718614488840103,1.2987408638000488,3.0907108783721924,1.0201769403843473e-06,1.0201769403843474e-05,0.4994778335094452,0.04677480831742287,0.44823360443115234,0.4994274377822876,0.5611140131950378,25979.26241326332
10,28680,21.150005340576172,0.06732596457004547,1.1160340309143066,3.257068157196045,1.0192500522844436e-06,1.0192500522844435e-05,0.5119104385375977,0.04064496234059334,0.4692169427871704,0.5074933767318726,0.5686134099960327,25990.083246707916
10,28700,26.614784240722656,0.12102235853672028,1.11967134475708,3.315833330154419,1.0183449117790613e-06,1.0183449117790613e-05,0.49986112117767334,0.04802302271127701,0.44033604860305786,0.4960024952888489,0.5766723155975342,26000.906810045242
10,28720,19.317089080810547,0.03623805567622185,1.2512171268463135,3.181112766265869,1.0174615232613555e-06,1.0174615232613555e-05,0.5006086230278015,0.045123953372240067,0.4546468257904053,0.49925655126571655,0.559800386428833,26011.73540663719
10,28740,23.783010482788086,0.0666922926902771,1.3931087255477905,3.1826937198638916,1.0165998910189067e-06,1.0165998910189066e-05,0.4952046275138855,0.04048169031739235,0.4458639621734619,0.493553102016449,0.5465469360351562,26022.561542749405
10,28760,25.91733169555664,0.10641622543334961,1.1706209182739258,3.5694990158081055,1.0157600192336994e-06,1.0157600192336994e-05,0.511437177658081,0.04889344051480293,0.4573582708835602,0.508060872554779,0.5762828588485718,26033.3891954422
10,28780,19.5384578704834,0.0367249958217144,1.264707326889038,3.218886137008667,1.014941911982103e-06,1.0149419119821032e-05,0.4974188804626465,0.054467830806970596,0.4069260358810425,0.4965207278728485,0.5650894045829773,26044.21209836006
10,28800,20.165111541748047,0.04079373925924301,1.281480073928833,3.2709364891052246,1.0141455732348517e-06,1.0141455732348518e-05,0.4961192309856415,0.042871490120887756,0.42686331272125244,0.4998740553855896,0.5499773025512695,26055.036418914795
10,28820,27.4281063079834,0.10797841846942902,1.3037998676300049,3.592266082763672,1.0133710068570239e-06,1.013371006857024e-05,0.5046447515487671,0.046073418110609055,0.4544951617717743,0.4988006353378296,0.5742405652999878,26065.86265039444
10,28840,21.38330078125,0.0651644915342331,1.167249083518982,3.1943612098693848,1.0126182166080253e-06,1.0126182166080251e-05,0.5017931461334229,0.04912475496530533,0.4329642653465271,0.5055485963821411,0.567634105682373,26076.69389128685
10,28860,23.925933837890625,0.06863727420568466,1.3630740642547607,3.431464910507202,1.0118872061415688e-06,1.0118872061415688e-05,0.5089597105979919,0.046774815768003464,0.4592708945274353,0.5090358257293701,0.5764437317848206,26087.52030801773
10,28880,28.04667854309082,0.11814944446086884,1.2930595874786377,3.301138162612915,1.0111779790056588e-06,1.0111779790056588e-05,0.5064369440078735,0.04958377406001091,0.4431489109992981,0.5065392255783081,0.5763751864433289,26098.35213661194
10,28900,16.315357208251953,0.012228241190314293,1.1920185089111328,3.1723473072052,1.0104905386425733e-06,1.0104905386425732e-05,0.500123143196106,0.047047704458236694,0.4429296851158142,0.5011160969734192,0.5612621307373047,26109.184687376022
10,28920,19.62212371826172,0.037611499428749084,1.2407675981521606,3.4532976150512695,1.009824888388846e-06,1.009824888388846e-05,0.5047893524169922,0.04247133433818817,0.4622790217399597,0.5035911202430725,0.5550971031188965,26120.013917446136
10,28940,26.962127685546875,0.11914362758398056,1.170359492301941,3.344169855117798,1.0091810314752508e-06,1.009181031475251e-05,0.5097033977508545,0.04792116582393646,0.4566466510295868,0.5025597810745239,0.5797911286354065,26130.838206768036
10,28960,39.844764709472656,0.23221975564956665,1.3301405906677246,3.3213846683502197,1.0085589710267869e-06,1.0085589710267869e-05,0.4993802011013031,0.047194384038448334,0.4477473497390747,0.4944634437561035,0.5655224323272705,26141.665989160538
10,28980,26.69036865234375,0.1145988404750824,1.1773970127105713,3.4565155506134033,1.0079587100626627e-06,1.0079587100626627e-05,0.5093770027160645,0.04658513888716698,0.4518691301345825,0.5103332996368408,0.5787656307220459,26152.491774082184
10,29000,23.31488609313965,0.08214011043310165,1.1635189056396484,3.4656853675842285,1.0073802514962822e-06,1.0073802514962822e-05,0.502112865447998,0.04350724443793297,0.4506698250770569,0.503049373626709,0.5544441938400269,26163.31911277771
10,29020,19.382080078125,0.038473375141620636,1.1847679615020752,3.6870627403259277,1.0068235981352285e-06,1.0068235981352285e-05,0.499469131231308,0.05182017758488655,0.4178234338760376,0.504263162612915,0.5669390559196472,26174.14644050598
10,29040,19.666048049926758,0.028661955147981644,1.3502616882324219,3.2972354888916016,1.0062887526812534e-06,1.0062887526812534e-05,0.5053786039352417,0.04259375482797623,0.45590507984161377,0.5037091970443726,0.5701960921287537,26184.96888113022
10,29060,23.38041877746582,0.08025433123111725,1.1949628591537476,3.40535569190979,1.0057757177302625e-06,1.0057757177302625e-05,0.5159518122673035,0.04446893185377121,0.46583765745162964,0.5152349472045898,0.5753532648086548,26195.79935336113
10,29080,29.792720794677734,0.1487109512090683,1.1405901908874512,3.5157241821289062,1.0052844957723015e-06,1.0052844957723015e-05,0.5062608122825623,0.04842844605445862,0.4583255648612976,0.5052611231803894,0.5769826173782349,26206.62702012062
10,29100,21.237319946289062,0.043883442878723145,1.3442761898040771,3.40621280670166,1.0048150891915466e-06,1.0048150891915468e-05,0.5048707723617554,0.0453249029815197,0.45013880729675293,0.5073040723800659,0.5618377923965454,26217.45389008522
10,29120,19.923397064208984,0.044501908123493195,1.1993331909179688,3.479872703552246,1.0043675002662916e-06,1.0043675002662916e-05,0.4971407353878021,0.04955681040883064,0.45295417308807373,0.4941006302833557,0.5676106214523315,26228.286068677902
10,29140,26.319549560546875,0.10877054184675217,1.1830428838729858,3.6120667457580566,1.003941731168937e-06,1.003941731168937e-05,0.4948975741863251,0.04845857247710228,0.4324623942375183,0.49244338274002075,0.5624151825904846,26239.111711740494
10,29160,29.061355590820312,0.1286318451166153,1.309646487236023,3.1017045974731445,1.0035377839659783e-06,1.0035377839659784e-05,0.5014997124671936,0.05265485495328903,0.4195110499858856,0.5013118982315063,0.5740875005722046,26249.943672418594
10,29180,22.565629959106445,0.0521896593272686,1.388279914855957,3.4638659954071045,1.003155660617999e-06,1.003155660617999e-05,0.5062416791915894,0.04923199862241745,0.4446362257003784,0.5077234506607056,0.5758920907974243,26260.77715063095
10,29200,19.71149444580078,0.042962446808815,1.215522289276123,3.260026216506958,1.0027953629796583e-06,1.0027953629796582e-05,0.49995848536491394,0.04334544017910957,0.4545170068740845,0.5001713037490845,0.5611160397529602,26271.607398748398
10,29220,18.348854064941406,0.03625491261482239,1.151550531387329,3.2078583240509033,1.0024568927996815e-06,1.0024568927996815e-05,0.5027151107788086,0.04616427421569824,0.4517534375190735,0.503608226776123,0.5638833045959473,26282.43682909012
10,29240,17.448829650878906,0.016161996871232986,1.2528449296951294,3.3041810989379883,1.0021402517208556e-06,1.0021402517208557e-05,0.4974322021007538,0.04936499893665314,0.43047237396240234,0.5032151937484741,0.5586107969284058,26293.27274274826
10,29260,21.72272300720215,0.04829084128141403,1.3371785879135132,3.5218520164489746,1.001845441280017e-06,1.0018454412800172e-05,0.5032926797866821,0.04888839274644852,0.4532068073749542,0.4971453547477722,0.5749768018722534,26304.107592582703
10,29280,28.907785415649414,0.1262536495923996,1.278890609741211,3.4935126304626465,1.0015724629080463e-06,1.0015724629080462e-05,0.49769458174705505,0.05252460017800331,0.4463059604167938,0.4940454959869385,0.5748893618583679,26314.937542676926
10,29300,22.573257446289062,0.05478162318468094,1.3817375898361206,3.2777202129364014,1.0013213179298609e-06,1.0013213179298608e-05,0.5036219954490662,0.0502869077026844,0.4449859857559204,0.5061084628105164,0.5680230855941772,26325.766902923584
10,29320,26.099363327026367,0.09243635833263397,1.3389778137207031,3.4659481048583984,1.001092007564409e-06,1.0010920075644088e-05,0.5044354200363159,0.04897039383649826,0.44460949301719666,0.5045562982559204,0.5733643770217896,26336.911289215088
10,29340,25.65303611755371,0.08785627782344818,1.3433154821395874,3.434252977371216,1.000884532924661e-06,1.0008845329246609e-05,0.5009030699729919,0.042632441967725754,0.4455317258834839,0.5024431943893433,0.5636106729507446,26347.738149166107
10,29360,19.64339828491211,0.02967049926519394,1.3102433681488037,3.5739145278930664,1.0006988950176085e-06,1.0006988950176085e-05,0.5041259527206421,0.05252024531364441,0.4314536452293396,0.49800002574920654,0.5792490243911743,26358.571353673935
10,29380,24.700223922729492,0.08099260181188583,1.3434913158416748,3.1660497188568115,1.0005350947442565e-06,1.0005350947442565e-05,0.49409589171409607,0.048743776977062225,0.4323306083679199,0.49163293838500977,0.5705002546310425,26369.4060754776
10,29400,21.083248138427734,0.05709907039999962,1.1953761577606201,3.419579029083252,1.0003931328996202e-06,1.0003931328996202e-05,0.5113476514816284,0.0444098524749279,0.4636232256889343,0.5073327422142029,0.5792568922042847,26380.234300136566
10,29420,26.00336456298828,0.07708478718996048,1.481088638305664,3.483999490737915,1.0002730101727195e-06,1.0002730101727194e-05,0.49941131472587585,0.048181697726249695,0.4348509609699249,0.5042291879653931,0.558699905872345,26391.06318473816
10,29440,25.451873779296875,0.10915526002645493,1.1399681568145752,3.1366653442382812,1.0001747271465772e-06,1.0001747271465772e-05,0.4989916682243347,0.04812741279602051,0.4401950240135193,0.500878095626831,0.573849081993103,26401.895325899124
10,29460,27.175159454345703,0.10228824615478516,1.3269298076629639,3.6770355701446533,1.0000982842982165e-06,1.0000982842982165e-05,0.5005563497543335,0.05187040567398071,0.43960562348365784,0.5038366317749023,0.5655727386474609,26412.727580547333
10,29480,22.571487426757812,0.06438247859477997,1.267406940460205,3.459172010421753,1.0000436819986573e-06,1.0000436819986572e-05,0.5085504055023193,0.046475645154714584,0.45432615280151367,0.5078402757644653,0.5725027322769165,26423.554968357086
10,29500,22.503673553466797,0.05154981091618538,1.411799430847168,3.230698585510254,1.0000109205129148e-06,1.000010920512915e-05,0.5028055906295776,0.048717472702264786,0.45161300897598267,0.5045835375785828,0.5709969997406006,26434.38084936142
10,29520,22.384803771972656,0.07441742718219757,1.1501636505126953,3.441425085067749,1e-06,9.999999999999999e-06,0.5049107670783997,0.0398445799946785,0.4616008698940277,0.5016953945159912,0.5608503818511963,26445.1166908741
