W0724 17:50:23.253000 3478281 site-packages/torch/distributed/run.py:793] 
W0724 17:50:23.253000 3478281 site-packages/torch/distributed/run.py:793] *****************************************
W0724 17:50:23.253000 3478281 site-packages/torch/distributed/run.py:793] Setting OMP_NUM_THREADS environment variable for each process to be 1 in default, to avoid your system being overloaded, please further tune the variable for optimal performance in your application as needed. 
W0724 17:50:23.253000 3478281 site-packages/torch/distributed/run.py:793] *****************************************
[W724 17:50:25.642016273 CUDAAllocatorConfig.h:28] Warning: expandable_segments not supported on this platform (function operator())
[W724 17:50:25.656154466 CUDAAllocatorConfig.h:28] Warning: expandable_segments not supported on this platform (function operator())
[rank0]:[W724 17:50:25.920125495 ProcessGroupNCCL.cpp:4115] [PG ID 0 PG GUID 0 Rank 0]  using GPU 0 to perform barrier as devices used by this process are currently unknown. This can potentially cause a hang if this rank to GPU mapping is incorrect.Specify device_ids in barrier() to force use of a particular device,or call init_process_group() with a device_id.
[rank1]:[W724 17:50:25.957113593 ProcessGroupNCCL.cpp:4115] [PG ID 0 PG GUID 0 Rank 1]  using GPU 1 to perform barrier as devices used by this process are currently unknown. This can potentially cause a hang if this rank to GPU mapping is incorrect.Specify device_ids in barrier() to force use of a particular device,or call init_process_group() with a device_id.
[clip_pretrained] loaded 302 tensors from model/ViT-B-16.pt
[clip_pretrained] missing total=286 (visual2*/decoder*/classification* expected = 286; backbone gaps must be 0 -> 0 [])
[clip_pretrained] unexpected = 0 []
epoch=1 step=1/29520 loss=595.5374 Le=5.5366 Lc=3.0769 Ld=11.1048 lr=1.000e-08 gate_lr=1.000e-07 alpha=0.500+/-0.000 peak_mem=23.71GiB
epoch=1 step=20/29520 loss=290.9233 Le=2.4892 Lc=3.0912 Ld=11.0896 lr=2.000e-07 gate_lr=2.000e-06 alpha=0.500+/-0.000 peak_mem=25.41GiB
epoch=1 step=40/29520 loss=372.5077 Le=3.3096 Lc=3.0485 Ld=11.0594 lr=4.000e-07 gate_lr=4.000e-06 alpha=0.500+/-0.000 peak_mem=25.41GiB
epoch=1 step=60/29520 loss=239.5015 Le=1.9721 Lc=3.1277 Ld=11.0130 lr=6.000e-07 gate_lr=6.000e-06 alpha=0.500+/-0.000 peak_mem=25.41GiB
epoch=1 step=80/29520 loss=243.7412 Le=2.0134 Lc=3.1478 Ld=10.9205 lr=8.000e-07 gate_lr=8.000e-06 alpha=0.500+/-0.000 peak_mem=25.41GiB
epoch=1 step=100/29520 loss=185.8712 Le=1.4476 Lc=3.0355 Ld=10.7566 lr=1.000e-06 gate_lr=1.000e-05 alpha=0.500+/-0.000 peak_mem=25.41GiB
epoch=1 step=120/29520 loss=171.3927 Le=1.3037 Lc=3.0482 Ld=10.5450 lr=1.200e-06 gate_lr=1.200e-05 alpha=0.501+/-0.000 peak_mem=25.41GiB
epoch=1 step=140/29520 loss=149.8389 Le=1.0789 Lc=3.1665 Ld=10.2882 lr=1.400e-06 gate_lr=1.400e-05 alpha=0.501+/-0.000 peak_mem=25.41GiB
epoch=1 step=160/29520 loss=143.7141 Le=1.0243 Lc=3.1259 Ld=10.0230 lr=1.600e-06 gate_lr=1.600e-05 alpha=0.501+/-0.000 peak_mem=25.41GiB
epoch=1 step=180/29520 loss=142.0656 Le=1.0040 Lc=3.1839 Ld=9.8302 lr=1.800e-06 gate_lr=1.800e-05 alpha=0.501+/-0.000 peak_mem=25.41GiB
epoch=1 step=200/29520 loss=138.8222 Le=0.9766 Lc=3.1571 Ld=9.5917 lr=2.000e-06 gate_lr=2.000e-05 alpha=0.501+/-0.000 peak_mem=25.41GiB
epoch=1 step=220/29520 loss=142.1107 Le=1.0203 Lc=3.0617 Ld=9.4635 lr=2.200e-06 gate_lr=2.200e-05 alpha=0.501+/-0.000 peak_mem=25.41GiB
epoch=1 step=240/29520 loss=109.4318 Le=0.6834 Lc=3.1930 Ld=9.1643 lr=2.400e-06 gate_lr=2.400e-05 alpha=0.501+/-0.000 peak_mem=25.41GiB
epoch=1 step=260/29520 loss=121.9107 Le=0.8233 Lc=3.0390 Ld=9.1904 lr=2.600e-06 gate_lr=2.600e-05 alpha=0.502+/-0.000 peak_mem=25.41GiB
epoch=1 step=280/29520 loss=107.3633 Le=0.6822 Lc=3.0132 Ld=9.0106 lr=2.800e-06 gate_lr=2.800e-05 alpha=0.502+/-0.000 peak_mem=25.41GiB
epoch=1 step=300/29520 loss=125.6298 Le=0.8589 Lc=3.0780 Ld=8.9561 lr=3.000e-06 gate_lr=3.000e-05 alpha=0.502+/-0.000 peak_mem=25.41GiB
epoch=1 step=320/29520 loss=133.1286 Le=0.9304 Lc=3.1340 Ld=8.7519 lr=3.200e-06 gate_lr=3.200e-05 alpha=0.502+/-0.000 peak_mem=25.41GiB
epoch=1 step=340/29520 loss=152.9164 Le=1.1236 Lc=3.1869 Ld=8.6875 lr=3.400e-06 gate_lr=3.400e-05 alpha=0.503+/-0.000 peak_mem=25.41GiB
epoch=1 step=360/29520 loss=146.4171 Le=1.0679 Lc=3.1045 Ld=8.5842 lr=3.600e-06 gate_lr=3.600e-05 alpha=0.503+/-0.000 peak_mem=25.41GiB
epoch=1 step=380/29520 loss=123.5814 Le=0.8312 Lc=3.1856 Ld=8.6033 lr=3.800e-06 gate_lr=3.800e-05 alpha=0.503+/-0.000 peak_mem=25.41GiB
epoch=1 step=400/29520 loss=124.8692 Le=0.8637 Lc=2.9941 Ld=8.5579 lr=4.000e-06 gate_lr=4.000e-05 alpha=0.503+/-0.000 peak_mem=25.41GiB
epoch=1 step=420/29520 loss=123.9489 Le=0.8517 Lc=3.0249 Ld=8.5322 lr=4.200e-06 gate_lr=4.200e-05 alpha=0.504+/-0.000 peak_mem=25.41GiB
epoch=1 step=440/29520 loss=123.2428 Le=0.8480 Lc=3.0101 Ld=8.3377 lr=4.400e-06 gate_lr=4.400e-05 alpha=0.504+/-0.000 peak_mem=25.41GiB
epoch=1 step=460/29520 loss=108.4306 Le=0.6934 Lc=3.0838 Ld=8.2544 lr=4.600e-06 gate_lr=4.600e-05 alpha=0.504+/-0.000 peak_mem=25.41GiB
epoch=1 step=480/29520 loss=117.0291 Le=0.7810 Lc=3.0570 Ld=8.3618 lr=4.800e-06 gate_lr=4.800e-05 alpha=0.504+/-0.000 peak_mem=25.41GiB
epoch=1 step=500/29520 loss=114.3862 Le=0.7599 Lc=3.0195 Ld=8.2051 lr=5.000e-06 gate_lr=5.000e-05 alpha=0.505+/-0.000 peak_mem=25.41GiB
epoch=1 step=520/29520 loss=112.2715 Le=0.7372 Lc=3.0348 Ld=8.2057 lr=5.200e-06 gate_lr=5.200e-05 alpha=0.505+/-0.000 peak_mem=25.41GiB
epoch=1 step=540/29520 loss=112.9578 Le=0.7571 Lc=2.9200 Ld=8.0468 lr=5.400e-06 gate_lr=5.400e-05 alpha=0.505+/-0.000 peak_mem=25.41GiB
epoch=1 step=560/29520 loss=111.7365 Le=0.7377 Lc=2.9746 Ld=8.2193 lr=5.600e-06 gate_lr=5.600e-05 alpha=0.505+/-0.000 peak_mem=25.41GiB
epoch=1 step=580/29520 loss=118.4766 Le=0.8033 Lc=3.0048 Ld=8.1001 lr=5.800e-06 gate_lr=5.800e-05 alpha=0.506+/-0.000 peak_mem=25.41GiB
epoch=1 step=600/29520 loss=105.5273 Le=0.6842 Lc=2.9011 Ld=8.0965 lr=6.000e-06 gate_lr=6.000e-05 alpha=0.506+/-0.000 peak_mem=25.41GiB
epoch=1 step=620/29520 loss=118.0892 Le=0.8095 Lc=2.9020 Ld=8.1206 lr=6.200e-06 gate_lr=6.200e-05 alpha=0.507+/-0.000 peak_mem=25.41GiB
epoch=1 step=640/29520 loss=92.7113 Le=0.5567 Lc=2.9025 Ld=8.0199 lr=6.400e-06 gate_lr=6.400e-05 alpha=0.507+/-0.000 peak_mem=25.41GiB
epoch=1 step=660/29520 loss=101.2257 Le=0.6441 Lc=2.8960 Ld=7.8555 lr=6.600e-06 gate_lr=6.600e-05 alpha=0.507+/-0.000 peak_mem=25.41GiB
epoch=1 step=680/29520 loss=109.5941 Le=0.7236 Lc=2.9507 Ld=7.7242 lr=6.800e-06 gate_lr=6.800e-05 alpha=0.507+/-0.000 peak_mem=25.41GiB
epoch=1 step=700/29520 loss=123.7817 Le=0.8707 Lc=2.8899 Ld=7.8118 lr=7.000e-06 gate_lr=7.000e-05 alpha=0.507+/-0.000 peak_mem=25.41GiB
epoch=1 step=720/29520 loss=94.1253 Le=0.5782 Lc=2.8612 Ld=7.6909 lr=7.200e-06 gate_lr=7.200e-05 alpha=0.508+/-0.000 peak_mem=25.41GiB
epoch=1 step=740/29520 loss=107.4738 Le=0.7140 Lc=2.8360 Ld=7.7107 lr=7.400e-06 gate_lr=7.400e-05 alpha=0.508+/-0.000 peak_mem=25.41GiB
epoch=1 step=760/29520 loss=109.0958 Le=0.7261 Lc=2.8754 Ld=7.7286 lr=7.600e-06 gate_lr=7.600e-05 alpha=0.509+/-0.000 peak_mem=25.41GiB
epoch=1 step=780/29520 loss=110.9187 Le=0.7564 Lc=2.7701 Ld=7.5788 lr=7.800e-06 gate_lr=7.800e-05 alpha=0.509+/-0.001 peak_mem=25.41GiB
epoch=1 step=800/29520 loss=119.3322 Le=0.8468 Lc=2.6987 Ld=7.6607 lr=8.000e-06 gate_lr=8.000e-05 alpha=0.509+/-0.001 peak_mem=25.41GiB
epoch=1 step=820/29520 loss=92.8960 Le=0.5872 Lc=2.6641 Ld=7.5327 lr=8.200e-06 gate_lr=8.200e-05 alpha=0.509+/-0.001 peak_mem=25.41GiB
epoch=1 step=840/29520 loss=121.2237 Le=0.8491 Lc=2.8816 Ld=7.5018 lr=8.400e-06 gate_lr=8.400e-05 alpha=0.509+/-0.001 peak_mem=25.41GiB
epoch=1 step=860/29520 loss=82.4727 Le=0.4721 Lc=2.7863 Ld=7.3955 lr=8.600e-06 gate_lr=8.600e-05 alpha=0.509+/-0.001 peak_mem=25.41GiB
epoch=1 step=880/29520 loss=97.2226 Le=0.6263 Lc=2.7171 Ld=7.4207 lr=8.800e-06 gate_lr=8.800e-05 alpha=0.510+/-0.001 peak_mem=25.41GiB
epoch=1 step=900/29520 loss=93.8916 Le=0.5750 Lc=2.8972 Ld=7.4238 lr=9.000e-06 gate_lr=9.000e-05 alpha=0.510+/-0.001 peak_mem=25.41GiB
epoch=1 step=920/29520 loss=96.7044 Le=0.6207 Lc=2.7303 Ld=7.3326 lr=9.200e-06 gate_lr=9.200e-05 alpha=0.511+/-0.001 peak_mem=25.41GiB
epoch=1 step=940/29520 loss=107.8536 Le=0.7351 Lc=2.7038 Ld=7.3052 lr=9.400e-06 gate_lr=9.400e-05 alpha=0.510+/-0.001 peak_mem=25.41GiB
epoch=1 step=960/29520 loss=89.0758 Le=0.5432 Lc=2.7450 Ld=7.3090 lr=9.600e-06 gate_lr=9.600e-05 alpha=0.510+/-0.001 peak_mem=25.41GiB
epoch=1 step=980/29520 loss=76.4766 Le=0.4338 Lc=2.5680 Ld=7.4193 lr=9.800e-06 gate_lr=9.800e-05 alpha=0.511+/-0.001 peak_mem=25.41GiB
epoch=1 step=1000/29520 loss=84.0310 Le=0.5028 Lc=2.6518 Ld=7.2310 lr=1.000e-05 gate_lr=1.000e-04 alpha=0.511+/-0.001 peak_mem=25.41GiB
epoch=1 step=1020/29520 loss=105.7753 Le=0.7179 Lc=2.6713 Ld=7.2755 lr=1.000e-05 gate_lr=1.000e-04 alpha=0.512+/-0.001 peak_mem=25.41GiB
epoch=1 step=1040/29520 loss=94.2764 Le=0.6264 Lc=2.4538 Ld=7.0979 lr=1.000e-05 gate_lr=1.000e-04 alpha=0.512+/-0.001 peak_mem=25.41GiB
epoch=1 step=1060/29520 loss=91.8600 Le=0.5867 Lc=2.6307 Ld=6.8859 lr=1.000e-05 gate_lr=1.000e-04 alpha=0.513+/-0.001 peak_mem=25.41GiB
epoch=1 step=1080/29520 loss=84.3233 Le=0.5305 Lc=2.4447 Ld=6.8251 lr=1.000e-05 gate_lr=1.000e-04 alpha=0.513+/-0.001 peak_mem=25.41GiB
epoch=1 step=1100/29520 loss=64.3664 Le=0.3333 Lc=2.4092 Ld=6.9435 lr=1.000e-05 gate_lr=1.000e-04 alpha=0.514+/-0.001 peak_mem=25.41GiB
epoch=1 step=1120/29520 loss=107.3206 Le=0.7567 Lc=2.4579 Ld=7.0702 lr=1.000e-05 gate_lr=1.000e-04 alpha=0.513+/-0.002 peak_mem=25.41GiB
epoch=1 step=1140/29520 loss=80.0227 Le=0.4896 Lc=2.4255 Ld=6.8071 lr=9.999e-06 gate_lr=9.999e-05 alpha=0.514+/-0.002 peak_mem=25.41GiB
epoch=1 step=1160/29520 loss=88.5421 Le=0.5942 Lc=2.2278 Ld=6.8469 lr=9.999e-06 gate_lr=9.999e-05 alpha=0.514+/-0.002 peak_mem=25.41GiB
epoch=1 step=1180/29520 loss=85.3823 Le=0.5459 Lc=2.3871 Ld=6.9197 lr=9.999e-06 gate_lr=9.999e-05 alpha=0.514+/-0.002 peak_mem=25.41GiB
epoch=1 step=1200/29520 loss=62.8085 Le=0.3502 Lc=2.0964 Ld=6.8240 lr=9.999e-06 gate_lr=9.999e-05 alpha=0.514+/-0.001 peak_mem=25.41GiB
epoch=1 step=1220/29520 loss=89.4470 Le=0.6045 Lc=2.2309 Ld=6.6907 lr=9.999e-06 gate_lr=9.999e-05 alpha=0.513+/-0.002 peak_mem=25.41GiB
epoch=1 step=1240/29520 loss=93.2041 Le=0.6304 Lc=2.3452 Ld=6.7098 lr=9.998e-06 gate_lr=9.998e-05 alpha=0.515+/-0.002 peak_mem=25.41GiB
epoch=1 step=1260/29520 loss=67.8692 Le=0.4030 Lc=2.0717 Ld=6.8553 lr=9.998e-06 gate_lr=9.998e-05 alpha=0.514+/-0.002 peak_mem=25.41GiB
epoch=1 step=1280/29520 loss=91.8089 Le=0.6169 Lc=2.3459 Ld=6.6645 lr=9.998e-06 gate_lr=9.998e-05 alpha=0.515+/-0.003 peak_mem=25.41GiB
epoch=1 step=1300/29520 loss=82.4590 Le=0.5485 Lc=2.1102 Ld=6.5061 lr=9.998e-06 gate_lr=9.998e-05 alpha=0.516+/-0.002 peak_mem=25.41GiB
epoch=1 step=1320/29520 loss=66.1022 Le=0.3726 Lc=2.2241 Ld=6.6062 lr=9.997e-06 gate_lr=9.997e-05 alpha=0.516+/-0.002 peak_mem=25.41GiB
epoch=1 step=1340/29520 loss=96.8866 Le=0.6833 Lc=2.1884 Ld=6.6685 lr=9.997e-06 gate_lr=9.997e-05 alpha=0.515+/-0.003 peak_mem=25.41GiB
epoch=1 step=1360/29520 loss=89.6770 Le=0.6130 Lc=2.1955 Ld=6.4259 lr=9.996e-06 gate_lr=9.996e-05 alpha=0.515+/-0.003 peak_mem=25.41GiB
epoch=1 step=1380/29520 loss=67.0407 Le=0.3962 Lc=2.1011 Ld=6.4063 lr=9.996e-06 gate_lr=9.996e-05 alpha=0.516+/-0.003 peak_mem=25.41GiB
epoch=1 step=1400/29520 loss=85.7140 Le=0.5883 Lc=2.0531 Ld=6.3564 lr=9.996e-06 gate_lr=9.996e-05 alpha=0.517+/-0.003 peak_mem=25.41GiB
epoch=1 step=1420/29520 loss=89.9265 Le=0.6398 Lc=1.9440 Ld=6.5036 lr=9.995e-06 gate_lr=9.995e-05 alpha=0.518+/-0.003 peak_mem=25.41GiB
epoch=1 step=1440/29520 loss=81.5652 Le=0.5494 Lc=2.0321 Ld=6.3063 lr=9.995e-06 gate_lr=9.995e-05 alpha=0.518+/-0.004 peak_mem=25.41GiB
epoch=1 step=1460/29520 loss=71.6025 Le=0.4363 Lc=2.1562 Ld=6.4077 lr=9.994e-06 gate_lr=9.994e-05 alpha=0.518+/-0.004 peak_mem=25.41GiB
epoch=1 step=1480/29520 loss=91.0439 Le=0.6382 Lc=2.0777 Ld=6.4493 lr=9.994e-06 gate_lr=9.994e-05 alpha=0.517+/-0.003 peak_mem=25.41GiB
epoch=1 step=1500/29520 loss=74.4743 Le=0.4938 Lc=1.8893 Ld=6.2039 lr=9.993e-06 gate_lr=9.993e-05 alpha=0.518+/-0.003 peak_mem=25.41GiB
epoch=1 step=1520/29520 loss=71.8872 Le=0.4499 Lc=2.0698 Ld=6.1972 lr=9.993e-06 gate_lr=9.993e-05 alpha=0.518+/-0.004 peak_mem=25.41GiB
epoch=1 step=1540/29520 loss=63.2308 Le=0.3793 Lc=1.9060 Ld=6.2450 lr=9.992e-06 gate_lr=9.992e-05 alpha=0.518+/-0.004 peak_mem=25.41GiB
epoch=1 step=1560/29520 loss=89.3842 Le=0.6238 Lc=2.0747 Ld=6.2610 lr=9.991e-06 gate_lr=9.991e-05 alpha=0.520+/-0.005 peak_mem=25.41GiB
epoch=1 step=1580/29520 loss=83.6711 Le=0.5711 Lc=2.0283 Ld=6.2746 lr=9.991e-06 gate_lr=9.991e-05 alpha=0.520+/-0.004 peak_mem=25.41GiB
epoch=1 step=1600/29520 loss=76.2591 Le=0.5034 Lc=1.9730 Ld=6.1882 lr=9.990e-06 gate_lr=9.990e-05 alpha=0.519+/-0.005 peak_mem=25.41GiB
epoch=1 step=1620/29520 loss=69.7180 Le=0.4354 Lc=1.9934 Ld=6.2467 lr=9.990e-06 gate_lr=9.990e-05 alpha=0.519+/-0.006 peak_mem=25.41GiB
epoch=1 step=1640/29520 loss=67.3111 Le=0.4178 Lc=1.9484 Ld=6.0479 lr=9.989e-06 gate_lr=9.989e-05 alpha=0.519+/-0.005 peak_mem=25.41GiB
epoch=1 step=1660/29520 loss=70.4716 Le=0.4424 Lc=2.0051 Ld=6.1836 lr=9.988e-06 gate_lr=9.988e-05 alpha=0.520+/-0.005 peak_mem=25.41GiB
epoch=1 step=1680/29520 loss=104.1008 Le=0.7812 Lc=1.9871 Ld=6.1131 lr=9.987e-06 gate_lr=9.987e-05 alpha=0.521+/-0.005 peak_mem=25.41GiB
epoch=1 step=1700/29520 loss=56.3789 Le=0.3200 Lc=1.8229 Ld=6.1505 lr=9.987e-06 gate_lr=9.987e-05 alpha=0.522+/-0.005 peak_mem=25.41GiB
epoch=1 step=1720/29520 loss=75.2594 Le=0.4967 Lc=1.9303 Ld=6.2868 lr=9.986e-06 gate_lr=9.986e-05 alpha=0.520+/-0.006 peak_mem=25.41GiB
epoch=1 step=1740/29520 loss=70.2945 Le=0.4646 Lc=1.7601 Ld=6.2348 lr=9.985e-06 gate_lr=9.985e-05 alpha=0.521+/-0.005 peak_mem=25.41GiB
epoch=1 step=1760/29520 loss=63.4940 Le=0.3839 Lc=1.9058 Ld=6.0415 lr=9.984e-06 gate_lr=9.984e-05 alpha=0.522+/-0.005 peak_mem=25.41GiB
epoch=1 step=1780/29520 loss=66.3551 Le=0.4279 Lc=1.7502 Ld=6.0661 lr=9.983e-06 gate_lr=9.983e-05 alpha=0.522+/-0.007 peak_mem=25.41GiB
epoch=1 step=1800/29520 loss=46.9589 Le=0.2271 Lc=1.8441 Ld=5.8105 lr=9.983e-06 gate_lr=9.983e-05 alpha=0.523+/-0.006 peak_mem=25.41GiB
epoch=1 step=1820/29520 loss=73.8621 Le=0.4922 Lc=1.8701 Ld=5.9376 lr=9.982e-06 gate_lr=9.982e-05 alpha=0.523+/-0.006 peak_mem=25.41GiB
epoch=1 step=1840/29520 loss=83.9370 Le=0.5939 Lc=1.8744 Ld=5.8058 lr=9.981e-06 gate_lr=9.981e-05 alpha=0.521+/-0.006 peak_mem=25.41GiB
epoch=1 step=1860/29520 loss=69.5828 Le=0.4387 Lc=1.9694 Ld=6.0224 lr=9.980e-06 gate_lr=9.980e-05 alpha=0.522+/-0.006 peak_mem=25.41GiB
epoch=1 step=1880/29520 loss=66.4606 Le=0.4109 Lc=1.9481 Ld=5.8936 lr=9.979e-06 gate_lr=9.979e-05 alpha=0.523+/-0.007 peak_mem=25.41GiB
epoch=1 step=1900/29520 loss=76.2221 Le=0.5045 Lc=2.0025 Ld=5.7433 lr=9.978e-06 gate_lr=9.978e-05 alpha=0.524+/-0.006 peak_mem=25.41GiB
epoch=1 step=1920/29520 loss=60.1985 Le=0.3499 Lc=1.9199 Ld=6.0133 lr=9.977e-06 gate_lr=9.977e-05 alpha=0.524+/-0.008 peak_mem=25.41GiB
epoch=1 step=1940/29520 loss=65.2401 Le=0.3970 Lc=1.9785 Ld=5.7568 lr=9.976e-06 gate_lr=9.976e-05 alpha=0.525+/-0.007 peak_mem=25.41GiB
epoch=1 step=1960/29520 loss=68.2733 Le=0.4394 Lc=1.8560 Ld=5.7708 lr=9.975e-06 gate_lr=9.975e-05 alpha=0.526+/-0.009 peak_mem=25.41GiB
epoch=1 step=1980/29520 loss=62.0065 Le=0.3770 Lc=1.8692 Ld=5.6116 lr=9.974e-06 gate_lr=9.974e-05 alpha=0.524+/-0.007 peak_mem=25.41GiB
epoch=1 step=2000/29520 loss=89.5447 Le=0.6481 Lc=1.8925 Ld=5.8079 lr=9.973e-06 gate_lr=9.973e-05 alpha=0.525+/-0.008 peak_mem=25.41GiB
epoch=1 step=2020/29520 loss=52.4399 Le=0.2923 Lc=1.7193 Ld=6.0215 lr=9.972e-06 gate_lr=9.972e-05 alpha=0.526+/-0.008 peak_mem=25.41GiB
epoch=1 step=2040/29520 loss=66.9954 Le=0.4286 Lc=1.8171 Ld=5.9672 lr=9.971e-06 gate_lr=9.971e-05 alpha=0.526+/-0.009 peak_mem=25.41GiB
epoch=1 step=2060/29520 loss=90.1457 Le=0.6476 Lc=1.9523 Ld=5.8679 lr=9.969e-06 gate_lr=9.969e-05 alpha=0.524+/-0.009 peak_mem=25.41GiB
epoch=1 step=2080/29520 loss=60.3745 Le=0.3669 Lc=1.8033 Ld=5.6495 lr=9.968e-06 gate_lr=9.968e-05 alpha=0.525+/-0.009 peak_mem=25.41GiB
epoch=1 step=2100/29520 loss=57.3875 Le=0.3344 Lc=1.8362 Ld=5.5868 lr=9.967e-06 gate_lr=9.967e-05 alpha=0.523+/-0.009 peak_mem=25.41GiB
epoch=1 step=2120/29520 loss=62.5937 Le=0.3816 Lc=1.8468 Ld=5.9617 lr=9.966e-06 gate_lr=9.966e-05 alpha=0.524+/-0.011 peak_mem=25.41GiB
epoch=1 step=2140/29520 loss=52.2548 Le=0.2739 Lc=1.9168 Ld=5.6943 lr=9.965e-06 gate_lr=9.965e-05 alpha=0.524+/-0.010 peak_mem=25.41GiB
epoch=1 step=2160/29520 loss=69.8200 Le=0.4503 Lc=1.8862 Ld=5.9315 lr=9.963e-06 gate_lr=9.963e-05 alpha=0.525+/-0.008 peak_mem=25.41GiB
epoch=1 step=2180/29520 loss=63.9559 Le=0.4060 Lc=1.7712 Ld=5.6458 lr=9.962e-06 gate_lr=9.962e-05 alpha=0.525+/-0.010 peak_mem=25.41GiB
epoch=1 step=2200/29520 loss=78.7245 Le=0.5415 Lc=1.9059 Ld=5.5191 lr=9.961e-06 gate_lr=9.961e-05 alpha=0.525+/-0.011 peak_mem=25.41GiB
epoch=1 step=2220/29520 loss=44.9423 Le=0.2122 Lc=1.8010 Ld=5.7123 lr=9.959e-06 gate_lr=9.959e-05 alpha=0.527+/-0.011 peak_mem=25.41GiB
epoch=1 step=2240/29520 loss=68.7865 Le=0.4540 Lc=1.7828 Ld=5.5632 lr=9.958e-06 gate_lr=9.958e-05 alpha=0.524+/-0.012 peak_mem=25.41GiB
epoch=1 step=2260/29520 loss=63.9998 Le=0.4066 Lc=1.7815 Ld=5.5279 lr=9.957e-06 gate_lr=9.957e-05 alpha=0.523+/-0.011 peak_mem=25.41GiB
epoch=1 step=2280/29520 loss=77.8538 Le=0.5240 Lc=1.9891 Ld=5.5654 lr=9.955e-06 gate_lr=9.955e-05 alpha=0.522+/-0.011 peak_mem=25.41GiB
epoch=1 step=2300/29520 loss=57.7827 Le=0.3550 Lc=1.6930 Ld=5.3570 lr=9.954e-06 gate_lr=9.954e-05 alpha=0.524+/-0.011 peak_mem=25.41GiB
epoch=1 step=2320/29520 loss=45.4085 Le=0.2095 Lc=1.8979 Ld=5.4773 lr=9.953e-06 gate_lr=9.953e-05 alpha=0.524+/-0.011 peak_mem=25.41GiB
epoch=1 step=2340/29520 loss=67.5019 Le=0.4525 Lc=1.6806 Ld=5.4445 lr=9.951e-06 gate_lr=9.951e-05 alpha=0.522+/-0.013 peak_mem=25.41GiB
epoch=1 step=2360/29520 loss=62.4320 Le=0.3789 Lc=1.8968 Ld=5.5725 lr=9.950e-06 gate_lr=9.950e-05 alpha=0.523+/-0.011 peak_mem=25.41GiB
epoch=1 step=2380/29520 loss=72.1097 Le=0.4887 Lc=1.7688 Ld=5.5549 lr=9.948e-06 gate_lr=9.948e-05 alpha=0.525+/-0.010 peak_mem=25.41GiB
epoch=1 step=2400/29520 loss=58.1122 Le=0.3461 Lc=1.8126 Ld=5.3731 lr=9.947e-06 gate_lr=9.947e-05 alpha=0.521+/-0.011 peak_mem=25.41GiB
epoch=1 step=2420/29520 loss=80.7394 Le=0.5663 Lc=1.8733 Ld=5.3815 lr=9.945e-06 gate_lr=9.945e-05 alpha=0.521+/-0.013 peak_mem=25.41GiB
epoch=1 step=2440/29520 loss=70.5186 Le=0.4715 Lc=1.7944 Ld=5.4281 lr=9.944e-06 gate_lr=9.944e-05 alpha=0.522+/-0.011 peak_mem=25.41GiB
epoch=1 step=2460/29520 loss=51.9928 Le=0.2954 Lc=1.7021 Ld=5.4347 lr=9.942e-06 gate_lr=9.942e-05 alpha=0.522+/-0.011 peak_mem=25.41GiB
epoch=1 step=2480/29520 loss=56.0110 Le=0.3295 Lc=1.7637 Ld=5.4208 lr=9.940e-06 gate_lr=9.940e-05 alpha=0.521+/-0.012 peak_mem=25.41GiB
epoch=1 step=2500/29520 loss=56.0155 Le=0.3213 Lc=1.8524 Ld=5.3662 lr=9.939e-06 gate_lr=9.939e-05 alpha=0.520+/-0.011 peak_mem=25.41GiB
epoch=1 step=2520/29520 loss=80.0794 Le=0.5726 Lc=1.7451 Ld=5.3706 lr=9.937e-06 gate_lr=9.937e-05 alpha=0.523+/-0.012 peak_mem=25.41GiB
epoch=1 step=2540/29520 loss=46.3880 Le=0.2245 Lc=1.8467 Ld=5.4748 lr=9.935e-06 gate_lr=9.935e-05 alpha=0.520+/-0.014 peak_mem=25.41GiB
epoch=1 step=2560/29520 loss=59.2029 Le=0.3643 Lc=1.7514 Ld=5.2581 lr=9.934e-06 gate_lr=9.934e-05 alpha=0.523+/-0.012 peak_mem=25.41GiB
epoch=1 step=2580/29520 loss=56.9718 Le=0.3356 Lc=1.7920 Ld=5.4930 lr=9.932e-06 gate_lr=9.932e-05 alpha=0.520+/-0.013 peak_mem=25.41GiB
epoch=1 step=2600/29520 loss=57.4150 Le=0.3380 Lc=1.8309 Ld=5.3095 lr=9.930e-06 gate_lr=9.930e-05 alpha=0.520+/-0.011 peak_mem=25.41GiB
epoch=1 step=2620/29520 loss=48.2190 Le=0.2641 Lc=1.6305 Ld=5.5080 lr=9.929e-06 gate_lr=9.929e-05 alpha=0.521+/-0.014 peak_mem=25.41GiB
epoch=1 step=2640/29520 loss=58.2315 Le=0.3441 Lc=1.8427 Ld=5.3941 lr=9.927e-06 gate_lr=9.927e-05 alpha=0.524+/-0.013 peak_mem=25.41GiB
epoch=1 step=2660/29520 loss=58.0951 Le=0.3530 Lc=1.7287 Ld=5.5073 lr=9.925e-06 gate_lr=9.925e-05 alpha=0.523+/-0.013 peak_mem=25.41GiB
epoch=1 step=2680/29520 loss=57.9339 Le=0.3497 Lc=1.7390 Ld=5.5697 lr=9.923e-06 gate_lr=9.923e-05 alpha=0.525+/-0.012 peak_mem=25.41GiB
epoch=1 step=2700/29520 loss=49.2155 Le=0.2627 Lc=1.7569 Ld=5.3752 lr=9.921e-06 gate_lr=9.921e-05 alpha=0.521+/-0.013 peak_mem=25.41GiB
epoch=1 step=2720/29520 loss=53.5773 Le=0.2954 Lc=1.8573 Ld=5.4663 lr=9.919e-06 gate_lr=9.919e-05 alpha=0.523+/-0.012 peak_mem=25.41GiB
epoch=1 step=2740/29520 loss=58.8351 Le=0.3462 Lc=1.8928 Ld=5.2864 lr=9.918e-06 gate_lr=9.918e-05 alpha=0.522+/-0.016 peak_mem=25.41GiB
epoch=1 step=2760/29520 loss=61.7552 Le=0.3968 Lc=1.6631 Ld=5.4412 lr=9.916e-06 gate_lr=9.916e-05 alpha=0.521+/-0.015 peak_mem=25.41GiB
epoch=1 step=2780/29520 loss=53.2914 Le=0.3048 Lc=1.7462 Ld=5.3513 lr=9.914e-06 gate_lr=9.914e-05 alpha=0.521+/-0.012 peak_mem=25.41GiB
epoch=1 step=2800/29520 loss=45.6745 Le=0.2296 Lc=1.7482 Ld=5.2309 lr=9.912e-06 gate_lr=9.912e-05 alpha=0.520+/-0.014 peak_mem=25.41GiB
epoch=1 step=2820/29520 loss=54.4512 Le=0.3195 Lc=1.7370 Ld=5.1276 lr=9.910e-06 gate_lr=9.910e-05 alpha=0.517+/-0.013 peak_mem=25.41GiB
epoch=1 step=2840/29520 loss=57.4203 Le=0.3387 Lc=1.8343 Ld=5.2035 lr=9.908e-06 gate_lr=9.908e-05 alpha=0.521+/-0.017 peak_mem=25.41GiB
epoch=1 step=2860/29520 loss=39.1221 Le=0.1565 Lc=1.8210 Ld=5.2614 lr=9.906e-06 gate_lr=9.906e-05 alpha=0.522+/-0.012 peak_mem=25.41GiB
epoch=1 step=2880/29520 loss=70.2186 Le=0.4553 Lc=1.9393 Ld=5.2964 lr=9.904e-06 gate_lr=9.904e-05 alpha=0.519+/-0.016 peak_mem=25.41GiB
epoch=1 step=2900/29520 loss=66.5681 Le=0.4369 Lc=1.7509 Ld=5.3655 lr=9.902e-06 gate_lr=9.902e-05 alpha=0.519+/-0.015 peak_mem=25.41GiB
epoch=1 step=2920/29520 loss=56.1666 Le=0.3297 Lc=1.7997 Ld=5.1964 lr=9.900e-06 gate_lr=9.900e-05 alpha=0.523+/-0.014 peak_mem=25.41GiB
epoch=1 step=2940/29520 loss=39.1172 Le=0.1598 Lc=1.7884 Ld=5.2515 lr=9.898e-06 gate_lr=9.898e-05 alpha=0.519+/-0.015 peak_mem=25.41GiB
epoch=1 checkpoints saved
epoch=2 step=2960/29520 loss=57.4829 Le=0.3512 Lc=1.7181 Ld=5.1835 lr=9.896e-06 gate_lr=9.896e-05 alpha=0.529+/-0.014 peak_mem=25.41GiB
epoch=2 step=2980/29520 loss=52.3145 Le=0.2912 Lc=1.7993 Ld=5.2027 lr=9.893e-06 gate_lr=9.893e-05 alpha=0.525+/-0.017 peak_mem=25.41GiB
epoch=2 step=3000/29520 loss=72.1420 Le=0.4934 Lc=1.7657 Ld=5.1502 lr=9.891e-06 gate_lr=9.891e-05 alpha=0.521+/-0.017 peak_mem=25.41GiB
epoch=2 step=3020/29520 loss=58.0178 Le=0.3599 Lc=1.6741 Ld=5.2828 lr=9.889e-06 gate_lr=9.889e-05 alpha=0.525+/-0.016 peak_mem=25.41GiB
epoch=2 step=3040/29520 loss=53.9009 Le=0.3103 Lc=1.7600 Ld=5.2737 lr=9.887e-06 gate_lr=9.887e-05 alpha=0.522+/-0.018 peak_mem=25.41GiB
epoch=2 step=3060/29520 loss=61.3507 Le=0.3861 Lc=1.7416 Ld=5.3258 lr=9.885e-06 gate_lr=9.885e-05 alpha=0.521+/-0.017 peak_mem=25.41GiB
epoch=2 step=3080/29520 loss=68.6776 Le=0.4379 Lc=1.9773 Ld=5.1134 lr=9.882e-06 gate_lr=9.882e-05 alpha=0.515+/-0.019 peak_mem=25.41GiB
epoch=2 step=3100/29520 loss=67.3613 Le=0.4220 Lc=1.9889 Ld=5.2716 lr=9.880e-06 gate_lr=9.880e-05 alpha=0.521+/-0.015 peak_mem=25.41GiB
epoch=2 step=3120/29520 loss=54.4611 Le=0.3111 Lc=1.8198 Ld=5.1531 lr=9.878e-06 gate_lr=9.878e-05 alpha=0.525+/-0.019 peak_mem=25.41GiB
epoch=2 step=3140/29520 loss=49.0397 Le=0.2678 Lc=1.7341 Ld=4.9142 lr=9.876e-06 gate_lr=9.876e-05 alpha=0.524+/-0.017 peak_mem=25.41GiB
epoch=2 step=3160/29520 loss=57.0574 Le=0.3233 Lc=1.9626 Ld=5.0993 lr=9.873e-06 gate_lr=9.873e-05 alpha=0.525+/-0.017 peak_mem=25.41GiB
epoch=2 step=3180/29520 loss=47.7899 Le=0.2657 Lc=1.6253 Ld=4.9652 lr=9.871e-06 gate_lr=9.871e-05 alpha=0.519+/-0.018 peak_mem=25.41GiB
epoch=2 step=3200/29520 loss=49.4081 Le=0.2777 Lc=1.6769 Ld=4.8650 lr=9.869e-06 gate_lr=9.869e-05 alpha=0.520+/-0.018 peak_mem=25.41GiB
epoch=2 step=3220/29520 loss=58.7948 Le=0.3442 Lc=1.9472 Ld=4.9051 lr=9.866e-06 gate_lr=9.866e-05 alpha=0.517+/-0.018 peak_mem=25.41GiB
epoch=2 step=3240/29520 loss=57.7305 Le=0.3549 Lc=1.7005 Ld=5.2382 lr=9.864e-06 gate_lr=9.864e-05 alpha=0.521+/-0.019 peak_mem=25.41GiB
epoch=2 step=3260/29520 loss=65.3378 Le=0.4329 Lc=1.7192 Ld=4.8542 lr=9.861e-06 gate_lr=9.861e-05 alpha=0.519+/-0.019 peak_mem=25.41GiB
epoch=2 step=3280/29520 loss=42.5856 Le=0.1971 Lc=1.7771 Ld=5.1052 lr=9.859e-06 gate_lr=9.859e-05 alpha=0.519+/-0.018 peak_mem=25.41GiB
epoch=2 step=3300/29520 loss=68.7855 Le=0.4486 Lc=1.8751 Ld=5.1741 lr=9.856e-06 gate_lr=9.856e-05 alpha=0.520+/-0.020 peak_mem=25.41GiB
epoch=2 step=3320/29520 loss=68.4021 Le=0.4571 Lc=1.7587 Ld=5.1055 lr=9.854e-06 gate_lr=9.854e-05 alpha=0.520+/-0.020 peak_mem=25.41GiB
epoch=2 step=3340/29520 loss=60.4524 Le=0.3643 Lc=1.8838 Ld=5.1836 lr=9.851e-06 gate_lr=9.851e-05 alpha=0.517+/-0.016 peak_mem=25.41GiB
epoch=2 step=3360/29520 loss=41.8583 Le=0.2002 Lc=1.6656 Ld=5.1818 lr=9.849e-06 gate_lr=9.849e-05 alpha=0.524+/-0.015 peak_mem=25.41GiB
epoch=2 step=3380/29520 loss=58.9941 Le=0.3684 Lc=1.7267 Ld=4.8886 lr=9.846e-06 gate_lr=9.846e-05 alpha=0.522+/-0.019 peak_mem=25.41GiB
epoch=2 step=3400/29520 loss=59.1281 Le=0.3583 Lc=1.8240 Ld=5.0580 lr=9.844e-06 gate_lr=9.844e-05 alpha=0.518+/-0.019 peak_mem=25.41GiB
epoch=2 step=3420/29520 loss=59.1337 Le=0.3529 Lc=1.8724 Ld=5.1218 lr=9.841e-06 gate_lr=9.841e-05 alpha=0.518+/-0.020 peak_mem=25.41GiB
epoch=2 step=3440/29520 loss=52.4883 Le=0.3069 Lc=1.6756 Ld=5.0403 lr=9.838e-06 gate_lr=9.838e-05 alpha=0.523+/-0.021 peak_mem=25.41GiB
epoch=2 step=3460/29520 loss=48.8580 Le=0.2846 Lc=1.5483 Ld=4.9114 lr=9.836e-06 gate_lr=9.836e-05 alpha=0.519+/-0.020 peak_mem=25.41GiB
epoch=2 step=3480/29520 loss=54.6681 Le=0.3318 Lc=1.6461 Ld=5.0244 lr=9.833e-06 gate_lr=9.833e-05 alpha=0.517+/-0.019 peak_mem=25.41GiB
epoch=2 step=3500/29520 loss=47.1103 Le=0.2557 Lc=1.6655 Ld=4.8847 lr=9.830e-06 gate_lr=9.830e-05 alpha=0.520+/-0.015 peak_mem=25.41GiB
epoch=2 step=3520/29520 loss=55.9137 Le=0.3256 Lc=1.8264 Ld=5.0865 lr=9.828e-06 gate_lr=9.828e-05 alpha=0.514+/-0.020 peak_mem=25.41GiB
epoch=2 step=3540/29520 loss=61.8803 Le=0.3899 Lc=1.7798 Ld=5.0905 lr=9.825e-06 gate_lr=9.825e-05 alpha=0.512+/-0.018 peak_mem=25.41GiB
epoch=2 step=3560/29520 loss=46.5291 Le=0.2354 Lc=1.8131 Ld=4.8531 lr=9.822e-06 gate_lr=9.822e-05 alpha=0.517+/-0.020 peak_mem=25.41GiB
epoch=2 step=3580/29520 loss=46.8796 Le=0.2389 Lc=1.7861 Ld=5.1328 lr=9.819e-06 gate_lr=9.819e-05 alpha=0.520+/-0.019 peak_mem=25.41GiB
epoch=2 step=3600/29520 loss=48.0807 Le=0.2518 Lc=1.7853 Ld=5.0484 lr=9.817e-06 gate_lr=9.817e-05 alpha=0.520+/-0.022 peak_mem=25.41GiB
epoch=2 step=3620/29520 loss=73.4212 Le=0.4963 Lc=1.8956 Ld=4.8342 lr=9.814e-06 gate_lr=9.814e-05 alpha=0.515+/-0.021 peak_mem=25.41GiB
epoch=2 step=3640/29520 loss=49.3401 Le=0.2695 Lc=1.7402 Ld=4.9912 lr=9.811e-06 gate_lr=9.811e-05 alpha=0.518+/-0.021 peak_mem=25.41GiB
epoch=2 step=3660/29520 loss=61.8714 Le=0.3865 Lc=1.8203 Ld=5.0169 lr=9.808e-06 gate_lr=9.808e-05 alpha=0.516+/-0.019 peak_mem=25.41GiB
epoch=2 step=3680/29520 loss=68.6355 Le=0.4579 Lc=1.7939 Ld=4.9109 lr=9.805e-06 gate_lr=9.805e-05 alpha=0.513+/-0.020 peak_mem=25.41GiB
epoch=2 step=3700/29520 loss=42.0870 Le=0.1931 Lc=1.7837 Ld=4.9363 lr=9.802e-06 gate_lr=9.802e-05 alpha=0.515+/-0.022 peak_mem=25.41GiB
epoch=2 step=3720/29520 loss=68.4904 Le=0.4720 Lc=1.6532 Ld=4.7566 lr=9.800e-06 gate_lr=9.800e-05 alpha=0.519+/-0.021 peak_mem=25.41GiB
epoch=2 step=3740/29520 loss=48.5466 Le=0.2647 Lc=1.7237 Ld=4.8433 lr=9.797e-06 gate_lr=9.797e-05 alpha=0.521+/-0.019 peak_mem=25.41GiB
epoch=2 step=3760/29520 loss=58.6759 Le=0.3532 Lc=1.8423 Ld=4.9322 lr=9.794e-06 gate_lr=9.794e-05 alpha=0.519+/-0.022 peak_mem=25.41GiB
epoch=2 step=3780/29520 loss=71.8778 Le=0.4780 Lc=1.9027 Ld=5.0489 lr=9.791e-06 gate_lr=9.791e-05 alpha=0.517+/-0.021 peak_mem=25.41GiB
epoch=2 step=3800/29520 loss=49.2040 Le=0.2720 Lc=1.7157 Ld=4.8499 lr=9.788e-06 gate_lr=9.788e-05 alpha=0.519+/-0.020 peak_mem=25.41GiB
epoch=2 step=3820/29520 loss=46.3779 Le=0.2339 Lc=1.8034 Ld=4.9593 lr=9.785e-06 gate_lr=9.785e-05 alpha=0.520+/-0.018 peak_mem=25.41GiB
epoch=2 step=3840/29520 loss=52.5056 Le=0.3098 Lc=1.6730 Ld=4.7970 lr=9.782e-06 gate_lr=9.782e-05 alpha=0.515+/-0.022 peak_mem=25.41GiB
epoch=2 step=3860/29520 loss=51.1817 Le=0.2937 Lc=1.6948 Ld=4.8688 lr=9.779e-06 gate_lr=9.779e-05 alpha=0.520+/-0.020 peak_mem=25.41GiB
epoch=2 step=3880/29520 loss=43.7987 Le=0.2048 Lc=1.8370 Ld=4.9484 lr=9.775e-06 gate_lr=9.775e-05 alpha=0.514+/-0.015 peak_mem=25.41GiB
epoch=2 step=3900/29520 loss=53.2589 Le=0.2953 Lc=1.8857 Ld=4.8673 lr=9.772e-06 gate_lr=9.772e-05 alpha=0.517+/-0.018 peak_mem=25.41GiB
epoch=2 step=3920/29520 loss=57.4910 Le=0.3532 Lc=1.7202 Ld=4.9672 lr=9.769e-06 gate_lr=9.769e-05 alpha=0.515+/-0.023 peak_mem=25.41GiB
epoch=2 step=3940/29520 loss=52.5859 Le=0.3214 Lc=1.5595 Ld=4.8482 lr=9.766e-06 gate_lr=9.766e-05 alpha=0.518+/-0.023 peak_mem=25.41GiB
epoch=2 step=3960/29520 loss=47.6058 Le=0.2564 Lc=1.6912 Ld=5.0521 lr=9.763e-06 gate_lr=9.763e-05 alpha=0.519+/-0.018 peak_mem=25.41GiB
epoch=2 step=3980/29520 loss=60.6469 Le=0.3757 Lc=1.8095 Ld=4.9795 lr=9.760e-06 gate_lr=9.760e-05 alpha=0.513+/-0.024 peak_mem=25.41GiB
epoch=2 step=4000/29520 loss=68.9471 Le=0.4544 Lc=1.8810 Ld=4.7013 lr=9.757e-06 gate_lr=9.757e-05 alpha=0.509+/-0.021 peak_mem=25.41GiB
epoch=2 step=4020/29520 loss=44.0506 Le=0.2270 Lc=1.6350 Ld=5.0017 lr=9.753e-06 gate_lr=9.753e-05 alpha=0.512+/-0.023 peak_mem=25.41GiB
epoch=2 step=4040/29520 loss=61.9367 Le=0.3995 Lc=1.7212 Ld=4.7733 lr=9.750e-06 gate_lr=9.750e-05 alpha=0.514+/-0.022 peak_mem=25.41GiB
epoch=2 step=4060/29520 loss=43.7979 Le=0.2142 Lc=1.7442 Ld=4.9336 lr=9.747e-06 gate_lr=9.747e-05 alpha=0.508+/-0.022 peak_mem=25.41GiB
epoch=2 step=4080/29520 loss=34.2693 Le=0.1260 Lc=1.6867 Ld=4.8044 lr=9.743e-06 gate_lr=9.743e-05 alpha=0.517+/-0.018 peak_mem=25.41GiB
epoch=2 step=4100/29520 loss=51.6978 Le=0.3044 Lc=1.6374 Ld=4.8803 lr=9.740e-06 gate_lr=9.740e-05 alpha=0.517+/-0.024 peak_mem=25.41GiB
epoch=2 step=4120/29520 loss=52.0346 Le=0.3098 Lc=1.6316 Ld=4.7411 lr=9.737e-06 gate_lr=9.737e-05 alpha=0.517+/-0.023 peak_mem=25.41GiB
epoch=2 step=4140/29520 loss=51.6376 Le=0.2738 Lc=1.9451 Ld=4.8071 lr=9.733e-06 gate_lr=9.733e-05 alpha=0.514+/-0.022 peak_mem=25.41GiB
epoch=2 step=4160/29520 loss=40.9566 Le=0.2045 Lc=1.5502 Ld=5.0009 lr=9.730e-06 gate_lr=9.730e-05 alpha=0.514+/-0.021 peak_mem=25.41GiB
epoch=2 step=4180/29520 loss=51.5844 Le=0.3063 Lc=1.6216 Ld=4.7332 lr=9.727e-06 gate_lr=9.727e-05 alpha=0.518+/-0.019 peak_mem=25.41GiB
epoch=2 step=4200/29520 loss=45.0761 Le=0.2280 Lc=1.7289 Ld=4.9831 lr=9.723e-06 gate_lr=9.723e-05 alpha=0.513+/-0.020 peak_mem=25.41GiB
epoch=2 step=4220/29520 loss=51.6078 Le=0.2673 Lc=2.0183 Ld=4.6926 lr=9.720e-06 gate_lr=9.720e-05 alpha=0.512+/-0.023 peak_mem=25.41GiB
epoch=2 step=4240/29520 loss=57.1081 Le=0.3418 Lc=1.8146 Ld=4.7789 lr=9.716e-06 gate_lr=9.716e-05 alpha=0.515+/-0.021 peak_mem=25.41GiB
epoch=2 step=4260/29520 loss=48.2639 Le=0.2568 Lc=1.7439 Ld=5.1466 lr=9.713e-06 gate_lr=9.713e-05 alpha=0.515+/-0.020 peak_mem=25.41GiB
epoch=2 step=4280/29520 loss=55.2914 Le=0.3227 Lc=1.8347 Ld=4.6717 lr=9.709e-06 gate_lr=9.709e-05 alpha=0.508+/-0.019 peak_mem=25.41GiB
epoch=2 step=4300/29520 loss=43.0080 Le=0.2292 Lc=1.5529 Ld=4.5585 lr=9.706e-06 gate_lr=9.706e-05 alpha=0.514+/-0.022 peak_mem=25.41GiB
epoch=2 step=4320/29520 loss=46.7236 Le=0.2402 Lc=1.7997 Ld=4.7096 lr=9.702e-06 gate_lr=9.702e-05 alpha=0.519+/-0.021 peak_mem=25.41GiB
epoch=2 step=4340/29520 loss=45.5195 Le=0.2293 Lc=1.7792 Ld=4.7963 lr=9.699e-06 gate_lr=9.699e-05 alpha=0.512+/-0.024 peak_mem=25.41GiB
epoch=2 step=4360/29520 loss=57.4740 Le=0.3516 Lc=1.7630 Ld=4.6855 lr=9.695e-06 gate_lr=9.695e-05 alpha=0.514+/-0.024 peak_mem=25.41GiB
epoch=2 step=4380/29520 loss=51.4420 Le=0.2943 Lc=1.7275 Ld=4.7318 lr=9.692e-06 gate_lr=9.692e-05 alpha=0.513+/-0.023 peak_mem=25.41GiB
epoch=2 step=4400/29520 loss=57.6800 Le=0.3578 Lc=1.7312 Ld=4.5909 lr=9.688e-06 gate_lr=9.688e-05 alpha=0.514+/-0.026 peak_mem=25.41GiB
epoch=2 step=4420/29520 loss=56.3001 Le=0.3420 Lc=1.7302 Ld=4.7949 lr=9.684e-06 gate_lr=9.684e-05 alpha=0.511+/-0.024 peak_mem=25.41GiB
epoch=2 step=4440/29520 loss=48.7747 Le=0.2807 Lc=1.6080 Ld=4.6203 lr=9.681e-06 gate_lr=9.681e-05 alpha=0.514+/-0.024 peak_mem=25.41GiB
epoch=2 step=4460/29520 loss=44.4450 Le=0.2344 Lc=1.6668 Ld=4.3370 lr=9.677e-06 gate_lr=9.677e-05 alpha=0.518+/-0.021 peak_mem=25.41GiB
epoch=2 step=4480/29520 loss=41.7018 Le=0.1974 Lc=1.7064 Ld=4.8998 lr=9.673e-06 gate_lr=9.673e-05 alpha=0.509+/-0.025 peak_mem=25.41GiB
epoch=2 step=4500/29520 loss=49.0936 Le=0.2690 Lc=1.7483 Ld=4.7154 lr=9.670e-06 gate_lr=9.670e-05 alpha=0.516+/-0.025 peak_mem=25.41GiB
epoch=2 step=4520/29520 loss=35.2744 Le=0.1366 Lc=1.6958 Ld=4.6561 lr=9.666e-06 gate_lr=9.666e-05 alpha=0.511+/-0.023 peak_mem=25.41GiB
epoch=2 step=4540/29520 loss=63.3533 Le=0.4193 Lc=1.6848 Ld=4.5748 lr=9.662e-06 gate_lr=9.662e-05 alpha=0.511+/-0.027 peak_mem=25.41GiB
epoch=2 step=4560/29520 loss=47.4205 Le=0.2648 Lc=1.6455 Ld=4.4849 lr=9.658e-06 gate_lr=9.658e-05 alpha=0.508+/-0.024 peak_mem=25.41GiB
epoch=2 step=4580/29520 loss=46.1936 Le=0.2504 Lc=1.6559 Ld=4.5907 lr=9.655e-06 gate_lr=9.655e-05 alpha=0.512+/-0.023 peak_mem=25.41GiB
epoch=2 step=4600/29520 loss=50.6136 Le=0.2808 Lc=1.7955 Ld=4.5776 lr=9.651e-06 gate_lr=9.651e-05 alpha=0.511+/-0.024 peak_mem=25.41GiB
epoch=2 step=4620/29520 loss=52.8280 Le=0.3095 Lc=1.7107 Ld=4.7726 lr=9.647e-06 gate_lr=9.647e-05 alpha=0.510+/-0.022 peak_mem=25.41GiB
epoch=2 step=4640/29520 loss=41.4171 Le=0.1954 Lc=1.7326 Ld=4.5460 lr=9.643e-06 gate_lr=9.643e-05 alpha=0.513+/-0.024 peak_mem=25.41GiB
epoch=2 step=4660/29520 loss=39.6726 Le=0.1760 Lc=1.7450 Ld=4.6247 lr=9.639e-06 gate_lr=9.639e-05 alpha=0.508+/-0.026 peak_mem=25.41GiB
epoch=2 step=4680/29520 loss=58.8103 Le=0.3735 Lc=1.6841 Ld=4.6205 lr=9.635e-06 gate_lr=9.635e-05 alpha=0.511+/-0.026 peak_mem=25.41GiB
epoch=2 step=4700/29520 loss=55.9426 Le=0.3337 Lc=1.7717 Ld=4.8537 lr=9.631e-06 gate_lr=9.631e-05 alpha=0.512+/-0.020 peak_mem=25.41GiB
epoch=2 step=4720/29520 loss=48.8483 Le=0.2835 Lc=1.5653 Ld=4.8431 lr=9.627e-06 gate_lr=9.627e-05 alpha=0.511+/-0.024 peak_mem=25.41GiB
epoch=2 step=4740/29520 loss=40.7420 Le=0.1970 Lc=1.6429 Ld=4.6174 lr=9.623e-06 gate_lr=9.623e-05 alpha=0.511+/-0.022 peak_mem=25.41GiB
epoch=2 step=4760/29520 loss=53.8301 Le=0.3237 Lc=1.6834 Ld=4.6252 lr=9.620e-06 gate_lr=9.620e-05 alpha=0.515+/-0.022 peak_mem=25.41GiB
epoch=2 step=4780/29520 loss=33.8543 Le=0.1177 Lc=1.7300 Ld=4.7841 lr=9.616e-06 gate_lr=9.616e-05 alpha=0.515+/-0.021 peak_mem=25.41GiB
epoch=2 step=4800/29520 loss=53.1731 Le=0.3283 Lc=1.5584 Ld=4.7572 lr=9.611e-06 gate_lr=9.611e-05 alpha=0.514+/-0.024 peak_mem=25.41GiB
epoch=2 step=4820/29520 loss=53.7227 Le=0.3036 Lc=1.8584 Ld=4.7786 lr=9.607e-06 gate_lr=9.607e-05 alpha=0.511+/-0.022 peak_mem=25.41GiB
epoch=2 step=4840/29520 loss=39.6602 Le=0.1872 Lc=1.6283 Ld=4.6532 lr=9.603e-06 gate_lr=9.603e-05 alpha=0.508+/-0.021 peak_mem=25.41GiB
epoch=2 step=4860/29520 loss=66.5202 Le=0.4459 Lc=1.7175 Ld=4.7569 lr=9.599e-06 gate_lr=9.599e-05 alpha=0.505+/-0.025 peak_mem=25.41GiB
epoch=2 step=4880/29520 loss=44.4046 Le=0.2360 Lc=1.6218 Ld=4.5917 lr=9.595e-06 gate_lr=9.595e-05 alpha=0.514+/-0.021 peak_mem=25.41GiB
epoch=2 step=4900/29520 loss=43.2075 Le=0.2133 Lc=1.7230 Ld=4.6448 lr=9.591e-06 gate_lr=9.591e-05 alpha=0.514+/-0.022 peak_mem=25.41GiB
epoch=2 step=4920/29520 loss=42.5921 Le=0.1968 Lc=1.8156 Ld=4.7558 lr=9.587e-06 gate_lr=9.587e-05 alpha=0.511+/-0.022 peak_mem=25.41GiB
epoch=2 step=4940/29520 loss=44.4405 Le=0.2240 Lc=1.7300 Ld=4.7399 lr=9.583e-06 gate_lr=9.583e-05 alpha=0.503+/-0.026 peak_mem=25.41GiB
epoch=2 step=4960/29520 loss=33.9769 Le=0.1340 Lc=1.6286 Ld=4.2952 lr=9.579e-06 gate_lr=9.579e-05 alpha=0.511+/-0.021 peak_mem=25.41GiB
epoch=2 step=4980/29520 loss=50.8817 Le=0.2883 Lc=1.7454 Ld=4.5984 lr=9.574e-06 gate_lr=9.574e-05 alpha=0.510+/-0.026 peak_mem=25.41GiB
epoch=2 step=5000/29520 loss=53.1864 Le=0.3208 Lc=1.6569 Ld=4.5348 lr=9.570e-06 gate_lr=9.570e-05 alpha=0.510+/-0.024 peak_mem=25.41GiB
epoch=2 step=5020/29520 loss=45.4349 Le=0.2357 Lc=1.7226 Ld=4.6430 lr=9.566e-06 gate_lr=9.566e-05 alpha=0.512+/-0.022 peak_mem=25.41GiB
epoch=2 step=5040/29520 loss=48.3626 Le=0.2675 Lc=1.7146 Ld=4.4640 lr=9.562e-06 gate_lr=9.562e-05 alpha=0.509+/-0.025 peak_mem=25.41GiB
epoch=2 step=5060/29520 loss=64.6124 Le=0.4292 Lc=1.6951 Ld=4.7439 lr=9.557e-06 gate_lr=9.557e-05 alpha=0.507+/-0.025 peak_mem=25.41GiB
epoch=2 step=5080/29520 loss=47.7660 Le=0.2626 Lc=1.6803 Ld=4.7001 lr=9.553e-06 gate_lr=9.553e-05 alpha=0.499+/-0.031 peak_mem=25.41GiB
epoch=2 step=5100/29520 loss=53.2539 Le=0.3046 Lc=1.7927 Ld=4.8683 lr=9.549e-06 gate_lr=9.549e-05 alpha=0.501+/-0.025 peak_mem=25.41GiB
epoch=2 step=5120/29520 loss=41.9883 Le=0.2012 Lc=1.7120 Ld=4.7468 lr=9.544e-06 gate_lr=9.544e-05 alpha=0.503+/-0.022 peak_mem=25.41GiB
epoch=2 step=5140/29520 loss=35.3210 Le=0.1492 Lc=1.5655 Ld=4.7437 lr=9.540e-06 gate_lr=9.540e-05 alpha=0.503+/-0.027 peak_mem=25.41GiB
epoch=2 step=5160/29520 loss=47.0239 Le=0.2617 Lc=1.6357 Ld=4.4972 lr=9.536e-06 gate_lr=9.536e-05 alpha=0.501+/-0.028 peak_mem=25.41GiB
epoch=2 step=5180/29520 loss=51.5191 Le=0.3080 Lc=1.6088 Ld=4.6294 lr=9.531e-06 gate_lr=9.531e-05 alpha=0.509+/-0.023 peak_mem=25.41GiB
epoch=2 step=5200/29520 loss=41.5447 Le=0.2060 Lc=1.6056 Ld=4.8841 lr=9.527e-06 gate_lr=9.527e-05 alpha=0.499+/-0.023 peak_mem=25.41GiB
epoch=2 step=5220/29520 loss=62.0804 Le=0.4143 Lc=1.6098 Ld=4.5500 lr=9.522e-06 gate_lr=9.522e-05 alpha=0.504+/-0.028 peak_mem=25.41GiB
epoch=2 step=5240/29520 loss=60.4539 Le=0.3790 Lc=1.8026 Ld=4.5281 lr=9.518e-06 gate_lr=9.518e-05 alpha=0.505+/-0.028 peak_mem=25.41GiB
epoch=2 step=5260/29520 loss=62.0057 Le=0.4030 Lc=1.7276 Ld=4.4325 lr=9.514e-06 gate_lr=9.514e-05 alpha=0.501+/-0.029 peak_mem=25.41GiB
epoch=2 step=5280/29520 loss=32.9909 Le=0.1217 Lc=1.6393 Ld=4.4270 lr=9.509e-06 gate_lr=9.509e-05 alpha=0.508+/-0.022 peak_mem=25.41GiB
epoch=2 step=5300/29520 loss=39.5066 Le=0.1850 Lc=1.6599 Ld=4.4061 lr=9.505e-06 gate_lr=9.505e-05 alpha=0.510+/-0.024 peak_mem=25.41GiB
epoch=2 step=5320/29520 loss=41.5510 Le=0.2097 Lc=1.6093 Ld=4.4917 lr=9.500e-06 gate_lr=9.500e-05 alpha=0.499+/-0.024 peak_mem=25.41GiB
epoch=2 step=5340/29520 loss=44.3852 Le=0.2207 Lc=1.7787 Ld=4.5298 lr=9.495e-06 gate_lr=9.495e-05 alpha=0.507+/-0.026 peak_mem=25.41GiB
epoch=2 step=5360/29520 loss=45.6561 Le=0.2393 Lc=1.7263 Ld=4.4582 lr=9.491e-06 gate_lr=9.491e-05 alpha=0.500+/-0.023 peak_mem=25.41GiB
epoch=2 step=5380/29520 loss=46.6836 Le=0.2710 Lc=1.5064 Ld=4.5201 lr=9.486e-06 gate_lr=9.486e-05 alpha=0.514+/-0.028 peak_mem=25.41GiB
epoch=2 step=5400/29520 loss=40.6482 Le=0.1818 Lc=1.8217 Ld=4.2484 lr=9.482e-06 gate_lr=9.482e-05 alpha=0.508+/-0.026 peak_mem=25.41GiB
epoch=2 step=5420/29520 loss=31.4227 Le=0.1164 Lc=1.5353 Ld=4.4309 lr=9.477e-06 gate_lr=9.477e-05 alpha=0.506+/-0.027 peak_mem=25.41GiB
epoch=2 step=5440/29520 loss=29.0285 Le=0.0862 Lc=1.5834 Ld=4.5788 lr=9.472e-06 gate_lr=9.472e-05 alpha=0.505+/-0.024 peak_mem=25.41GiB
epoch=2 step=5460/29520 loss=51.3641 Le=0.3026 Lc=1.6776 Ld=4.3231 lr=9.468e-06 gate_lr=9.468e-05 alpha=0.506+/-0.029 peak_mem=25.41GiB
epoch=2 step=5480/29520 loss=30.6108 Le=0.1010 Lc=1.6143 Ld=4.3662 lr=9.463e-06 gate_lr=9.463e-05 alpha=0.508+/-0.022 peak_mem=25.41GiB
epoch=2 step=5500/29520 loss=35.7234 Le=0.1533 Lc=1.6161 Ld=4.2334 lr=9.458e-06 gate_lr=9.458e-05 alpha=0.503+/-0.027 peak_mem=25.41GiB
epoch=2 step=5520/29520 loss=43.5508 Le=0.2333 Lc=1.5770 Ld=4.4492 lr=9.454e-06 gate_lr=9.454e-05 alpha=0.503+/-0.026 peak_mem=25.41GiB
epoch=2 step=5540/29520 loss=37.3306 Le=0.1719 Lc=1.5687 Ld=4.4575 lr=9.449e-06 gate_lr=9.449e-05 alpha=0.506+/-0.023 peak_mem=25.41GiB
epoch=2 step=5560/29520 loss=54.4365 Le=0.3364 Lc=1.6427 Ld=4.3717 lr=9.444e-06 gate_lr=9.444e-05 alpha=0.503+/-0.025 peak_mem=25.41GiB
epoch=2 step=5580/29520 loss=40.1728 Le=0.1874 Lc=1.7028 Ld=4.4074 lr=9.439e-06 gate_lr=9.439e-05 alpha=0.511+/-0.027 peak_mem=25.41GiB
epoch=2 step=5600/29520 loss=40.2125 Le=0.1889 Lc=1.7022 Ld=4.2988 lr=9.435e-06 gate_lr=9.435e-05 alpha=0.504+/-0.029 peak_mem=25.41GiB
epoch=2 step=5620/29520 loss=49.7856 Le=0.2838 Lc=1.6878 Ld=4.5261 lr=9.430e-06 gate_lr=9.430e-05 alpha=0.502+/-0.026 peak_mem=25.41GiB
epoch=2 step=5640/29520 loss=42.9156 Le=0.2201 Lc=1.6727 Ld=4.1810 lr=9.425e-06 gate_lr=9.425e-05 alpha=0.506+/-0.022 peak_mem=25.41GiB
epoch=2 step=5660/29520 loss=50.4286 Le=0.3074 Lc=1.5195 Ld=4.4942 lr=9.420e-06 gate_lr=9.420e-05 alpha=0.494+/-0.027 peak_mem=25.41GiB
epoch=2 step=5680/29520 loss=47.8266 Le=0.2892 Lc=1.4496 Ld=4.4120 lr=9.415e-06 gate_lr=9.415e-05 alpha=0.499+/-0.026 peak_mem=25.41GiB
epoch=2 step=5700/29520 loss=49.3680 Le=0.2857 Lc=1.6124 Ld=4.6762 lr=9.410e-06 gate_lr=9.410e-05 alpha=0.511+/-0.027 peak_mem=25.41GiB
epoch=2 step=5720/29520 loss=56.9558 Le=0.3657 Lc=1.5833 Ld=4.5490 lr=9.405e-06 gate_lr=9.405e-05 alpha=0.502+/-0.027 peak_mem=25.41GiB
epoch=2 step=5740/29520 loss=52.5813 Le=0.3191 Lc=1.6290 Ld=4.3845 lr=9.400e-06 gate_lr=9.400e-05 alpha=0.501+/-0.024 peak_mem=25.41GiB
epoch=2 step=5760/29520 loss=40.5274 Le=0.1922 Lc=1.6940 Ld=4.3673 lr=9.395e-06 gate_lr=9.395e-05 alpha=0.502+/-0.029 peak_mem=25.41GiB
epoch=2 step=5780/29520 loss=55.8249 Le=0.3546 Lc=1.5930 Ld=4.4342 lr=9.390e-06 gate_lr=9.390e-05 alpha=0.508+/-0.026 peak_mem=25.41GiB
epoch=2 step=5800/29520 loss=53.9894 Le=0.3309 Lc=1.6377 Ld=4.5275 lr=9.385e-06 gate_lr=9.385e-05 alpha=0.502+/-0.030 peak_mem=25.41GiB
epoch=2 step=5820/29520 loss=27.2246 Le=0.0790 Lc=1.4904 Ld=4.4248 lr=9.380e-06 gate_lr=9.380e-05 alpha=0.507+/-0.023 peak_mem=25.41GiB
epoch=2 step=5840/29520 loss=41.2692 Le=0.2134 Lc=1.5601 Ld=4.3335 lr=9.375e-06 gate_lr=9.375e-05 alpha=0.512+/-0.023 peak_mem=25.41GiB
epoch=2 step=5860/29520 loss=52.4151 Le=0.3143 Lc=1.6536 Ld=4.4445 lr=9.370e-06 gate_lr=9.370e-05 alpha=0.508+/-0.026 peak_mem=25.41GiB
epoch=2 step=5880/29520 loss=53.7487 Le=0.3290 Lc=1.6278 Ld=4.5673 lr=9.365e-06 gate_lr=9.365e-05 alpha=0.503+/-0.027 peak_mem=25.41GiB
epoch=2 step=5900/29520 loss=46.0318 Le=0.2617 Lc=1.5514 Ld=4.3481 lr=9.360e-06 gate_lr=9.360e-05 alpha=0.502+/-0.023 peak_mem=25.41GiB
epoch=2 checkpoints saved
epoch=3 step=5920/29520 loss=35.1935 Le=0.1531 Lc=1.5434 Ld=4.4496 lr=9.355e-06 gate_lr=9.355e-05 alpha=0.504+/-0.025 peak_mem=25.41GiB
epoch=3 step=5940/29520 loss=39.7774 Le=0.2044 Lc=1.5121 Ld=4.2202 lr=9.350e-06 gate_lr=9.350e-05 alpha=0.504+/-0.030 peak_mem=25.41GiB
epoch=3 step=5960/29520 loss=43.9960 Le=0.2254 Lc=1.7017 Ld=4.4403 lr=9.345e-06 gate_lr=9.345e-05 alpha=0.505+/-0.026 peak_mem=25.41GiB
epoch=3 step=5980/29520 loss=42.7428 Le=0.2250 Lc=1.5760 Ld=4.4811 lr=9.340e-06 gate_lr=9.340e-05 alpha=0.503+/-0.030 peak_mem=25.41GiB
epoch=3 step=6000/29520 loss=35.9401 Le=0.1509 Lc=1.6441 Ld=4.4100 lr=9.335e-06 gate_lr=9.335e-05 alpha=0.507+/-0.029 peak_mem=25.41GiB
epoch=3 step=6020/29520 loss=32.1946 Le=0.1279 Lc=1.5011 Ld=4.3973 lr=9.329e-06 gate_lr=9.329e-05 alpha=0.506+/-0.024 peak_mem=25.41GiB
epoch=3 step=6040/29520 loss=36.2552 Le=0.1630 Lc=1.5574 Ld=4.3845 lr=9.324e-06 gate_lr=9.324e-05 alpha=0.502+/-0.028 peak_mem=25.41GiB
epoch=3 step=6060/29520 loss=36.5032 Le=0.1654 Lc=1.5542 Ld=4.4179 lr=9.319e-06 gate_lr=9.319e-05 alpha=0.508+/-0.029 peak_mem=25.41GiB
epoch=3 step=6080/29520 loss=47.1256 Le=0.2704 Lc=1.5870 Ld=4.2146 lr=9.314e-06 gate_lr=9.314e-05 alpha=0.509+/-0.032 peak_mem=25.41GiB
epoch=3 step=6100/29520 loss=29.6639 Le=0.0961 Lc=1.5739 Ld=4.3140 lr=9.308e-06 gate_lr=9.308e-05 alpha=0.503+/-0.032 peak_mem=25.41GiB
epoch=3 step=6120/29520 loss=52.6542 Le=0.3260 Lc=1.5728 Ld=4.3304 lr=9.303e-06 gate_lr=9.303e-05 alpha=0.509+/-0.029 peak_mem=25.41GiB
epoch=3 step=6140/29520 loss=34.9678 Le=0.1448 Lc=1.5986 Ld=4.4972 lr=9.298e-06 gate_lr=9.298e-05 alpha=0.499+/-0.033 peak_mem=25.41GiB
epoch=3 step=6160/29520 loss=33.5683 Le=0.1449 Lc=1.4766 Ld=4.3082 lr=9.292e-06 gate_lr=9.292e-05 alpha=0.502+/-0.028 peak_mem=25.41GiB
epoch=3 step=6180/29520 loss=49.2291 Le=0.3038 Lc=1.4517 Ld=4.3343 lr=9.287e-06 gate_lr=9.287e-05 alpha=0.507+/-0.030 peak_mem=25.41GiB
epoch=3 step=6200/29520 loss=43.1704 Le=0.2251 Lc=1.6105 Ld=4.5538 lr=9.282e-06 gate_lr=9.282e-05 alpha=0.497+/-0.032 peak_mem=25.41GiB
epoch=3 step=6220/29520 loss=41.3686 Le=0.2122 Lc=1.5775 Ld=4.3780 lr=9.276e-06 gate_lr=9.276e-05 alpha=0.510+/-0.028 peak_mem=25.41GiB
epoch=3 step=6240/29520 loss=44.7473 Le=0.2442 Lc=1.6065 Ld=4.2584 lr=9.271e-06 gate_lr=9.271e-05 alpha=0.510+/-0.025 peak_mem=25.41GiB
epoch=3 step=6260/29520 loss=42.7304 Le=0.2351 Lc=1.4814 Ld=4.4086 lr=9.266e-06 gate_lr=9.266e-05 alpha=0.509+/-0.032 peak_mem=25.41GiB
epoch=3 step=6280/29520 loss=44.8789 Le=0.2290 Lc=1.7740 Ld=4.2350 lr=9.260e-06 gate_lr=9.260e-05 alpha=0.509+/-0.031 peak_mem=25.41GiB
epoch=3 step=6300/29520 loss=46.1963 Le=0.2593 Lc=1.6035 Ld=4.2280 lr=9.255e-06 gate_lr=9.255e-05 alpha=0.505+/-0.030 peak_mem=25.41GiB
epoch=3 step=6320/29520 loss=36.4909 Le=0.1543 Lc=1.6558 Ld=4.5062 lr=9.249e-06 gate_lr=9.249e-05 alpha=0.502+/-0.028 peak_mem=25.41GiB
epoch=3 step=6340/29520 loss=42.5951 Le=0.2324 Lc=1.4842 Ld=4.5183 lr=9.244e-06 gate_lr=9.244e-05 alpha=0.511+/-0.030 peak_mem=25.41GiB
epoch=3 step=6360/29520 loss=39.5734 Le=0.1948 Lc=1.5714 Ld=4.3805 lr=9.238e-06 gate_lr=9.238e-05 alpha=0.509+/-0.030 peak_mem=25.41GiB
epoch=3 step=6380/29520 loss=40.0525 Le=0.2038 Lc=1.5209 Ld=4.4671 lr=9.233e-06 gate_lr=9.233e-05 alpha=0.511+/-0.028 peak_mem=25.41GiB
epoch=3 step=6400/29520 loss=29.9571 Le=0.0968 Lc=1.5804 Ld=4.4745 lr=9.227e-06 gate_lr=9.227e-05 alpha=0.506+/-0.028 peak_mem=25.41GiB
epoch=3 step=6420/29520 loss=39.1702 Le=0.1941 Lc=1.5363 Ld=4.3980 lr=9.222e-06 gate_lr=9.222e-05 alpha=0.514+/-0.031 peak_mem=25.41GiB
epoch=3 step=6440/29520 loss=48.1591 Le=0.2782 Lc=1.6058 Ld=4.2813 lr=9.216e-06 gate_lr=9.216e-05 alpha=0.503+/-0.033 peak_mem=25.41GiB
epoch=3 step=6460/29520 loss=50.5371 Le=0.3065 Lc=1.5536 Ld=4.3481 lr=9.210e-06 gate_lr=9.210e-05 alpha=0.504+/-0.034 peak_mem=25.41GiB
epoch=3 step=6480/29520 loss=37.3127 Le=0.1620 Lc=1.6867 Ld=4.2473 lr=9.205e-06 gate_lr=9.205e-05 alpha=0.507+/-0.033 peak_mem=25.41GiB
epoch=3 step=6500/29520 loss=57.1864 Le=0.3706 Lc=1.5620 Ld=4.5051 lr=9.199e-06 gate_lr=9.199e-05 alpha=0.510+/-0.028 peak_mem=25.41GiB
epoch=3 step=6520/29520 loss=33.2199 Le=0.1349 Lc=1.5212 Ld=4.5161 lr=9.193e-06 gate_lr=9.193e-05 alpha=0.507+/-0.030 peak_mem=25.41GiB
epoch=3 step=6540/29520 loss=37.9680 Le=0.1756 Lc=1.5861 Ld=4.5508 lr=9.188e-06 gate_lr=9.188e-05 alpha=0.503+/-0.034 peak_mem=25.41GiB
epoch=3 step=6560/29520 loss=33.2218 Le=0.1375 Lc=1.4937 Ld=4.5363 lr=9.182e-06 gate_lr=9.182e-05 alpha=0.511+/-0.025 peak_mem=25.41GiB
epoch=3 step=6580/29520 loss=46.9846 Le=0.2567 Lc=1.7063 Ld=4.2546 lr=9.176e-06 gate_lr=9.176e-05 alpha=0.498+/-0.033 peak_mem=25.41GiB
epoch=3 step=6600/29520 loss=42.9382 Le=0.2262 Lc=1.5909 Ld=4.4058 lr=9.171e-06 gate_lr=9.171e-05 alpha=0.508+/-0.028 peak_mem=25.41GiB
epoch=3 step=6620/29520 loss=42.0635 Le=0.2100 Lc=1.6630 Ld=4.4302 lr=9.165e-06 gate_lr=9.165e-05 alpha=0.510+/-0.029 peak_mem=25.41GiB
epoch=3 step=6640/29520 loss=36.1366 Le=0.1729 Lc=1.4647 Ld=4.2028 lr=9.159e-06 gate_lr=9.159e-05 alpha=0.503+/-0.028 peak_mem=25.41GiB
epoch=3 step=6660/29520 loss=40.3283 Le=0.2101 Lc=1.5159 Ld=4.1621 lr=9.153e-06 gate_lr=9.153e-05 alpha=0.504+/-0.031 peak_mem=25.41GiB
epoch=3 step=6680/29520 loss=39.5493 Le=0.2015 Lc=1.5349 Ld=4.0522 lr=9.148e-06 gate_lr=9.148e-05 alpha=0.508+/-0.027 peak_mem=25.41GiB
epoch=3 step=6700/29520 loss=41.3117 Le=0.2233 Lc=1.4591 Ld=4.3859 lr=9.142e-06 gate_lr=9.142e-05 alpha=0.507+/-0.030 peak_mem=25.41GiB
epoch=3 step=6720/29520 loss=41.4794 Le=0.2153 Lc=1.5625 Ld=4.3205 lr=9.136e-06 gate_lr=9.136e-05 alpha=0.508+/-0.030 peak_mem=25.41GiB
epoch=3 step=6740/29520 loss=44.1792 Le=0.2508 Lc=1.4950 Ld=4.1479 lr=9.130e-06 gate_lr=9.130e-05 alpha=0.501+/-0.032 peak_mem=25.41GiB
epoch=3 step=6760/29520 loss=60.3381 Le=0.4070 Lc=1.5144 Ld=4.4907 lr=9.124e-06 gate_lr=9.124e-05 alpha=0.503+/-0.030 peak_mem=25.41GiB
epoch=3 step=6780/29520 loss=37.6448 Le=0.1748 Lc=1.5941 Ld=4.2215 lr=9.118e-06 gate_lr=9.118e-05 alpha=0.501+/-0.027 peak_mem=25.41GiB
epoch=3 step=6800/29520 loss=43.1518 Le=0.2200 Lc=1.6714 Ld=4.4384 lr=9.112e-06 gate_lr=9.112e-05 alpha=0.509+/-0.031 peak_mem=25.41GiB
epoch=3 step=6820/29520 loss=54.9773 Le=0.3583 Lc=1.4850 Ld=4.3016 lr=9.106e-06 gate_lr=9.106e-05 alpha=0.505+/-0.032 peak_mem=25.41GiB
epoch=3 step=6840/29520 loss=31.5278 Le=0.1286 Lc=1.4384 Ld=4.2862 lr=9.101e-06 gate_lr=9.101e-05 alpha=0.510+/-0.028 peak_mem=25.41GiB
epoch=3 step=6860/29520 loss=32.4630 Le=0.1214 Lc=1.6246 Ld=4.0793 lr=9.095e-06 gate_lr=9.095e-05 alpha=0.509+/-0.029 peak_mem=25.41GiB
epoch=3 step=6880/29520 loss=47.2627 Le=0.2847 Lc=1.4671 Ld=4.1207 lr=9.089e-06 gate_lr=9.089e-05 alpha=0.503+/-0.029 peak_mem=25.41GiB
epoch=3 step=6900/29520 loss=55.5140 Le=0.3467 Lc=1.6359 Ld=4.4842 lr=9.083e-06 gate_lr=9.083e-05 alpha=0.511+/-0.032 peak_mem=25.41GiB
epoch=3 step=6920/29520 loss=50.3814 Le=0.2999 Lc=1.6006 Ld=4.3850 lr=9.077e-06 gate_lr=9.077e-05 alpha=0.510+/-0.030 peak_mem=25.41GiB
epoch=3 step=6940/29520 loss=37.4590 Le=0.1880 Lc=1.4458 Ld=4.2033 lr=9.071e-06 gate_lr=9.071e-05 alpha=0.505+/-0.034 peak_mem=25.41GiB
epoch=3 step=6960/29520 loss=45.6680 Le=0.2454 Lc=1.6805 Ld=4.3207 lr=9.065e-06 gate_lr=9.065e-05 alpha=0.508+/-0.032 peak_mem=25.41GiB
epoch=3 step=6980/29520 loss=53.4607 Le=0.3271 Lc=1.6379 Ld=4.3697 lr=9.058e-06 gate_lr=9.058e-05 alpha=0.505+/-0.029 peak_mem=25.41GiB
epoch=3 step=7000/29520 loss=41.9929 Le=0.2297 Lc=1.4954 Ld=4.0655 lr=9.052e-06 gate_lr=9.052e-05 alpha=0.504+/-0.030 peak_mem=25.41GiB
epoch=3 step=7020/29520 loss=36.5407 Le=0.1840 Lc=1.4072 Ld=4.0667 lr=9.046e-06 gate_lr=9.046e-05 alpha=0.507+/-0.030 peak_mem=25.41GiB
epoch=3 step=7040/29520 loss=36.9966 Le=0.1620 Lc=1.6640 Ld=4.1603 lr=9.040e-06 gate_lr=9.040e-05 alpha=0.499+/-0.034 peak_mem=25.41GiB
epoch=3 step=7060/29520 loss=42.2713 Le=0.2262 Lc=1.5327 Ld=4.3246 lr=9.034e-06 gate_lr=9.034e-05 alpha=0.510+/-0.030 peak_mem=25.41GiB
epoch=3 step=7080/29520 loss=37.0495 Le=0.1693 Lc=1.5941 Ld=4.1744 lr=9.028e-06 gate_lr=9.028e-05 alpha=0.509+/-0.030 peak_mem=25.41GiB
epoch=3 step=7100/29520 loss=33.8015 Le=0.1478 Lc=1.4893 Ld=4.1258 lr=9.022e-06 gate_lr=9.022e-05 alpha=0.510+/-0.032 peak_mem=25.41GiB
epoch=3 step=7120/29520 loss=32.9871 Le=0.1243 Lc=1.6487 Ld=4.0663 lr=9.016e-06 gate_lr=9.016e-05 alpha=0.505+/-0.033 peak_mem=25.41GiB
epoch=3 step=7140/29520 loss=35.5709 Le=0.1528 Lc=1.6072 Ld=4.2219 lr=9.009e-06 gate_lr=9.009e-05 alpha=0.508+/-0.033 peak_mem=25.41GiB
epoch=3 step=7160/29520 loss=37.4332 Le=0.1748 Lc=1.5444 Ld=4.5057 lr=9.003e-06 gate_lr=9.003e-05 alpha=0.513+/-0.032 peak_mem=25.41GiB
epoch=3 step=7180/29520 loss=40.4834 Le=0.2022 Lc=1.5974 Ld=4.2941 lr=8.997e-06 gate_lr=8.997e-05 alpha=0.505+/-0.029 peak_mem=25.41GiB
epoch=3 step=7200/29520 loss=57.8104 Le=0.3755 Lc=1.6268 Ld=3.9966 lr=8.991e-06 gate_lr=8.991e-05 alpha=0.507+/-0.034 peak_mem=25.41GiB
epoch=3 step=7220/29520 loss=43.0747 Le=0.2250 Lc=1.6107 Ld=4.4650 lr=8.984e-06 gate_lr=8.984e-05 alpha=0.500+/-0.032 peak_mem=25.41GiB
epoch=3 step=7240/29520 loss=40.6641 Le=0.2145 Lc=1.5109 Ld=4.1062 lr=8.978e-06 gate_lr=8.978e-05 alpha=0.511+/-0.033 peak_mem=25.41GiB
epoch=3 step=7260/29520 loss=41.5904 Le=0.2087 Lc=1.6401 Ld=4.3224 lr=8.972e-06 gate_lr=8.972e-05 alpha=0.502+/-0.032 peak_mem=25.41GiB
epoch=3 step=7280/29520 loss=45.7797 Le=0.2589 Lc=1.5743 Ld=4.1491 lr=8.966e-06 gate_lr=8.966e-05 alpha=0.507+/-0.031 peak_mem=25.41GiB
epoch=3 step=7300/29520 loss=38.9200 Le=0.1917 Lc=1.5266 Ld=4.4852 lr=8.959e-06 gate_lr=8.959e-05 alpha=0.511+/-0.030 peak_mem=25.41GiB
epoch=3 step=7320/29520 loss=34.5246 Le=0.1443 Lc=1.5889 Ld=4.2072 lr=8.953e-06 gate_lr=8.953e-05 alpha=0.499+/-0.029 peak_mem=25.41GiB
epoch=3 step=7340/29520 loss=39.8233 Le=0.2094 Lc=1.4501 Ld=4.3794 lr=8.946e-06 gate_lr=8.946e-05 alpha=0.502+/-0.032 peak_mem=25.41GiB
epoch=3 step=7360/29520 loss=37.6632 Le=0.1944 Lc=1.3977 Ld=4.2449 lr=8.940e-06 gate_lr=8.940e-05 alpha=0.500+/-0.033 peak_mem=25.41GiB
epoch=3 step=7380/29520 loss=51.7559 Le=0.3214 Lc=1.5510 Ld=4.1056 lr=8.934e-06 gate_lr=8.934e-05 alpha=0.510+/-0.025 peak_mem=25.41GiB
epoch=3 step=7400/29520 loss=36.8475 Le=0.1717 Lc=1.5611 Ld=4.0620 lr=8.927e-06 gate_lr=8.927e-05 alpha=0.506+/-0.038 peak_mem=25.41GiB
epoch=3 step=7420/29520 loss=37.8272 Le=0.1895 Lc=1.4977 Ld=3.8971 lr=8.921e-06 gate_lr=8.921e-05 alpha=0.508+/-0.031 peak_mem=25.41GiB
epoch=3 step=7440/29520 loss=29.8859 Le=0.1012 Lc=1.5317 Ld=4.4469 lr=8.914e-06 gate_lr=8.914e-05 alpha=0.506+/-0.030 peak_mem=25.41GiB
epoch=3 step=7460/29520 loss=44.8425 Le=0.2295 Lc=1.7663 Ld=4.2264 lr=8.908e-06 gate_lr=8.908e-05 alpha=0.504+/-0.030 peak_mem=25.41GiB
epoch=3 step=7480/29520 loss=41.3826 Le=0.1929 Lc=1.7920 Ld=4.1776 lr=8.901e-06 gate_lr=8.901e-05 alpha=0.501+/-0.032 peak_mem=25.41GiB
epoch=3 step=7500/29520 loss=35.4145 Le=0.1485 Lc=1.6449 Ld=4.1191 lr=8.895e-06 gate_lr=8.895e-05 alpha=0.496+/-0.036 peak_mem=25.41GiB
epoch=3 step=7520/29520 loss=46.2780 Le=0.2625 Lc=1.5623 Ld=4.4094 lr=8.888e-06 gate_lr=8.888e-05 alpha=0.501+/-0.029 peak_mem=25.41GiB
epoch=3 step=7540/29520 loss=40.0903 Le=0.1872 Lc=1.7382 Ld=3.9882 lr=8.882e-06 gate_lr=8.882e-05 alpha=0.499+/-0.029 peak_mem=25.41GiB
epoch=3 step=7560/29520 loss=58.2623 Le=0.3887 Lc=1.5294 Ld=4.0959 lr=8.875e-06 gate_lr=8.875e-05 alpha=0.496+/-0.033 peak_mem=25.41GiB
epoch=3 step=7580/29520 loss=41.9157 Le=0.2395 Lc=1.4001 Ld=3.9617 lr=8.869e-06 gate_lr=8.869e-05 alpha=0.501+/-0.031 peak_mem=25.41GiB
epoch=3 step=7600/29520 loss=38.1414 Le=0.1782 Lc=1.6183 Ld=4.1347 lr=8.862e-06 gate_lr=8.862e-05 alpha=0.498+/-0.031 peak_mem=25.41GiB
epoch=3 step=7620/29520 loss=40.7250 Le=0.1975 Lc=1.6690 Ld=4.2894 lr=8.856e-06 gate_lr=8.856e-05 alpha=0.498+/-0.035 peak_mem=25.41GiB
epoch=3 step=7640/29520 loss=39.9993 Le=0.1974 Lc=1.6145 Ld=4.1150 lr=8.849e-06 gate_lr=8.849e-05 alpha=0.501+/-0.032 peak_mem=25.41GiB
epoch=3 step=7660/29520 loss=34.6560 Le=0.1548 Lc=1.4847 Ld=4.3315 lr=8.842e-06 gate_lr=8.842e-05 alpha=0.505+/-0.028 peak_mem=25.41GiB
epoch=3 step=7680/29520 loss=36.8264 Le=0.1728 Lc=1.5220 Ld=4.3285 lr=8.836e-06 gate_lr=8.836e-05 alpha=0.504+/-0.030 peak_mem=25.41GiB
epoch=3 step=7700/29520 loss=33.0908 Le=0.1315 Lc=1.5845 Ld=4.0999 lr=8.829e-06 gate_lr=8.829e-05 alpha=0.505+/-0.030 peak_mem=25.41GiB
epoch=3 step=7720/29520 loss=36.0875 Le=0.1661 Lc=1.5301 Ld=4.1754 lr=8.822e-06 gate_lr=8.822e-05 alpha=0.510+/-0.028 peak_mem=25.41GiB
epoch=3 step=7740/29520 loss=47.0676 Le=0.2642 Lc=1.6481 Ld=4.1686 lr=8.816e-06 gate_lr=8.816e-05 alpha=0.503+/-0.031 peak_mem=25.41GiB
epoch=3 step=7760/29520 loss=31.8022 Le=0.1284 Lc=1.4933 Ld=4.0282 lr=8.809e-06 gate_lr=8.809e-05 alpha=0.499+/-0.031 peak_mem=25.41GiB
epoch=3 step=7780/29520 loss=39.7172 Le=0.2148 Lc=1.4015 Ld=4.2269 lr=8.802e-06 gate_lr=8.802e-05 alpha=0.504+/-0.035 peak_mem=25.41GiB
epoch=3 step=7800/29520 loss=43.3248 Le=0.2386 Lc=1.5211 Ld=4.2541 lr=8.796e-06 gate_lr=8.796e-05 alpha=0.502+/-0.029 peak_mem=25.41GiB
epoch=3 step=7820/29520 loss=45.7188 Le=0.2726 Lc=1.4200 Ld=4.2595 lr=8.789e-06 gate_lr=8.789e-05 alpha=0.504+/-0.034 peak_mem=25.41GiB
epoch=3 step=7840/29520 loss=27.9302 Le=0.0888 Lc=1.5135 Ld=3.9115 lr=8.782e-06 gate_lr=8.782e-05 alpha=0.506+/-0.028 peak_mem=25.41GiB
epoch=3 step=7860/29520 loss=44.1753 Le=0.2544 Lc=1.4600 Ld=4.1361 lr=8.775e-06 gate_lr=8.775e-05 alpha=0.502+/-0.029 peak_mem=25.41GiB
epoch=3 step=7880/29520 loss=37.1195 Le=0.1791 Lc=1.4853 Ld=4.3527 lr=8.768e-06 gate_lr=8.768e-05 alpha=0.501+/-0.033 peak_mem=25.41GiB
epoch=3 step=7900/29520 loss=39.4361 Le=0.1946 Lc=1.5842 Ld=4.1357 lr=8.762e-06 gate_lr=8.762e-05 alpha=0.499+/-0.036 peak_mem=25.41GiB
epoch=3 step=7920/29520 loss=40.0908 Le=0.2063 Lc=1.5250 Ld=4.2093 lr=8.755e-06 gate_lr=8.755e-05 alpha=0.502+/-0.036 peak_mem=25.41GiB
epoch=3 step=7940/29520 loss=31.3467 Le=0.1172 Lc=1.5590 Ld=4.0379 lr=8.748e-06 gate_lr=8.748e-05 alpha=0.498+/-0.034 peak_mem=25.41GiB
epoch=3 step=7960/29520 loss=40.8826 Le=0.2243 Lc=1.4372 Ld=4.0857 lr=8.741e-06 gate_lr=8.741e-05 alpha=0.499+/-0.038 peak_mem=25.41GiB
epoch=3 step=7980/29520 loss=55.1394 Le=0.3736 Lc=1.3711 Ld=4.0716 lr=8.734e-06 gate_lr=8.734e-05 alpha=0.503+/-0.029 peak_mem=25.41GiB
epoch=3 step=8000/29520 loss=43.0167 Le=0.2195 Lc=1.6966 Ld=4.1013 lr=8.727e-06 gate_lr=8.727e-05 alpha=0.495+/-0.034 peak_mem=25.41GiB
epoch=3 step=8020/29520 loss=35.2790 Le=0.1543 Lc=1.5647 Ld=4.2036 lr=8.720e-06 gate_lr=8.720e-05 alpha=0.501+/-0.031 peak_mem=25.41GiB
epoch=3 step=8040/29520 loss=47.8253 Le=0.2913 Lc=1.4356 Ld=4.3396 lr=8.713e-06 gate_lr=8.713e-05 alpha=0.499+/-0.032 peak_mem=25.41GiB
epoch=3 step=8060/29520 loss=55.5498 Le=0.3675 Lc=1.4656 Ld=4.1427 lr=8.706e-06 gate_lr=8.706e-05 alpha=0.499+/-0.031 peak_mem=25.41GiB
epoch=3 step=8080/29520 loss=26.0194 Le=0.0825 Lc=1.3664 Ld=4.1008 lr=8.699e-06 gate_lr=8.699e-05 alpha=0.497+/-0.032 peak_mem=25.41GiB
epoch=3 step=8100/29520 loss=62.0830 Le=0.4242 Lc=1.5463 Ld=4.1986 lr=8.692e-06 gate_lr=8.692e-05 alpha=0.508+/-0.033 peak_mem=25.41GiB
epoch=3 step=8120/29520 loss=45.3069 Le=0.2526 Lc=1.5886 Ld=4.1576 lr=8.685e-06 gate_lr=8.685e-05 alpha=0.504+/-0.029 peak_mem=25.41GiB
epoch=3 step=8140/29520 loss=42.8923 Le=0.2468 Lc=1.4402 Ld=3.8131 lr=8.678e-06 gate_lr=8.678e-05 alpha=0.497+/-0.029 peak_mem=25.41GiB
epoch=3 step=8160/29520 loss=43.7708 Le=0.2433 Lc=1.5154 Ld=4.2852 lr=8.671e-06 gate_lr=8.671e-05 alpha=0.500+/-0.032 peak_mem=25.41GiB
epoch=3 step=8180/29520 loss=39.1074 Le=0.2148 Lc=1.3164 Ld=4.4589 lr=8.664e-06 gate_lr=8.664e-05 alpha=0.499+/-0.032 peak_mem=25.41GiB
epoch=3 step=8200/29520 loss=37.0355 Le=0.1938 Lc=1.3647 Ld=4.0130 lr=8.657e-06 gate_lr=8.657e-05 alpha=0.499+/-0.033 peak_mem=25.41GiB
epoch=3 step=8220/29520 loss=37.4898 Le=0.1678 Lc=1.6470 Ld=4.2399 lr=8.650e-06 gate_lr=8.650e-05 alpha=0.499+/-0.032 peak_mem=25.41GiB
epoch=3 step=8240/29520 loss=42.5947 Le=0.2300 Lc=1.5663 Ld=3.9266 lr=8.643e-06 gate_lr=8.643e-05 alpha=0.507+/-0.031 peak_mem=25.41GiB
epoch=3 step=8260/29520 loss=38.1345 Le=0.1941 Lc=1.4269 Ld=4.4534 lr=8.636e-06 gate_lr=8.636e-05 alpha=0.490+/-0.034 peak_mem=25.41GiB
epoch=3 step=8280/29520 loss=50.0366 Le=0.3067 Lc=1.5393 Ld=3.9780 lr=8.629e-06 gate_lr=8.629e-05 alpha=0.497+/-0.036 peak_mem=25.41GiB
epoch=3 step=8300/29520 loss=38.0655 Le=0.1949 Lc=1.4609 Ld=3.9653 lr=8.622e-06 gate_lr=8.622e-05 alpha=0.503+/-0.033 peak_mem=25.41GiB
epoch=3 step=8320/29520 loss=39.5316 Le=0.2043 Lc=1.4903 Ld=4.1982 lr=8.615e-06 gate_lr=8.615e-05 alpha=0.504+/-0.033 peak_mem=25.41GiB
epoch=3 step=8340/29520 loss=38.5063 Le=0.1987 Lc=1.4505 Ld=4.1304 lr=8.608e-06 gate_lr=8.608e-05 alpha=0.505+/-0.034 peak_mem=25.41GiB
epoch=3 step=8360/29520 loss=43.0072 Le=0.2368 Lc=1.5110 Ld=4.2161 lr=8.600e-06 gate_lr=8.600e-05 alpha=0.503+/-0.033 peak_mem=25.41GiB
epoch=3 step=8380/29520 loss=38.5589 Le=0.1893 Lc=1.5552 Ld=4.0816 lr=8.593e-06 gate_lr=8.593e-05 alpha=0.500+/-0.032 peak_mem=25.41GiB
epoch=3 step=8400/29520 loss=48.4350 Le=0.2804 Lc=1.6192 Ld=4.2007 lr=8.586e-06 gate_lr=8.586e-05 alpha=0.509+/-0.032 peak_mem=25.41GiB
epoch=3 step=8420/29520 loss=36.7481 Le=0.1667 Lc=1.6081 Ld=3.9993 lr=8.579e-06 gate_lr=8.579e-05 alpha=0.504+/-0.032 peak_mem=25.41GiB
epoch=3 step=8440/29520 loss=39.5005 Le=0.2130 Lc=1.4311 Ld=3.8905 lr=8.571e-06 gate_lr=8.571e-05 alpha=0.499+/-0.035 peak_mem=25.41GiB
epoch=3 step=8460/29520 loss=31.7068 Le=0.1207 Lc=1.5434 Ld=4.2041 lr=8.564e-06 gate_lr=8.564e-05 alpha=0.507+/-0.035 peak_mem=25.41GiB
epoch=3 step=8480/29520 loss=41.5549 Le=0.2135 Lc=1.5936 Ld=4.2688 lr=8.557e-06 gate_lr=8.557e-05 alpha=0.505+/-0.033 peak_mem=25.41GiB
epoch=3 step=8500/29520 loss=45.5369 Le=0.2703 Lc=1.4290 Ld=4.2124 lr=8.550e-06 gate_lr=8.550e-05 alpha=0.496+/-0.036 peak_mem=25.41GiB
epoch=3 step=8520/29520 loss=44.9764 Le=0.2635 Lc=1.4676 Ld=3.9528 lr=8.542e-06 gate_lr=8.542e-05 alpha=0.507+/-0.031 peak_mem=25.41GiB
epoch=3 step=8540/29520 loss=31.6065 Le=0.1333 Lc=1.4153 Ld=4.1266 lr=8.535e-06 gate_lr=8.535e-05 alpha=0.510+/-0.028 peak_mem=25.41GiB
epoch=3 step=8560/29520 loss=43.6635 Le=0.2598 Lc=1.3791 Ld=3.8959 lr=8.528e-06 gate_lr=8.528e-05 alpha=0.507+/-0.027 peak_mem=25.41GiB
epoch=3 step=8580/29520 loss=45.4042 Le=0.2461 Lc=1.6819 Ld=3.9719 lr=8.520e-06 gate_lr=8.520e-05 alpha=0.501+/-0.039 peak_mem=25.41GiB
epoch=3 step=8600/29520 loss=43.3992 Le=0.2505 Lc=1.4075 Ld=4.2755 lr=8.513e-06 gate_lr=8.513e-05 alpha=0.501+/-0.033 peak_mem=25.41GiB
epoch=3 step=8620/29520 loss=31.9274 Le=0.1397 Lc=1.3726 Ld=4.2357 lr=8.506e-06 gate_lr=8.506e-05 alpha=0.504+/-0.027 peak_mem=25.41GiB
epoch=3 step=8640/29520 loss=41.8827 Le=0.2296 Lc=1.4778 Ld=4.1474 lr=8.498e-06 gate_lr=8.498e-05 alpha=0.501+/-0.033 peak_mem=25.41GiB
epoch=3 step=8660/29520 loss=29.3634 Le=0.1040 Lc=1.4918 Ld=4.0502 lr=8.491e-06 gate_lr=8.491e-05 alpha=0.501+/-0.037 peak_mem=25.41GiB
epoch=3 step=8680/29520 loss=40.4590 Le=0.2136 Lc=1.4940 Ld=4.1579 lr=8.483e-06 gate_lr=8.483e-05 alpha=0.498+/-0.033 peak_mem=25.41GiB
epoch=3 step=8700/29520 loss=39.6676 Le=0.2040 Lc=1.5177 Ld=4.0891 lr=8.476e-06 gate_lr=8.476e-05 alpha=0.504+/-0.030 peak_mem=25.41GiB
epoch=3 step=8720/29520 loss=36.2250 Le=0.1776 Lc=1.4486 Ld=3.9749 lr=8.469e-06 gate_lr=8.469e-05 alpha=0.502+/-0.035 peak_mem=25.41GiB
epoch=3 step=8740/29520 loss=39.6196 Le=0.1938 Lc=1.6182 Ld=4.0605 lr=8.461e-06 gate_lr=8.461e-05 alpha=0.498+/-0.036 peak_mem=25.41GiB
epoch=3 step=8760/29520 loss=32.7262 Le=0.1383 Lc=1.4892 Ld=4.0053 lr=8.454e-06 gate_lr=8.454e-05 alpha=0.500+/-0.029 peak_mem=25.41GiB
epoch=3 step=8780/29520 loss=46.2551 Le=0.2692 Lc=1.5258 Ld=4.0781 lr=8.446e-06 gate_lr=8.446e-05 alpha=0.484+/-0.036 peak_mem=25.41GiB
epoch=3 step=8800/29520 loss=33.0103 Le=0.1353 Lc=1.5501 Ld=3.9792 lr=8.439e-06 gate_lr=8.439e-05 alpha=0.501+/-0.031 peak_mem=25.41GiB
epoch=3 step=8820/29520 loss=33.9180 Le=0.1507 Lc=1.4839 Ld=4.0046 lr=8.431e-06 gate_lr=8.431e-05 alpha=0.502+/-0.033 peak_mem=25.41GiB
epoch=3 step=8840/29520 loss=43.6913 Le=0.2611 Lc=1.3431 Ld=4.1524 lr=8.424e-06 gate_lr=8.424e-05 alpha=0.497+/-0.038 peak_mem=25.41GiB
epoch=3 checkpoints saved
epoch=4 step=8860/29520 loss=35.1019 Le=0.1720 Lc=1.3986 Ld=3.9112 lr=8.416e-06 gate_lr=8.416e-05 alpha=0.506+/-0.032 peak_mem=25.41GiB
epoch=4 step=8880/29520 loss=38.1560 Le=0.1876 Lc=1.5314 Ld=4.0804 lr=8.409e-06 gate_lr=8.409e-05 alpha=0.501+/-0.033 peak_mem=25.41GiB
epoch=4 step=8900/29520 loss=32.8063 Le=0.1448 Lc=1.4178 Ld=4.1499 lr=8.401e-06 gate_lr=8.401e-05 alpha=0.503+/-0.031 peak_mem=25.41GiB
epoch=4 step=8920/29520 loss=38.2164 Le=0.2027 Lc=1.3746 Ld=4.2011 lr=8.393e-06 gate_lr=8.393e-05 alpha=0.505+/-0.031 peak_mem=25.41GiB
epoch=4 step=8940/29520 loss=34.9638 Le=0.1647 Lc=1.4303 Ld=4.1907 lr=8.386e-06 gate_lr=8.386e-05 alpha=0.498+/-0.039 peak_mem=25.41GiB
epoch=4 step=8960/29520 loss=47.4495 Le=0.2957 Lc=1.3668 Ld=4.2142 lr=8.378e-06 gate_lr=8.378e-05 alpha=0.511+/-0.036 peak_mem=25.41GiB
epoch=4 step=8980/29520 loss=26.6594 Le=0.0896 Lc=1.3927 Ld=3.7688 lr=8.371e-06 gate_lr=8.371e-05 alpha=0.502+/-0.036 peak_mem=25.41GiB
epoch=4 step=9000/29520 loss=37.9942 Le=0.1887 Lc=1.4826 Ld=4.3004 lr=8.363e-06 gate_lr=8.363e-05 alpha=0.504+/-0.032 peak_mem=25.41GiB
epoch=4 step=9020/29520 loss=31.4053 Le=0.1323 Lc=1.3989 Ld=4.1849 lr=8.355e-06 gate_lr=8.355e-05 alpha=0.495+/-0.035 peak_mem=25.41GiB
epoch=4 step=9040/29520 loss=47.4701 Le=0.2844 Lc=1.5077 Ld=3.9554 lr=8.348e-06 gate_lr=8.348e-05 alpha=0.505+/-0.037 peak_mem=25.41GiB
epoch=4 step=9060/29520 loss=34.0815 Le=0.1556 Lc=1.4649 Ld=3.8700 lr=8.340e-06 gate_lr=8.340e-05 alpha=0.503+/-0.036 peak_mem=25.41GiB
epoch=4 step=9080/29520 loss=41.5699 Le=0.2384 Lc=1.3834 Ld=3.8911 lr=8.332e-06 gate_lr=8.332e-05 alpha=0.501+/-0.030 peak_mem=25.41GiB
epoch=4 step=9100/29520 loss=31.4729 Le=0.1284 Lc=1.4559 Ld=4.0726 lr=8.324e-06 gate_lr=8.324e-05 alpha=0.506+/-0.032 peak_mem=25.41GiB
epoch=4 step=9120/29520 loss=38.9187 Le=0.2064 Lc=1.4117 Ld=4.1643 lr=8.317e-06 gate_lr=8.317e-05 alpha=0.505+/-0.036 peak_mem=25.41GiB
epoch=4 step=9140/29520 loss=27.9373 Le=0.0857 Lc=1.5246 Ld=4.1168 lr=8.309e-06 gate_lr=8.309e-05 alpha=0.507+/-0.034 peak_mem=25.41GiB
epoch=4 step=9160/29520 loss=31.4114 Le=0.1459 Lc=1.2823 Ld=4.0026 lr=8.301e-06 gate_lr=8.301e-05 alpha=0.505+/-0.031 peak_mem=25.41GiB
epoch=4 step=9180/29520 loss=41.0027 Le=0.2274 Lc=1.4330 Ld=3.9372 lr=8.294e-06 gate_lr=8.294e-05 alpha=0.508+/-0.033 peak_mem=25.41GiB
epoch=4 step=9200/29520 loss=32.0721 Le=0.1361 Lc=1.4418 Ld=4.0482 lr=8.286e-06 gate_lr=8.286e-05 alpha=0.500+/-0.033 peak_mem=25.41GiB
epoch=4 step=9220/29520 loss=38.5807 Le=0.2001 Lc=1.4517 Ld=4.0504 lr=8.278e-06 gate_lr=8.278e-05 alpha=0.502+/-0.035 peak_mem=25.41GiB
epoch=4 step=9240/29520 loss=41.8873 Le=0.2317 Lc=1.4683 Ld=4.0364 lr=8.270e-06 gate_lr=8.270e-05 alpha=0.503+/-0.032 peak_mem=25.41GiB
epoch=4 step=9260/29520 loss=30.6083 Le=0.1255 Lc=1.4071 Ld=3.9916 lr=8.262e-06 gate_lr=8.262e-05 alpha=0.504+/-0.036 peak_mem=25.41GiB
epoch=4 step=9280/29520 loss=26.3590 Le=0.0805 Lc=1.4100 Ld=4.2128 lr=8.254e-06 gate_lr=8.254e-05 alpha=0.510+/-0.035 peak_mem=25.41GiB
epoch=4 step=9300/29520 loss=32.9785 Le=0.1451 Lc=1.4655 Ld=3.8105 lr=8.247e-06 gate_lr=8.247e-05 alpha=0.505+/-0.037 peak_mem=25.41GiB
epoch=4 step=9320/29520 loss=37.1698 Le=0.1851 Lc=1.4674 Ld=3.9858 lr=8.239e-06 gate_lr=8.239e-05 alpha=0.504+/-0.035 peak_mem=25.41GiB
epoch=4 step=9340/29520 loss=34.2340 Le=0.1533 Lc=1.4941 Ld=3.9596 lr=8.231e-06 gate_lr=8.231e-05 alpha=0.503+/-0.036 peak_mem=25.41GiB
epoch=4 step=9360/29520 loss=46.3470 Le=0.2798 Lc=1.4437 Ld=3.9317 lr=8.223e-06 gate_lr=8.223e-05 alpha=0.505+/-0.037 peak_mem=25.41GiB
epoch=4 step=9380/29520 loss=35.0187 Le=0.1628 Lc=1.4766 Ld=3.9773 lr=8.215e-06 gate_lr=8.215e-05 alpha=0.495+/-0.037 peak_mem=25.41GiB
epoch=4 step=9400/29520 loss=29.8229 Le=0.1132 Lc=1.4598 Ld=3.9083 lr=8.207e-06 gate_lr=8.207e-05 alpha=0.494+/-0.035 peak_mem=25.41GiB
epoch=4 step=9420/29520 loss=29.1171 Le=0.1018 Lc=1.4837 Ld=4.0952 lr=8.199e-06 gate_lr=8.199e-05 alpha=0.504+/-0.036 peak_mem=25.41GiB
epoch=4 step=9440/29520 loss=40.0125 Le=0.2133 Lc=1.4808 Ld=3.8717 lr=8.191e-06 gate_lr=8.191e-05 alpha=0.491+/-0.034 peak_mem=25.41GiB
epoch=4 step=9460/29520 loss=35.4364 Le=0.1630 Lc=1.4899 Ld=4.2353 lr=8.183e-06 gate_lr=8.183e-05 alpha=0.500+/-0.033 peak_mem=25.41GiB
epoch=4 step=9480/29520 loss=47.5028 Le=0.2890 Lc=1.4665 Ld=3.9404 lr=8.175e-06 gate_lr=8.175e-05 alpha=0.504+/-0.039 peak_mem=25.41GiB
epoch=4 step=9500/29520 loss=39.1454 Le=0.1932 Lc=1.5869 Ld=3.9532 lr=8.167e-06 gate_lr=8.167e-05 alpha=0.511+/-0.032 peak_mem=25.41GiB
epoch=4 step=9520/29520 loss=44.5915 Le=0.2468 Lc=1.5894 Ld=4.0207 lr=8.159e-06 gate_lr=8.159e-05 alpha=0.500+/-0.033 peak_mem=25.41GiB
epoch=4 step=9540/29520 loss=33.0706 Le=0.1395 Lc=1.5090 Ld=4.0263 lr=8.151e-06 gate_lr=8.151e-05 alpha=0.504+/-0.035 peak_mem=25.41GiB
epoch=4 step=9560/29520 loss=29.2710 Le=0.1200 Lc=1.3078 Ld=4.1976 lr=8.143e-06 gate_lr=8.143e-05 alpha=0.501+/-0.033 peak_mem=25.41GiB
epoch=4 step=9580/29520 loss=37.7205 Le=0.2000 Lc=1.3707 Ld=4.0147 lr=8.135e-06 gate_lr=8.135e-05 alpha=0.495+/-0.037 peak_mem=25.41GiB
epoch=4 step=9600/29520 loss=49.3464 Le=0.3107 Lc=1.4340 Ld=3.9380 lr=8.127e-06 gate_lr=8.127e-05 alpha=0.503+/-0.033 peak_mem=25.41GiB
epoch=4 step=9620/29520 loss=35.2788 Le=0.1619 Lc=1.5218 Ld=3.8725 lr=8.119e-06 gate_lr=8.119e-05 alpha=0.501+/-0.037 peak_mem=25.41GiB
epoch=4 step=9640/29520 loss=34.2426 Le=0.1470 Lc=1.5629 Ld=3.9123 lr=8.111e-06 gate_lr=8.111e-05 alpha=0.503+/-0.033 peak_mem=25.41GiB
epoch=4 step=9660/29520 loss=45.0795 Le=0.2689 Lc=1.4159 Ld=4.0354 lr=8.103e-06 gate_lr=8.103e-05 alpha=0.502+/-0.037 peak_mem=25.41GiB
epoch=4 step=9680/29520 loss=31.9578 Le=0.1373 Lc=1.4202 Ld=4.0237 lr=8.095e-06 gate_lr=8.095e-05 alpha=0.506+/-0.036 peak_mem=25.41GiB
epoch=4 step=9700/29520 loss=41.9563 Le=0.2310 Lc=1.4809 Ld=4.0434 lr=8.087e-06 gate_lr=8.087e-05 alpha=0.499+/-0.035 peak_mem=25.41GiB
epoch=4 step=9720/29520 loss=48.8230 Le=0.3209 Lc=1.2897 Ld=3.8390 lr=8.079e-06 gate_lr=8.079e-05 alpha=0.510+/-0.034 peak_mem=25.41GiB
epoch=4 step=9740/29520 loss=43.6256 Le=0.2507 Lc=1.4557 Ld=3.9982 lr=8.071e-06 gate_lr=8.071e-05 alpha=0.500+/-0.033 peak_mem=25.41GiB
epoch=4 step=9760/29520 loss=42.6480 Le=0.2413 Lc=1.4544 Ld=3.9729 lr=8.063e-06 gate_lr=8.063e-05 alpha=0.499+/-0.040 peak_mem=25.41GiB
epoch=4 step=9780/29520 loss=47.1145 Le=0.2827 Lc=1.5156 Ld=3.6873 lr=8.054e-06 gate_lr=8.054e-05 alpha=0.499+/-0.035 peak_mem=25.41GiB
epoch=4 step=9800/29520 loss=32.7551 Le=0.1416 Lc=1.4656 Ld=3.9352 lr=8.046e-06 gate_lr=8.046e-05 alpha=0.496+/-0.038 peak_mem=25.41GiB
epoch=4 step=9820/29520 loss=44.7472 Le=0.2569 Lc=1.4910 Ld=4.1472 lr=8.038e-06 gate_lr=8.038e-05 alpha=0.506+/-0.034 peak_mem=25.41GiB
epoch=4 step=9840/29520 loss=34.3158 Le=0.1598 Lc=1.4330 Ld=4.0091 lr=8.030e-06 gate_lr=8.030e-05 alpha=0.501+/-0.033 peak_mem=25.41GiB
epoch=4 step=9860/29520 loss=32.5009 Le=0.1343 Lc=1.5037 Ld=4.0369 lr=8.022e-06 gate_lr=8.022e-05 alpha=0.504+/-0.034 peak_mem=25.41GiB
epoch=4 step=9880/29520 loss=26.7621 Le=0.0851 Lc=1.4228 Ld=4.0208 lr=8.013e-06 gate_lr=8.013e-05 alpha=0.503+/-0.033 peak_mem=25.41GiB
epoch=4 step=9900/29520 loss=31.9405 Le=0.1363 Lc=1.4191 Ld=4.1183 lr=8.005e-06 gate_lr=8.005e-05 alpha=0.503+/-0.035 peak_mem=25.41GiB
epoch=4 step=9920/29520 loss=31.3328 Le=0.1328 Lc=1.4130 Ld=3.9270 lr=7.997e-06 gate_lr=7.997e-05 alpha=0.499+/-0.038 peak_mem=25.41GiB
epoch=4 step=9940/29520 loss=42.2756 Le=0.2264 Lc=1.5614 Ld=4.0216 lr=7.989e-06 gate_lr=7.989e-05 alpha=0.495+/-0.037 peak_mem=25.41GiB
epoch=4 step=9960/29520 loss=33.4171 Le=0.1486 Lc=1.4649 Ld=3.9101 lr=7.980e-06 gate_lr=7.980e-05 alpha=0.498+/-0.034 peak_mem=25.41GiB
epoch=4 step=9980/29520 loss=34.3119 Le=0.1612 Lc=1.4108 Ld=4.0817 lr=7.972e-06 gate_lr=7.972e-05 alpha=0.496+/-0.035 peak_mem=25.41GiB
epoch=4 step=10000/29520 loss=27.0478 Le=0.0724 Lc=1.5791 Ld=4.0132 lr=7.964e-06 gate_lr=7.964e-05 alpha=0.504+/-0.036 peak_mem=25.41GiB
epoch=4 step=10020/29520 loss=41.5085 Le=0.2372 Lc=1.4086 Ld=3.7009 lr=7.956e-06 gate_lr=7.956e-05 alpha=0.507+/-0.035 peak_mem=25.41GiB
epoch=4 step=10040/29520 loss=60.0517 Le=0.4156 Lc=1.4765 Ld=3.7292 lr=7.947e-06 gate_lr=7.947e-05 alpha=0.499+/-0.031 peak_mem=25.41GiB
epoch=4 step=10060/29520 loss=38.1105 Le=0.1978 Lc=1.4377 Ld=3.9525 lr=7.939e-06 gate_lr=7.939e-05 alpha=0.504+/-0.040 peak_mem=25.41GiB
epoch=4 step=10080/29520 loss=28.9128 Le=0.1084 Lc=1.4172 Ld=3.8958 lr=7.931e-06 gate_lr=7.931e-05 alpha=0.496+/-0.035 peak_mem=25.41GiB
epoch=4 step=10100/29520 loss=34.5132 Le=0.1536 Lc=1.5001 Ld=4.1544 lr=7.922e-06 gate_lr=7.922e-05 alpha=0.498+/-0.032 peak_mem=25.41GiB
epoch=4 step=10120/29520 loss=39.1408 Le=0.2082 Lc=1.4405 Ld=3.9113 lr=7.914e-06 gate_lr=7.914e-05 alpha=0.492+/-0.033 peak_mem=25.41GiB
epoch=4 step=10140/29520 loss=38.6130 Le=0.2141 Lc=1.3583 Ld=3.6151 lr=7.906e-06 gate_lr=7.906e-05 alpha=0.494+/-0.032 peak_mem=25.41GiB
epoch=4 step=10160/29520 loss=36.1698 Le=0.1796 Lc=1.4412 Ld=3.8019 lr=7.897e-06 gate_lr=7.897e-05 alpha=0.495+/-0.033 peak_mem=25.41GiB
epoch=4 step=10180/29520 loss=52.5857 Le=0.3578 Lc=1.2973 Ld=3.8295 lr=7.889e-06 gate_lr=7.889e-05 alpha=0.494+/-0.037 peak_mem=25.41GiB
epoch=4 step=10200/29520 loss=43.5290 Le=0.2563 Lc=1.4055 Ld=3.8473 lr=7.880e-06 gate_lr=7.880e-05 alpha=0.504+/-0.038 peak_mem=25.41GiB
epoch=4 step=10220/29520 loss=55.2213 Le=0.3890 Lc=1.2502 Ld=3.8144 lr=7.872e-06 gate_lr=7.872e-05 alpha=0.497+/-0.028 peak_mem=25.41GiB
epoch=4 step=10240/29520 loss=29.1093 Le=0.1218 Lc=1.2924 Ld=4.0039 lr=7.863e-06 gate_lr=7.863e-05 alpha=0.496+/-0.037 peak_mem=25.41GiB
epoch=4 step=10260/29520 loss=45.9226 Le=0.2814 Lc=1.3616 Ld=4.1634 lr=7.855e-06 gate_lr=7.855e-05 alpha=0.506+/-0.034 peak_mem=25.41GiB
epoch=4 step=10280/29520 loss=31.0180 Le=0.1272 Lc=1.4478 Ld=3.8244 lr=7.847e-06 gate_lr=7.847e-05 alpha=0.505+/-0.037 peak_mem=25.41GiB
epoch=4 step=10300/29520 loss=36.5840 Le=0.1799 Lc=1.4674 Ld=3.9193 lr=7.838e-06 gate_lr=7.838e-05 alpha=0.503+/-0.029 peak_mem=25.41GiB
epoch=4 step=10320/29520 loss=34.2429 Le=0.1428 Lc=1.5883 Ld=4.0765 lr=7.830e-06 gate_lr=7.830e-05 alpha=0.499+/-0.035 peak_mem=25.41GiB
epoch=4 step=10340/29520 loss=49.8323 Le=0.3179 Lc=1.4188 Ld=3.8571 lr=7.821e-06 gate_lr=7.821e-05 alpha=0.501+/-0.037 peak_mem=25.41GiB
epoch=4 step=10360/29520 loss=33.9626 Le=0.1669 Lc=1.3350 Ld=3.9251 lr=7.813e-06 gate_lr=7.813e-05 alpha=0.500+/-0.033 peak_mem=25.41GiB
epoch=4 step=10380/29520 loss=38.2326 Le=0.2021 Lc=1.4356 Ld=3.6627 lr=7.804e-06 gate_lr=7.804e-05 alpha=0.492+/-0.037 peak_mem=25.41GiB
epoch=4 step=10400/29520 loss=37.5517 Le=0.2017 Lc=1.3842 Ld=3.5346 lr=7.796e-06 gate_lr=7.796e-05 alpha=0.503+/-0.036 peak_mem=25.41GiB
epoch=4 step=10420/29520 loss=37.1862 Le=0.1822 Lc=1.5177 Ld=3.7878 lr=7.787e-06 gate_lr=7.787e-05 alpha=0.498+/-0.038 peak_mem=25.41GiB
epoch=4 step=10440/29520 loss=32.8081 Le=0.1451 Lc=1.4523 Ld=3.7710 lr=7.779e-06 gate_lr=7.779e-05 alpha=0.504+/-0.036 peak_mem=25.41GiB
epoch=4 step=10460/29520 loss=31.7050 Le=0.1380 Lc=1.3756 Ld=4.1526 lr=7.770e-06 gate_lr=7.770e-05 alpha=0.504+/-0.039 peak_mem=25.41GiB
epoch=4 step=10480/29520 loss=36.9972 Le=0.1872 Lc=1.4277 Ld=4.0049 lr=7.761e-06 gate_lr=7.761e-05 alpha=0.494+/-0.036 peak_mem=25.41GiB
epoch=4 step=10500/29520 loss=32.2448 Le=0.1479 Lc=1.3536 Ld=3.9202 lr=7.753e-06 gate_lr=7.753e-05 alpha=0.496+/-0.037 peak_mem=25.41GiB
epoch=4 step=10520/29520 loss=44.3921 Le=0.2709 Lc=1.3489 Ld=3.8159 lr=7.744e-06 gate_lr=7.744e-05 alpha=0.504+/-0.031 peak_mem=25.41GiB
epoch=4 step=10540/29520 loss=56.8730 Le=0.3861 Lc=1.4092 Ld=4.1759 lr=7.736e-06 gate_lr=7.736e-05 alpha=0.510+/-0.037 peak_mem=25.41GiB
epoch=4 step=10560/29520 loss=26.3632 Le=0.0797 Lc=1.4288 Ld=4.1021 lr=7.727e-06 gate_lr=7.727e-05 alpha=0.505+/-0.031 peak_mem=25.41GiB
epoch=4 step=10580/29520 loss=31.5764 Le=0.1449 Lc=1.3153 Ld=3.9359 lr=7.718e-06 gate_lr=7.718e-05 alpha=0.502+/-0.032 peak_mem=25.41GiB
epoch=4 step=10600/29520 loss=29.8597 Le=0.1195 Lc=1.3852 Ld=4.0608 lr=7.710e-06 gate_lr=7.710e-05 alpha=0.494+/-0.035 peak_mem=25.41GiB
epoch=4 step=10620/29520 loss=27.0867 Le=0.0946 Lc=1.3993 Ld=3.6358 lr=7.701e-06 gate_lr=7.701e-05 alpha=0.492+/-0.034 peak_mem=25.41GiB
epoch=4 step=10640/29520 loss=41.6070 Le=0.2338 Lc=1.4456 Ld=3.7675 lr=7.693e-06 gate_lr=7.693e-05 alpha=0.507+/-0.034 peak_mem=25.41GiB
epoch=4 step=10660/29520 loss=26.2573 Le=0.0887 Lc=1.3462 Ld=3.9249 lr=7.684e-06 gate_lr=7.684e-05 alpha=0.507+/-0.036 peak_mem=25.41GiB
epoch=4 step=10680/29520 loss=39.7763 Le=0.2087 Lc=1.4696 Ld=4.2110 lr=7.675e-06 gate_lr=7.675e-05 alpha=0.503+/-0.038 peak_mem=25.41GiB
epoch=4 step=10700/29520 loss=30.1918 Le=0.1319 Lc=1.2947 Ld=4.0506 lr=7.667e-06 gate_lr=7.667e-05 alpha=0.502+/-0.036 peak_mem=25.41GiB
epoch=4 step=10720/29520 loss=28.4157 Le=0.1206 Lc=1.2546 Ld=3.8073 lr=7.658e-06 gate_lr=7.658e-05 alpha=0.503+/-0.034 peak_mem=25.41GiB
epoch=4 step=10740/29520 loss=28.5788 Le=0.1092 Lc=1.3882 Ld=3.7784 lr=7.649e-06 gate_lr=7.649e-05 alpha=0.503+/-0.040 peak_mem=25.41GiB
epoch=4 step=10760/29520 loss=29.3259 Le=0.1120 Lc=1.4164 Ld=3.9602 lr=7.640e-06 gate_lr=7.640e-05 alpha=0.490+/-0.038 peak_mem=25.41GiB
epoch=4 step=10780/29520 loss=33.4934 Le=0.1563 Lc=1.3862 Ld=3.9990 lr=7.632e-06 gate_lr=7.632e-05 alpha=0.500+/-0.038 peak_mem=25.41GiB
epoch=4 step=10800/29520 loss=31.3024 Le=0.1287 Lc=1.4775 Ld=3.6614 lr=7.623e-06 gate_lr=7.623e-05 alpha=0.499+/-0.034 peak_mem=25.41GiB
epoch=4 step=10820/29520 loss=27.9565 Le=0.0986 Lc=1.4282 Ld=3.8105 lr=7.614e-06 gate_lr=7.614e-05 alpha=0.503+/-0.029 peak_mem=25.41GiB
epoch=4 step=10840/29520 loss=34.7902 Le=0.1662 Lc=1.4276 Ld=3.8950 lr=7.605e-06 gate_lr=7.605e-05 alpha=0.505+/-0.035 peak_mem=25.41GiB
epoch=4 step=10860/29520 loss=36.7319 Le=0.1864 Lc=1.4180 Ld=3.9103 lr=7.597e-06 gate_lr=7.597e-05 alpha=0.503+/-0.033 peak_mem=25.41GiB
epoch=4 step=10880/29520 loss=32.6081 Le=0.1434 Lc=1.4619 Ld=3.6460 lr=7.588e-06 gate_lr=7.588e-05 alpha=0.495+/-0.034 peak_mem=25.41GiB
epoch=4 step=10900/29520 loss=37.9472 Le=0.1933 Lc=1.4783 Ld=3.8295 lr=7.579e-06 gate_lr=7.579e-05 alpha=0.505+/-0.032 peak_mem=25.41GiB
epoch=4 step=10920/29520 loss=31.2381 Le=0.1443 Lc=1.3025 Ld=3.7813 lr=7.570e-06 gate_lr=7.570e-05 alpha=0.491+/-0.041 peak_mem=25.41GiB
epoch=4 step=10940/29520 loss=33.0421 Le=0.1481 Lc=1.4160 Ld=4.0729 lr=7.561e-06 gate_lr=7.561e-05 alpha=0.492+/-0.038 peak_mem=25.41GiB
epoch=4 step=10960/29520 loss=31.7633 Le=0.1520 Lc=1.2975 Ld=3.5836 lr=7.553e-06 gate_lr=7.553e-05 alpha=0.494+/-0.036 peak_mem=25.41GiB
epoch=4 step=10980/29520 loss=24.5542 Le=0.0679 Lc=1.4048 Ld=3.7159 lr=7.544e-06 gate_lr=7.544e-05 alpha=0.499+/-0.034 peak_mem=25.41GiB
epoch=4 step=11000/29520 loss=29.5839 Le=0.1226 Lc=1.3363 Ld=3.9633 lr=7.535e-06 gate_lr=7.535e-05 alpha=0.502+/-0.031 peak_mem=25.41GiB
epoch=4 step=11020/29520 loss=27.6857 Le=0.0991 Lc=1.4024 Ld=3.7545 lr=7.526e-06 gate_lr=7.526e-05 alpha=0.498+/-0.036 peak_mem=25.41GiB
epoch=4 step=11040/29520 loss=38.7239 Le=0.2087 Lc=1.4128 Ld=3.7289 lr=7.517e-06 gate_lr=7.517e-05 alpha=0.507+/-0.036 peak_mem=25.41GiB
epoch=4 step=11060/29520 loss=31.1519 Le=0.1434 Lc=1.2976 Ld=3.8334 lr=7.508e-06 gate_lr=7.508e-05 alpha=0.494+/-0.036 peak_mem=25.41GiB
epoch=4 step=11080/29520 loss=51.2459 Le=0.3330 Lc=1.4082 Ld=3.8643 lr=7.500e-06 gate_lr=7.500e-05 alpha=0.488+/-0.044 peak_mem=25.41GiB
epoch=4 step=11100/29520 loss=30.2816 Le=0.1276 Lc=1.3605 Ld=3.9123 lr=7.491e-06 gate_lr=7.491e-05 alpha=0.499+/-0.034 peak_mem=25.41GiB
epoch=4 step=11120/29520 loss=42.8581 Le=0.2395 Lc=1.4957 Ld=3.9521 lr=7.482e-06 gate_lr=7.482e-05 alpha=0.495+/-0.033 peak_mem=25.41GiB
epoch=4 step=11140/29520 loss=40.8827 Le=0.2046 Lc=1.6566 Ld=3.8555 lr=7.473e-06 gate_lr=7.473e-05 alpha=0.489+/-0.034 peak_mem=25.41GiB
epoch=4 step=11160/29520 loss=33.6287 Le=0.1594 Lc=1.3913 Ld=3.7792 lr=7.464e-06 gate_lr=7.464e-05 alpha=0.500+/-0.035 peak_mem=25.41GiB
epoch=4 step=11180/29520 loss=46.1734 Le=0.2745 Lc=1.4950 Ld=3.7704 lr=7.455e-06 gate_lr=7.455e-05 alpha=0.500+/-0.038 peak_mem=25.41GiB
epoch=4 step=11200/29520 loss=24.4438 Le=0.0633 Lc=1.4185 Ld=3.9292 lr=7.446e-06 gate_lr=7.446e-05 alpha=0.496+/-0.036 peak_mem=25.41GiB
epoch=4 step=11220/29520 loss=49.4910 Le=0.3221 Lc=1.3474 Ld=3.8105 lr=7.437e-06 gate_lr=7.437e-05 alpha=0.499+/-0.031 peak_mem=25.41GiB
epoch=4 step=11240/29520 loss=33.5692 Le=0.1523 Lc=1.4404 Ld=3.9363 lr=7.428e-06 gate_lr=7.428e-05 alpha=0.493+/-0.033 peak_mem=25.41GiB
epoch=4 step=11260/29520 loss=35.4482 Le=0.1656 Lc=1.4922 Ld=3.9640 lr=7.419e-06 gate_lr=7.419e-05 alpha=0.503+/-0.044 peak_mem=25.41GiB
epoch=4 step=11280/29520 loss=30.9883 Le=0.1329 Lc=1.4028 Ld=3.6751 lr=7.410e-06 gate_lr=7.410e-05 alpha=0.503+/-0.038 peak_mem=25.41GiB
epoch=4 step=11300/29520 loss=46.8149 Le=0.2813 Lc=1.5030 Ld=3.6553 lr=7.401e-06 gate_lr=7.401e-05 alpha=0.505+/-0.039 peak_mem=25.41GiB
epoch=4 step=11320/29520 loss=30.3474 Le=0.1350 Lc=1.2921 Ld=3.9294 lr=7.392e-06 gate_lr=7.392e-05 alpha=0.503+/-0.036 peak_mem=25.41GiB
epoch=4 step=11340/29520 loss=24.7103 Le=0.0599 Lc=1.4879 Ld=3.8404 lr=7.383e-06 gate_lr=7.383e-05 alpha=0.497+/-0.038 peak_mem=25.41GiB
epoch=4 step=11360/29520 loss=41.0058 Le=0.2368 Lc=1.3481 Ld=3.8410 lr=7.374e-06 gate_lr=7.374e-05 alpha=0.500+/-0.035 peak_mem=25.41GiB
epoch=4 step=11380/29520 loss=32.3860 Le=0.1503 Lc=1.3480 Ld=3.8782 lr=7.365e-06 gate_lr=7.365e-05 alpha=0.497+/-0.035 peak_mem=25.41GiB
epoch=4 step=11400/29520 loss=37.0148 Le=0.2059 Lc=1.2640 Ld=3.7828 lr=7.356e-06 gate_lr=7.356e-05 alpha=0.493+/-0.035 peak_mem=25.41GiB
epoch=4 step=11420/29520 loss=36.1611 Le=0.1866 Lc=1.3695 Ld=3.8069 lr=7.347e-06 gate_lr=7.347e-05 alpha=0.497+/-0.035 peak_mem=25.41GiB
epoch=4 step=11440/29520 loss=51.6292 Le=0.3423 Lc=1.3570 Ld=3.8335 lr=7.338e-06 gate_lr=7.338e-05 alpha=0.488+/-0.042 peak_mem=25.41GiB
epoch=4 step=11460/29520 loss=35.7795 Le=0.1905 Lc=1.3079 Ld=3.6548 lr=7.329e-06 gate_lr=7.329e-05 alpha=0.489+/-0.036 peak_mem=25.41GiB
epoch=4 step=11480/29520 loss=37.8850 Le=0.2113 Lc=1.3098 Ld=3.6585 lr=7.320e-06 gate_lr=7.320e-05 alpha=0.503+/-0.037 peak_mem=25.41GiB
epoch=4 step=11500/29520 loss=25.5326 Le=0.0853 Lc=1.3415 Ld=3.5859 lr=7.311e-06 gate_lr=7.311e-05 alpha=0.501+/-0.030 peak_mem=25.41GiB
epoch=4 step=11520/29520 loss=43.2772 Le=0.2530 Lc=1.4312 Ld=3.6617 lr=7.302e-06 gate_lr=7.302e-05 alpha=0.497+/-0.034 peak_mem=25.41GiB
epoch=4 step=11540/29520 loss=30.0090 Le=0.1304 Lc=1.3276 Ld=3.6966 lr=7.293e-06 gate_lr=7.293e-05 alpha=0.496+/-0.036 peak_mem=25.41GiB
epoch=4 step=11560/29520 loss=37.4705 Le=0.1914 Lc=1.4511 Ld=3.8237 lr=7.284e-06 gate_lr=7.284e-05 alpha=0.501+/-0.038 peak_mem=25.41GiB
epoch=4 step=11580/29520 loss=30.8043 Le=0.1124 Lc=1.5678 Ld=3.8844 lr=7.275e-06 gate_lr=7.275e-05 alpha=0.492+/-0.038 peak_mem=25.41GiB
epoch=4 step=11600/29520 loss=42.5578 Le=0.2359 Lc=1.5113 Ld=3.8528 lr=7.265e-06 gate_lr=7.265e-05 alpha=0.495+/-0.037 peak_mem=25.41GiB
epoch=4 step=11620/29520 loss=41.7823 Le=0.2424 Lc=1.4009 Ld=3.5318 lr=7.256e-06 gate_lr=7.256e-05 alpha=0.503+/-0.037 peak_mem=25.41GiB
epoch=4 step=11640/29520 loss=35.0165 Le=0.1707 Lc=1.4191 Ld=3.7586 lr=7.247e-06 gate_lr=7.247e-05 alpha=0.500+/-0.036 peak_mem=25.41GiB
epoch=4 step=11660/29520 loss=36.0386 Le=0.1744 Lc=1.4706 Ld=3.8894 lr=7.238e-06 gate_lr=7.238e-05 alpha=0.500+/-0.039 peak_mem=25.41GiB
epoch=4 step=11680/29520 loss=28.7386 Le=0.1163 Lc=1.3434 Ld=3.6732 lr=7.229e-06 gate_lr=7.229e-05 alpha=0.503+/-0.035 peak_mem=25.41GiB
epoch=4 step=11700/29520 loss=33.4150 Le=0.1567 Lc=1.4140 Ld=3.6067 lr=7.220e-06 gate_lr=7.220e-05 alpha=0.507+/-0.035 peak_mem=25.41GiB
epoch=4 step=11720/29520 loss=33.5623 Le=0.1559 Lc=1.4142 Ld=3.8324 lr=7.211e-06 gate_lr=7.211e-05 alpha=0.498+/-0.034 peak_mem=25.41GiB
epoch=4 step=11740/29520 loss=37.3892 Le=0.1917 Lc=1.4394 Ld=3.8277 lr=7.201e-06 gate_lr=7.201e-05 alpha=0.495+/-0.038 peak_mem=25.41GiB
epoch=4 step=11760/29520 loss=31.3299 Le=0.1436 Lc=1.3347 Ld=3.6219 lr=7.192e-06 gate_lr=7.192e-05 alpha=0.496+/-0.032 peak_mem=25.41GiB
epoch=4 step=11780/29520 loss=30.0741 Le=0.1210 Lc=1.4366 Ld=3.6099 lr=7.183e-06 gate_lr=7.183e-05 alpha=0.495+/-0.037 peak_mem=25.41GiB
epoch=4 step=11800/29520 loss=23.3124 Le=0.0504 Lc=1.4407 Ld=3.8643 lr=7.174e-06 gate_lr=7.174e-05 alpha=0.503+/-0.032 peak_mem=25.41GiB
epoch=4 checkpoints saved
epoch=5 step=11820/29520 loss=33.3240 Le=0.1621 Lc=1.3454 Ld=3.6585 lr=7.165e-06 gate_lr=7.165e-05 alpha=0.504+/-0.035 peak_mem=25.41GiB
epoch=5 step=11840/29520 loss=32.6232 Le=0.1504 Lc=1.3728 Ld=3.8523 lr=7.155e-06 gate_lr=7.155e-05 alpha=0.503+/-0.036 peak_mem=25.41GiB
epoch=5 step=11860/29520 loss=33.4982 Le=0.1571 Lc=1.3830 Ld=3.9584 lr=7.146e-06 gate_lr=7.146e-05 alpha=0.495+/-0.038 peak_mem=25.41GiB
epoch=5 step=11880/29520 loss=31.4773 Le=0.1418 Lc=1.3511 Ld=3.7854 lr=7.137e-06 gate_lr=7.137e-05 alpha=0.499+/-0.039 peak_mem=25.41GiB
epoch=5 step=11900/29520 loss=36.8251 Le=0.1893 Lc=1.3999 Ld=3.8933 lr=7.128e-06 gate_lr=7.128e-05 alpha=0.513+/-0.037 peak_mem=25.41GiB
epoch=5 step=11920/29520 loss=30.5844 Le=0.1323 Lc=1.3350 Ld=4.0062 lr=7.119e-06 gate_lr=7.119e-05 alpha=0.505+/-0.037 peak_mem=25.41GiB
epoch=5 step=11940/29520 loss=35.6404 Le=0.1913 Lc=1.2817 Ld=3.6984 lr=7.109e-06 gate_lr=7.109e-05 alpha=0.502+/-0.040 peak_mem=25.41GiB
epoch=5 step=11960/29520 loss=26.3626 Le=0.0711 Lc=1.5209 Ld=4.0484 lr=7.100e-06 gate_lr=7.100e-05 alpha=0.498+/-0.041 peak_mem=25.41GiB
epoch=5 step=11980/29520 loss=42.0898 Le=0.2513 Lc=1.3251 Ld=3.7134 lr=7.091e-06 gate_lr=7.091e-05 alpha=0.506+/-0.038 peak_mem=25.41GiB
epoch=5 step=12000/29520 loss=32.1007 Le=0.1372 Lc=1.4487 Ld=3.8905 lr=7.081e-06 gate_lr=7.081e-05 alpha=0.501+/-0.039 peak_mem=25.41GiB
epoch=5 step=12020/29520 loss=36.8608 Le=0.1862 Lc=1.4447 Ld=3.7975 lr=7.072e-06 gate_lr=7.072e-05 alpha=0.488+/-0.036 peak_mem=25.41GiB
epoch=5 step=12040/29520 loss=35.4645 Le=0.1763 Lc=1.4191 Ld=3.6444 lr=7.063e-06 gate_lr=7.063e-05 alpha=0.494+/-0.041 peak_mem=25.41GiB
epoch=5 step=12060/29520 loss=41.0905 Le=0.2290 Lc=1.4430 Ld=3.7621 lr=7.054e-06 gate_lr=7.054e-05 alpha=0.493+/-0.038 peak_mem=25.41GiB
epoch=5 step=12080/29520 loss=45.7288 Le=0.2798 Lc=1.3924 Ld=3.8300 lr=7.044e-06 gate_lr=7.044e-05 alpha=0.500+/-0.031 peak_mem=25.41GiB
epoch=5 step=12100/29520 loss=36.0206 Le=0.1908 Lc=1.3080 Ld=3.8652 lr=7.035e-06 gate_lr=7.035e-05 alpha=0.501+/-0.039 peak_mem=25.41GiB
epoch=5 step=12120/29520 loss=30.4222 Le=0.1246 Lc=1.4263 Ld=3.7003 lr=7.026e-06 gate_lr=7.026e-05 alpha=0.494+/-0.037 peak_mem=25.41GiB
epoch=5 step=12140/29520 loss=39.2278 Le=0.2166 Lc=1.4099 Ld=3.4721 lr=7.016e-06 gate_lr=7.016e-05 alpha=0.492+/-0.036 peak_mem=25.41GiB
epoch=5 step=12160/29520 loss=30.5883 Le=0.1333 Lc=1.3568 Ld=3.6920 lr=7.007e-06 gate_lr=7.007e-05 alpha=0.496+/-0.041 peak_mem=25.41GiB
epoch=5 step=12180/29520 loss=35.6197 Le=0.1862 Lc=1.3422 Ld=3.5777 lr=6.998e-06 gate_lr=6.998e-05 alpha=0.502+/-0.036 peak_mem=25.41GiB
epoch=5 step=12200/29520 loss=26.8091 Le=0.0956 Lc=1.3468 Ld=3.7802 lr=6.988e-06 gate_lr=6.988e-05 alpha=0.503+/-0.038 peak_mem=25.41GiB
epoch=5 step=12220/29520 loss=30.7118 Le=0.1331 Lc=1.3391 Ld=4.0136 lr=6.979e-06 gate_lr=6.979e-05 alpha=0.503+/-0.036 peak_mem=25.41GiB
epoch=5 step=12240/29520 loss=43.9782 Le=0.2638 Lc=1.3952 Ld=3.6483 lr=6.970e-06 gate_lr=6.970e-05 alpha=0.502+/-0.033 peak_mem=25.41GiB
epoch=5 step=12260/29520 loss=32.9420 Le=0.1473 Lc=1.4546 Ld=3.6641 lr=6.960e-06 gate_lr=6.960e-05 alpha=0.496+/-0.039 peak_mem=25.41GiB
epoch=5 step=12280/29520 loss=33.2924 Le=0.1542 Lc=1.4101 Ld=3.7712 lr=6.951e-06 gate_lr=6.951e-05 alpha=0.500+/-0.040 peak_mem=25.41GiB
epoch=5 step=12300/29520 loss=29.5853 Le=0.1266 Lc=1.3486 Ld=3.4414 lr=6.941e-06 gate_lr=6.941e-05 alpha=0.496+/-0.032 peak_mem=25.41GiB
epoch=5 step=12320/29520 loss=28.9221 Le=0.1241 Lc=1.2824 Ld=3.6827 lr=6.932e-06 gate_lr=6.932e-05 alpha=0.497+/-0.035 peak_mem=25.41GiB
epoch=5 step=12340/29520 loss=35.7603 Le=0.1663 Lc=1.5435 Ld=3.6950 lr=6.923e-06 gate_lr=6.923e-05 alpha=0.500+/-0.040 peak_mem=25.41GiB
epoch=5 step=12360/29520 loss=25.2971 Le=0.0752 Lc=1.4106 Ld=3.6762 lr=6.913e-06 gate_lr=6.913e-05 alpha=0.500+/-0.039 peak_mem=25.41GiB
epoch=5 step=12380/29520 loss=39.2650 Le=0.2105 Lc=1.4438 Ld=3.7802 lr=6.904e-06 gate_lr=6.904e-05 alpha=0.495+/-0.038 peak_mem=25.41GiB
epoch=5 step=12400/29520 loss=26.5827 Le=0.0840 Lc=1.4242 Ld=3.9420 lr=6.894e-06 gate_lr=6.894e-05 alpha=0.501+/-0.038 peak_mem=25.41GiB
epoch=5 step=12420/29520 loss=31.9741 Le=0.1632 Lc=1.1769 Ld=3.8834 lr=6.885e-06 gate_lr=6.885e-05 alpha=0.514+/-0.032 peak_mem=25.41GiB
epoch=5 step=12440/29520 loss=38.2138 Le=0.2092 Lc=1.3646 Ld=3.6455 lr=6.875e-06 gate_lr=6.875e-05 alpha=0.502+/-0.037 peak_mem=25.41GiB
epoch=5 step=12460/29520 loss=39.0146 Le=0.2159 Lc=1.3737 Ld=3.6893 lr=6.866e-06 gate_lr=6.866e-05 alpha=0.500+/-0.040 peak_mem=25.41GiB
epoch=5 step=12480/29520 loss=38.4926 Le=0.2054 Lc=1.4357 Ld=3.5939 lr=6.857e-06 gate_lr=6.857e-05 alpha=0.490+/-0.047 peak_mem=25.41GiB
epoch=5 step=12500/29520 loss=25.7972 Le=0.0686 Lc=1.5278 Ld=3.6609 lr=6.847e-06 gate_lr=6.847e-05 alpha=0.496+/-0.035 peak_mem=25.41GiB
epoch=5 step=12520/29520 loss=29.5921 Le=0.1286 Lc=1.3135 Ld=3.5980 lr=6.838e-06 gate_lr=6.838e-05 alpha=0.495+/-0.031 peak_mem=25.41GiB
epoch=5 step=12540/29520 loss=39.7313 Le=0.2214 Lc=1.3659 Ld=3.9354 lr=6.828e-06 gate_lr=6.828e-05 alpha=0.490+/-0.038 peak_mem=25.41GiB
epoch=5 step=12560/29520 loss=25.8388 Le=0.0826 Lc=1.3908 Ld=3.6676 lr=6.819e-06 gate_lr=6.819e-05 alpha=0.501+/-0.032 peak_mem=25.41GiB
epoch=5 step=12580/29520 loss=26.6087 Le=0.0912 Lc=1.3768 Ld=3.7219 lr=6.809e-06 gate_lr=6.809e-05 alpha=0.502+/-0.040 peak_mem=25.41GiB
epoch=5 step=12600/29520 loss=27.6718 Le=0.0972 Lc=1.4171 Ld=3.7778 lr=6.800e-06 gate_lr=6.800e-05 alpha=0.502+/-0.035 peak_mem=25.41GiB
epoch=5 step=12620/29520 loss=25.9641 Le=0.0968 Lc=1.2536 Ld=3.7511 lr=6.790e-06 gate_lr=6.790e-05 alpha=0.501+/-0.036 peak_mem=25.41GiB
epoch=5 step=12640/29520 loss=30.6201 Le=0.1282 Lc=1.3974 Ld=3.8266 lr=6.781e-06 gate_lr=6.781e-05 alpha=0.500+/-0.034 peak_mem=25.41GiB
epoch=5 step=12660/29520 loss=34.9982 Le=0.1659 Lc=1.4438 Ld=3.9728 lr=6.771e-06 gate_lr=6.771e-05 alpha=0.497+/-0.042 peak_mem=25.41GiB
epoch=5 step=12680/29520 loss=24.8444 Le=0.0818 Lc=1.2762 Ld=3.9065 lr=6.762e-06 gate_lr=6.762e-05 alpha=0.496+/-0.032 peak_mem=25.41GiB
epoch=5 step=12700/29520 loss=24.6669 Le=0.0565 Lc=1.5402 Ld=3.6115 lr=6.752e-06 gate_lr=6.752e-05 alpha=0.491+/-0.033 peak_mem=25.41GiB
epoch=5 step=12720/29520 loss=45.7405 Le=0.2750 Lc=1.4595 Ld=3.6453 lr=6.743e-06 gate_lr=6.743e-05 alpha=0.490+/-0.038 peak_mem=25.41GiB
epoch=5 step=12740/29520 loss=34.5162 Le=0.1764 Lc=1.3513 Ld=3.3652 lr=6.733e-06 gate_lr=6.733e-05 alpha=0.497+/-0.035 peak_mem=25.41GiB
epoch=5 step=12760/29520 loss=30.2821 Le=0.1427 Lc=1.2195 Ld=3.8157 lr=6.724e-06 gate_lr=6.724e-05 alpha=0.496+/-0.038 peak_mem=25.41GiB
epoch=5 step=12780/29520 loss=40.6899 Le=0.2211 Lc=1.4856 Ld=3.7256 lr=6.714e-06 gate_lr=6.714e-05 alpha=0.496+/-0.036 peak_mem=25.41GiB
epoch=5 step=12800/29520 loss=47.7706 Le=0.3060 Lc=1.3247 Ld=3.9275 lr=6.705e-06 gate_lr=6.705e-05 alpha=0.499+/-0.043 peak_mem=25.41GiB
epoch=5 step=12820/29520 loss=37.5585 Le=0.2051 Lc=1.3343 Ld=3.7064 lr=6.695e-06 gate_lr=6.695e-05 alpha=0.491+/-0.031 peak_mem=25.41GiB
epoch=5 step=12840/29520 loss=39.1830 Le=0.2119 Lc=1.3955 Ld=4.0405 lr=6.685e-06 gate_lr=6.685e-05 alpha=0.498+/-0.035 peak_mem=25.41GiB
epoch=5 step=12860/29520 loss=44.4120 Le=0.2725 Lc=1.3426 Ld=3.7365 lr=6.676e-06 gate_lr=6.676e-05 alpha=0.499+/-0.046 peak_mem=25.41GiB
epoch=5 step=12880/29520 loss=42.7419 Le=0.2460 Lc=1.4400 Ld=3.7404 lr=6.666e-06 gate_lr=6.666e-05 alpha=0.499+/-0.035 peak_mem=25.41GiB
epoch=5 step=12900/29520 loss=27.2824 Le=0.1045 Lc=1.3319 Ld=3.5178 lr=6.657e-06 gate_lr=6.657e-05 alpha=0.499+/-0.035 peak_mem=25.41GiB
epoch=5 step=12920/29520 loss=33.8938 Le=0.1560 Lc=1.4559 Ld=3.7351 lr=6.647e-06 gate_lr=6.647e-05 alpha=0.502+/-0.030 peak_mem=25.41GiB
epoch=5 step=12940/29520 loss=29.1523 Le=0.1090 Lc=1.4472 Ld=3.7754 lr=6.638e-06 gate_lr=6.638e-05 alpha=0.491+/-0.036 peak_mem=25.41GiB
epoch=5 step=12960/29520 loss=33.2317 Le=0.1685 Lc=1.2711 Ld=3.6743 lr=6.628e-06 gate_lr=6.628e-05 alpha=0.501+/-0.038 peak_mem=25.41GiB
epoch=5 step=12980/29520 loss=32.1449 Le=0.1501 Lc=1.3569 Ld=3.5659 lr=6.618e-06 gate_lr=6.618e-05 alpha=0.491+/-0.036 peak_mem=25.41GiB
epoch=5 step=13000/29520 loss=32.2298 Le=0.1506 Lc=1.3451 Ld=3.7142 lr=6.609e-06 gate_lr=6.609e-05 alpha=0.496+/-0.041 peak_mem=25.41GiB
epoch=5 step=13020/29520 loss=36.6628 Le=0.1820 Lc=1.4859 Ld=3.6036 lr=6.599e-06 gate_lr=6.599e-05 alpha=0.492+/-0.040 peak_mem=25.41GiB
epoch=5 step=13040/29520 loss=27.7088 Le=0.1068 Lc=1.3218 Ld=3.8140 lr=6.590e-06 gate_lr=6.590e-05 alpha=0.489+/-0.036 peak_mem=25.41GiB
epoch=5 step=13060/29520 loss=36.0744 Le=0.1852 Lc=1.3638 Ld=3.9194 lr=6.580e-06 gate_lr=6.580e-05 alpha=0.498+/-0.034 peak_mem=25.41GiB
epoch=5 step=13080/29520 loss=37.1219 Le=0.2017 Lc=1.3465 Ld=3.4907 lr=6.570e-06 gate_lr=6.570e-05 alpha=0.501+/-0.038 peak_mem=25.41GiB
epoch=5 step=13100/29520 loss=22.9908 Le=0.0621 Lc=1.2925 Ld=3.8595 lr=6.561e-06 gate_lr=6.561e-05 alpha=0.496+/-0.040 peak_mem=25.41GiB
epoch=5 step=13120/29520 loss=33.4621 Le=0.1587 Lc=1.3837 Ld=3.7601 lr=6.551e-06 gate_lr=6.551e-05 alpha=0.499+/-0.033 peak_mem=25.41GiB
epoch=5 step=13140/29520 loss=30.3741 Le=0.1333 Lc=1.3483 Ld=3.5631 lr=6.541e-06 gate_lr=6.541e-05 alpha=0.508+/-0.035 peak_mem=25.41GiB
epoch=5 step=13160/29520 loss=33.2686 Le=0.1708 Lc=1.2538 Ld=3.6490 lr=6.532e-06 gate_lr=6.532e-05 alpha=0.507+/-0.037 peak_mem=25.41GiB
epoch=5 step=13180/29520 loss=35.0131 Le=0.1693 Lc=1.4436 Ld=3.6426 lr=6.522e-06 gate_lr=6.522e-05 alpha=0.494+/-0.039 peak_mem=25.41GiB
epoch=5 step=13200/29520 loss=36.4890 Le=0.1869 Lc=1.3965 Ld=3.8296 lr=6.512e-06 gate_lr=6.512e-05 alpha=0.502+/-0.040 peak_mem=25.41GiB
epoch=5 step=13220/29520 loss=32.8764 Le=0.1594 Lc=1.3042 Ld=3.8928 lr=6.503e-06 gate_lr=6.503e-05 alpha=0.498+/-0.042 peak_mem=25.41GiB
epoch=5 step=13240/29520 loss=36.1160 Le=0.1742 Lc=1.4870 Ld=3.8239 lr=6.493e-06 gate_lr=6.493e-05 alpha=0.497+/-0.041 peak_mem=25.41GiB
epoch=5 step=13260/29520 loss=24.4495 Le=0.0585 Lc=1.4853 Ld=3.7472 lr=6.483e-06 gate_lr=6.483e-05 alpha=0.496+/-0.032 peak_mem=25.41GiB
epoch=5 step=13280/29520 loss=33.8001 Le=0.1625 Lc=1.3867 Ld=3.6871 lr=6.474e-06 gate_lr=6.474e-05 alpha=0.504+/-0.035 peak_mem=25.41GiB
epoch=5 step=13300/29520 loss=33.2217 Le=0.1543 Lc=1.4155 Ld=3.6411 lr=6.464e-06 gate_lr=6.464e-05 alpha=0.500+/-0.034 peak_mem=25.41GiB
epoch=5 step=13320/29520 loss=35.2895 Le=0.1750 Lc=1.4117 Ld=3.6734 lr=6.454e-06 gate_lr=6.454e-05 alpha=0.487+/-0.036 peak_mem=25.41GiB
epoch=5 step=13340/29520 loss=29.6429 Le=0.1314 Lc=1.2943 Ld=3.5627 lr=6.445e-06 gate_lr=6.445e-05 alpha=0.495+/-0.037 peak_mem=25.41GiB
epoch=5 step=13360/29520 loss=38.2707 Le=0.2145 Lc=1.3296 Ld=3.5215 lr=6.435e-06 gate_lr=6.435e-05 alpha=0.492+/-0.034 peak_mem=25.41GiB
epoch=5 step=13380/29520 loss=28.6045 Le=0.1148 Lc=1.3433 Ld=3.6913 lr=6.425e-06 gate_lr=6.425e-05 alpha=0.501+/-0.039 peak_mem=25.41GiB
epoch=5 step=13400/29520 loss=33.5275 Le=0.1662 Lc=1.2981 Ld=3.9298 lr=6.416e-06 gate_lr=6.416e-05 alpha=0.504+/-0.041 peak_mem=25.41GiB
epoch=5 step=13420/29520 loss=31.0531 Le=0.1264 Lc=1.4787 Ld=3.6229 lr=6.406e-06 gate_lr=6.406e-05 alpha=0.496+/-0.036 peak_mem=25.41GiB
epoch=5 step=13440/29520 loss=31.3997 Le=0.1499 Lc=1.2822 Ld=3.5871 lr=6.396e-06 gate_lr=6.396e-05 alpha=0.496+/-0.043 peak_mem=25.41GiB
epoch=5 step=13460/29520 loss=35.2514 Le=0.1742 Lc=1.4532 Ld=3.2950 lr=6.386e-06 gate_lr=6.386e-05 alpha=0.500+/-0.035 peak_mem=25.41GiB
epoch=5 step=13480/29520 loss=34.4557 Le=0.1620 Lc=1.4486 Ld=3.7660 lr=6.377e-06 gate_lr=6.377e-05 alpha=0.498+/-0.037 peak_mem=25.41GiB
epoch=5 step=13500/29520 loss=31.4271 Le=0.1642 Lc=1.1387 Ld=3.6214 lr=6.367e-06 gate_lr=6.367e-05 alpha=0.505+/-0.039 peak_mem=25.41GiB
epoch=5 step=13520/29520 loss=46.2539 Le=0.2893 Lc=1.3783 Ld=3.5422 lr=6.357e-06 gate_lr=6.357e-05 alpha=0.498+/-0.037 peak_mem=25.41GiB
epoch=5 step=13540/29520 loss=37.0152 Le=0.1959 Lc=1.3762 Ld=3.6658 lr=6.348e-06 gate_lr=6.348e-05 alpha=0.504+/-0.035 peak_mem=25.41GiB
epoch=5 step=13560/29520 loss=25.3062 Le=0.0966 Lc=1.1849 Ld=3.7966 lr=6.338e-06 gate_lr=6.338e-05 alpha=0.499+/-0.040 peak_mem=25.41GiB
epoch=5 step=13580/29520 loss=38.2393 Le=0.2082 Lc=1.3819 Ld=3.6049 lr=6.328e-06 gate_lr=6.328e-05 alpha=0.500+/-0.039 peak_mem=25.41GiB
epoch=5 step=13600/29520 loss=33.1671 Le=0.1618 Lc=1.3247 Ld=3.7402 lr=6.318e-06 gate_lr=6.318e-05 alpha=0.501+/-0.039 peak_mem=25.41GiB
epoch=5 step=13620/29520 loss=29.1562 Le=0.1184 Lc=1.3702 Ld=3.6156 lr=6.309e-06 gate_lr=6.309e-05 alpha=0.495+/-0.041 peak_mem=25.41GiB
epoch=5 step=13640/29520 loss=25.0804 Le=0.0676 Lc=1.4636 Ld=3.6813 lr=6.299e-06 gate_lr=6.299e-05 alpha=0.492+/-0.041 peak_mem=25.41GiB
epoch=5 step=13660/29520 loss=25.0283 Le=0.0821 Lc=1.3213 Ld=3.6094 lr=6.289e-06 gate_lr=6.289e-05 alpha=0.494+/-0.031 peak_mem=25.41GiB
epoch=5 step=13680/29520 loss=29.9803 Le=0.1293 Lc=1.3449 Ld=3.6009 lr=6.279e-06 gate_lr=6.279e-05 alpha=0.496+/-0.038 peak_mem=25.41GiB
epoch=5 step=13700/29520 loss=34.5686 Le=0.1696 Lc=1.3964 Ld=3.6443 lr=6.269e-06 gate_lr=6.269e-05 alpha=0.493+/-0.036 peak_mem=25.41GiB
epoch=5 step=13720/29520 loss=39.8596 Le=0.2142 Lc=1.5101 Ld=3.3369 lr=6.260e-06 gate_lr=6.260e-05 alpha=0.496+/-0.034 peak_mem=25.41GiB
epoch=5 step=13740/29520 loss=32.0096 Le=0.1507 Lc=1.3303 Ld=3.6382 lr=6.250e-06 gate_lr=6.250e-05 alpha=0.497+/-0.039 peak_mem=25.41GiB
epoch=5 step=13760/29520 loss=28.2095 Le=0.0992 Lc=1.4562 Ld=3.7269 lr=6.240e-06 gate_lr=6.240e-05 alpha=0.495+/-0.037 peak_mem=25.41GiB
epoch=5 step=13780/29520 loss=28.2674 Le=0.1064 Lc=1.3830 Ld=3.7974 lr=6.230e-06 gate_lr=6.230e-05 alpha=0.502+/-0.039 peak_mem=25.41GiB
epoch=5 step=13800/29520 loss=41.5905 Le=0.2457 Lc=1.3271 Ld=3.7485 lr=6.221e-06 gate_lr=6.221e-05 alpha=0.491+/-0.042 peak_mem=25.41GiB
epoch=5 step=13820/29520 loss=35.3574 Le=0.1824 Lc=1.3230 Ld=3.8867 lr=6.211e-06 gate_lr=6.211e-05 alpha=0.495+/-0.044 peak_mem=25.41GiB
epoch=5 step=13840/29520 loss=34.1014 Le=0.1750 Lc=1.2977 Ld=3.6283 lr=6.201e-06 gate_lr=6.201e-05 alpha=0.493+/-0.035 peak_mem=25.41GiB
epoch=5 step=13860/29520 loss=34.2126 Le=0.1757 Lc=1.3126 Ld=3.5130 lr=6.191e-06 gate_lr=6.191e-05 alpha=0.496+/-0.038 peak_mem=25.41GiB
epoch=5 step=13880/29520 loss=33.9113 Le=0.1651 Lc=1.3691 Ld=3.7054 lr=6.181e-06 gate_lr=6.181e-05 alpha=0.512+/-0.038 peak_mem=25.41GiB
epoch=5 step=13900/29520 loss=21.5092 Le=0.0450 Lc=1.3474 Ld=3.5383 lr=6.172e-06 gate_lr=6.172e-05 alpha=0.502+/-0.040 peak_mem=25.41GiB
epoch=5 step=13920/29520 loss=31.5778 Le=0.1389 Lc=1.4238 Ld=3.4520 lr=6.162e-06 gate_lr=6.162e-05 alpha=0.497+/-0.036 peak_mem=25.41GiB
epoch=5 step=13940/29520 loss=26.1850 Le=0.1000 Lc=1.2691 Ld=3.4988 lr=6.152e-06 gate_lr=6.152e-05 alpha=0.514+/-0.033 peak_mem=25.41GiB
epoch=5 step=13960/29520 loss=30.9359 Le=0.1366 Lc=1.3747 Ld=3.5251 lr=6.142e-06 gate_lr=6.142e-05 alpha=0.498+/-0.039 peak_mem=25.41GiB
epoch=5 step=13980/29520 loss=31.1024 Le=0.1422 Lc=1.3224 Ld=3.6611 lr=6.132e-06 gate_lr=6.132e-05 alpha=0.504+/-0.038 peak_mem=25.41GiB
epoch=5 step=14000/29520 loss=28.4536 Le=0.1190 Lc=1.3128 Ld=3.4290 lr=6.123e-06 gate_lr=6.123e-05 alpha=0.494+/-0.039 peak_mem=25.41GiB
epoch=5 step=14020/29520 loss=32.7568 Le=0.1645 Lc=1.2652 Ld=3.6524 lr=6.113e-06 gate_lr=6.113e-05 alpha=0.493+/-0.033 peak_mem=25.41GiB
epoch=5 step=14040/29520 loss=36.9371 Le=0.2051 Lc=1.2928 Ld=3.4965 lr=6.103e-06 gate_lr=6.103e-05 alpha=0.499+/-0.045 peak_mem=25.41GiB
epoch=5 step=14060/29520 loss=25.8787 Le=0.0979 Lc=1.2430 Ld=3.6607 lr=6.093e-06 gate_lr=6.093e-05 alpha=0.496+/-0.037 peak_mem=25.41GiB
epoch=5 step=14080/29520 loss=26.1482 Le=0.0858 Lc=1.4176 Ld=3.3954 lr=6.083e-06 gate_lr=6.083e-05 alpha=0.491+/-0.036 peak_mem=25.41GiB
epoch=5 step=14100/29520 loss=35.2910 Le=0.1850 Lc=1.2972 Ld=3.8214 lr=6.073e-06 gate_lr=6.073e-05 alpha=0.501+/-0.035 peak_mem=25.41GiB
epoch=5 step=14120/29520 loss=36.5596 Le=0.1849 Lc=1.4442 Ld=3.6311 lr=6.064e-06 gate_lr=6.064e-05 alpha=0.499+/-0.038 peak_mem=25.41GiB
epoch=5 step=14140/29520 loss=32.8252 Le=0.1656 Lc=1.2806 Ld=3.4611 lr=6.054e-06 gate_lr=6.054e-05 alpha=0.504+/-0.039 peak_mem=25.41GiB
epoch=5 step=14160/29520 loss=29.8388 Le=0.1260 Lc=1.3802 Ld=3.4406 lr=6.044e-06 gate_lr=6.044e-05 alpha=0.505+/-0.037 peak_mem=25.41GiB
epoch=5 step=14180/29520 loss=29.8414 Le=0.1312 Lc=1.3169 Ld=3.5557 lr=6.034e-06 gate_lr=6.034e-05 alpha=0.498+/-0.044 peak_mem=25.41GiB
epoch=5 step=14200/29520 loss=26.1551 Le=0.0913 Lc=1.3136 Ld=3.8931 lr=6.024e-06 gate_lr=6.024e-05 alpha=0.500+/-0.035 peak_mem=25.41GiB
epoch=5 step=14220/29520 loss=26.6510 Le=0.0954 Lc=1.3844 Ld=3.2665 lr=6.014e-06 gate_lr=6.014e-05 alpha=0.492+/-0.043 peak_mem=25.41GiB
epoch=5 step=14240/29520 loss=25.1725 Le=0.0799 Lc=1.3421 Ld=3.7646 lr=6.005e-06 gate_lr=6.005e-05 alpha=0.508+/-0.039 peak_mem=25.41GiB
epoch=5 step=14260/29520 loss=30.0171 Le=0.1298 Lc=1.3363 Ld=3.6763 lr=5.995e-06 gate_lr=5.995e-05 alpha=0.493+/-0.039 peak_mem=25.41GiB
epoch=5 step=14280/29520 loss=27.8107 Le=0.1015 Lc=1.4021 Ld=3.6440 lr=5.985e-06 gate_lr=5.985e-05 alpha=0.500+/-0.042 peak_mem=25.41GiB
epoch=5 step=14300/29520 loss=32.7885 Le=0.1539 Lc=1.3839 Ld=3.5564 lr=5.975e-06 gate_lr=5.975e-05 alpha=0.499+/-0.043 peak_mem=25.41GiB
epoch=5 step=14320/29520 loss=33.8840 Le=0.1457 Lc=1.5460 Ld=3.8542 lr=5.965e-06 gate_lr=5.965e-05 alpha=0.498+/-0.039 peak_mem=25.41GiB
epoch=5 step=14340/29520 loss=24.3246 Le=0.0777 Lc=1.2803 Ld=3.7488 lr=5.955e-06 gate_lr=5.955e-05 alpha=0.500+/-0.036 peak_mem=25.41GiB
epoch=5 step=14360/29520 loss=24.9988 Le=0.0818 Lc=1.3268 Ld=3.5506 lr=5.945e-06 gate_lr=5.945e-05 alpha=0.493+/-0.039 peak_mem=25.41GiB
epoch=5 step=14380/29520 loss=26.3803 Le=0.0886 Lc=1.3687 Ld=3.8306 lr=5.936e-06 gate_lr=5.936e-05 alpha=0.494+/-0.044 peak_mem=25.41GiB
epoch=5 step=14400/29520 loss=28.0019 Le=0.1097 Lc=1.3482 Ld=3.5502 lr=5.926e-06 gate_lr=5.926e-05 alpha=0.500+/-0.040 peak_mem=25.41GiB
epoch=5 step=14420/29520 loss=23.5387 Le=0.0716 Lc=1.2822 Ld=3.5543 lr=5.916e-06 gate_lr=5.916e-05 alpha=0.506+/-0.037 peak_mem=25.41GiB
epoch=5 step=14440/29520 loss=27.3869 Le=0.0951 Lc=1.4300 Ld=3.5747 lr=5.906e-06 gate_lr=5.906e-05 alpha=0.498+/-0.037 peak_mem=25.41GiB
epoch=5 step=14460/29520 loss=36.0257 Le=0.1990 Lc=1.2429 Ld=3.6993 lr=5.896e-06 gate_lr=5.896e-05 alpha=0.502+/-0.033 peak_mem=25.41GiB
epoch=5 step=14480/29520 loss=26.9539 Le=0.0981 Lc=1.3412 Ld=3.7278 lr=5.886e-06 gate_lr=5.886e-05 alpha=0.494+/-0.041 peak_mem=25.41GiB
epoch=5 step=14500/29520 loss=47.0154 Le=0.3032 Lc=1.3258 Ld=3.4377 lr=5.876e-06 gate_lr=5.876e-05 alpha=0.491+/-0.041 peak_mem=25.41GiB
epoch=5 step=14520/29520 loss=27.8062 Le=0.1064 Lc=1.3538 Ld=3.6260 lr=5.866e-06 gate_lr=5.866e-05 alpha=0.497+/-0.042 peak_mem=25.41GiB
epoch=5 step=14540/29520 loss=25.3860 Le=0.0852 Lc=1.3184 Ld=3.6856 lr=5.857e-06 gate_lr=5.857e-05 alpha=0.501+/-0.040 peak_mem=25.41GiB
epoch=5 step=14560/29520 loss=31.1001 Le=0.1209 Lc=1.5393 Ld=3.6159 lr=5.847e-06 gate_lr=5.847e-05 alpha=0.492+/-0.037 peak_mem=25.41GiB
epoch=5 step=14580/29520 loss=42.1128 Le=0.2562 Lc=1.2659 Ld=3.8323 lr=5.837e-06 gate_lr=5.837e-05 alpha=0.497+/-0.039 peak_mem=25.41GiB
epoch=5 step=14600/29520 loss=34.3026 Le=0.1761 Lc=1.2811 Ld=3.8829 lr=5.827e-06 gate_lr=5.827e-05 alpha=0.500+/-0.038 peak_mem=25.41GiB
epoch=5 step=14620/29520 loss=39.0566 Le=0.2130 Lc=1.4216 Ld=3.5449 lr=5.817e-06 gate_lr=5.817e-05 alpha=0.493+/-0.042 peak_mem=25.41GiB
epoch=5 step=14640/29520 loss=25.9859 Le=0.1050 Lc=1.1812 Ld=3.6703 lr=5.807e-06 gate_lr=5.807e-05 alpha=0.498+/-0.042 peak_mem=25.41GiB
epoch=5 step=14660/29520 loss=25.3477 Le=0.0962 Lc=1.1983 Ld=3.7434 lr=5.797e-06 gate_lr=5.797e-05 alpha=0.491+/-0.037 peak_mem=25.41GiB
epoch=5 step=14680/29520 loss=28.5578 Le=0.1193 Lc=1.3235 Ld=3.3877 lr=5.787e-06 gate_lr=5.787e-05 alpha=0.505+/-0.038 peak_mem=25.41GiB
epoch=5 step=14700/29520 loss=22.4579 Le=0.0524 Lc=1.3343 Ld=3.8751 lr=5.777e-06 gate_lr=5.777e-05 alpha=0.490+/-0.036 peak_mem=25.41GiB
epoch=5 step=14720/29520 loss=21.9396 Le=0.0501 Lc=1.3114 Ld=3.8110 lr=5.768e-06 gate_lr=5.768e-05 alpha=0.490+/-0.042 peak_mem=25.41GiB
epoch=5 step=14740/29520 loss=28.8980 Le=0.1306 Lc=1.2261 Ld=3.5802 lr=5.758e-06 gate_lr=5.758e-05 alpha=0.484+/-0.039 peak_mem=25.41GiB
epoch=5 step=14760/29520 loss=27.7776 Le=0.1080 Lc=1.3470 Ld=3.5043 lr=5.748e-06 gate_lr=5.748e-05 alpha=0.495+/-0.041 peak_mem=25.41GiB
epoch=5 checkpoints saved
epoch=6 step=14780/29520 loss=39.8288 Le=0.2264 Lc=1.3750 Ld=3.4340 lr=5.738e-06 gate_lr=5.738e-05 alpha=0.489+/-0.048 peak_mem=25.41GiB
epoch=6 step=14800/29520 loss=28.8751 Le=0.1090 Lc=1.4091 Ld=3.8815 lr=5.728e-06 gate_lr=5.728e-05 alpha=0.491+/-0.040 peak_mem=25.41GiB
epoch=6 step=14820/29520 loss=31.6333 Le=0.1404 Lc=1.3998 Ld=3.5921 lr=5.718e-06 gate_lr=5.718e-05 alpha=0.499+/-0.044 peak_mem=25.41GiB
epoch=6 step=14840/29520 loss=35.5207 Le=0.1812 Lc=1.3726 Ld=3.6798 lr=5.708e-06 gate_lr=5.708e-05 alpha=0.505+/-0.034 peak_mem=25.41GiB
epoch=6 step=14860/29520 loss=21.1717 Le=0.0427 Lc=1.3137 Ld=3.7684 lr=5.698e-06 gate_lr=5.698e-05 alpha=0.504+/-0.035 peak_mem=25.41GiB
epoch=6 step=14880/29520 loss=25.0175 Le=0.0797 Lc=1.3495 Ld=3.5511 lr=5.688e-06 gate_lr=5.688e-05 alpha=0.496+/-0.038 peak_mem=25.41GiB
epoch=6 step=14900/29520 loss=27.8510 Le=0.0972 Lc=1.4403 Ld=3.7250 lr=5.678e-06 gate_lr=5.678e-05 alpha=0.499+/-0.039 peak_mem=25.41GiB
epoch=6 step=14920/29520 loss=35.4827 Le=0.1913 Lc=1.3011 Ld=3.3471 lr=5.668e-06 gate_lr=5.668e-05 alpha=0.496+/-0.042 peak_mem=25.41GiB
epoch=6 step=14940/29520 loss=31.2570 Le=0.1413 Lc=1.3335 Ld=3.7958 lr=5.659e-06 gate_lr=5.659e-05 alpha=0.497+/-0.039 peak_mem=25.41GiB
epoch=6 step=14960/29520 loss=26.7429 Le=0.1071 Lc=1.2611 Ld=3.4228 lr=5.649e-06 gate_lr=5.649e-05 alpha=0.495+/-0.042 peak_mem=25.41GiB
epoch=6 step=14980/29520 loss=24.5739 Le=0.0747 Lc=1.3511 Ld=3.5916 lr=5.639e-06 gate_lr=5.639e-05 alpha=0.497+/-0.034 peak_mem=25.41GiB
epoch=6 step=15000/29520 loss=42.0418 Le=0.2502 Lc=1.3243 Ld=3.7779 lr=5.629e-06 gate_lr=5.629e-05 alpha=0.506+/-0.042 peak_mem=25.41GiB
epoch=6 step=15020/29520 loss=33.0546 Le=0.1621 Lc=1.3295 Ld=3.5514 lr=5.619e-06 gate_lr=5.619e-05 alpha=0.495+/-0.042 peak_mem=25.41GiB
epoch=6 step=15040/29520 loss=24.8761 Le=0.0894 Lc=1.2478 Ld=3.4580 lr=5.609e-06 gate_lr=5.609e-05 alpha=0.499+/-0.034 peak_mem=25.41GiB
epoch=6 step=15060/29520 loss=36.4502 Le=0.1910 Lc=1.3855 Ld=3.4935 lr=5.599e-06 gate_lr=5.599e-05 alpha=0.503+/-0.039 peak_mem=25.41GiB
epoch=6 step=15080/29520 loss=20.7051 Le=0.0342 Lc=1.3520 Ld=3.7644 lr=5.589e-06 gate_lr=5.589e-05 alpha=0.503+/-0.041 peak_mem=25.41GiB
epoch=6 step=15100/29520 loss=34.8753 Le=0.1784 Lc=1.3304 Ld=3.7325 lr=5.579e-06 gate_lr=5.579e-05 alpha=0.503+/-0.039 peak_mem=25.41GiB
epoch=6 step=15120/29520 loss=41.7163 Le=0.2573 Lc=1.2247 Ld=3.7377 lr=5.569e-06 gate_lr=5.569e-05 alpha=0.497+/-0.040 peak_mem=25.41GiB
epoch=6 step=15140/29520 loss=35.3594 Le=0.1708 Lc=1.4746 Ld=3.5363 lr=5.559e-06 gate_lr=5.559e-05 alpha=0.498+/-0.038 peak_mem=25.41GiB
epoch=6 step=15160/29520 loss=39.1932 Le=0.2165 Lc=1.3917 Ld=3.6303 lr=5.550e-06 gate_lr=5.550e-05 alpha=0.497+/-0.044 peak_mem=25.41GiB
epoch=6 step=15180/29520 loss=29.6819 Le=0.1320 Lc=1.2599 Ld=3.8805 lr=5.540e-06 gate_lr=5.540e-05 alpha=0.499+/-0.040 peak_mem=25.41GiB
epoch=6 step=15200/29520 loss=32.6873 Le=0.1530 Lc=1.3920 Ld=3.4655 lr=5.530e-06 gate_lr=5.530e-05 alpha=0.489+/-0.046 peak_mem=25.41GiB
epoch=6 step=15220/29520 loss=26.2250 Le=0.0920 Lc=1.3601 Ld=3.4265 lr=5.520e-06 gate_lr=5.520e-05 alpha=0.504+/-0.041 peak_mem=25.41GiB
epoch=6 step=15240/29520 loss=25.3256 Le=0.0938 Lc=1.2402 Ld=3.5394 lr=5.510e-06 gate_lr=5.510e-05 alpha=0.505+/-0.034 peak_mem=25.41GiB
epoch=6 step=15260/29520 loss=25.5798 Le=0.0848 Lc=1.3570 Ld=3.5296 lr=5.500e-06 gate_lr=5.500e-05 alpha=0.503+/-0.040 peak_mem=25.41GiB
epoch=6 step=15280/29520 loss=24.8591 Le=0.0846 Lc=1.2559 Ld=3.8412 lr=5.490e-06 gate_lr=5.490e-05 alpha=0.500+/-0.036 peak_mem=25.41GiB
epoch=6 step=15300/29520 loss=26.0866 Le=0.0905 Lc=1.3187 Ld=3.8455 lr=5.480e-06 gate_lr=5.480e-05 alpha=0.500+/-0.044 peak_mem=25.41GiB
epoch=6 step=15320/29520 loss=24.3207 Le=0.0901 Lc=1.1886 Ld=3.4296 lr=5.470e-06 gate_lr=5.470e-05 alpha=0.495+/-0.043 peak_mem=25.41GiB
epoch=6 step=15340/29520 loss=28.2680 Le=0.1180 Lc=1.2832 Ld=3.6354 lr=5.460e-06 gate_lr=5.460e-05 alpha=0.494+/-0.042 peak_mem=25.41GiB
epoch=6 step=15360/29520 loss=22.4822 Le=0.0673 Lc=1.2386 Ld=3.3701 lr=5.450e-06 gate_lr=5.450e-05 alpha=0.503+/-0.034 peak_mem=25.41GiB
epoch=6 step=15380/29520 loss=44.6804 Le=0.2857 Lc=1.2600 Ld=3.5092 lr=5.441e-06 gate_lr=5.441e-05 alpha=0.503+/-0.037 peak_mem=25.41GiB
epoch=6 step=15400/29520 loss=28.5343 Le=0.1279 Lc=1.2224 Ld=3.5209 lr=5.431e-06 gate_lr=5.431e-05 alpha=0.502+/-0.036 peak_mem=25.41GiB
epoch=6 step=15420/29520 loss=29.9080 Le=0.1258 Lc=1.3766 Ld=3.5629 lr=5.421e-06 gate_lr=5.421e-05 alpha=0.505+/-0.039 peak_mem=25.41GiB
epoch=6 step=15440/29520 loss=28.1008 Le=0.1053 Lc=1.3914 Ld=3.6541 lr=5.411e-06 gate_lr=5.411e-05 alpha=0.488+/-0.043 peak_mem=25.41GiB
epoch=6 step=15460/29520 loss=27.7277 Le=0.1069 Lc=1.3371 Ld=3.6646 lr=5.401e-06 gate_lr=5.401e-05 alpha=0.496+/-0.038 peak_mem=25.41GiB
epoch=6 step=15480/29520 loss=37.6519 Le=0.2060 Lc=1.3253 Ld=3.8027 lr=5.391e-06 gate_lr=5.391e-05 alpha=0.493+/-0.042 peak_mem=25.41GiB
epoch=6 step=15500/29520 loss=25.6122 Le=0.0843 Lc=1.3508 Ld=3.6709 lr=5.381e-06 gate_lr=5.381e-05 alpha=0.504+/-0.040 peak_mem=25.41GiB
epoch=6 step=15520/29520 loss=31.6041 Le=0.1567 Lc=1.2163 Ld=3.7732 lr=5.371e-06 gate_lr=5.371e-05 alpha=0.497+/-0.036 peak_mem=25.41GiB
epoch=6 step=15540/29520 loss=30.0652 Le=0.1385 Lc=1.2680 Ld=3.5360 lr=5.361e-06 gate_lr=5.361e-05 alpha=0.501+/-0.040 peak_mem=25.41GiB
epoch=6 step=15560/29520 loss=30.7712 Le=0.1447 Lc=1.2984 Ld=3.3154 lr=5.351e-06 gate_lr=5.351e-05 alpha=0.510+/-0.037 peak_mem=25.41GiB
epoch=6 step=15580/29520 loss=31.9357 Le=0.1601 Lc=1.2335 Ld=3.5914 lr=5.341e-06 gate_lr=5.341e-05 alpha=0.508+/-0.043 peak_mem=25.41GiB
epoch=6 step=15600/29520 loss=30.7720 Le=0.1427 Lc=1.3063 Ld=3.4423 lr=5.332e-06 gate_lr=5.332e-05 alpha=0.496+/-0.042 peak_mem=25.41GiB
epoch=6 step=15620/29520 loss=24.6135 Le=0.0709 Lc=1.3903 Ld=3.6230 lr=5.322e-06 gate_lr=5.322e-05 alpha=0.493+/-0.041 peak_mem=25.41GiB
epoch=6 step=15640/29520 loss=30.0439 Le=0.1397 Lc=1.2443 Ld=3.6281 lr=5.312e-06 gate_lr=5.312e-05 alpha=0.503+/-0.038 peak_mem=25.41GiB
epoch=6 step=15660/29520 loss=31.6584 Le=0.1465 Lc=1.3362 Ld=3.6442 lr=5.302e-06 gate_lr=5.302e-05 alpha=0.504+/-0.038 peak_mem=25.41GiB
epoch=6 step=15680/29520 loss=38.6621 Le=0.2268 Lc=1.2491 Ld=3.4905 lr=5.292e-06 gate_lr=5.292e-05 alpha=0.498+/-0.043 peak_mem=25.41GiB
epoch=6 step=15700/29520 loss=37.2302 Le=0.2047 Lc=1.3080 Ld=3.6777 lr=5.282e-06 gate_lr=5.282e-05 alpha=0.496+/-0.043 peak_mem=25.41GiB
epoch=6 step=15720/29520 loss=32.4689 Le=0.1545 Lc=1.3371 Ld=3.6460 lr=5.272e-06 gate_lr=5.272e-05 alpha=0.503+/-0.043 peak_mem=25.41GiB
epoch=6 step=15740/29520 loss=24.6724 Le=0.0837 Lc=1.2664 Ld=3.6432 lr=5.262e-06 gate_lr=5.262e-05 alpha=0.500+/-0.042 peak_mem=25.41GiB
epoch=6 step=15760/29520 loss=27.6125 Le=0.1057 Lc=1.3427 Ld=3.6197 lr=5.252e-06 gate_lr=5.252e-05 alpha=0.498+/-0.043 peak_mem=25.41GiB
epoch=6 step=15780/29520 loss=29.1320 Le=0.1293 Lc=1.2611 Ld=3.5871 lr=5.242e-06 gate_lr=5.242e-05 alpha=0.497+/-0.039 peak_mem=25.41GiB
epoch=6 step=15800/29520 loss=32.8576 Le=0.1645 Lc=1.3002 Ld=3.4084 lr=5.232e-06 gate_lr=5.232e-05 alpha=0.502+/-0.034 peak_mem=25.41GiB
epoch=6 step=15820/29520 loss=31.8203 Le=0.1558 Lc=1.2693 Ld=3.5501 lr=5.223e-06 gate_lr=5.223e-05 alpha=0.492+/-0.043 peak_mem=25.41GiB
epoch=6 step=15840/29520 loss=25.7257 Le=0.0931 Lc=1.2699 Ld=3.7117 lr=5.213e-06 gate_lr=5.213e-05 alpha=0.501+/-0.040 peak_mem=25.41GiB
epoch=6 step=15860/29520 loss=26.8348 Le=0.0975 Lc=1.3497 Ld=3.5884 lr=5.203e-06 gate_lr=5.203e-05 alpha=0.501+/-0.036 peak_mem=25.41GiB
epoch=6 step=15880/29520 loss=23.1259 Le=0.0642 Lc=1.3260 Ld=3.4450 lr=5.193e-06 gate_lr=5.193e-05 alpha=0.501+/-0.040 peak_mem=25.41GiB
epoch=6 step=15900/29520 loss=26.8999 Le=0.1081 Lc=1.2739 Ld=3.3482 lr=5.183e-06 gate_lr=5.183e-05 alpha=0.482+/-0.043 peak_mem=25.41GiB
epoch=6 step=15920/29520 loss=22.9114 Le=0.0706 Lc=1.2334 Ld=3.5169 lr=5.173e-06 gate_lr=5.173e-05 alpha=0.490+/-0.040 peak_mem=25.41GiB
epoch=6 step=15940/29520 loss=28.7498 Le=0.1226 Lc=1.3197 Ld=3.2922 lr=5.163e-06 gate_lr=5.163e-05 alpha=0.490+/-0.043 peak_mem=25.41GiB
epoch=6 step=15960/29520 loss=21.0320 Le=0.0534 Lc=1.2271 Ld=3.4242 lr=5.153e-06 gate_lr=5.153e-05 alpha=0.491+/-0.042 peak_mem=25.41GiB
epoch=6 step=15980/29520 loss=27.1000 Le=0.0972 Lc=1.3973 Ld=3.4110 lr=5.143e-06 gate_lr=5.143e-05 alpha=0.500+/-0.039 peak_mem=25.41GiB
epoch=6 step=16000/29520 loss=23.9062 Le=0.0680 Lc=1.3494 Ld=3.6076 lr=5.134e-06 gate_lr=5.134e-05 alpha=0.490+/-0.037 peak_mem=25.41GiB
epoch=6 step=16020/29520 loss=27.3505 Le=0.1050 Lc=1.3004 Ld=3.8458 lr=5.124e-06 gate_lr=5.124e-05 alpha=0.499+/-0.037 peak_mem=25.41GiB
epoch=6 step=16040/29520 loss=25.7621 Le=0.0965 Lc=1.2500 Ld=3.6150 lr=5.114e-06 gate_lr=5.114e-05 alpha=0.508+/-0.038 peak_mem=25.41GiB
epoch=6 step=16060/29520 loss=25.2527 Le=0.0854 Lc=1.2856 Ld=3.8579 lr=5.104e-06 gate_lr=5.104e-05 alpha=0.505+/-0.040 peak_mem=25.41GiB
epoch=6 step=16080/29520 loss=38.0796 Le=0.2071 Lc=1.4143 Ld=3.2279 lr=5.094e-06 gate_lr=5.094e-05 alpha=0.492+/-0.042 peak_mem=25.41GiB
epoch=6 step=16100/29520 loss=34.4269 Le=0.1791 Lc=1.3095 Ld=3.4259 lr=5.084e-06 gate_lr=5.084e-05 alpha=0.492+/-0.038 peak_mem=25.41GiB
epoch=6 step=16120/29520 loss=35.5240 Le=0.1939 Lc=1.2469 Ld=3.6663 lr=5.074e-06 gate_lr=5.074e-05 alpha=0.492+/-0.045 peak_mem=25.41GiB
epoch=6 step=16140/29520 loss=33.1762 Le=0.1599 Lc=1.3716 Ld=3.4696 lr=5.064e-06 gate_lr=5.064e-05 alpha=0.496+/-0.038 peak_mem=25.41GiB
epoch=6 step=16160/29520 loss=29.9901 Le=0.1374 Lc=1.2569 Ld=3.6762 lr=5.055e-06 gate_lr=5.055e-05 alpha=0.495+/-0.044 peak_mem=25.41GiB
epoch=6 step=16180/29520 loss=30.3866 Le=0.1331 Lc=1.3648 Ld=3.4339 lr=5.045e-06 gate_lr=5.045e-05 alpha=0.498+/-0.042 peak_mem=25.41GiB
epoch=6 step=16200/29520 loss=18.7748 Le=0.0298 Lc=1.2410 Ld=3.3895 lr=5.035e-06 gate_lr=5.035e-05 alpha=0.504+/-0.036 peak_mem=25.41GiB
epoch=6 step=16220/29520 loss=20.1710 Le=0.0499 Lc=1.1540 Ld=3.6458 lr=5.025e-06 gate_lr=5.025e-05 alpha=0.492+/-0.040 peak_mem=25.41GiB
epoch=6 step=16240/29520 loss=29.5410 Le=0.1295 Lc=1.3109 Ld=3.4810 lr=5.015e-06 gate_lr=5.015e-05 alpha=0.495+/-0.043 peak_mem=25.41GiB
epoch=6 step=16260/29520 loss=43.8812 Le=0.2785 Lc=1.2655 Ld=3.3796 lr=5.005e-06 gate_lr=5.005e-05 alpha=0.497+/-0.041 peak_mem=25.41GiB
epoch=6 step=16280/29520 loss=30.0592 Le=0.1266 Lc=1.3747 Ld=3.6493 lr=4.995e-06 gate_lr=4.995e-05 alpha=0.499+/-0.043 peak_mem=25.41GiB
epoch=6 step=16300/29520 loss=27.3643 Le=0.1087 Lc=1.2788 Ld=3.7060 lr=4.986e-06 gate_lr=4.986e-05 alpha=0.490+/-0.046 peak_mem=25.41GiB
epoch=6 step=16320/29520 loss=23.7971 Le=0.0850 Lc=1.1793 Ld=3.5012 lr=4.976e-06 gate_lr=4.976e-05 alpha=0.487+/-0.043 peak_mem=25.41GiB
epoch=6 step=16340/29520 loss=34.2861 Le=0.1693 Lc=1.3906 Ld=3.4526 lr=4.966e-06 gate_lr=4.966e-05 alpha=0.494+/-0.043 peak_mem=25.41GiB
epoch=6 step=16360/29520 loss=23.9209 Le=0.0701 Lc=1.3665 Ld=3.2498 lr=4.956e-06 gate_lr=4.956e-05 alpha=0.498+/-0.035 peak_mem=25.41GiB
epoch=6 step=16380/29520 loss=22.5252 Le=0.0562 Lc=1.2989 Ld=3.9124 lr=4.946e-06 gate_lr=4.946e-05 alpha=0.503+/-0.039 peak_mem=25.41GiB
epoch=6 step=16400/29520 loss=28.1543 Le=0.1239 Lc=1.2347 Ld=3.4186 lr=4.936e-06 gate_lr=4.936e-05 alpha=0.490+/-0.048 peak_mem=25.41GiB
epoch=6 step=16420/29520 loss=34.2886 Le=0.1685 Lc=1.3582 Ld=3.8607 lr=4.927e-06 gate_lr=4.927e-05 alpha=0.492+/-0.044 peak_mem=25.41GiB
epoch=6 step=16440/29520 loss=27.1868 Le=0.1108 Lc=1.2621 Ld=3.4896 lr=4.917e-06 gate_lr=4.917e-05 alpha=0.495+/-0.040 peak_mem=25.41GiB
epoch=6 step=16460/29520 loss=32.1296 Le=0.1399 Lc=1.4583 Ld=3.5568 lr=4.907e-06 gate_lr=4.907e-05 alpha=0.500+/-0.043 peak_mem=25.41GiB
epoch=6 step=16480/29520 loss=28.1982 Le=0.1115 Lc=1.3443 Ld=3.6073 lr=4.897e-06 gate_lr=4.897e-05 alpha=0.493+/-0.046 peak_mem=25.41GiB
epoch=6 step=16500/29520 loss=33.7263 Le=0.1611 Lc=1.4019 Ld=3.5924 lr=4.887e-06 gate_lr=4.887e-05 alpha=0.492+/-0.041 peak_mem=25.41GiB
epoch=6 step=16520/29520 loss=28.1575 Le=0.1116 Lc=1.3446 Ld=3.5526 lr=4.877e-06 gate_lr=4.877e-05 alpha=0.491+/-0.042 peak_mem=25.41GiB
epoch=6 step=16540/29520 loss=26.2244 Le=0.0843 Lc=1.4031 Ld=3.7665 lr=4.868e-06 gate_lr=4.868e-05 alpha=0.489+/-0.048 peak_mem=25.41GiB
epoch=6 step=16560/29520 loss=30.2684 Le=0.1409 Lc=1.2600 Ld=3.5762 lr=4.858e-06 gate_lr=4.858e-05 alpha=0.502+/-0.041 peak_mem=25.41GiB
epoch=6 step=16580/29520 loss=32.5768 Le=0.1493 Lc=1.3971 Ld=3.6722 lr=4.848e-06 gate_lr=4.848e-05 alpha=0.498+/-0.045 peak_mem=25.41GiB
epoch=6 step=16600/29520 loss=32.9690 Le=0.1694 Lc=1.2270 Ld=3.7564 lr=4.838e-06 gate_lr=4.838e-05 alpha=0.505+/-0.045 peak_mem=25.41GiB
epoch=6 step=16620/29520 loss=32.5745 Le=0.1439 Lc=1.4441 Ld=3.7394 lr=4.828e-06 gate_lr=4.828e-05 alpha=0.507+/-0.037 peak_mem=25.41GiB
epoch=6 step=16640/29520 loss=24.7389 Le=0.0791 Lc=1.3389 Ld=3.4358 lr=4.819e-06 gate_lr=4.819e-05 alpha=0.499+/-0.045 peak_mem=25.41GiB
epoch=6 step=16660/29520 loss=23.8724 Le=0.0654 Lc=1.3737 Ld=3.5943 lr=4.809e-06 gate_lr=4.809e-05 alpha=0.502+/-0.038 peak_mem=25.41GiB
epoch=6 step=16680/29520 loss=36.6317 Le=0.1979 Lc=1.3261 Ld=3.5852 lr=4.799e-06 gate_lr=4.799e-05 alpha=0.501+/-0.046 peak_mem=25.41GiB
epoch=6 step=16700/29520 loss=22.1173 Le=0.0457 Lc=1.4037 Ld=3.5144 lr=4.789e-06 gate_lr=4.789e-05 alpha=0.505+/-0.046 peak_mem=25.41GiB
epoch=6 step=16720/29520 loss=25.9166 Le=0.0946 Lc=1.2893 Ld=3.5655 lr=4.779e-06 gate_lr=4.779e-05 alpha=0.499+/-0.042 peak_mem=25.41GiB
epoch=6 step=16740/29520 loss=27.4665 Le=0.1130 Lc=1.2511 Ld=3.6509 lr=4.770e-06 gate_lr=4.770e-05 alpha=0.499+/-0.041 peak_mem=25.41GiB
epoch=6 step=16760/29520 loss=25.6856 Le=0.0793 Lc=1.4186 Ld=3.5737 lr=4.760e-06 gate_lr=4.760e-05 alpha=0.500+/-0.045 peak_mem=25.41GiB
epoch=6 step=16780/29520 loss=25.0113 Le=0.0757 Lc=1.3737 Ld=3.7050 lr=4.750e-06 gate_lr=4.750e-05 alpha=0.502+/-0.042 peak_mem=25.41GiB
epoch=6 step=16800/29520 loss=22.5492 Le=0.0651 Lc=1.2572 Ld=3.4658 lr=4.740e-06 gate_lr=4.740e-05 alpha=0.497+/-0.042 peak_mem=25.41GiB
epoch=6 step=16820/29520 loss=32.2091 Le=0.1500 Lc=1.3608 Ld=3.6031 lr=4.731e-06 gate_lr=4.731e-05 alpha=0.490+/-0.043 peak_mem=25.41GiB
epoch=6 step=16840/29520 loss=22.7823 Le=0.0676 Lc=1.2764 Ld=3.2590 lr=4.721e-06 gate_lr=4.721e-05 alpha=0.502+/-0.037 peak_mem=25.41GiB
epoch=6 step=16860/29520 loss=31.7490 Le=0.1424 Lc=1.4049 Ld=3.4635 lr=4.711e-06 gate_lr=4.711e-05 alpha=0.493+/-0.043 peak_mem=25.41GiB
epoch=6 step=16880/29520 loss=28.1486 Le=0.1125 Lc=1.3450 Ld=3.4445 lr=4.701e-06 gate_lr=4.701e-05 alpha=0.494+/-0.037 peak_mem=25.41GiB
epoch=6 step=16900/29520 loss=24.4506 Le=0.0770 Lc=1.3129 Ld=3.6266 lr=4.691e-06 gate_lr=4.691e-05 alpha=0.499+/-0.043 peak_mem=25.41GiB
epoch=6 step=16920/29520 loss=25.4815 Le=0.0917 Lc=1.2670 Ld=3.6462 lr=4.682e-06 gate_lr=4.682e-05 alpha=0.494+/-0.042 peak_mem=25.41GiB
epoch=6 step=16940/29520 loss=26.8471 Le=0.0949 Lc=1.3952 Ld=3.4062 lr=4.672e-06 gate_lr=4.672e-05 alpha=0.489+/-0.045 peak_mem=25.41GiB
epoch=6 step=16960/29520 loss=26.3358 Le=0.0928 Lc=1.3538 Ld=3.5183 lr=4.662e-06 gate_lr=4.662e-05 alpha=0.495+/-0.047 peak_mem=25.41GiB
epoch=6 step=16980/29520 loss=28.2372 Le=0.1178 Lc=1.2845 Ld=3.6089 lr=4.652e-06 gate_lr=4.652e-05 alpha=0.503+/-0.037 peak_mem=25.41GiB
epoch=6 step=17000/29520 loss=34.4908 Le=0.1816 Lc=1.2737 Ld=3.5963 lr=4.643e-06 gate_lr=4.643e-05 alpha=0.487+/-0.047 peak_mem=25.41GiB
epoch=6 step=17020/29520 loss=34.2967 Le=0.1846 Lc=1.2486 Ld=3.3478 lr=4.633e-06 gate_lr=4.633e-05 alpha=0.504+/-0.041 peak_mem=25.41GiB
epoch=6 step=17040/29520 loss=23.0110 Le=0.0720 Lc=1.2180 Ld=3.6288 lr=4.623e-06 gate_lr=4.623e-05 alpha=0.486+/-0.041 peak_mem=25.41GiB
epoch=6 step=17060/29520 loss=31.3132 Le=0.1656 Lc=1.1350 Ld=3.4042 lr=4.614e-06 gate_lr=4.614e-05 alpha=0.499+/-0.045 peak_mem=25.41GiB
epoch=6 step=17080/29520 loss=30.2981 Le=0.1523 Lc=1.1841 Ld=3.2252 lr=4.604e-06 gate_lr=4.604e-05 alpha=0.495+/-0.041 peak_mem=25.41GiB
epoch=6 step=17100/29520 loss=22.7874 Le=0.0645 Lc=1.2912 Ld=3.4272 lr=4.594e-06 gate_lr=4.594e-05 alpha=0.500+/-0.040 peak_mem=25.41GiB
epoch=6 step=17120/29520 loss=27.9501 Le=0.1172 Lc=1.2900 Ld=3.3263 lr=4.584e-06 gate_lr=4.584e-05 alpha=0.499+/-0.041 peak_mem=25.41GiB
epoch=6 step=17140/29520 loss=27.4908 Le=0.1070 Lc=1.3354 Ld=3.4365 lr=4.575e-06 gate_lr=4.575e-05 alpha=0.496+/-0.038 peak_mem=25.41GiB
epoch=6 step=17160/29520 loss=22.8974 Le=0.0667 Lc=1.2428 Ld=3.7991 lr=4.565e-06 gate_lr=4.565e-05 alpha=0.499+/-0.041 peak_mem=25.41GiB
epoch=6 step=17180/29520 loss=37.3472 Le=0.2157 Lc=1.2234 Ld=3.5419 lr=4.555e-06 gate_lr=4.555e-05 alpha=0.503+/-0.038 peak_mem=25.41GiB
epoch=6 step=17200/29520 loss=29.5443 Le=0.1152 Lc=1.4524 Ld=3.4997 lr=4.546e-06 gate_lr=4.546e-05 alpha=0.493+/-0.047 peak_mem=25.41GiB
epoch=6 step=17220/29520 loss=33.2390 Le=0.1634 Lc=1.3527 Ld=3.3723 lr=4.536e-06 gate_lr=4.536e-05 alpha=0.496+/-0.036 peak_mem=25.41GiB
epoch=6 step=17240/29520 loss=27.8812 Le=0.1217 Lc=1.2208 Ld=3.4982 lr=4.526e-06 gate_lr=4.526e-05 alpha=0.492+/-0.049 peak_mem=25.41GiB
epoch=6 step=17260/29520 loss=26.5491 Le=0.0935 Lc=1.3616 Ld=3.5868 lr=4.517e-06 gate_lr=4.517e-05 alpha=0.499+/-0.036 peak_mem=25.41GiB
epoch=6 step=17280/29520 loss=26.6374 Le=0.0891 Lc=1.4077 Ld=3.6506 lr=4.507e-06 gate_lr=4.507e-05 alpha=0.487+/-0.045 peak_mem=25.41GiB
epoch=6 step=17300/29520 loss=35.9953 Le=0.1891 Lc=1.3669 Ld=3.4140 lr=4.497e-06 gate_lr=4.497e-05 alpha=0.504+/-0.041 peak_mem=25.41GiB
epoch=6 step=17320/29520 loss=35.6737 Le=0.1830 Lc=1.3975 Ld=3.3946 lr=4.488e-06 gate_lr=4.488e-05 alpha=0.496+/-0.045 peak_mem=25.41GiB
epoch=6 step=17340/29520 loss=32.2514 Le=0.1503 Lc=1.3866 Ld=3.3596 lr=4.478e-06 gate_lr=4.478e-05 alpha=0.503+/-0.041 peak_mem=25.41GiB
epoch=6 step=17360/29520 loss=20.8394 Le=0.0427 Lc=1.3039 Ld=3.5347 lr=4.468e-06 gate_lr=4.468e-05 alpha=0.503+/-0.044 peak_mem=25.41GiB
epoch=6 step=17380/29520 loss=34.9675 Le=0.1723 Lc=1.3921 Ld=3.8137 lr=4.459e-06 gate_lr=4.459e-05 alpha=0.509+/-0.045 peak_mem=25.41GiB
epoch=6 step=17400/29520 loss=33.5029 Le=0.1654 Lc=1.3340 Ld=3.6179 lr=4.449e-06 gate_lr=4.449e-05 alpha=0.507+/-0.044 peak_mem=25.41GiB
epoch=6 step=17420/29520 loss=25.0402 Le=0.0893 Lc=1.2337 Ld=3.7722 lr=4.439e-06 gate_lr=4.439e-05 alpha=0.501+/-0.044 peak_mem=25.41GiB
epoch=6 step=17440/29520 loss=25.3351 Le=0.0913 Lc=1.2767 Ld=3.4394 lr=4.430e-06 gate_lr=4.430e-05 alpha=0.509+/-0.045 peak_mem=25.41GiB
epoch=6 step=17460/29520 loss=22.6043 Le=0.0564 Lc=1.3390 Ld=3.5788 lr=4.420e-06 gate_lr=4.420e-05 alpha=0.504+/-0.037 peak_mem=25.41GiB
epoch=6 step=17480/29520 loss=22.8936 Le=0.0675 Lc=1.2535 Ld=3.6041 lr=4.410e-06 gate_lr=4.410e-05 alpha=0.509+/-0.040 peak_mem=25.41GiB
epoch=6 step=17500/29520 loss=22.8787 Le=0.0566 Lc=1.3659 Ld=3.5578 lr=4.401e-06 gate_lr=4.401e-05 alpha=0.501+/-0.043 peak_mem=25.41GiB
epoch=6 step=17520/29520 loss=32.2681 Le=0.1686 Lc=1.2070 Ld=3.3410 lr=4.391e-06 gate_lr=4.391e-05 alpha=0.492+/-0.043 peak_mem=25.41GiB
epoch=6 step=17540/29520 loss=29.2002 Le=0.1353 Lc=1.2238 Ld=3.4348 lr=4.382e-06 gate_lr=4.382e-05 alpha=0.498+/-0.038 peak_mem=25.41GiB
epoch=6 step=17560/29520 loss=36.5100 Le=0.2046 Lc=1.2523 Ld=3.5263 lr=4.372e-06 gate_lr=4.372e-05 alpha=0.496+/-0.042 peak_mem=25.41GiB
epoch=6 step=17580/29520 loss=23.7326 Le=0.0614 Lc=1.3979 Ld=3.6101 lr=4.362e-06 gate_lr=4.362e-05 alpha=0.494+/-0.044 peak_mem=25.41GiB
epoch=6 step=17600/29520 loss=24.0827 Le=0.0752 Lc=1.2834 Ld=3.7263 lr=4.353e-06 gate_lr=4.353e-05 alpha=0.500+/-0.042 peak_mem=25.41GiB
epoch=6 step=17620/29520 loss=40.0612 Le=0.2340 Lc=1.2926 Ld=3.7382 lr=4.343e-06 gate_lr=4.343e-05 alpha=0.507+/-0.041 peak_mem=25.41GiB
epoch=6 step=17640/29520 loss=32.1854 Le=0.1634 Lc=1.2346 Ld=3.5044 lr=4.334e-06 gate_lr=4.334e-05 alpha=0.502+/-0.037 peak_mem=25.41GiB
epoch=6 step=17660/29520 loss=25.7740 Le=0.0917 Lc=1.3150 Ld=3.4543 lr=4.324e-06 gate_lr=4.324e-05 alpha=0.494+/-0.043 peak_mem=25.41GiB
epoch=6 step=17680/29520 loss=35.4674 Le=0.1859 Lc=1.3294 Ld=3.5785 lr=4.315e-06 gate_lr=4.315e-05 alpha=0.498+/-0.048 peak_mem=25.41GiB
epoch=6 step=17700/29520 loss=31.4125 Le=0.1453 Lc=1.3370 Ld=3.5117 lr=4.305e-06 gate_lr=4.305e-05 alpha=0.498+/-0.040 peak_mem=25.41GiB
epoch=6 checkpoints saved
epoch=7 step=17720/29520 loss=34.0747 Le=0.1836 Lc=1.2147 Ld=3.5724 lr=4.295e-06 gate_lr=4.295e-05 alpha=0.494+/-0.046 peak_mem=25.41GiB
epoch=7 step=17740/29520 loss=32.9035 Le=0.1715 Lc=1.2209 Ld=3.5455 lr=4.286e-06 gate_lr=4.286e-05 alpha=0.498+/-0.040 peak_mem=25.41GiB
epoch=7 step=17760/29520 loss=22.9167 Le=0.0582 Lc=1.3480 Ld=3.6210 lr=4.276e-06 gate_lr=4.276e-05 alpha=0.492+/-0.038 peak_mem=25.41GiB
epoch=7 step=17780/29520 loss=34.4038 Le=0.1574 Lc=1.5153 Ld=3.5130 lr=4.267e-06 gate_lr=4.267e-05 alpha=0.498+/-0.047 peak_mem=25.41GiB
epoch=7 step=17800/29520 loss=32.0431 Le=0.1403 Lc=1.4258 Ld=3.7593 lr=4.257e-06 gate_lr=4.257e-05 alpha=0.509+/-0.036 peak_mem=25.41GiB
epoch=7 step=17820/29520 loss=27.3679 Le=0.1034 Lc=1.3460 Ld=3.5680 lr=4.248e-06 gate_lr=4.248e-05 alpha=0.495+/-0.043 peak_mem=25.41GiB
epoch=7 step=17840/29520 loss=26.3266 Le=0.0856 Lc=1.4090 Ld=3.6810 lr=4.238e-06 gate_lr=4.238e-05 alpha=0.494+/-0.045 peak_mem=25.41GiB
epoch=7 step=17860/29520 loss=24.9314 Le=0.0877 Lc=1.2717 Ld=3.4447 lr=4.229e-06 gate_lr=4.229e-05 alpha=0.504+/-0.040 peak_mem=25.41GiB
epoch=7 step=17880/29520 loss=21.4878 Le=0.0542 Lc=1.2610 Ld=3.4554 lr=4.219e-06 gate_lr=4.219e-05 alpha=0.507+/-0.036 peak_mem=25.41GiB
epoch=7 step=17900/29520 loss=28.3008 Le=0.1188 Lc=1.2835 Ld=3.5910 lr=4.210e-06 gate_lr=4.210e-05 alpha=0.504+/-0.039 peak_mem=25.41GiB
epoch=7 step=17920/29520 loss=28.6391 Le=0.1176 Lc=1.3473 Ld=3.4104 lr=4.200e-06 gate_lr=4.200e-05 alpha=0.503+/-0.044 peak_mem=25.41GiB
epoch=7 step=17940/29520 loss=27.5244 Le=0.1002 Lc=1.3862 Ld=3.6415 lr=4.191e-06 gate_lr=4.191e-05 alpha=0.503+/-0.040 peak_mem=25.41GiB
epoch=7 step=17960/29520 loss=36.2274 Le=0.1850 Lc=1.4045 Ld=3.6860 lr=4.181e-06 gate_lr=4.181e-05 alpha=0.506+/-0.044 peak_mem=25.41GiB
epoch=7 step=17980/29520 loss=27.0106 Le=0.1048 Lc=1.3104 Ld=3.4277 lr=4.172e-06 gate_lr=4.172e-05 alpha=0.504+/-0.040 peak_mem=25.41GiB
epoch=7 step=18000/29520 loss=19.8959 Le=0.0490 Lc=1.1390 Ld=3.6097 lr=4.162e-06 gate_lr=4.162e-05 alpha=0.502+/-0.042 peak_mem=25.41GiB
epoch=7 step=18020/29520 loss=31.9321 Le=0.1580 Lc=1.2279 Ld=3.8507 lr=4.153e-06 gate_lr=4.153e-05 alpha=0.489+/-0.046 peak_mem=25.41GiB
epoch=7 step=18040/29520 loss=29.3631 Le=0.1289 Lc=1.3060 Ld=3.4109 lr=4.143e-06 gate_lr=4.143e-05 alpha=0.499+/-0.043 peak_mem=25.41GiB
epoch=7 step=18060/29520 loss=38.9949 Le=0.2093 Lc=1.4496 Ld=3.5727 lr=4.134e-06 gate_lr=4.134e-05 alpha=0.503+/-0.042 peak_mem=25.41GiB
epoch=7 step=18080/29520 loss=38.1637 Le=0.2095 Lc=1.3395 Ld=3.8208 lr=4.125e-06 gate_lr=4.125e-05 alpha=0.497+/-0.040 peak_mem=25.41GiB
epoch=7 step=18100/29520 loss=33.1305 Le=0.1661 Lc=1.3241 Ld=3.2794 lr=4.115e-06 gate_lr=4.115e-05 alpha=0.495+/-0.047 peak_mem=25.41GiB
epoch=7 step=18120/29520 loss=25.6343 Le=0.0862 Lc=1.3537 Ld=3.4738 lr=4.106e-06 gate_lr=4.106e-05 alpha=0.492+/-0.041 peak_mem=25.41GiB
epoch=7 step=18140/29520 loss=28.5124 Le=0.1281 Lc=1.2075 Ld=3.6244 lr=4.096e-06 gate_lr=4.096e-05 alpha=0.499+/-0.041 peak_mem=25.41GiB
epoch=7 step=18160/29520 loss=24.2655 Le=0.0777 Lc=1.3029 Ld=3.4622 lr=4.087e-06 gate_lr=4.087e-05 alpha=0.497+/-0.045 peak_mem=25.41GiB
epoch=7 step=18180/29520 loss=32.2281 Le=0.1435 Lc=1.4249 Ld=3.6321 lr=4.077e-06 gate_lr=4.077e-05 alpha=0.498+/-0.046 peak_mem=25.41GiB
epoch=7 step=18200/29520 loss=24.3630 Le=0.0713 Lc=1.3957 Ld=3.2770 lr=4.068e-06 gate_lr=4.068e-05 alpha=0.484+/-0.041 peak_mem=25.41GiB
epoch=7 step=18220/29520 loss=25.3390 Le=0.0946 Lc=1.2126 Ld=3.7552 lr=4.059e-06 gate_lr=4.059e-05 alpha=0.500+/-0.039 peak_mem=25.41GiB
epoch=7 step=18240/29520 loss=22.7946 Le=0.0668 Lc=1.2801 Ld=3.3171 lr=4.049e-06 gate_lr=4.049e-05 alpha=0.502+/-0.042 peak_mem=25.41GiB
epoch=7 step=18260/29520 loss=22.8338 Le=0.0658 Lc=1.2834 Ld=3.4192 lr=4.040e-06 gate_lr=4.040e-05 alpha=0.506+/-0.040 peak_mem=25.41GiB
epoch=7 step=18280/29520 loss=22.3134 Le=0.0541 Lc=1.3485 Ld=3.4208 lr=4.030e-06 gate_lr=4.030e-05 alpha=0.503+/-0.036 peak_mem=25.41GiB
epoch=7 step=18300/29520 loss=29.7762 Le=0.1378 Lc=1.2585 Ld=3.4152 lr=4.021e-06 gate_lr=4.021e-05 alpha=0.504+/-0.043 peak_mem=25.41GiB
epoch=7 step=18320/29520 loss=38.0291 Le=0.1979 Lc=1.4796 Ld=3.4438 lr=4.012e-06 gate_lr=4.012e-05 alpha=0.493+/-0.044 peak_mem=25.41GiB
epoch=7 step=18340/29520 loss=29.1072 Le=0.1332 Lc=1.2496 Ld=3.2870 lr=4.002e-06 gate_lr=4.002e-05 alpha=0.496+/-0.039 peak_mem=25.41GiB
epoch=7 step=18360/29520 loss=29.9373 Le=0.1298 Lc=1.3621 Ld=3.3334 lr=3.993e-06 gate_lr=3.993e-05 alpha=0.495+/-0.043 peak_mem=25.41GiB
epoch=7 step=18380/29520 loss=19.7017 Le=0.0394 Lc=1.2123 Ld=3.6366 lr=3.984e-06 gate_lr=3.984e-05 alpha=0.497+/-0.041 peak_mem=25.41GiB
epoch=7 step=18400/29520 loss=31.7255 Le=0.1405 Lc=1.4052 Ld=3.6222 lr=3.974e-06 gate_lr=3.974e-05 alpha=0.498+/-0.046 peak_mem=25.41GiB
epoch=7 step=18420/29520 loss=27.8652 Le=0.1070 Lc=1.3692 Ld=3.4736 lr=3.965e-06 gate_lr=3.965e-05 alpha=0.506+/-0.047 peak_mem=25.41GiB
epoch=7 step=18440/29520 loss=33.6985 Le=0.1581 Lc=1.4490 Ld=3.3941 lr=3.956e-06 gate_lr=3.956e-05 alpha=0.498+/-0.049 peak_mem=25.41GiB
epoch=7 step=18460/29520 loss=32.8870 Le=0.1627 Lc=1.2874 Ld=3.7399 lr=3.946e-06 gate_lr=3.946e-05 alpha=0.501+/-0.049 peak_mem=25.41GiB
epoch=7 step=18480/29520 loss=25.5397 Le=0.0948 Lc=1.2410 Ld=3.6457 lr=3.937e-06 gate_lr=3.937e-05 alpha=0.489+/-0.045 peak_mem=25.41GiB
epoch=7 step=18500/29520 loss=24.2201 Le=0.0799 Lc=1.2853 Ld=3.3797 lr=3.928e-06 gate_lr=3.928e-05 alpha=0.500+/-0.047 peak_mem=25.41GiB
epoch=7 step=18520/29520 loss=24.7889 Le=0.0821 Lc=1.3247 Ld=3.3336 lr=3.919e-06 gate_lr=3.919e-05 alpha=0.496+/-0.046 peak_mem=25.41GiB
epoch=7 step=18540/29520 loss=30.7284 Le=0.1412 Lc=1.3099 Ld=3.5066 lr=3.909e-06 gate_lr=3.909e-05 alpha=0.500+/-0.047 peak_mem=25.41GiB
epoch=7 step=18560/29520 loss=26.0133 Le=0.0979 Lc=1.2519 Ld=3.7002 lr=3.900e-06 gate_lr=3.900e-05 alpha=0.502+/-0.051 peak_mem=25.41GiB
epoch=7 step=18580/29520 loss=38.0476 Le=0.2006 Lc=1.4749 Ld=3.2369 lr=3.891e-06 gate_lr=3.891e-05 alpha=0.494+/-0.048 peak_mem=25.41GiB
epoch=7 step=18600/29520 loss=45.3296 Le=0.2783 Lc=1.4057 Ld=3.4390 lr=3.881e-06 gate_lr=3.881e-05 alpha=0.486+/-0.047 peak_mem=25.41GiB
epoch=7 step=18620/29520 loss=19.0180 Le=0.0230 Lc=1.3092 Ld=3.6269 lr=3.872e-06 gate_lr=3.872e-05 alpha=0.495+/-0.039 peak_mem=25.41GiB
epoch=7 step=18640/29520 loss=26.0365 Le=0.0994 Lc=1.2711 Ld=3.3818 lr=3.863e-06 gate_lr=3.863e-05 alpha=0.497+/-0.044 peak_mem=25.41GiB
epoch=7 step=18660/29520 loss=24.3418 Le=0.0726 Lc=1.3468 Ld=3.6106 lr=3.854e-06 gate_lr=3.854e-05 alpha=0.498+/-0.042 peak_mem=25.41GiB
epoch=7 step=18680/29520 loss=23.0187 Le=0.0534 Lc=1.4280 Ld=3.3961 lr=3.845e-06 gate_lr=3.845e-05 alpha=0.496+/-0.049 peak_mem=25.41GiB
epoch=7 step=18700/29520 loss=22.7917 Le=0.0737 Lc=1.1778 Ld=3.6442 lr=3.835e-06 gate_lr=3.835e-05 alpha=0.505+/-0.039 peak_mem=25.41GiB
epoch=7 step=18720/29520 loss=34.7614 Le=0.1843 Lc=1.2752 Ld=3.5743 lr=3.826e-06 gate_lr=3.826e-05 alpha=0.498+/-0.043 peak_mem=25.41GiB
epoch=7 step=18740/29520 loss=27.7006 Le=0.1220 Lc=1.2179 Ld=3.3242 lr=3.817e-06 gate_lr=3.817e-05 alpha=0.492+/-0.046 peak_mem=25.41GiB
epoch=7 step=18760/29520 loss=19.7770 Le=0.0430 Lc=1.1983 Ld=3.4945 lr=3.808e-06 gate_lr=3.808e-05 alpha=0.501+/-0.043 peak_mem=25.41GiB
epoch=7 step=18780/29520 loss=36.9202 Le=0.2114 Lc=1.2204 Ld=3.5725 lr=3.799e-06 gate_lr=3.799e-05 alpha=0.488+/-0.038 peak_mem=25.41GiB
epoch=7 step=18800/29520 loss=36.2893 Le=0.2072 Lc=1.2091 Ld=3.4813 lr=3.789e-06 gate_lr=3.789e-05 alpha=0.497+/-0.035 peak_mem=25.41GiB
epoch=7 step=18820/29520 loss=29.8789 Le=0.1359 Lc=1.2855 Ld=3.4369 lr=3.780e-06 gate_lr=3.780e-05 alpha=0.501+/-0.045 peak_mem=25.41GiB
epoch=7 step=18840/29520 loss=29.5071 Le=0.1339 Lc=1.2529 Ld=3.5877 lr=3.771e-06 gate_lr=3.771e-05 alpha=0.498+/-0.048 peak_mem=25.41GiB
epoch=7 step=18860/29520 loss=23.2908 Le=0.0804 Lc=1.1428 Ld=3.8240 lr=3.762e-06 gate_lr=3.762e-05 alpha=0.502+/-0.043 peak_mem=25.41GiB
epoch=7 step=18880/29520 loss=24.4006 Le=0.0724 Lc=1.3735 Ld=3.4285 lr=3.753e-06 gate_lr=3.753e-05 alpha=0.496+/-0.043 peak_mem=25.41GiB
epoch=7 step=18900/29520 loss=28.6945 Le=0.1160 Lc=1.3849 Ld=3.2501 lr=3.744e-06 gate_lr=3.744e-05 alpha=0.500+/-0.044 peak_mem=25.41GiB
epoch=7 step=18920/29520 loss=22.9710 Le=0.0613 Lc=1.3281 Ld=3.5600 lr=3.735e-06 gate_lr=3.735e-05 alpha=0.508+/-0.041 peak_mem=25.41GiB
epoch=7 step=18940/29520 loss=32.1307 Le=0.1583 Lc=1.2676 Ld=3.6291 lr=3.725e-06 gate_lr=3.725e-05 alpha=0.502+/-0.047 peak_mem=25.41GiB
epoch=7 step=18960/29520 loss=34.2987 Le=0.1665 Lc=1.4237 Ld=3.4150 lr=3.716e-06 gate_lr=3.716e-05 alpha=0.509+/-0.045 peak_mem=25.41GiB
epoch=7 step=18980/29520 loss=27.9738 Le=0.1232 Lc=1.2116 Ld=3.5357 lr=3.707e-06 gate_lr=3.707e-05 alpha=0.507+/-0.043 peak_mem=25.41GiB
epoch=7 step=19000/29520 loss=28.3870 Le=0.1196 Lc=1.2862 Ld=3.5657 lr=3.698e-06 gate_lr=3.698e-05 alpha=0.498+/-0.045 peak_mem=25.41GiB
epoch=7 step=19020/29520 loss=25.4439 Le=0.0953 Lc=1.2361 Ld=3.5561 lr=3.689e-06 gate_lr=3.689e-05 alpha=0.495+/-0.042 peak_mem=25.41GiB
epoch=7 step=19040/29520 loss=29.9298 Le=0.1349 Lc=1.3035 Ld=3.4001 lr=3.680e-06 gate_lr=3.680e-05 alpha=0.495+/-0.044 peak_mem=25.41GiB
epoch=7 step=19060/29520 loss=23.2050 Le=0.0722 Lc=1.2426 Ld=3.5552 lr=3.671e-06 gate_lr=3.671e-05 alpha=0.496+/-0.050 peak_mem=25.41GiB
epoch=7 step=19080/29520 loss=33.0684 Le=0.1549 Lc=1.4081 Ld=3.4966 lr=3.662e-06 gate_lr=3.662e-05 alpha=0.495+/-0.039 peak_mem=25.41GiB
epoch=7 step=19100/29520 loss=28.4398 Le=0.1277 Lc=1.2424 Ld=3.2467 lr=3.653e-06 gate_lr=3.653e-05 alpha=0.499+/-0.044 peak_mem=25.41GiB
epoch=7 step=19120/29520 loss=27.5692 Le=0.1220 Lc=1.2105 Ld=3.2665 lr=3.644e-06 gate_lr=3.644e-05 alpha=0.496+/-0.044 peak_mem=25.41GiB
epoch=7 step=19140/29520 loss=29.0815 Le=0.1150 Lc=1.4090 Ld=3.4909 lr=3.635e-06 gate_lr=3.635e-05 alpha=0.499+/-0.050 peak_mem=25.41GiB
epoch=7 step=19160/29520 loss=22.3416 Le=0.0487 Lc=1.4076 Ld=3.3914 lr=3.626e-06 gate_lr=3.626e-05 alpha=0.495+/-0.044 peak_mem=25.41GiB
epoch=7 step=19180/29520 loss=22.4117 Le=0.0657 Lc=1.2661 Ld=3.1763 lr=3.617e-06 gate_lr=3.617e-05 alpha=0.490+/-0.048 peak_mem=25.41GiB
epoch=7 step=19200/29520 loss=29.6959 Le=0.1269 Lc=1.3428 Ld=3.5757 lr=3.608e-06 gate_lr=3.608e-05 alpha=0.490+/-0.038 peak_mem=25.41GiB
epoch=7 step=19220/29520 loss=30.8629 Le=0.1546 Lc=1.1792 Ld=3.6140 lr=3.599e-06 gate_lr=3.599e-05 alpha=0.491+/-0.043 peak_mem=25.41GiB
epoch=7 step=19240/29520 loss=21.6429 Le=0.0571 Lc=1.2319 Ld=3.6113 lr=3.590e-06 gate_lr=3.590e-05 alpha=0.487+/-0.049 peak_mem=25.41GiB
epoch=7 step=19260/29520 loss=30.8795 Le=0.1424 Lc=1.3072 Ld=3.5673 lr=3.581e-06 gate_lr=3.581e-05 alpha=0.496+/-0.045 peak_mem=25.41GiB
epoch=7 step=19280/29520 loss=31.4998 Le=0.1443 Lc=1.3480 Ld=3.5859 lr=3.572e-06 gate_lr=3.572e-05 alpha=0.490+/-0.047 peak_mem=25.41GiB
epoch=7 step=19300/29520 loss=32.0191 Le=0.1548 Lc=1.3146 Ld=3.3971 lr=3.563e-06 gate_lr=3.563e-05 alpha=0.490+/-0.048 peak_mem=25.41GiB
epoch=7 step=19320/29520 loss=31.6103 Le=0.1588 Lc=1.2108 Ld=3.6207 lr=3.554e-06 gate_lr=3.554e-05 alpha=0.495+/-0.046 peak_mem=25.41GiB
epoch=7 step=19340/29520 loss=24.4171 Le=0.0669 Lc=1.4194 Ld=3.5369 lr=3.545e-06 gate_lr=3.545e-05 alpha=0.500+/-0.046 peak_mem=25.41GiB
epoch=7 step=19360/29520 loss=34.6079 Le=0.1806 Lc=1.3113 Ld=3.4326 lr=3.536e-06 gate_lr=3.536e-05 alpha=0.496+/-0.044 peak_mem=25.41GiB
epoch=7 step=19380/29520 loss=18.0792 Le=0.0225 Lc=1.2095 Ld=3.7310 lr=3.527e-06 gate_lr=3.527e-05 alpha=0.493+/-0.036 peak_mem=25.41GiB
epoch=7 step=19400/29520 loss=22.0899 Le=0.0541 Lc=1.3255 Ld=3.4264 lr=3.518e-06 gate_lr=3.518e-05 alpha=0.502+/-0.039 peak_mem=25.41GiB
epoch=7 step=19420/29520 loss=22.6591 Le=0.0594 Lc=1.3081 Ld=3.6398 lr=3.509e-06 gate_lr=3.509e-05 alpha=0.493+/-0.046 peak_mem=25.41GiB
epoch=7 step=19440/29520 loss=27.9615 Le=0.1055 Lc=1.4104 Ld=3.3060 lr=3.500e-06 gate_lr=3.500e-05 alpha=0.499+/-0.049 peak_mem=25.41GiB
epoch=7 step=19460/29520 loss=24.5591 Le=0.0870 Lc=1.2344 Ld=3.5187 lr=3.492e-06 gate_lr=3.492e-05 alpha=0.486+/-0.049 peak_mem=25.41GiB
epoch=7 step=19480/29520 loss=25.5442 Le=0.0908 Lc=1.2903 Ld=3.5634 lr=3.483e-06 gate_lr=3.483e-05 alpha=0.494+/-0.039 peak_mem=25.41GiB
epoch=7 step=19500/29520 loss=26.6008 Le=0.1046 Lc=1.2815 Ld=3.3249 lr=3.474e-06 gate_lr=3.474e-05 alpha=0.493+/-0.045 peak_mem=25.41GiB
epoch=7 step=19520/29520 loss=38.3293 Le=0.2102 Lc=1.3571 Ld=3.7369 lr=3.465e-06 gate_lr=3.465e-05 alpha=0.505+/-0.037 peak_mem=25.41GiB
epoch=7 step=19540/29520 loss=27.5847 Le=0.1073 Lc=1.3562 Ld=3.2976 lr=3.456e-06 gate_lr=3.456e-05 alpha=0.498+/-0.042 peak_mem=25.41GiB
epoch=7 step=19560/29520 loss=25.7175 Le=0.0902 Lc=1.3343 Ld=3.3592 lr=3.447e-06 gate_lr=3.447e-05 alpha=0.495+/-0.044 peak_mem=25.41GiB
epoch=7 step=19580/29520 loss=33.0023 Le=0.1517 Lc=1.4371 Ld=3.4627 lr=3.439e-06 gate_lr=3.439e-05 alpha=0.497+/-0.050 peak_mem=25.41GiB
epoch=7 step=19600/29520 loss=25.3814 Le=0.0874 Lc=1.3170 Ld=3.4718 lr=3.430e-06 gate_lr=3.430e-05 alpha=0.496+/-0.043 peak_mem=25.41GiB
epoch=7 step=19620/29520 loss=24.1024 Le=0.0908 Lc=1.1579 Ld=3.4389 lr=3.421e-06 gate_lr=3.421e-05 alpha=0.498+/-0.041 peak_mem=25.41GiB
epoch=7 step=19640/29520 loss=24.4830 Le=0.0790 Lc=1.3161 Ld=3.4195 lr=3.412e-06 gate_lr=3.412e-05 alpha=0.496+/-0.047 peak_mem=25.41GiB
epoch=7 step=19660/29520 loss=21.8505 Le=0.0657 Lc=1.1908 Ld=3.3737 lr=3.403e-06 gate_lr=3.403e-05 alpha=0.497+/-0.041 peak_mem=25.41GiB
epoch=7 step=19680/29520 loss=22.2880 Le=0.0641 Lc=1.2455 Ld=3.4204 lr=3.395e-06 gate_lr=3.395e-05 alpha=0.498+/-0.046 peak_mem=25.41GiB
epoch=7 step=19700/29520 loss=21.9720 Le=0.0525 Lc=1.3247 Ld=3.4785 lr=3.386e-06 gate_lr=3.386e-05 alpha=0.490+/-0.044 peak_mem=25.41GiB
epoch=7 step=19720/29520 loss=20.6410 Le=0.0486 Lc=1.2580 Ld=3.2029 lr=3.377e-06 gate_lr=3.377e-05 alpha=0.497+/-0.037 peak_mem=25.41GiB
epoch=7 step=19740/29520 loss=27.1594 Le=0.1043 Lc=1.3079 Ld=3.6507 lr=3.368e-06 gate_lr=3.368e-05 alpha=0.499+/-0.042 peak_mem=25.41GiB
epoch=7 step=19760/29520 loss=33.2442 Le=0.1660 Lc=1.3346 Ld=3.2936 lr=3.360e-06 gate_lr=3.360e-05 alpha=0.486+/-0.047 peak_mem=25.41GiB
epoch=7 step=19780/29520 loss=28.7262 Le=0.1237 Lc=1.3127 Ld=3.2258 lr=3.351e-06 gate_lr=3.351e-05 alpha=0.502+/-0.047 peak_mem=25.41GiB
epoch=7 step=19800/29520 loss=28.9702 Le=0.1163 Lc=1.4052 Ld=3.2878 lr=3.342e-06 gate_lr=3.342e-05 alpha=0.495+/-0.042 peak_mem=25.41GiB
epoch=7 step=19820/29520 loss=30.3665 Le=0.1378 Lc=1.3132 Ld=3.4503 lr=3.333e-06 gate_lr=3.333e-05 alpha=0.488+/-0.047 peak_mem=25.41GiB
epoch=7 step=19840/29520 loss=32.7429 Le=0.1712 Lc=1.2092 Ld=3.5295 lr=3.325e-06 gate_lr=3.325e-05 alpha=0.500+/-0.043 peak_mem=25.41GiB
epoch=7 step=19860/29520 loss=24.7699 Le=0.0742 Lc=1.3926 Ld=3.4254 lr=3.316e-06 gate_lr=3.316e-05 alpha=0.496+/-0.050 peak_mem=25.41GiB
epoch=7 step=19880/29520 loss=31.1961 Le=0.1397 Lc=1.3865 Ld=3.3634 lr=3.307e-06 gate_lr=3.307e-05 alpha=0.497+/-0.044 peak_mem=25.41GiB
epoch=7 step=19900/29520 loss=25.4736 Le=0.1043 Lc=1.1688 Ld=3.3556 lr=3.299e-06 gate_lr=3.299e-05 alpha=0.489+/-0.045 peak_mem=25.41GiB
epoch=7 step=19920/29520 loss=26.7413 Le=0.1035 Lc=1.2912 Ld=3.4840 lr=3.290e-06 gate_lr=3.290e-05 alpha=0.501+/-0.045 peak_mem=25.41GiB
epoch=7 step=19940/29520 loss=25.4051 Le=0.0913 Lc=1.2878 Ld=3.3998 lr=3.282e-06 gate_lr=3.282e-05 alpha=0.491+/-0.040 peak_mem=25.41GiB
epoch=7 step=19960/29520 loss=24.3366 Le=0.0814 Lc=1.3129 Ld=3.0680 lr=3.273e-06 gate_lr=3.273e-05 alpha=0.506+/-0.038 peak_mem=25.41GiB
epoch=7 step=19980/29520 loss=22.1850 Le=0.0573 Lc=1.2810 Ld=3.6482 lr=3.264e-06 gate_lr=3.264e-05 alpha=0.498+/-0.044 peak_mem=25.41GiB
epoch=7 step=20000/29520 loss=25.7638 Le=0.0973 Lc=1.2668 Ld=3.3611 lr=3.256e-06 gate_lr=3.256e-05 alpha=0.502+/-0.041 peak_mem=25.41GiB
epoch=7 step=20020/29520 loss=33.7837 Le=0.1696 Lc=1.3441 Ld=3.3799 lr=3.247e-06 gate_lr=3.247e-05 alpha=0.497+/-0.047 peak_mem=25.41GiB
epoch=7 step=20040/29520 loss=32.5393 Le=0.1690 Lc=1.2218 Ld=3.4188 lr=3.239e-06 gate_lr=3.239e-05 alpha=0.499+/-0.038 peak_mem=25.41GiB
epoch=7 step=20060/29520 loss=25.2511 Le=0.0895 Lc=1.3019 Ld=3.2806 lr=3.230e-06 gate_lr=3.230e-05 alpha=0.502+/-0.039 peak_mem=25.41GiB
epoch=7 step=20080/29520 loss=28.3465 Le=0.1248 Lc=1.2812 Ld=3.0541 lr=3.221e-06 gate_lr=3.221e-05 alpha=0.493+/-0.046 peak_mem=25.41GiB
epoch=7 step=20100/29520 loss=30.2816 Le=0.1569 Lc=1.1145 Ld=3.4490 lr=3.213e-06 gate_lr=3.213e-05 alpha=0.489+/-0.043 peak_mem=25.41GiB
epoch=7 step=20120/29520 loss=21.1904 Le=0.0561 Lc=1.2061 Ld=3.5193 lr=3.204e-06 gate_lr=3.204e-05 alpha=0.505+/-0.043 peak_mem=25.41GiB
epoch=7 step=20140/29520 loss=31.0101 Le=0.1406 Lc=1.3447 Ld=3.5072 lr=3.196e-06 gate_lr=3.196e-05 alpha=0.498+/-0.047 peak_mem=25.41GiB
epoch=7 step=20160/29520 loss=25.4771 Le=0.0928 Lc=1.2683 Ld=3.5111 lr=3.187e-06 gate_lr=3.187e-05 alpha=0.493+/-0.046 peak_mem=25.41GiB
epoch=7 step=20180/29520 loss=25.3911 Le=0.0978 Lc=1.2150 Ld=3.4590 lr=3.179e-06 gate_lr=3.179e-05 alpha=0.501+/-0.044 peak_mem=25.41GiB
epoch=7 step=20200/29520 loss=25.2811 Le=0.0895 Lc=1.2723 Ld=3.6114 lr=3.170e-06 gate_lr=3.170e-05 alpha=0.501+/-0.043 peak_mem=25.41GiB
epoch=7 step=20220/29520 loss=23.8676 Le=0.0606 Lc=1.4506 Ld=3.2998 lr=3.162e-06 gate_lr=3.162e-05 alpha=0.491+/-0.038 peak_mem=25.41GiB
epoch=7 step=20240/29520 loss=16.4597 Le=0.0069 Lc=1.2511 Ld=3.2536 lr=3.153e-06 gate_lr=3.153e-05 alpha=0.507+/-0.046 peak_mem=25.41GiB
epoch=7 step=20260/29520 loss=33.8909 Le=0.1810 Lc=1.2240 Ld=3.5465 lr=3.145e-06 gate_lr=3.145e-05 alpha=0.511+/-0.042 peak_mem=25.41GiB
epoch=7 step=20280/29520 loss=20.3204 Le=0.0508 Lc=1.1967 Ld=3.2727 lr=3.137e-06 gate_lr=3.137e-05 alpha=0.500+/-0.047 peak_mem=25.41GiB
epoch=7 step=20300/29520 loss=20.5853 Le=0.0469 Lc=1.2569 Ld=3.3251 lr=3.128e-06 gate_lr=3.128e-05 alpha=0.496+/-0.040 peak_mem=25.41GiB
epoch=7 step=20320/29520 loss=32.4010 Le=0.1633 Lc=1.2727 Ld=3.3398 lr=3.120e-06 gate_lr=3.120e-05 alpha=0.500+/-0.048 peak_mem=25.41GiB
epoch=7 step=20340/29520 loss=27.5032 Le=0.1010 Lc=1.4001 Ld=3.4026 lr=3.111e-06 gate_lr=3.111e-05 alpha=0.496+/-0.045 peak_mem=25.41GiB
epoch=7 step=20360/29520 loss=23.1618 Le=0.0659 Lc=1.2950 Ld=3.6223 lr=3.103e-06 gate_lr=3.103e-05 alpha=0.491+/-0.042 peak_mem=25.41GiB
epoch=7 step=20380/29520 loss=22.5703 Le=0.0540 Lc=1.3570 Ld=3.5989 lr=3.094e-06 gate_lr=3.094e-05 alpha=0.486+/-0.039 peak_mem=25.41GiB
epoch=7 step=20400/29520 loss=23.3098 Le=0.0760 Lc=1.2523 Ld=3.1917 lr=3.086e-06 gate_lr=3.086e-05 alpha=0.493+/-0.047 peak_mem=25.41GiB
epoch=7 step=20420/29520 loss=44.5676 Le=0.2707 Lc=1.4005 Ld=3.4919 lr=3.078e-06 gate_lr=3.078e-05 alpha=0.495+/-0.051 peak_mem=25.41GiB
epoch=7 step=20440/29520 loss=27.9088 Le=0.1172 Lc=1.3111 Ld=3.0746 lr=3.069e-06 gate_lr=3.069e-05 alpha=0.495+/-0.037 peak_mem=25.41GiB
epoch=7 step=20460/29520 loss=25.3038 Le=0.0977 Lc=1.2075 Ld=3.4558 lr=3.061e-06 gate_lr=3.061e-05 alpha=0.502+/-0.035 peak_mem=25.41GiB
epoch=7 step=20480/29520 loss=22.5225 Le=0.0685 Lc=1.2040 Ld=3.6280 lr=3.053e-06 gate_lr=3.053e-05 alpha=0.506+/-0.040 peak_mem=25.41GiB
epoch=7 step=20500/29520 loss=28.9185 Le=0.1209 Lc=1.3584 Ld=3.2482 lr=3.044e-06 gate_lr=3.044e-05 alpha=0.491+/-0.041 peak_mem=25.41GiB
epoch=7 step=20520/29520 loss=29.9050 Le=0.1435 Lc=1.2242 Ld=3.3116 lr=3.036e-06 gate_lr=3.036e-05 alpha=0.495+/-0.043 peak_mem=25.41GiB
epoch=7 step=20540/29520 loss=22.8333 Le=0.0657 Lc=1.2898 Ld=3.3684 lr=3.028e-06 gate_lr=3.028e-05 alpha=0.511+/-0.037 peak_mem=25.41GiB
epoch=7 step=20560/29520 loss=23.5286 Le=0.0632 Lc=1.3850 Ld=3.3600 lr=3.020e-06 gate_lr=3.020e-05 alpha=0.507+/-0.049 peak_mem=25.41GiB
epoch=7 step=20580/29520 loss=27.1564 Le=0.0932 Lc=1.4130 Ld=3.7065 lr=3.011e-06 gate_lr=3.011e-05 alpha=0.498+/-0.052 peak_mem=25.41GiB
epoch=7 step=20600/29520 loss=24.5785 Le=0.0799 Lc=1.3306 Ld=3.2802 lr=3.003e-06 gate_lr=3.003e-05 alpha=0.498+/-0.043 peak_mem=25.41GiB
epoch=7 step=20620/29520 loss=30.6594 Le=0.1460 Lc=1.2657 Ld=3.4007 lr=2.995e-06 gate_lr=2.995e-05 alpha=0.501+/-0.045 peak_mem=25.41GiB
epoch=7 step=20640/29520 loss=26.2342 Le=0.0940 Lc=1.3160 Ld=3.6725 lr=2.987e-06 gate_lr=2.987e-05 alpha=0.503+/-0.041 peak_mem=25.41GiB
epoch=7 step=20660/29520 loss=25.7862 Le=0.1078 Lc=1.1550 Ld=3.4594 lr=2.978e-06 gate_lr=2.978e-05 alpha=0.505+/-0.044 peak_mem=25.41GiB
epoch=7 checkpoints saved
epoch=8 step=20680/29520 loss=23.3352 Le=0.0703 Lc=1.2884 Ld=3.4174 lr=2.970e-06 gate_lr=2.970e-05 alpha=0.502+/-0.044 peak_mem=25.41GiB
epoch=8 step=20700/29520 loss=20.1218 Le=0.0336 Lc=1.3639 Ld=3.1185 lr=2.962e-06 gate_lr=2.962e-05 alpha=0.493+/-0.045 peak_mem=25.41GiB
epoch=8 step=20720/29520 loss=24.8752 Le=0.0994 Lc=1.1694 Ld=3.2393 lr=2.954e-06 gate_lr=2.954e-05 alpha=0.492+/-0.043 peak_mem=25.41GiB
epoch=8 step=20740/29520 loss=28.1387 Le=0.1282 Lc=1.1859 Ld=3.4593 lr=2.946e-06 gate_lr=2.946e-05 alpha=0.490+/-0.045 peak_mem=25.41GiB
epoch=8 step=20760/29520 loss=24.0290 Le=0.0791 Lc=1.2833 Ld=3.2893 lr=2.937e-06 gate_lr=2.937e-05 alpha=0.492+/-0.041 peak_mem=25.41GiB
epoch=8 step=20780/29520 loss=24.1395 Le=0.0688 Lc=1.3721 Ld=3.5408 lr=2.929e-06 gate_lr=2.929e-05 alpha=0.495+/-0.038 peak_mem=25.41GiB
epoch=8 step=20800/29520 loss=25.7772 Le=0.0994 Lc=1.2463 Ld=3.3738 lr=2.921e-06 gate_lr=2.921e-05 alpha=0.496+/-0.041 peak_mem=25.41GiB
epoch=8 step=20820/29520 loss=29.4617 Le=0.1408 Lc=1.2069 Ld=3.3076 lr=2.913e-06 gate_lr=2.913e-05 alpha=0.499+/-0.042 peak_mem=25.41GiB
epoch=8 step=20840/29520 loss=20.6644 Le=0.0379 Lc=1.3294 Ld=3.5826 lr=2.905e-06 gate_lr=2.905e-05 alpha=0.504+/-0.040 peak_mem=25.41GiB
epoch=8 step=20860/29520 loss=24.1056 Le=0.0848 Lc=1.2231 Ld=3.3930 lr=2.897e-06 gate_lr=2.897e-05 alpha=0.503+/-0.043 peak_mem=25.41GiB
epoch=8 step=20880/29520 loss=27.8982 Le=0.1206 Lc=1.2361 Ld=3.4817 lr=2.889e-06 gate_lr=2.889e-05 alpha=0.493+/-0.050 peak_mem=25.41GiB
epoch=8 step=20900/29520 loss=44.8669 Le=0.2807 Lc=1.3557 Ld=3.2412 lr=2.881e-06 gate_lr=2.881e-05 alpha=0.507+/-0.043 peak_mem=25.41GiB
epoch=8 step=20920/29520 loss=21.9412 Le=0.0530 Lc=1.3124 Ld=3.5171 lr=2.873e-06 gate_lr=2.873e-05 alpha=0.505+/-0.037 peak_mem=25.41GiB
epoch=8 step=20940/29520 loss=25.8930 Le=0.0946 Lc=1.3070 Ld=3.3666 lr=2.865e-06 gate_lr=2.865e-05 alpha=0.496+/-0.042 peak_mem=25.41GiB
epoch=8 step=20960/29520 loss=29.7483 Le=0.1349 Lc=1.2833 Ld=3.4201 lr=2.857e-06 gate_lr=2.857e-05 alpha=0.496+/-0.046 peak_mem=25.41GiB
epoch=8 step=20980/29520 loss=33.4153 Le=0.1647 Lc=1.3706 Ld=3.2438 lr=2.849e-06 gate_lr=2.849e-05 alpha=0.496+/-0.046 peak_mem=25.41GiB
epoch=8 step=21000/29520 loss=24.0853 Le=0.0833 Lc=1.2358 Ld=3.3974 lr=2.841e-06 gate_lr=2.841e-05 alpha=0.505+/-0.037 peak_mem=25.41GiB
epoch=8 step=21020/29520 loss=24.5254 Le=0.0786 Lc=1.3109 Ld=3.5602 lr=2.833e-06 gate_lr=2.833e-05 alpha=0.500+/-0.040 peak_mem=25.41GiB
epoch=8 step=21040/29520 loss=19.8751 Le=0.0394 Lc=1.2591 Ld=3.3441 lr=2.825e-06 gate_lr=2.825e-05 alpha=0.496+/-0.041 peak_mem=25.41GiB
epoch=8 step=21060/29520 loss=26.0990 Le=0.0913 Lc=1.3804 Ld=3.1632 lr=2.817e-06 gate_lr=2.817e-05 alpha=0.496+/-0.045 peak_mem=25.41GiB
epoch=8 step=21080/29520 loss=30.9628 Le=0.1484 Lc=1.2776 Ld=3.3507 lr=2.809e-06 gate_lr=2.809e-05 alpha=0.499+/-0.047 peak_mem=25.41GiB
epoch=8 step=21100/29520 loss=27.1916 Le=0.1099 Lc=1.2958 Ld=3.2394 lr=2.801e-06 gate_lr=2.801e-05 alpha=0.505+/-0.045 peak_mem=25.41GiB
epoch=8 step=21120/29520 loss=23.4352 Le=0.0748 Lc=1.2624 Ld=3.3336 lr=2.793e-06 gate_lr=2.793e-05 alpha=0.502+/-0.043 peak_mem=25.41GiB
epoch=8 step=21140/29520 loss=20.2046 Le=0.0391 Lc=1.2793 Ld=3.5057 lr=2.785e-06 gate_lr=2.785e-05 alpha=0.495+/-0.040 peak_mem=25.41GiB
epoch=8 step=21160/29520 loss=24.9479 Le=0.0822 Lc=1.3088 Ld=3.6429 lr=2.777e-06 gate_lr=2.777e-05 alpha=0.499+/-0.043 peak_mem=25.41GiB
epoch=8 step=21180/29520 loss=40.8995 Le=0.2480 Lc=1.2729 Ld=3.3692 lr=2.769e-06 gate_lr=2.769e-05 alpha=0.499+/-0.050 peak_mem=25.41GiB
epoch=8 step=21200/29520 loss=23.9113 Le=0.0687 Lc=1.3812 Ld=3.2314 lr=2.761e-06 gate_lr=2.761e-05 alpha=0.493+/-0.045 peak_mem=25.41GiB
epoch=8 step=21220/29520 loss=25.7450 Le=0.0982 Lc=1.2442 Ld=3.4851 lr=2.753e-06 gate_lr=2.753e-05 alpha=0.506+/-0.038 peak_mem=25.41GiB
epoch=8 step=21240/29520 loss=29.0838 Le=0.1215 Lc=1.3574 Ld=3.3595 lr=2.746e-06 gate_lr=2.746e-05 alpha=0.503+/-0.045 peak_mem=25.41GiB
epoch=8 step=21260/29520 loss=22.5308 Le=0.0725 Lc=1.2045 Ld=3.2318 lr=2.738e-06 gate_lr=2.738e-05 alpha=0.511+/-0.044 peak_mem=25.41GiB
epoch=8 step=21280/29520 loss=21.6994 Le=0.0481 Lc=1.3273 Ld=3.6150 lr=2.730e-06 gate_lr=2.730e-05 alpha=0.509+/-0.037 peak_mem=25.41GiB
epoch=8 step=21300/29520 loss=27.5294 Le=0.1162 Lc=1.2342 Ld=3.5689 lr=2.722e-06 gate_lr=2.722e-05 alpha=0.509+/-0.048 peak_mem=25.41GiB
epoch=8 step=21320/29520 loss=18.9915 Le=0.0323 Lc=1.2145 Ld=3.6210 lr=2.714e-06 gate_lr=2.714e-05 alpha=0.495+/-0.044 peak_mem=25.41GiB
epoch=8 step=21340/29520 loss=33.3805 Le=0.1742 Lc=1.2581 Ld=3.3744 lr=2.706e-06 gate_lr=2.706e-05 alpha=0.498+/-0.047 peak_mem=25.41GiB
epoch=8 step=21360/29520 loss=24.6789 Le=0.0860 Lc=1.2831 Ld=3.2484 lr=2.699e-06 gate_lr=2.699e-05 alpha=0.500+/-0.045 peak_mem=25.41GiB
epoch=8 step=21380/29520 loss=24.0845 Le=0.0760 Lc=1.3065 Ld=3.4143 lr=2.691e-06 gate_lr=2.691e-05 alpha=0.506+/-0.037 peak_mem=25.41GiB
epoch=8 step=21400/29520 loss=21.2014 Le=0.0536 Lc=1.2632 Ld=3.2108 lr=2.683e-06 gate_lr=2.683e-05 alpha=0.501+/-0.042 peak_mem=25.41GiB
epoch=8 step=21420/29520 loss=27.3046 Le=0.1034 Lc=1.3387 Ld=3.5727 lr=2.676e-06 gate_lr=2.676e-05 alpha=0.496+/-0.044 peak_mem=25.41GiB
epoch=8 step=21440/29520 loss=24.7827 Le=0.0815 Lc=1.3231 Ld=3.4052 lr=2.668e-06 gate_lr=2.668e-05 alpha=0.499+/-0.051 peak_mem=25.41GiB
epoch=8 step=21460/29520 loss=32.5235 Le=0.1603 Lc=1.3044 Ld=3.4506 lr=2.660e-06 gate_lr=2.660e-05 alpha=0.499+/-0.048 peak_mem=25.41GiB
epoch=8 step=21480/29520 loss=24.5837 Le=0.0731 Lc=1.3811 Ld=3.4652 lr=2.652e-06 gate_lr=2.652e-05 alpha=0.497+/-0.045 peak_mem=25.41GiB
epoch=8 step=21500/29520 loss=35.1795 Le=0.1803 Lc=1.3731 Ld=3.4157 lr=2.645e-06 gate_lr=2.645e-05 alpha=0.496+/-0.048 peak_mem=25.41GiB
epoch=8 step=21520/29520 loss=30.3536 Le=0.1267 Lc=1.4353 Ld=3.3290 lr=2.637e-06 gate_lr=2.637e-05 alpha=0.495+/-0.051 peak_mem=25.41GiB
epoch=8 step=21540/29520 loss=22.6768 Le=0.0705 Lc=1.2261 Ld=3.3691 lr=2.629e-06 gate_lr=2.629e-05 alpha=0.495+/-0.044 peak_mem=25.41GiB
epoch=8 step=21560/29520 loss=25.6526 Le=0.0941 Lc=1.2882 Ld=3.3576 lr=2.622e-06 gate_lr=2.622e-05 alpha=0.496+/-0.043 peak_mem=25.41GiB
epoch=8 step=21580/29520 loss=29.1012 Le=0.1287 Lc=1.2755 Ld=3.4711 lr=2.614e-06 gate_lr=2.614e-05 alpha=0.503+/-0.044 peak_mem=25.41GiB
epoch=8 step=21600/29520 loss=20.8151 Le=0.0475 Lc=1.2494 Ld=3.5750 lr=2.607e-06 gate_lr=2.607e-05 alpha=0.504+/-0.043 peak_mem=25.41GiB
epoch=8 step=21620/29520 loss=24.8578 Le=0.0873 Lc=1.2875 Ld=3.2534 lr=2.599e-06 gate_lr=2.599e-05 alpha=0.490+/-0.048 peak_mem=25.41GiB
epoch=8 step=21640/29520 loss=26.1909 Le=0.0897 Lc=1.3833 Ld=3.3888 lr=2.591e-06 gate_lr=2.591e-05 alpha=0.494+/-0.050 peak_mem=25.41GiB
epoch=8 step=21660/29520 loss=24.4087 Le=0.0833 Lc=1.2548 Ld=3.5256 lr=2.584e-06 gate_lr=2.584e-05 alpha=0.501+/-0.044 peak_mem=25.41GiB
epoch=8 step=21680/29520 loss=26.3271 Le=0.0917 Lc=1.3863 Ld=3.2953 lr=2.576e-06 gate_lr=2.576e-05 alpha=0.500+/-0.048 peak_mem=25.41GiB
epoch=8 step=21700/29520 loss=24.5084 Le=0.0731 Lc=1.3696 Ld=3.5012 lr=2.569e-06 gate_lr=2.569e-05 alpha=0.499+/-0.047 peak_mem=25.41GiB
epoch=8 step=21720/29520 loss=26.8556 Le=0.1098 Lc=1.2403 Ld=3.4705 lr=2.561e-06 gate_lr=2.561e-05 alpha=0.499+/-0.053 peak_mem=25.41GiB
epoch=8 step=21740/29520 loss=34.7549 Le=0.1912 Lc=1.2239 Ld=3.3928 lr=2.554e-06 gate_lr=2.554e-05 alpha=0.497+/-0.050 peak_mem=25.41GiB
epoch=8 step=21760/29520 loss=26.0051 Le=0.0957 Lc=1.3098 Ld=3.3392 lr=2.546e-06 gate_lr=2.546e-05 alpha=0.496+/-0.046 peak_mem=25.41GiB
epoch=8 step=21780/29520 loss=24.1415 Le=0.0883 Lc=1.1903 Ld=3.4081 lr=2.539e-06 gate_lr=2.539e-05 alpha=0.491+/-0.046 peak_mem=25.41GiB
epoch=8 step=21800/29520 loss=20.9053 Le=0.0499 Lc=1.2148 Ld=3.7657 lr=2.531e-06 gate_lr=2.531e-05 alpha=0.503+/-0.043 peak_mem=25.41GiB
epoch=8 step=21820/29520 loss=29.5129 Le=0.1313 Lc=1.2784 Ld=3.6000 lr=2.524e-06 gate_lr=2.524e-05 alpha=0.498+/-0.041 peak_mem=25.41GiB
epoch=8 step=21840/29520 loss=20.6311 Le=0.0445 Lc=1.2856 Ld=3.3230 lr=2.517e-06 gate_lr=2.517e-05 alpha=0.508+/-0.042 peak_mem=25.41GiB
epoch=8 step=21860/29520 loss=23.7664 Le=0.0724 Lc=1.3311 Ld=3.2184 lr=2.509e-06 gate_lr=2.509e-05 alpha=0.512+/-0.048 peak_mem=25.41GiB
epoch=8 step=21880/29520 loss=27.2488 Le=0.1122 Lc=1.2655 Ld=3.3777 lr=2.502e-06 gate_lr=2.502e-05 alpha=0.507+/-0.048 peak_mem=25.41GiB
epoch=8 step=21900/29520 loss=20.3536 Le=0.0404 Lc=1.2798 Ld=3.5153 lr=2.494e-06 gate_lr=2.494e-05 alpha=0.501+/-0.048 peak_mem=25.41GiB
epoch=8 step=21920/29520 loss=44.1363 Le=0.2886 Lc=1.1926 Ld=3.3452 lr=2.487e-06 gate_lr=2.487e-05 alpha=0.502+/-0.049 peak_mem=25.41GiB
epoch=8 step=21940/29520 loss=20.7236 Le=0.0483 Lc=1.2409 Ld=3.4876 lr=2.480e-06 gate_lr=2.480e-05 alpha=0.504+/-0.043 peak_mem=25.41GiB
epoch=8 step=21960/29520 loss=27.2800 Le=0.1135 Lc=1.2666 Ld=3.2589 lr=2.472e-06 gate_lr=2.472e-05 alpha=0.495+/-0.046 peak_mem=25.41GiB
epoch=8 step=21980/29520 loss=24.8674 Le=0.0820 Lc=1.3237 Ld=3.4343 lr=2.465e-06 gate_lr=2.465e-05 alpha=0.499+/-0.042 peak_mem=25.41GiB
epoch=8 step=22000/29520 loss=30.4257 Le=0.1404 Lc=1.2723 Ld=3.6631 lr=2.458e-06 gate_lr=2.458e-05 alpha=0.509+/-0.047 peak_mem=25.41GiB
epoch=8 step=22020/29520 loss=20.4362 Le=0.0418 Lc=1.2696 Ld=3.5614 lr=2.450e-06 gate_lr=2.450e-05 alpha=0.511+/-0.041 peak_mem=25.41GiB
epoch=8 step=22040/29520 loss=25.5963 Le=0.0942 Lc=1.2685 Ld=3.4873 lr=2.443e-06 gate_lr=2.443e-05 alpha=0.506+/-0.042 peak_mem=25.41GiB
epoch=8 step=22060/29520 loss=20.4823 Le=0.0472 Lc=1.2331 Ld=3.4272 lr=2.436e-06 gate_lr=2.436e-05 alpha=0.506+/-0.045 peak_mem=25.41GiB
epoch=8 step=22080/29520 loss=28.8747 Le=0.1344 Lc=1.2298 Ld=3.1411 lr=2.429e-06 gate_lr=2.429e-05 alpha=0.500+/-0.041 peak_mem=25.41GiB
epoch=8 step=22100/29520 loss=23.2110 Le=0.0589 Lc=1.3711 Ld=3.6121 lr=2.421e-06 gate_lr=2.421e-05 alpha=0.500+/-0.047 peak_mem=25.41GiB
epoch=8 step=22120/29520 loss=33.9691 Le=0.1625 Lc=1.4147 Ld=3.5737 lr=2.414e-06 gate_lr=2.414e-05 alpha=0.506+/-0.042 peak_mem=25.41GiB
epoch=8 step=22140/29520 loss=22.8754 Le=0.0688 Lc=1.2535 Ld=3.4574 lr=2.407e-06 gate_lr=2.407e-05 alpha=0.507+/-0.044 peak_mem=25.41GiB
epoch=8 step=22160/29520 loss=24.7294 Le=0.0808 Lc=1.3421 Ld=3.2236 lr=2.400e-06 gate_lr=2.400e-05 alpha=0.490+/-0.045 peak_mem=25.41GiB
epoch=8 step=22180/29520 loss=26.1336 Le=0.1094 Lc=1.1825 Ld=3.3659 lr=2.392e-06 gate_lr=2.392e-05 alpha=0.501+/-0.043 peak_mem=25.41GiB
epoch=8 step=22200/29520 loss=24.0352 Le=0.0777 Lc=1.2744 Ld=3.5245 lr=2.385e-06 gate_lr=2.385e-05 alpha=0.510+/-0.043 peak_mem=25.41GiB
epoch=8 step=22220/29520 loss=21.1867 Le=0.0624 Lc=1.1587 Ld=3.3580 lr=2.378e-06 gate_lr=2.378e-05 alpha=0.501+/-0.043 peak_mem=25.41GiB
epoch=8 step=22240/29520 loss=21.2886 Le=0.0458 Lc=1.3129 Ld=3.5764 lr=2.371e-06 gate_lr=2.371e-05 alpha=0.493+/-0.048 peak_mem=25.41GiB
epoch=8 step=22260/29520 loss=22.4070 Le=0.0681 Lc=1.2490 Ld=3.1051 lr=2.364e-06 gate_lr=2.364e-05 alpha=0.495+/-0.049 peak_mem=25.41GiB
epoch=8 step=22280/29520 loss=21.3080 Le=0.0455 Lc=1.3537 Ld=3.2249 lr=2.357e-06 gate_lr=2.357e-05 alpha=0.500+/-0.046 peak_mem=25.41GiB
epoch=8 step=22300/29520 loss=22.2619 Le=0.0538 Lc=1.3408 Ld=3.4703 lr=2.350e-06 gate_lr=2.350e-05 alpha=0.497+/-0.046 peak_mem=25.41GiB
epoch=8 step=22320/29520 loss=27.2384 Le=0.1065 Lc=1.3108 Ld=3.4844 lr=2.343e-06 gate_lr=2.343e-05 alpha=0.494+/-0.044 peak_mem=25.41GiB
epoch=8 step=22340/29520 loss=20.6324 Le=0.0437 Lc=1.2908 Ld=3.3586 lr=2.336e-06 gate_lr=2.336e-05 alpha=0.495+/-0.044 peak_mem=25.41GiB
epoch=8 step=22360/29520 loss=28.6188 Le=0.1264 Lc=1.2355 Ld=3.6281 lr=2.329e-06 gate_lr=2.329e-05 alpha=0.497+/-0.046 peak_mem=25.41GiB
epoch=8 step=22380/29520 loss=24.9556 Le=0.0732 Lc=1.4106 Ld=3.5332 lr=2.322e-06 gate_lr=2.322e-05 alpha=0.496+/-0.046 peak_mem=25.41GiB
epoch=8 step=22400/29520 loss=37.5956 Le=0.2071 Lc=1.3350 Ld=3.5381 lr=2.315e-06 gate_lr=2.315e-05 alpha=0.498+/-0.045 peak_mem=25.41GiB
epoch=8 step=22420/29520 loss=21.6655 Le=0.0619 Lc=1.2052 Ld=3.4283 lr=2.308e-06 gate_lr=2.308e-05 alpha=0.499+/-0.043 peak_mem=25.41GiB
epoch=8 step=22440/29520 loss=28.2497 Le=0.1093 Lc=1.3909 Ld=3.4111 lr=2.301e-06 gate_lr=2.301e-05 alpha=0.501+/-0.040 peak_mem=25.41GiB
epoch=8 step=22460/29520 loss=31.1552 Le=0.1583 Lc=1.2027 Ld=3.2963 lr=2.294e-06 gate_lr=2.294e-05 alpha=0.491+/-0.051 peak_mem=25.41GiB
epoch=8 step=22480/29520 loss=27.4249 Le=0.1118 Lc=1.2811 Ld=3.4336 lr=2.287e-06 gate_lr=2.287e-05 alpha=0.503+/-0.047 peak_mem=25.41GiB
epoch=8 step=22500/29520 loss=25.9726 Le=0.1122 Lc=1.1426 Ld=3.3274 lr=2.280e-06 gate_lr=2.280e-05 alpha=0.509+/-0.043 peak_mem=25.41GiB
epoch=8 step=22520/29520 loss=30.1695 Le=0.1386 Lc=1.2719 Ld=3.5947 lr=2.273e-06 gate_lr=2.273e-05 alpha=0.503+/-0.049 peak_mem=25.41GiB
epoch=8 step=22540/29520 loss=24.9096 Le=0.0909 Lc=1.2471 Ld=3.3531 lr=2.266e-06 gate_lr=2.266e-05 alpha=0.510+/-0.043 peak_mem=25.41GiB
epoch=8 step=22560/29520 loss=21.4374 Le=0.0650 Lc=1.1399 Ld=3.5378 lr=2.259e-06 gate_lr=2.259e-05 alpha=0.505+/-0.043 peak_mem=25.41GiB
epoch=8 step=22580/29520 loss=28.3365 Le=0.1122 Lc=1.3532 Ld=3.5825 lr=2.252e-06 gate_lr=2.252e-05 alpha=0.485+/-0.049 peak_mem=25.41GiB
epoch=8 step=22600/29520 loss=19.4789 Le=0.0363 Lc=1.2539 Ld=3.3141 lr=2.245e-06 gate_lr=2.245e-05 alpha=0.506+/-0.042 peak_mem=25.41GiB
epoch=8 step=22620/29520 loss=23.8485 Le=0.0799 Lc=1.2328 Ld=3.5268 lr=2.238e-06 gate_lr=2.238e-05 alpha=0.508+/-0.049 peak_mem=25.41GiB
epoch=8 step=22640/29520 loss=20.8620 Le=0.0484 Lc=1.2663 Ld=3.3619 lr=2.232e-06 gate_lr=2.232e-05 alpha=0.500+/-0.049 peak_mem=25.41GiB
epoch=8 step=22660/29520 loss=24.9098 Le=0.0828 Lc=1.3393 Ld=3.2325 lr=2.225e-06 gate_lr=2.225e-05 alpha=0.500+/-0.043 peak_mem=25.41GiB
epoch=8 step=22680/29520 loss=26.0405 Le=0.0954 Lc=1.3034 Ld=3.4620 lr=2.218e-06 gate_lr=2.218e-05 alpha=0.499+/-0.044 peak_mem=25.41GiB
epoch=8 step=22700/29520 loss=26.5242 Le=0.1051 Lc=1.2568 Ld=3.4477 lr=2.211e-06 gate_lr=2.211e-05 alpha=0.498+/-0.048 peak_mem=25.41GiB
epoch=8 step=22720/29520 loss=36.5673 Le=0.2049 Lc=1.2780 Ld=3.3014 lr=2.204e-06 gate_lr=2.204e-05 alpha=0.501+/-0.044 peak_mem=25.41GiB
epoch=8 step=22740/29520 loss=18.9630 Le=0.0351 Lc=1.1757 Ld=3.6952 lr=2.198e-06 gate_lr=2.198e-05 alpha=0.491+/-0.050 peak_mem=25.41GiB
epoch=8 step=22760/29520 loss=23.9610 Le=0.0764 Lc=1.2812 Ld=3.5097 lr=2.191e-06 gate_lr=2.191e-05 alpha=0.502+/-0.049 peak_mem=25.41GiB
epoch=8 step=22780/29520 loss=27.9253 Le=0.1116 Lc=1.3440 Ld=3.3211 lr=2.184e-06 gate_lr=2.184e-05 alpha=0.502+/-0.043 peak_mem=25.41GiB
epoch=8 step=22800/29520 loss=36.3241 Le=0.1966 Lc=1.3386 Ld=3.2833 lr=2.178e-06 gate_lr=2.178e-05 alpha=0.501+/-0.047 peak_mem=25.41GiB
epoch=8 step=22820/29520 loss=20.3078 Le=0.0472 Lc=1.2276 Ld=3.3070 lr=2.171e-06 gate_lr=2.171e-05 alpha=0.496+/-0.044 peak_mem=25.41GiB
epoch=8 step=22840/29520 loss=27.2964 Le=0.1083 Lc=1.3188 Ld=3.2819 lr=2.164e-06 gate_lr=2.164e-05 alpha=0.510+/-0.045 peak_mem=25.41GiB
epoch=8 step=22860/29520 loss=33.2685 Le=0.1727 Lc=1.2804 Ld=3.1985 lr=2.158e-06 gate_lr=2.158e-05 alpha=0.500+/-0.042 peak_mem=25.41GiB
epoch=8 step=22880/29520 loss=21.9567 Le=0.0749 Lc=1.1288 Ld=3.1736 lr=2.151e-06 gate_lr=2.151e-05 alpha=0.499+/-0.047 peak_mem=25.41GiB
epoch=8 step=22900/29520 loss=22.6398 Le=0.0740 Lc=1.1899 Ld=3.3460 lr=2.144e-06 gate_lr=2.144e-05 alpha=0.510+/-0.046 peak_mem=25.41GiB
epoch=8 step=22920/29520 loss=33.6318 Le=0.1619 Lc=1.4003 Ld=3.4423 lr=2.138e-06 gate_lr=2.138e-05 alpha=0.510+/-0.048 peak_mem=25.41GiB
epoch=8 step=22940/29520 loss=28.6396 Le=0.1231 Lc=1.3045 Ld=3.2842 lr=2.131e-06 gate_lr=2.131e-05 alpha=0.503+/-0.042 peak_mem=25.41GiB
epoch=8 step=22960/29520 loss=23.0165 Le=0.0766 Lc=1.1908 Ld=3.4530 lr=2.125e-06 gate_lr=2.125e-05 alpha=0.500+/-0.049 peak_mem=25.41GiB
epoch=8 step=22980/29520 loss=37.0236 Le=0.2215 Lc=1.1261 Ld=3.6168 lr=2.118e-06 gate_lr=2.118e-05 alpha=0.501+/-0.049 peak_mem=25.41GiB
epoch=8 step=23000/29520 loss=25.9250 Le=0.0929 Lc=1.3164 Ld=3.4752 lr=2.112e-06 gate_lr=2.112e-05 alpha=0.504+/-0.042 peak_mem=25.41GiB
epoch=8 step=23020/29520 loss=24.7493 Le=0.0813 Lc=1.3137 Ld=3.4796 lr=2.105e-06 gate_lr=2.105e-05 alpha=0.498+/-0.047 peak_mem=25.41GiB
epoch=8 step=23040/29520 loss=29.8259 Le=0.1501 Lc=1.1440 Ld=3.3803 lr=2.099e-06 gate_lr=2.099e-05 alpha=0.500+/-0.045 peak_mem=25.41GiB
epoch=8 step=23060/29520 loss=24.4707 Le=0.0851 Lc=1.2713 Ld=3.2502 lr=2.092e-06 gate_lr=2.092e-05 alpha=0.504+/-0.042 peak_mem=25.41GiB
epoch=8 step=23080/29520 loss=24.7642 Le=0.0771 Lc=1.3609 Ld=3.4488 lr=2.086e-06 gate_lr=2.086e-05 alpha=0.493+/-0.043 peak_mem=25.41GiB
epoch=8 step=23100/29520 loss=24.2079 Le=0.0816 Lc=1.2651 Ld=3.3994 lr=2.079e-06 gate_lr=2.079e-05 alpha=0.504+/-0.046 peak_mem=25.41GiB
epoch=8 step=23120/29520 loss=21.2477 Le=0.0604 Lc=1.1766 Ld=3.4463 lr=2.073e-06 gate_lr=2.073e-05 alpha=0.510+/-0.044 peak_mem=25.41GiB
epoch=8 step=23140/29520 loss=26.0434 Le=0.1119 Lc=1.1461 Ld=3.3912 lr=2.066e-06 gate_lr=2.066e-05 alpha=0.503+/-0.046 peak_mem=25.41GiB
epoch=8 step=23160/29520 loss=29.9334 Le=0.1430 Lc=1.2544 Ld=3.0889 lr=2.060e-06 gate_lr=2.060e-05 alpha=0.504+/-0.048 peak_mem=25.41GiB
epoch=8 step=23180/29520 loss=20.7058 Le=0.0505 Lc=1.2163 Ld=3.4891 lr=2.054e-06 gate_lr=2.054e-05 alpha=0.507+/-0.043 peak_mem=25.41GiB
epoch=8 step=23200/29520 loss=31.3573 Le=0.1539 Lc=1.2477 Ld=3.4858 lr=2.047e-06 gate_lr=2.047e-05 alpha=0.502+/-0.045 peak_mem=25.41GiB
epoch=8 step=23220/29520 loss=22.6524 Le=0.0730 Lc=1.1838 Ld=3.5164 lr=2.041e-06 gate_lr=2.041e-05 alpha=0.503+/-0.045 peak_mem=25.41GiB
epoch=8 step=23240/29520 loss=25.6628 Le=0.0921 Lc=1.3030 Ld=3.4182 lr=2.034e-06 gate_lr=2.034e-05 alpha=0.505+/-0.044 peak_mem=25.41GiB
epoch=8 step=23260/29520 loss=28.0942 Le=0.1305 Lc=1.1699 Ld=3.3498 lr=2.028e-06 gate_lr=2.028e-05 alpha=0.513+/-0.038 peak_mem=25.41GiB
epoch=8 step=23280/29520 loss=20.0318 Le=0.0384 Lc=1.2751 Ld=3.4374 lr=2.022e-06 gate_lr=2.022e-05 alpha=0.504+/-0.042 peak_mem=25.41GiB
epoch=8 step=23300/29520 loss=28.3947 Le=0.1222 Lc=1.2918 Ld=3.2565 lr=2.016e-06 gate_lr=2.016e-05 alpha=0.493+/-0.045 peak_mem=25.41GiB
epoch=8 step=23320/29520 loss=25.8317 Le=0.1023 Lc=1.2284 Ld=3.3135 lr=2.009e-06 gate_lr=2.009e-05 alpha=0.492+/-0.045 peak_mem=25.41GiB
epoch=8 step=23340/29520 loss=32.7509 Le=0.1683 Lc=1.2543 Ld=3.3803 lr=2.003e-06 gate_lr=2.003e-05 alpha=0.502+/-0.044 peak_mem=25.41GiB
epoch=8 step=23360/29520 loss=27.0768 Le=0.1082 Lc=1.2807 Ld=3.4477 lr=1.997e-06 gate_lr=1.997e-05 alpha=0.507+/-0.042 peak_mem=25.41GiB
epoch=8 step=23380/29520 loss=26.7424 Le=0.1144 Lc=1.1847 Ld=3.4554 lr=1.991e-06 gate_lr=1.991e-05 alpha=0.501+/-0.043 peak_mem=25.41GiB
epoch=8 step=23400/29520 loss=19.9104 Le=0.0414 Lc=1.2299 Ld=3.4761 lr=1.984e-06 gate_lr=1.984e-05 alpha=0.495+/-0.044 peak_mem=25.41GiB
epoch=8 step=23420/29520 loss=30.7972 Le=0.1456 Lc=1.2678 Ld=3.5614 lr=1.978e-06 gate_lr=1.978e-05 alpha=0.500+/-0.041 peak_mem=25.41GiB
epoch=8 step=23440/29520 loss=20.0337 Le=0.0363 Lc=1.2889 Ld=3.5158 lr=1.972e-06 gate_lr=1.972e-05 alpha=0.499+/-0.045 peak_mem=25.41GiB
epoch=8 step=23460/29520 loss=28.1348 Le=0.1212 Lc=1.2825 Ld=3.1952 lr=1.966e-06 gate_lr=1.966e-05 alpha=0.498+/-0.047 peak_mem=25.41GiB
epoch=8 step=23480/29520 loss=23.2450 Le=0.0726 Lc=1.2440 Ld=3.5447 lr=1.960e-06 gate_lr=1.960e-05 alpha=0.508+/-0.043 peak_mem=25.41GiB
epoch=8 step=23500/29520 loss=31.2552 Le=0.1398 Lc=1.3885 Ld=3.3917 lr=1.954e-06 gate_lr=1.954e-05 alpha=0.498+/-0.040 peak_mem=25.41GiB
epoch=8 step=23520/29520 loss=17.5285 Le=0.0176 Lc=1.2322 Ld=3.4455 lr=1.948e-06 gate_lr=1.948e-05 alpha=0.507+/-0.046 peak_mem=25.41GiB
epoch=8 step=23540/29520 loss=29.3977 Le=0.1229 Lc=1.3773 Ld=3.3328 lr=1.942e-06 gate_lr=1.942e-05 alpha=0.499+/-0.045 peak_mem=25.41GiB
epoch=8 step=23560/29520 loss=28.8955 Le=0.1349 Lc=1.2201 Ld=3.2012 lr=1.935e-06 gate_lr=1.935e-05 alpha=0.495+/-0.052 peak_mem=25.41GiB
epoch=8 step=23580/29520 loss=22.4819 Le=0.0595 Lc=1.3449 Ld=3.0806 lr=1.929e-06 gate_lr=1.929e-05 alpha=0.489+/-0.043 peak_mem=25.41GiB
epoch=8 step=23600/29520 loss=26.5648 Le=0.0930 Lc=1.3944 Ld=3.3209 lr=1.923e-06 gate_lr=1.923e-05 alpha=0.495+/-0.046 peak_mem=25.41GiB
epoch=8 checkpoints saved
epoch=9 step=23620/29520 loss=22.7314 Le=0.0588 Lc=1.3510 Ld=3.3378 lr=1.917e-06 gate_lr=1.917e-05 alpha=0.504+/-0.048 peak_mem=25.41GiB
epoch=9 step=23640/29520 loss=32.0412 Le=0.1595 Lc=1.2805 Ld=3.2872 lr=1.911e-06 gate_lr=1.911e-05 alpha=0.503+/-0.046 peak_mem=25.41GiB
epoch=9 step=23660/29520 loss=30.6476 Le=0.1496 Lc=1.2411 Ld=3.2799 lr=1.905e-06 gate_lr=1.905e-05 alpha=0.501+/-0.045 peak_mem=25.41GiB
epoch=9 step=23680/29520 loss=25.3484 Le=0.0815 Lc=1.3784 Ld=3.4135 lr=1.899e-06 gate_lr=1.899e-05 alpha=0.499+/-0.051 peak_mem=25.41GiB
epoch=9 step=23700/29520 loss=38.7232 Le=0.2224 Lc=1.3203 Ld=3.2816 lr=1.894e-06 gate_lr=1.894e-05 alpha=0.502+/-0.043 peak_mem=25.41GiB
epoch=9 step=23720/29520 loss=24.4367 Le=0.0778 Lc=1.3270 Ld=3.3921 lr=1.888e-06 gate_lr=1.888e-05 alpha=0.500+/-0.048 peak_mem=25.41GiB
epoch=9 step=23740/29520 loss=33.8897 Le=0.1799 Lc=1.2546 Ld=3.3521 lr=1.882e-06 gate_lr=1.882e-05 alpha=0.510+/-0.048 peak_mem=25.41GiB
epoch=9 step=23760/29520 loss=29.9624 Le=0.1505 Lc=1.1398 Ld=3.5099 lr=1.876e-06 gate_lr=1.876e-05 alpha=0.495+/-0.048 peak_mem=25.41GiB
epoch=9 step=23780/29520 loss=19.4757 Le=0.0375 Lc=1.2185 Ld=3.5407 lr=1.870e-06 gate_lr=1.870e-05 alpha=0.506+/-0.047 peak_mem=25.41GiB
epoch=9 step=23800/29520 loss=20.6316 Le=0.0582 Lc=1.1359 Ld=3.4533 lr=1.864e-06 gate_lr=1.864e-05 alpha=0.512+/-0.048 peak_mem=25.41GiB
epoch=9 step=23820/29520 loss=22.9294 Le=0.0758 Lc=1.2078 Ld=3.2711 lr=1.858e-06 gate_lr=1.858e-05 alpha=0.498+/-0.045 peak_mem=25.41GiB
epoch=9 step=23840/29520 loss=23.3776 Le=0.0723 Lc=1.2849 Ld=3.3025 lr=1.852e-06 gate_lr=1.852e-05 alpha=0.505+/-0.047 peak_mem=25.41GiB
epoch=9 step=23860/29520 loss=19.3338 Le=0.0372 Lc=1.2318 Ld=3.2923 lr=1.847e-06 gate_lr=1.847e-05 alpha=0.507+/-0.039 peak_mem=25.41GiB
epoch=9 step=23880/29520 loss=25.4217 Le=0.0989 Lc=1.2056 Ld=3.4721 lr=1.841e-06 gate_lr=1.841e-05 alpha=0.495+/-0.048 peak_mem=25.41GiB
epoch=9 step=23900/29520 loss=23.8328 Le=0.0791 Lc=1.2584 Ld=3.3401 lr=1.835e-06 gate_lr=1.835e-05 alpha=0.498+/-0.048 peak_mem=25.41GiB
epoch=9 step=23920/29520 loss=22.7705 Le=0.0732 Lc=1.2103 Ld=3.3450 lr=1.829e-06 gate_lr=1.829e-05 alpha=0.502+/-0.041 peak_mem=25.41GiB
epoch=9 step=23940/29520 loss=26.1802 Le=0.0953 Lc=1.3177 Ld=3.4748 lr=1.824e-06 gate_lr=1.824e-05 alpha=0.511+/-0.047 peak_mem=25.41GiB
epoch=9 step=23960/29520 loss=21.1426 Le=0.0481 Lc=1.2943 Ld=3.3915 lr=1.818e-06 gate_lr=1.818e-05 alpha=0.506+/-0.049 peak_mem=25.41GiB
epoch=9 step=23980/29520 loss=27.7340 Le=0.1194 Lc=1.2537 Ld=3.2575 lr=1.812e-06 gate_lr=1.812e-05 alpha=0.502+/-0.050 peak_mem=25.41GiB
epoch=9 step=24000/29520 loss=26.8784 Le=0.1121 Lc=1.2390 Ld=3.2782 lr=1.807e-06 gate_lr=1.807e-05 alpha=0.505+/-0.049 peak_mem=25.41GiB
epoch=9 step=24020/29520 loss=24.6869 Le=0.0763 Lc=1.3611 Ld=3.4427 lr=1.801e-06 gate_lr=1.801e-05 alpha=0.497+/-0.037 peak_mem=25.41GiB
epoch=9 step=24040/29520 loss=24.5861 Le=0.0803 Lc=1.3075 Ld=3.4821 lr=1.795e-06 gate_lr=1.795e-05 alpha=0.510+/-0.042 peak_mem=25.41GiB
epoch=9 step=24060/29520 loss=29.4839 Le=0.1444 Lc=1.1855 Ld=3.1911 lr=1.790e-06 gate_lr=1.790e-05 alpha=0.500+/-0.048 peak_mem=25.41GiB
epoch=9 step=24080/29520 loss=22.7169 Le=0.0571 Lc=1.3604 Ld=3.4019 lr=1.784e-06 gate_lr=1.784e-05 alpha=0.503+/-0.043 peak_mem=25.41GiB
epoch=9 step=24100/29520 loss=16.9375 Le=0.0138 Lc=1.2241 Ld=3.3169 lr=1.778e-06 gate_lr=1.778e-05 alpha=0.501+/-0.043 peak_mem=25.41GiB
epoch=9 step=24120/29520 loss=24.6746 Le=0.0819 Lc=1.3138 Ld=3.3427 lr=1.773e-06 gate_lr=1.773e-05 alpha=0.505+/-0.049 peak_mem=25.41GiB
epoch=9 step=24140/29520 loss=26.3353 Le=0.1083 Lc=1.2203 Ld=3.2989 lr=1.767e-06 gate_lr=1.767e-05 alpha=0.506+/-0.043 peak_mem=25.41GiB
epoch=9 step=24160/29520 loss=28.2697 Le=0.1154 Lc=1.3119 Ld=3.6118 lr=1.762e-06 gate_lr=1.762e-05 alpha=0.505+/-0.050 peak_mem=25.41GiB
epoch=9 step=24180/29520 loss=24.0528 Le=0.0688 Lc=1.3469 Ld=3.7002 lr=1.756e-06 gate_lr=1.756e-05 alpha=0.499+/-0.050 peak_mem=25.41GiB
epoch=9 step=24200/29520 loss=23.0987 Le=0.0728 Lc=1.2526 Ld=3.2889 lr=1.751e-06 gate_lr=1.751e-05 alpha=0.502+/-0.042 peak_mem=25.41GiB
epoch=9 step=24220/29520 loss=22.0007 Le=0.0629 Lc=1.2438 Ld=3.2763 lr=1.745e-06 gate_lr=1.745e-05 alpha=0.507+/-0.045 peak_mem=25.41GiB
epoch=9 step=24240/29520 loss=33.3869 Le=0.1761 Lc=1.2671 Ld=3.1060 lr=1.740e-06 gate_lr=1.740e-05 alpha=0.500+/-0.049 peak_mem=25.41GiB
epoch=9 step=24260/29520 loss=28.4683 Le=0.1163 Lc=1.3464 Ld=3.3708 lr=1.734e-06 gate_lr=1.734e-05 alpha=0.504+/-0.045 peak_mem=25.41GiB
epoch=9 step=24280/29520 loss=28.8600 Le=0.1232 Lc=1.3194 Ld=3.3446 lr=1.729e-06 gate_lr=1.729e-05 alpha=0.502+/-0.048 peak_mem=25.41GiB
epoch=9 step=24300/29520 loss=32.8153 Le=0.1680 Lc=1.2469 Ld=3.5462 lr=1.724e-06 gate_lr=1.724e-05 alpha=0.500+/-0.047 peak_mem=25.41GiB
epoch=9 step=24320/29520 loss=27.4316 Le=0.1041 Lc=1.3475 Ld=3.5488 lr=1.718e-06 gate_lr=1.718e-05 alpha=0.500+/-0.042 peak_mem=25.41GiB
epoch=9 step=24340/29520 loss=28.8617 Le=0.1214 Lc=1.3342 Ld=3.3785 lr=1.713e-06 gate_lr=1.713e-05 alpha=0.500+/-0.048 peak_mem=25.41GiB
epoch=9 step=24360/29520 loss=26.6529 Le=0.1171 Lc=1.1582 Ld=3.3572 lr=1.708e-06 gate_lr=1.708e-05 alpha=0.507+/-0.043 peak_mem=25.41GiB
epoch=9 step=24380/29520 loss=25.1921 Le=0.0796 Lc=1.3732 Ld=3.4978 lr=1.702e-06 gate_lr=1.702e-05 alpha=0.501+/-0.046 peak_mem=25.41GiB
epoch=9 step=24400/29520 loss=23.2154 Le=0.0793 Lc=1.1861 Ld=3.4257 lr=1.697e-06 gate_lr=1.697e-05 alpha=0.508+/-0.043 peak_mem=25.41GiB
epoch=9 step=24420/29520 loss=25.9069 Le=0.1087 Lc=1.1822 Ld=3.2155 lr=1.692e-06 gate_lr=1.692e-05 alpha=0.506+/-0.041 peak_mem=25.41GiB
epoch=9 step=24440/29520 loss=17.0386 Le=0.0183 Lc=1.1635 Ld=3.5748 lr=1.686e-06 gate_lr=1.686e-05 alpha=0.500+/-0.042 peak_mem=25.41GiB
epoch=9 step=24460/29520 loss=29.7452 Le=0.1415 Lc=1.2192 Ld=3.3992 lr=1.681e-06 gate_lr=1.681e-05 alpha=0.507+/-0.038 peak_mem=25.41GiB
epoch=9 step=24480/29520 loss=19.2797 Le=0.0374 Lc=1.1978 Ld=3.5586 lr=1.676e-06 gate_lr=1.676e-05 alpha=0.494+/-0.049 peak_mem=25.41GiB
epoch=9 step=24500/29520 loss=27.5629 Le=0.1026 Lc=1.3872 Ld=3.4271 lr=1.671e-06 gate_lr=1.671e-05 alpha=0.502+/-0.041 peak_mem=25.41GiB
epoch=9 step=24520/29520 loss=23.0368 Le=0.0594 Lc=1.3859 Ld=3.2353 lr=1.665e-06 gate_lr=1.665e-05 alpha=0.498+/-0.040 peak_mem=25.41GiB
epoch=9 step=24540/29520 loss=27.1560 Le=0.0984 Lc=1.4049 Ld=3.2620 lr=1.660e-06 gate_lr=1.660e-05 alpha=0.498+/-0.046 peak_mem=25.41GiB
epoch=9 step=24560/29520 loss=26.2795 Le=0.1014 Lc=1.2849 Ld=3.2899 lr=1.655e-06 gate_lr=1.655e-05 alpha=0.511+/-0.046 peak_mem=25.41GiB
epoch=9 step=24580/29520 loss=25.9520 Le=0.1050 Lc=1.1996 Ld=3.4591 lr=1.650e-06 gate_lr=1.650e-05 alpha=0.512+/-0.042 peak_mem=25.41GiB
epoch=9 step=24600/29520 loss=24.4916 Le=0.0780 Lc=1.3162 Ld=3.5334 lr=1.645e-06 gate_lr=1.645e-05 alpha=0.496+/-0.040 peak_mem=25.41GiB
epoch=9 step=24620/29520 loss=24.7242 Le=0.0943 Lc=1.2005 Ld=3.2887 lr=1.640e-06 gate_lr=1.640e-05 alpha=0.505+/-0.046 peak_mem=25.41GiB
epoch=9 step=24640/29520 loss=23.0982 Le=0.0558 Lc=1.4136 Ld=3.3792 lr=1.635e-06 gate_lr=1.635e-05 alpha=0.505+/-0.047 peak_mem=25.41GiB
epoch=9 step=24660/29520 loss=31.7715 Le=0.1481 Lc=1.3681 Ld=3.2755 lr=1.630e-06 gate_lr=1.630e-05 alpha=0.501+/-0.046 peak_mem=25.41GiB
epoch=9 step=24680/29520 loss=23.8920 Le=0.0663 Lc=1.3814 Ld=3.4459 lr=1.625e-06 gate_lr=1.625e-05 alpha=0.501+/-0.052 peak_mem=25.41GiB
epoch=9 step=24700/29520 loss=24.4736 Le=0.0818 Lc=1.3126 Ld=3.1708 lr=1.620e-06 gate_lr=1.620e-05 alpha=0.502+/-0.046 peak_mem=25.41GiB
epoch=9 step=24720/29520 loss=27.6310 Le=0.1044 Lc=1.3899 Ld=3.2905 lr=1.615e-06 gate_lr=1.615e-05 alpha=0.496+/-0.054 peak_mem=25.41GiB
epoch=9 step=24740/29520 loss=22.8672 Le=0.0631 Lc=1.3014 Ld=3.5426 lr=1.610e-06 gate_lr=1.610e-05 alpha=0.507+/-0.048 peak_mem=25.41GiB
epoch=9 step=24760/29520 loss=31.3846 Le=0.1499 Lc=1.3090 Ld=3.3038 lr=1.605e-06 gate_lr=1.605e-05 alpha=0.503+/-0.048 peak_mem=25.41GiB
epoch=9 step=24780/29520 loss=22.0662 Le=0.0626 Lc=1.2413 Ld=3.3950 lr=1.600e-06 gate_lr=1.600e-05 alpha=0.512+/-0.043 peak_mem=25.41GiB
epoch=9 step=24800/29520 loss=29.8493 Le=0.1468 Lc=1.1735 Ld=3.4373 lr=1.595e-06 gate_lr=1.595e-05 alpha=0.498+/-0.048 peak_mem=25.41GiB
epoch=9 step=24820/29520 loss=29.0071 Le=0.1230 Lc=1.3471 Ld=3.2369 lr=1.590e-06 gate_lr=1.590e-05 alpha=0.498+/-0.049 peak_mem=25.41GiB
epoch=9 step=24840/29520 loss=22.1048 Le=0.0676 Lc=1.1934 Ld=3.4157 lr=1.585e-06 gate_lr=1.585e-05 alpha=0.504+/-0.044 peak_mem=25.41GiB
epoch=9 step=24860/29520 loss=30.0268 Le=0.1425 Lc=1.2360 Ld=3.4200 lr=1.580e-06 gate_lr=1.580e-05 alpha=0.502+/-0.045 peak_mem=25.41GiB
epoch=9 step=24880/29520 loss=21.5347 Le=0.0675 Lc=1.1247 Ld=3.5371 lr=1.575e-06 gate_lr=1.575e-05 alpha=0.501+/-0.046 peak_mem=25.41GiB
epoch=9 step=24900/29520 loss=24.7378 Le=0.0826 Lc=1.3129 Ld=3.3476 lr=1.570e-06 gate_lr=1.570e-05 alpha=0.503+/-0.048 peak_mem=25.41GiB
epoch=9 step=24920/29520 loss=21.8990 Le=0.0571 Lc=1.2789 Ld=3.4010 lr=1.565e-06 gate_lr=1.565e-05 alpha=0.504+/-0.043 peak_mem=25.41GiB
epoch=9 step=24940/29520 loss=22.9076 Le=0.0697 Lc=1.2340 Ld=3.6016 lr=1.561e-06 gate_lr=1.561e-05 alpha=0.505+/-0.047 peak_mem=25.41GiB
epoch=9 step=24960/29520 loss=21.0554 Le=0.0537 Lc=1.2482 Ld=3.2039 lr=1.556e-06 gate_lr=1.556e-05 alpha=0.505+/-0.043 peak_mem=25.41GiB
epoch=9 step=24980/29520 loss=28.9162 Le=0.1358 Lc=1.2052 Ld=3.2857 lr=1.551e-06 gate_lr=1.551e-05 alpha=0.506+/-0.055 peak_mem=25.41GiB
epoch=9 step=25000/29520 loss=30.0304 Le=0.1493 Lc=1.1623 Ld=3.4771 lr=1.546e-06 gate_lr=1.546e-05 alpha=0.508+/-0.044 peak_mem=25.41GiB
epoch=9 step=25020/29520 loss=25.8237 Le=0.0829 Lc=1.4027 Ld=3.5054 lr=1.542e-06 gate_lr=1.542e-05 alpha=0.504+/-0.049 peak_mem=25.41GiB
epoch=9 step=25040/29520 loss=24.3703 Le=0.0780 Lc=1.3119 Ld=3.4466 lr=1.537e-06 gate_lr=1.537e-05 alpha=0.512+/-0.048 peak_mem=25.41GiB
epoch=9 step=25060/29520 loss=29.6994 Le=0.1358 Lc=1.2951 Ld=3.1696 lr=1.532e-06 gate_lr=1.532e-05 alpha=0.509+/-0.050 peak_mem=25.41GiB
epoch=9 step=25080/29520 loss=30.5619 Le=0.1473 Lc=1.2368 Ld=3.4650 lr=1.528e-06 gate_lr=1.528e-05 alpha=0.506+/-0.048 peak_mem=25.41GiB
epoch=9 step=25100/29520 loss=28.7460 Le=0.1212 Lc=1.2985 Ld=3.6420 lr=1.523e-06 gate_lr=1.523e-05 alpha=0.504+/-0.046 peak_mem=25.41GiB
epoch=9 step=25120/29520 loss=25.8290 Le=0.0994 Lc=1.2639 Ld=3.2495 lr=1.518e-06 gate_lr=1.518e-05 alpha=0.500+/-0.042 peak_mem=25.41GiB
epoch=9 step=25140/29520 loss=20.6391 Le=0.0496 Lc=1.2190 Ld=3.4903 lr=1.514e-06 gate_lr=1.514e-05 alpha=0.511+/-0.045 peak_mem=25.41GiB
epoch=9 step=25160/29520 loss=27.4591 Le=0.1113 Lc=1.2836 Ld=3.4901 lr=1.509e-06 gate_lr=1.509e-05 alpha=0.502+/-0.049 peak_mem=25.41GiB
epoch=9 step=25180/29520 loss=18.5791 Le=0.0235 Lc=1.2820 Ld=3.4121 lr=1.505e-06 gate_lr=1.505e-05 alpha=0.503+/-0.046 peak_mem=25.41GiB
epoch=9 step=25200/29520 loss=27.2031 Le=0.0969 Lc=1.4113 Ld=3.4018 lr=1.500e-06 gate_lr=1.500e-05 alpha=0.506+/-0.045 peak_mem=25.41GiB
epoch=9 step=25220/29520 loss=22.1801 Le=0.0714 Lc=1.1633 Ld=3.4109 lr=1.495e-06 gate_lr=1.495e-05 alpha=0.500+/-0.046 peak_mem=25.41GiB
epoch=9 step=25240/29520 loss=24.2427 Le=0.0805 Lc=1.2888 Ld=3.3087 lr=1.491e-06 gate_lr=1.491e-05 alpha=0.499+/-0.046 peak_mem=25.41GiB
epoch=9 step=25260/29520 loss=29.5434 Le=0.1401 Lc=1.2219 Ld=3.3144 lr=1.486e-06 gate_lr=1.486e-05 alpha=0.508+/-0.048 peak_mem=25.41GiB
epoch=9 step=25280/29520 loss=19.3556 Le=0.0468 Lc=1.1547 Ld=3.1300 lr=1.482e-06 gate_lr=1.482e-05 alpha=0.507+/-0.045 peak_mem=25.41GiB
epoch=9 step=25300/29520 loss=29.7662 Le=0.1355 Lc=1.2843 Ld=3.3723 lr=1.478e-06 gate_lr=1.478e-05 alpha=0.507+/-0.042 peak_mem=25.41GiB
epoch=9 step=25320/29520 loss=25.7830 Le=0.1068 Lc=1.1731 Ld=3.3712 lr=1.473e-06 gate_lr=1.473e-05 alpha=0.508+/-0.050 peak_mem=25.41GiB
epoch=9 step=25340/29520 loss=28.0423 Le=0.1222 Lc=1.2506 Ld=3.3165 lr=1.469e-06 gate_lr=1.469e-05 alpha=0.507+/-0.047 peak_mem=25.41GiB
epoch=9 step=25360/29520 loss=18.2024 Le=0.0257 Lc=1.2058 Ld=3.5768 lr=1.464e-06 gate_lr=1.464e-05 alpha=0.504+/-0.049 peak_mem=25.41GiB
epoch=9 step=25380/29520 loss=19.5254 Le=0.0459 Lc=1.1909 Ld=3.0273 lr=1.460e-06 gate_lr=1.460e-05 alpha=0.502+/-0.049 peak_mem=25.41GiB
epoch=9 step=25400/29520 loss=24.2175 Le=0.0740 Lc=1.3469 Ld=3.3472 lr=1.456e-06 gate_lr=1.456e-05 alpha=0.502+/-0.047 peak_mem=25.41GiB
epoch=9 step=25420/29520 loss=22.0864 Le=0.0653 Lc=1.2180 Ld=3.3810 lr=1.451e-06 gate_lr=1.451e-05 alpha=0.502+/-0.038 peak_mem=25.41GiB
epoch=9 step=25440/29520 loss=22.2150 Le=0.0523 Lc=1.3698 Ld=3.2834 lr=1.447e-06 gate_lr=1.447e-05 alpha=0.505+/-0.042 peak_mem=25.41GiB
epoch=9 step=25460/29520 loss=21.5844 Le=0.0559 Lc=1.2624 Ld=3.3687 lr=1.443e-06 gate_lr=1.443e-05 alpha=0.493+/-0.045 peak_mem=25.41GiB
epoch=9 step=25480/29520 loss=23.6468 Le=0.0812 Lc=1.2012 Ld=3.5180 lr=1.438e-06 gate_lr=1.438e-05 alpha=0.502+/-0.051 peak_mem=25.41GiB
epoch=9 step=25500/29520 loss=32.5957 Le=0.1567 Lc=1.3627 Ld=3.3013 lr=1.434e-06 gate_lr=1.434e-05 alpha=0.507+/-0.053 peak_mem=25.41GiB
epoch=9 step=25520/29520 loss=20.9109 Le=0.0495 Lc=1.2751 Ld=3.2053 lr=1.430e-06 gate_lr=1.430e-05 alpha=0.510+/-0.045 peak_mem=25.41GiB
epoch=9 step=25540/29520 loss=28.9709 Le=0.1206 Lc=1.3494 Ld=3.4183 lr=1.426e-06 gate_lr=1.426e-05 alpha=0.506+/-0.048 peak_mem=25.41GiB
epoch=9 step=25560/29520 loss=25.4749 Le=0.0913 Lc=1.3097 Ld=3.2520 lr=1.421e-06 gate_lr=1.421e-05 alpha=0.507+/-0.050 peak_mem=25.41GiB
epoch=9 step=25580/29520 loss=25.6744 Le=0.0940 Lc=1.2763 Ld=3.5080 lr=1.417e-06 gate_lr=1.417e-05 alpha=0.500+/-0.047 peak_mem=25.41GiB
epoch=9 step=25600/29520 loss=19.3097 Le=0.0413 Lc=1.2070 Ld=3.1139 lr=1.413e-06 gate_lr=1.413e-05 alpha=0.502+/-0.041 peak_mem=25.41GiB
epoch=9 step=25620/29520 loss=27.9017 Le=0.1167 Lc=1.3025 Ld=3.2025 lr=1.409e-06 gate_lr=1.409e-05 alpha=0.507+/-0.049 peak_mem=25.41GiB
epoch=9 step=25640/29520 loss=29.9321 Le=0.1505 Lc=1.1552 Ld=3.3345 lr=1.405e-06 gate_lr=1.405e-05 alpha=0.498+/-0.047 peak_mem=25.41GiB
epoch=9 step=25660/29520 loss=31.9721 Le=0.1585 Lc=1.2601 Ld=3.5213 lr=1.401e-06 gate_lr=1.401e-05 alpha=0.500+/-0.051 peak_mem=25.41GiB
epoch=9 step=25680/29520 loss=23.6538 Le=0.0842 Lc=1.1974 Ld=3.2585 lr=1.397e-06 gate_lr=1.397e-05 alpha=0.508+/-0.044 peak_mem=25.41GiB
epoch=9 step=25700/29520 loss=18.6280 Le=0.0396 Lc=1.1395 Ld=3.2717 lr=1.393e-06 gate_lr=1.393e-05 alpha=0.499+/-0.043 peak_mem=25.41GiB
epoch=9 step=25720/29520 loss=27.3505 Le=0.1191 Lc=1.2068 Ld=3.3695 lr=1.389e-06 gate_lr=1.389e-05 alpha=0.498+/-0.047 peak_mem=25.41GiB
epoch=9 step=25740/29520 loss=26.8105 Le=0.1052 Lc=1.2710 Ld=3.5808 lr=1.384e-06 gate_lr=1.384e-05 alpha=0.506+/-0.049 peak_mem=25.41GiB
epoch=9 step=25760/29520 loss=23.0340 Le=0.0696 Lc=1.2795 Ld=3.2776 lr=1.380e-06 gate_lr=1.380e-05 alpha=0.504+/-0.046 peak_mem=25.41GiB
epoch=9 step=25780/29520 loss=22.1536 Le=0.0637 Lc=1.2436 Ld=3.3449 lr=1.377e-06 gate_lr=1.377e-05 alpha=0.493+/-0.044 peak_mem=25.41GiB
epoch=9 step=25800/29520 loss=22.1413 Le=0.0606 Lc=1.2557 Ld=3.5239 lr=1.373e-06 gate_lr=1.373e-05 alpha=0.499+/-0.047 peak_mem=25.41GiB
epoch=9 step=25820/29520 loss=16.2006 Le=0.0192 Lc=1.0801 Ld=3.4830 lr=1.369e-06 gate_lr=1.369e-05 alpha=0.514+/-0.045 peak_mem=25.41GiB
epoch=9 step=25840/29520 loss=28.2042 Le=0.1354 Lc=1.1278 Ld=3.3828 lr=1.365e-06 gate_lr=1.365e-05 alpha=0.494+/-0.041 peak_mem=25.41GiB
epoch=9 step=25860/29520 loss=27.9765 Le=0.1229 Lc=1.2278 Ld=3.4073 lr=1.361e-06 gate_lr=1.361e-05 alpha=0.499+/-0.045 peak_mem=25.41GiB
epoch=9 step=25880/29520 loss=23.2297 Le=0.0749 Lc=1.2224 Ld=3.5172 lr=1.357e-06 gate_lr=1.357e-05 alpha=0.497+/-0.044 peak_mem=25.41GiB
epoch=9 step=25900/29520 loss=26.6688 Le=0.1080 Lc=1.2479 Ld=3.3905 lr=1.353e-06 gate_lr=1.353e-05 alpha=0.507+/-0.053 peak_mem=25.41GiB
epoch=9 step=25920/29520 loss=30.9224 Le=0.1458 Lc=1.3138 Ld=3.2054 lr=1.349e-06 gate_lr=1.349e-05 alpha=0.498+/-0.048 peak_mem=25.41GiB
epoch=9 step=25940/29520 loss=34.3549 Le=0.1714 Lc=1.4033 Ld=3.1869 lr=1.345e-06 gate_lr=1.345e-05 alpha=0.494+/-0.045 peak_mem=25.41GiB
epoch=9 step=25960/29520 loss=26.7846 Le=0.1187 Lc=1.1454 Ld=3.4608 lr=1.342e-06 gate_lr=1.342e-05 alpha=0.506+/-0.052 peak_mem=25.41GiB
epoch=9 step=25980/29520 loss=28.0402 Le=0.1143 Lc=1.3156 Ld=3.4491 lr=1.338e-06 gate_lr=1.338e-05 alpha=0.502+/-0.046 peak_mem=25.41GiB
epoch=9 step=26000/29520 loss=21.7034 Le=0.0643 Lc=1.2053 Ld=3.2245 lr=1.334e-06 gate_lr=1.334e-05 alpha=0.502+/-0.048 peak_mem=25.41GiB
epoch=9 step=26020/29520 loss=24.3146 Le=0.0989 Lc=1.1060 Ld=3.3607 lr=1.330e-06 gate_lr=1.330e-05 alpha=0.504+/-0.043 peak_mem=25.41GiB
epoch=9 step=26040/29520 loss=18.2165 Le=0.0200 Lc=1.2665 Ld=3.5478 lr=1.327e-06 gate_lr=1.327e-05 alpha=0.495+/-0.053 peak_mem=25.41GiB
epoch=9 step=26060/29520 loss=21.8973 Le=0.0677 Lc=1.1739 Ld=3.3847 lr=1.323e-06 gate_lr=1.323e-05 alpha=0.502+/-0.047 peak_mem=25.41GiB
epoch=9 step=26080/29520 loss=24.5691 Le=0.0876 Lc=1.2647 Ld=3.1585 lr=1.319e-06 gate_lr=1.319e-05 alpha=0.507+/-0.050 peak_mem=25.41GiB
epoch=9 step=26100/29520 loss=20.4829 Le=0.0429 Lc=1.2962 Ld=3.2295 lr=1.316e-06 gate_lr=1.316e-05 alpha=0.497+/-0.056 peak_mem=25.41GiB
epoch=9 step=26120/29520 loss=22.6870 Le=0.0636 Lc=1.3188 Ld=3.1422 lr=1.312e-06 gate_lr=1.312e-05 alpha=0.506+/-0.052 peak_mem=25.41GiB
epoch=9 step=26140/29520 loss=29.8530 Le=0.1396 Lc=1.2527 Ld=3.3666 lr=1.308e-06 gate_lr=1.308e-05 alpha=0.503+/-0.049 peak_mem=25.41GiB
epoch=9 step=26160/29520 loss=25.5348 Le=0.1026 Lc=1.1845 Ld=3.4290 lr=1.305e-06 gate_lr=1.305e-05 alpha=0.505+/-0.044 peak_mem=25.41GiB
epoch=9 step=26180/29520 loss=23.4520 Le=0.0882 Lc=1.1264 Ld=3.3652 lr=1.301e-06 gate_lr=1.301e-05 alpha=0.510+/-0.047 peak_mem=25.41GiB
epoch=9 step=26200/29520 loss=24.0508 Le=0.0764 Lc=1.2882 Ld=3.5321 lr=1.298e-06 gate_lr=1.298e-05 alpha=0.503+/-0.042 peak_mem=25.41GiB
epoch=9 step=26220/29520 loss=21.8211 Le=0.0603 Lc=1.2497 Ld=3.2948 lr=1.294e-06 gate_lr=1.294e-05 alpha=0.504+/-0.045 peak_mem=25.41GiB
epoch=9 step=26240/29520 loss=25.8707 Le=0.0789 Lc=1.4639 Ld=3.3413 lr=1.291e-06 gate_lr=1.291e-05 alpha=0.511+/-0.049 peak_mem=25.41GiB
epoch=9 step=26260/29520 loss=26.8553 Le=0.1052 Lc=1.2843 Ld=3.4957 lr=1.287e-06 gate_lr=1.287e-05 alpha=0.502+/-0.048 peak_mem=25.41GiB
epoch=9 step=26280/29520 loss=26.5601 Le=0.1077 Lc=1.2195 Ld=3.5909 lr=1.284e-06 gate_lr=1.284e-05 alpha=0.499+/-0.044 peak_mem=25.41GiB
epoch=9 step=26300/29520 loss=22.5176 Le=0.0656 Lc=1.2623 Ld=3.3327 lr=1.280e-06 gate_lr=1.280e-05 alpha=0.497+/-0.052 peak_mem=25.41GiB
epoch=9 step=26320/29520 loss=21.4418 Le=0.0462 Lc=1.3267 Ld=3.5550 lr=1.277e-06 gate_lr=1.277e-05 alpha=0.500+/-0.044 peak_mem=25.41GiB
epoch=9 step=26340/29520 loss=21.4745 Le=0.0653 Lc=1.1581 Ld=3.3664 lr=1.273e-06 gate_lr=1.273e-05 alpha=0.501+/-0.042 peak_mem=25.41GiB
epoch=9 step=26360/29520 loss=26.2899 Le=0.1116 Lc=1.1867 Ld=3.2669 lr=1.270e-06 gate_lr=1.270e-05 alpha=0.510+/-0.044 peak_mem=25.41GiB
epoch=9 step=26380/29520 loss=19.1487 Le=0.0359 Lc=1.2405 Ld=3.1561 lr=1.267e-06 gate_lr=1.267e-05 alpha=0.503+/-0.049 peak_mem=25.41GiB
epoch=9 step=26400/29520 loss=25.4239 Le=0.0915 Lc=1.2951 Ld=3.3194 lr=1.263e-06 gate_lr=1.263e-05 alpha=0.505+/-0.046 peak_mem=25.41GiB
epoch=9 step=26420/29520 loss=22.4571 Le=0.0789 Lc=1.1311 Ld=3.2570 lr=1.260e-06 gate_lr=1.260e-05 alpha=0.500+/-0.045 peak_mem=25.41GiB
epoch=9 step=26440/29520 loss=20.2732 Le=0.0449 Lc=1.2437 Ld=3.3511 lr=1.257e-06 gate_lr=1.257e-05 alpha=0.503+/-0.045 peak_mem=25.41GiB
epoch=9 step=26460/29520 loss=26.2426 Le=0.0941 Lc=1.3475 Ld=3.3612 lr=1.253e-06 gate_lr=1.253e-05 alpha=0.500+/-0.044 peak_mem=25.41GiB
epoch=9 step=26480/29520 loss=22.3565 Le=0.0533 Lc=1.3675 Ld=3.3477 lr=1.250e-06 gate_lr=1.250e-05 alpha=0.499+/-0.049 peak_mem=25.41GiB
epoch=9 step=26500/29520 loss=29.4999 Le=0.1469 Lc=1.1772 Ld=3.0407 lr=1.247e-06 gate_lr=1.247e-05 alpha=0.500+/-0.046 peak_mem=25.41GiB
epoch=9 step=26520/29520 loss=18.3543 Le=0.0321 Lc=1.1638 Ld=3.5104 lr=1.243e-06 gate_lr=1.243e-05 alpha=0.507+/-0.040 peak_mem=25.41GiB
epoch=9 step=26540/29520 loss=26.8246 Le=0.1064 Lc=1.2708 Ld=3.4817 lr=1.240e-06 gate_lr=1.240e-05 alpha=0.503+/-0.046 peak_mem=25.41GiB
epoch=9 step=26560/29520 loss=32.3842 Le=0.1552 Lc=1.3698 Ld=3.1630 lr=1.237e-06 gate_lr=1.237e-05 alpha=0.499+/-0.043 peak_mem=25.41GiB
epoch=9 checkpoints saved
epoch=10 step=26580/29520 loss=21.2260 Le=0.0555 Lc=1.2138 Ld=3.5412 lr=1.234e-06 gate_lr=1.234e-05 alpha=0.508+/-0.042 peak_mem=25.41GiB
epoch=10 step=26600/29520 loss=20.7212 Le=0.0496 Lc=1.2714 Ld=3.0471 lr=1.231e-06 gate_lr=1.231e-05 alpha=0.501+/-0.045 peak_mem=25.41GiB
epoch=10 step=26620/29520 loss=23.7811 Le=0.0683 Lc=1.3175 Ld=3.7780 lr=1.228e-06 gate_lr=1.228e-05 alpha=0.503+/-0.045 peak_mem=25.41GiB
epoch=10 step=26640/29520 loss=18.5287 Le=0.0355 Lc=1.1835 Ld=3.1484 lr=1.225e-06 gate_lr=1.225e-05 alpha=0.502+/-0.053 peak_mem=25.41GiB
epoch=10 step=26660/29520 loss=22.0043 Le=0.0660 Lc=1.1871 Ld=3.5333 lr=1.221e-06 gate_lr=1.221e-05 alpha=0.503+/-0.044 peak_mem=25.41GiB
epoch=10 step=26680/29520 loss=28.0164 Le=0.1153 Lc=1.2952 Ld=3.5306 lr=1.218e-06 gate_lr=1.218e-05 alpha=0.509+/-0.047 peak_mem=25.41GiB
epoch=10 step=26700/29520 loss=22.9467 Le=0.0797 Lc=1.1781 Ld=3.1940 lr=1.215e-06 gate_lr=1.215e-05 alpha=0.516+/-0.043 peak_mem=25.41GiB
epoch=10 step=26720/29520 loss=30.9097 Le=0.1468 Lc=1.2919 Ld=3.3138 lr=1.212e-06 gate_lr=1.212e-05 alpha=0.505+/-0.042 peak_mem=25.41GiB
epoch=10 step=26740/29520 loss=23.2867 Le=0.0792 Lc=1.2184 Ld=3.1798 lr=1.209e-06 gate_lr=1.209e-05 alpha=0.502+/-0.047 peak_mem=25.41GiB
epoch=10 step=26760/29520 loss=19.1221 Le=0.0378 Lc=1.1869 Ld=3.4679 lr=1.206e-06 gate_lr=1.206e-05 alpha=0.511+/-0.042 peak_mem=25.41GiB
epoch=10 step=26780/29520 loss=19.8641 Le=0.0441 Lc=1.2098 Ld=3.3582 lr=1.203e-06 gate_lr=1.203e-05 alpha=0.508+/-0.045 peak_mem=25.41GiB
epoch=10 step=26800/29520 loss=27.7384 Le=0.1233 Lc=1.2145 Ld=3.2661 lr=1.200e-06 gate_lr=1.200e-05 alpha=0.496+/-0.053 peak_mem=25.41GiB
epoch=10 step=26820/29520 loss=19.2055 Le=0.0377 Lc=1.2279 Ld=3.1574 lr=1.198e-06 gate_lr=1.198e-05 alpha=0.502+/-0.042 peak_mem=25.41GiB
epoch=10 step=26840/29520 loss=17.9335 Le=0.0087 Lc=1.3553 Ld=3.5080 lr=1.195e-06 gate_lr=1.195e-05 alpha=0.494+/-0.048 peak_mem=25.41GiB
epoch=10 step=26860/29520 loss=29.4478 Le=0.1245 Lc=1.3658 Ld=3.3420 lr=1.192e-06 gate_lr=1.192e-05 alpha=0.499+/-0.051 peak_mem=25.41GiB
epoch=10 step=26880/29520 loss=22.9523 Le=0.0889 Lc=1.0543 Ld=3.5205 lr=1.189e-06 gate_lr=1.189e-05 alpha=0.503+/-0.055 peak_mem=25.41GiB
epoch=10 step=26900/29520 loss=22.0049 Le=0.0622 Lc=1.2176 Ld=3.6066 lr=1.186e-06 gate_lr=1.186e-05 alpha=0.511+/-0.045 peak_mem=25.41GiB
epoch=10 step=26920/29520 loss=22.0490 Le=0.0585 Lc=1.2750 Ld=3.4534 lr=1.183e-06 gate_lr=1.183e-05 alpha=0.500+/-0.046 peak_mem=25.41GiB
epoch=10 step=26940/29520 loss=19.5096 Le=0.0364 Lc=1.2225 Ld=3.6430 lr=1.181e-06 gate_lr=1.181e-05 alpha=0.507+/-0.043 peak_mem=25.41GiB
epoch=10 step=26960/29520 loss=21.9627 Le=0.0658 Lc=1.2066 Ld=3.3155 lr=1.178e-06 gate_lr=1.178e-05 alpha=0.495+/-0.046 peak_mem=25.41GiB
epoch=10 step=26980/29520 loss=19.6288 Le=0.0365 Lc=1.2919 Ld=3.0554 lr=1.175e-06 gate_lr=1.175e-05 alpha=0.493+/-0.045 peak_mem=25.41GiB
epoch=10 step=27000/29520 loss=20.0503 Le=0.0339 Lc=1.3424 Ld=3.2318 lr=1.172e-06 gate_lr=1.172e-05 alpha=0.501+/-0.047 peak_mem=25.41GiB
epoch=10 step=27020/29520 loss=28.1746 Le=0.1173 Lc=1.3234 Ld=3.2156 lr=1.170e-06 gate_lr=1.170e-05 alpha=0.502+/-0.045 peak_mem=25.41GiB
epoch=10 step=27040/29520 loss=26.5608 Le=0.1103 Lc=1.2295 Ld=3.2341 lr=1.167e-06 gate_lr=1.167e-05 alpha=0.503+/-0.048 peak_mem=25.41GiB
epoch=10 step=27060/29520 loss=30.9608 Le=0.1449 Lc=1.2976 Ld=3.4993 lr=1.164e-06 gate_lr=1.164e-05 alpha=0.506+/-0.050 peak_mem=25.41GiB
epoch=10 step=27080/29520 loss=25.0728 Le=0.0937 Lc=1.2213 Ld=3.4905 lr=1.162e-06 gate_lr=1.162e-05 alpha=0.510+/-0.043 peak_mem=25.41GiB
epoch=10 step=27100/29520 loss=26.9962 Le=0.1235 Lc=1.1358 Ld=3.2906 lr=1.159e-06 gate_lr=1.159e-05 alpha=0.502+/-0.046 peak_mem=25.41GiB
epoch=10 step=27120/29520 loss=24.6115 Le=0.0951 Lc=1.1995 Ld=3.1082 lr=1.156e-06 gate_lr=1.156e-05 alpha=0.498+/-0.046 peak_mem=25.41GiB
epoch=10 step=27140/29520 loss=18.2671 Le=0.0238 Lc=1.2780 Ld=3.1062 lr=1.154e-06 gate_lr=1.154e-05 alpha=0.503+/-0.035 peak_mem=25.41GiB
epoch=10 step=27160/29520 loss=22.6941 Le=0.0672 Lc=1.2886 Ld=3.0875 lr=1.151e-06 gate_lr=1.151e-05 alpha=0.506+/-0.044 peak_mem=25.41GiB
epoch=10 step=27180/29520 loss=24.2011 Le=0.0738 Lc=1.3276 Ld=3.5412 lr=1.149e-06 gate_lr=1.149e-05 alpha=0.498+/-0.047 peak_mem=25.41GiB
epoch=10 step=27200/29520 loss=23.5636 Le=0.0815 Lc=1.2294 Ld=3.1201 lr=1.146e-06 gate_lr=1.146e-05 alpha=0.511+/-0.046 peak_mem=25.41GiB
epoch=10 step=27220/29520 loss=19.0975 Le=0.0416 Lc=1.1578 Ld=3.3552 lr=1.144e-06 gate_lr=1.144e-05 alpha=0.506+/-0.050 peak_mem=25.41GiB
epoch=10 step=27240/29520 loss=23.8425 Le=0.0770 Lc=1.2771 Ld=3.3704 lr=1.141e-06 gate_lr=1.141e-05 alpha=0.498+/-0.054 peak_mem=25.41GiB
epoch=10 step=27260/29520 loss=27.0048 Le=0.1069 Lc=1.2986 Ld=3.3315 lr=1.139e-06 gate_lr=1.139e-05 alpha=0.501+/-0.047 peak_mem=25.41GiB
epoch=10 step=27280/29520 loss=37.8408 Le=0.2157 Lc=1.3074 Ld=3.1981 lr=1.136e-06 gate_lr=1.136e-05 alpha=0.508+/-0.045 peak_mem=25.41GiB
epoch=10 step=27300/29520 loss=24.1154 Le=0.0777 Lc=1.2942 Ld=3.4010 lr=1.134e-06 gate_lr=1.134e-05 alpha=0.497+/-0.047 peak_mem=25.41GiB
epoch=10 step=27320/29520 loss=24.4380 Le=0.0895 Lc=1.2329 Ld=3.1570 lr=1.131e-06 gate_lr=1.131e-05 alpha=0.497+/-0.049 peak_mem=25.41GiB
epoch=10 step=27340/29520 loss=21.3975 Le=0.0526 Lc=1.2705 Ld=3.4306 lr=1.129e-06 gate_lr=1.129e-05 alpha=0.504+/-0.043 peak_mem=25.41GiB
epoch=10 step=27360/29520 loss=22.7287 Le=0.0635 Lc=1.3047 Ld=3.3278 lr=1.127e-06 gate_lr=1.127e-05 alpha=0.505+/-0.047 peak_mem=25.41GiB
epoch=10 step=27380/29520 loss=28.3259 Le=0.1080 Lc=1.4173 Ld=3.3522 lr=1.124e-06 gate_lr=1.124e-05 alpha=0.510+/-0.043 peak_mem=25.41GiB
epoch=10 step=27400/29520 loss=25.8121 Le=0.0958 Lc=1.2956 Ld=3.2761 lr=1.122e-06 gate_lr=1.122e-05 alpha=0.500+/-0.045 peak_mem=25.41GiB
epoch=10 step=27420/29520 loss=17.9203 Le=0.0314 Lc=1.1436 Ld=3.3427 lr=1.120e-06 gate_lr=1.120e-05 alpha=0.504+/-0.043 peak_mem=25.41GiB
epoch=10 step=27440/29520 loss=19.5773 Le=0.0441 Lc=1.1796 Ld=3.3712 lr=1.118e-06 gate_lr=1.118e-05 alpha=0.508+/-0.039 peak_mem=25.41GiB
epoch=10 step=27460/29520 loss=20.7048 Le=0.0557 Lc=1.1776 Ld=3.3572 lr=1.115e-06 gate_lr=1.115e-05 alpha=0.495+/-0.047 peak_mem=25.41GiB
epoch=10 step=27480/29520 loss=23.0219 Le=0.0656 Lc=1.2993 Ld=3.4699 lr=1.113e-06 gate_lr=1.113e-05 alpha=0.501+/-0.047 peak_mem=25.41GiB
epoch=10 step=27500/29520 loss=19.3535 Le=0.0446 Lc=1.1646 Ld=3.2473 lr=1.111e-06 gate_lr=1.111e-05 alpha=0.506+/-0.046 peak_mem=25.41GiB
epoch=10 step=27520/29520 loss=21.9472 Le=0.0478 Lc=1.3817 Ld=3.3549 lr=1.109e-06 gate_lr=1.109e-05 alpha=0.498+/-0.047 peak_mem=25.41GiB
epoch=10 step=27540/29520 loss=26.4713 Le=0.0939 Lc=1.3575 Ld=3.5033 lr=1.107e-06 gate_lr=1.107e-05 alpha=0.506+/-0.046 peak_mem=25.41GiB
epoch=10 step=27560/29520 loss=19.3998 Le=0.0370 Lc=1.2351 Ld=3.3441 lr=1.104e-06 gate_lr=1.104e-05 alpha=0.501+/-0.047 peak_mem=25.41GiB
epoch=10 step=27580/29520 loss=17.1592 Le=0.0127 Lc=1.2417 Ld=3.4734 lr=1.102e-06 gate_lr=1.102e-05 alpha=0.505+/-0.041 peak_mem=25.41GiB
epoch=10 step=27600/29520 loss=18.9273 Le=0.0302 Lc=1.2703 Ld=3.1997 lr=1.100e-06 gate_lr=1.100e-05 alpha=0.500+/-0.051 peak_mem=25.41GiB
epoch=10 step=27620/29520 loss=24.7626 Le=0.0954 Lc=1.1811 Ld=3.4077 lr=1.098e-06 gate_lr=1.098e-05 alpha=0.501+/-0.044 peak_mem=25.41GiB
epoch=10 step=27640/29520 loss=23.8620 Le=0.0890 Lc=1.1686 Ld=3.2750 lr=1.096e-06 gate_lr=1.096e-05 alpha=0.510+/-0.047 peak_mem=25.41GiB
epoch=10 step=27660/29520 loss=26.2078 Le=0.0941 Lc=1.3716 Ld=3.0859 lr=1.094e-06 gate_lr=1.094e-05 alpha=0.504+/-0.051 peak_mem=25.41GiB
epoch=10 step=27680/29520 loss=18.9497 Le=0.0462 Lc=1.0948 Ld=3.3853 lr=1.092e-06 gate_lr=1.092e-05 alpha=0.503+/-0.047 peak_mem=25.41GiB
epoch=10 step=27700/29520 loss=22.4382 Le=0.0730 Lc=1.1654 Ld=3.4834 lr=1.090e-06 gate_lr=1.090e-05 alpha=0.502+/-0.049 peak_mem=25.41GiB
epoch=10 step=27720/29520 loss=31.5295 Le=0.1613 Lc=1.2012 Ld=3.3915 lr=1.088e-06 gate_lr=1.088e-05 alpha=0.505+/-0.050 peak_mem=25.41GiB
epoch=10 step=27740/29520 loss=26.3055 Le=0.0958 Lc=1.3450 Ld=3.2751 lr=1.086e-06 gate_lr=1.086e-05 alpha=0.508+/-0.048 peak_mem=25.41GiB
epoch=10 step=27760/29520 loss=29.9891 Le=0.1373 Lc=1.3093 Ld=3.1626 lr=1.084e-06 gate_lr=1.084e-05 alpha=0.501+/-0.043 peak_mem=25.41GiB
epoch=10 step=27780/29520 loss=31.3824 Le=0.1510 Lc=1.2976 Ld=3.3029 lr=1.082e-06 gate_lr=1.082e-05 alpha=0.507+/-0.045 peak_mem=25.41GiB
epoch=10 step=27800/29520 loss=31.8312 Le=0.1667 Lc=1.1857 Ld=3.3054 lr=1.081e-06 gate_lr=1.081e-05 alpha=0.508+/-0.051 peak_mem=25.41GiB
epoch=10 step=27820/29520 loss=22.5701 Le=0.0722 Lc=1.2324 Ld=3.0215 lr=1.079e-06 gate_lr=1.079e-05 alpha=0.503+/-0.053 peak_mem=25.41GiB
epoch=10 step=27840/29520 loss=31.0219 Le=0.1591 Lc=1.1624 Ld=3.4920 lr=1.077e-06 gate_lr=1.077e-05 alpha=0.513+/-0.048 peak_mem=25.41GiB
epoch=10 step=27860/29520 loss=18.9993 Le=0.0370 Lc=1.2050 Ld=3.2521 lr=1.075e-06 gate_lr=1.075e-05 alpha=0.512+/-0.044 peak_mem=25.41GiB
epoch=10 step=27880/29520 loss=18.2367 Le=0.0320 Lc=1.1824 Ld=3.2130 lr=1.073e-06 gate_lr=1.073e-05 alpha=0.504+/-0.039 peak_mem=25.41GiB
epoch=10 step=27900/29520 loss=29.5290 Le=0.1440 Lc=1.1799 Ld=3.3315 lr=1.071e-06 gate_lr=1.071e-05 alpha=0.508+/-0.048 peak_mem=25.41GiB
epoch=10 step=27920/29520 loss=18.9477 Le=0.0393 Lc=1.1768 Ld=3.2500 lr=1.070e-06 gate_lr=1.070e-05 alpha=0.503+/-0.051 peak_mem=25.41GiB
epoch=10 step=27940/29520 loss=18.4834 Le=0.0289 Lc=1.2232 Ld=3.3645 lr=1.068e-06 gate_lr=1.068e-05 alpha=0.504+/-0.047 peak_mem=25.41GiB
epoch=10 step=27960/29520 loss=24.2318 Le=0.0798 Lc=1.2747 Ld=3.5000 lr=1.066e-06 gate_lr=1.066e-05 alpha=0.505+/-0.043 peak_mem=25.41GiB
epoch=10 step=27980/29520 loss=34.6319 Le=0.1852 Lc=1.2862 Ld=3.2500 lr=1.065e-06 gate_lr=1.065e-05 alpha=0.514+/-0.052 peak_mem=25.41GiB
epoch=10 step=28000/29520 loss=24.7401 Le=0.0908 Lc=1.2460 Ld=3.2034 lr=1.063e-06 gate_lr=1.063e-05 alpha=0.503+/-0.046 peak_mem=25.41GiB
epoch=10 step=28020/29520 loss=19.2992 Le=0.0362 Lc=1.2305 Ld=3.3735 lr=1.061e-06 gate_lr=1.061e-05 alpha=0.500+/-0.048 peak_mem=25.41GiB
epoch=10 step=28040/29520 loss=28.8798 Le=0.1182 Lc=1.3626 Ld=3.4350 lr=1.060e-06 gate_lr=1.060e-05 alpha=0.507+/-0.048 peak_mem=25.41GiB
epoch=10 step=28060/29520 loss=26.0909 Le=0.1076 Lc=1.2136 Ld=3.1944 lr=1.058e-06 gate_lr=1.058e-05 alpha=0.507+/-0.046 peak_mem=25.41GiB
epoch=10 step=28080/29520 loss=24.5789 Le=0.0838 Lc=1.2951 Ld=3.2448 lr=1.056e-06 gate_lr=1.056e-05 alpha=0.495+/-0.047 peak_mem=25.41GiB
epoch=10 step=28100/29520 loss=22.0162 Le=0.0641 Lc=1.2341 Ld=3.2609 lr=1.055e-06 gate_lr=1.055e-05 alpha=0.496+/-0.051 peak_mem=25.41GiB
epoch=10 step=28120/29520 loss=18.0449 Le=0.0126 Lc=1.3780 Ld=3.0033 lr=1.053e-06 gate_lr=1.053e-05 alpha=0.500+/-0.041 peak_mem=25.41GiB
epoch=10 step=28140/29520 loss=22.7389 Le=0.0708 Lc=1.2299 Ld=3.3555 lr=1.052e-06 gate_lr=1.052e-05 alpha=0.506+/-0.052 peak_mem=25.41GiB
epoch=10 step=28160/29520 loss=26.2826 Le=0.1023 Lc=1.2794 Ld=3.2558 lr=1.050e-06 gate_lr=1.050e-05 alpha=0.504+/-0.049 peak_mem=25.41GiB
epoch=10 step=28180/29520 loss=35.4098 Le=0.1884 Lc=1.3051 Ld=3.5212 lr=1.049e-06 gate_lr=1.049e-05 alpha=0.505+/-0.048 peak_mem=25.41GiB
epoch=10 step=28200/29520 loss=18.5236 Le=0.0451 Lc=1.0868 Ld=3.1417 lr=1.047e-06 gate_lr=1.047e-05 alpha=0.510+/-0.047 peak_mem=25.41GiB
epoch=10 step=28220/29520 loss=27.3783 Le=0.1259 Lc=1.1657 Ld=3.1313 lr=1.046e-06 gate_lr=1.046e-05 alpha=0.503+/-0.042 peak_mem=25.41GiB
epoch=10 step=28240/29520 loss=27.4586 Le=0.1247 Lc=1.1702 Ld=3.2860 lr=1.045e-06 gate_lr=1.045e-05 alpha=0.514+/-0.040 peak_mem=25.41GiB
epoch=10 step=28260/29520 loss=23.8387 Le=0.0812 Lc=1.2435 Ld=3.2874 lr=1.043e-06 gate_lr=1.043e-05 alpha=0.511+/-0.044 peak_mem=25.41GiB
epoch=10 step=28280/29520 loss=18.3658 Le=0.0315 Lc=1.1840 Ld=3.3803 lr=1.042e-06 gate_lr=1.042e-05 alpha=0.503+/-0.047 peak_mem=25.41GiB
epoch=10 step=28300/29520 loss=29.0812 Le=0.1446 Lc=1.1222 Ld=3.4007 lr=1.041e-06 gate_lr=1.041e-05 alpha=0.511+/-0.046 peak_mem=25.41GiB
epoch=10 step=28320/29520 loss=18.3140 Le=0.0383 Lc=1.1123 Ld=3.3624 lr=1.039e-06 gate_lr=1.039e-05 alpha=0.500+/-0.045 peak_mem=25.41GiB
epoch=10 step=28340/29520 loss=20.9539 Le=0.0520 Lc=1.2326 Ld=3.4278 lr=1.038e-06 gate_lr=1.038e-05 alpha=0.499+/-0.051 peak_mem=25.41GiB
epoch=10 step=28360/29520 loss=23.4886 Le=0.0672 Lc=1.3463 Ld=3.3037 lr=1.037e-06 gate_lr=1.037e-05 alpha=0.502+/-0.052 peak_mem=25.41GiB
epoch=10 step=28380/29520 loss=24.5915 Le=0.0747 Lc=1.3830 Ld=3.2952 lr=1.035e-06 gate_lr=1.035e-05 alpha=0.509+/-0.046 peak_mem=25.41GiB
epoch=10 step=28400/29520 loss=23.0582 Le=0.0657 Lc=1.3106 Ld=3.3798 lr=1.034e-06 gate_lr=1.034e-05 alpha=0.502+/-0.038 peak_mem=25.41GiB
epoch=10 step=28420/29520 loss=19.2174 Le=0.0397 Lc=1.1835 Ld=3.4132 lr=1.033e-06 gate_lr=1.033e-05 alpha=0.503+/-0.038 peak_mem=25.41GiB
epoch=10 step=28440/29520 loss=17.6394 Le=0.0202 Lc=1.2315 Ld=3.3043 lr=1.032e-06 gate_lr=1.032e-05 alpha=0.500+/-0.046 peak_mem=25.41GiB
epoch=10 step=28460/29520 loss=22.0506 Le=0.0645 Lc=1.2199 Ld=3.4033 lr=1.031e-06 gate_lr=1.031e-05 alpha=0.499+/-0.047 peak_mem=25.41GiB
epoch=10 step=28480/29520 loss=23.4250 Le=0.0863 Lc=1.1641 Ld=3.1525 lr=1.029e-06 gate_lr=1.029e-05 alpha=0.502+/-0.044 peak_mem=25.41GiB
epoch=10 step=28500/29520 loss=18.3791 Le=0.0280 Lc=1.2235 Ld=3.3467 lr=1.028e-06 gate_lr=1.028e-05 alpha=0.498+/-0.048 peak_mem=25.41GiB
epoch=10 step=28520/29520 loss=20.8979 Le=0.0440 Lc=1.3238 Ld=3.2629 lr=1.027e-06 gate_lr=1.027e-05 alpha=0.493+/-0.050 peak_mem=25.41GiB
epoch=10 step=28540/29520 loss=37.4406 Le=0.2093 Lc=1.3287 Ld=3.2220 lr=1.026e-06 gate_lr=1.026e-05 alpha=0.499+/-0.045 peak_mem=25.41GiB
epoch=10 step=28560/29520 loss=22.5232 Le=0.0604 Lc=1.2864 Ld=3.6206 lr=1.025e-06 gate_lr=1.025e-05 alpha=0.497+/-0.048 peak_mem=25.41GiB
epoch=10 step=28580/29520 loss=21.5394 Le=0.0686 Lc=1.1462 Ld=3.2180 lr=1.024e-06 gate_lr=1.024e-05 alpha=0.502+/-0.045 peak_mem=25.41GiB
epoch=10 step=28600/29520 loss=23.2273 Le=0.0786 Lc=1.2048 Ld=3.3186 lr=1.023e-06 gate_lr=1.023e-05 alpha=0.498+/-0.048 peak_mem=25.41GiB
epoch=10 step=28620/29520 loss=18.3143 Le=0.0391 Lc=1.1027 Ld=3.3743 lr=1.022e-06 gate_lr=1.022e-05 alpha=0.496+/-0.045 peak_mem=25.41GiB
epoch=10 step=28640/29520 loss=21.9782 Le=0.0516 Lc=1.3326 Ld=3.4891 lr=1.021e-06 gate_lr=1.021e-05 alpha=0.514+/-0.041 peak_mem=25.41GiB
epoch=10 step=28660/29520 loss=23.7967 Le=0.0772 Lc=1.2987 Ld=3.0907 lr=1.020e-06 gate_lr=1.020e-05 alpha=0.499+/-0.047 peak_mem=25.41GiB
epoch=10 step=28680/29520 loss=21.1500 Le=0.0673 Lc=1.1160 Ld=3.2571 lr=1.019e-06 gate_lr=1.019e-05 alpha=0.512+/-0.041 peak_mem=25.41GiB
epoch=10 step=28700/29520 loss=26.6148 Le=0.1210 Lc=1.1197 Ld=3.3158 lr=1.018e-06 gate_lr=1.018e-05 alpha=0.500+/-0.048 peak_mem=25.41GiB
epoch=10 step=28720/29520 loss=19.3171 Le=0.0362 Lc=1.2512 Ld=3.1811 lr=1.017e-06 gate_lr=1.017e-05 alpha=0.501+/-0.045 peak_mem=25.41GiB
epoch=10 step=28740/29520 loss=23.7830 Le=0.0667 Lc=1.3931 Ld=3.1827 lr=1.017e-06 gate_lr=1.017e-05 alpha=0.495+/-0.040 peak_mem=25.41GiB
epoch=10 step=28760/29520 loss=25.9173 Le=0.1064 Lc=1.1706 Ld=3.5695 lr=1.016e-06 gate_lr=1.016e-05 alpha=0.511+/-0.049 peak_mem=25.41GiB
epoch=10 step=28780/29520 loss=19.5385 Le=0.0367 Lc=1.2647 Ld=3.2189 lr=1.015e-06 gate_lr=1.015e-05 alpha=0.497+/-0.054 peak_mem=25.41GiB
epoch=10 step=28800/29520 loss=20.1651 Le=0.0408 Lc=1.2815 Ld=3.2709 lr=1.014e-06 gate_lr=1.014e-05 alpha=0.496+/-0.043 peak_mem=25.41GiB
epoch=10 step=28820/29520 loss=27.4281 Le=0.1080 Lc=1.3038 Ld=3.5923 lr=1.013e-06 gate_lr=1.013e-05 alpha=0.505+/-0.046 peak_mem=25.41GiB
epoch=10 step=28840/29520 loss=21.3833 Le=0.0652 Lc=1.1672 Ld=3.1944 lr=1.013e-06 gate_lr=1.013e-05 alpha=0.502+/-0.049 peak_mem=25.41GiB
epoch=10 step=28860/29520 loss=23.9259 Le=0.0686 Lc=1.3631 Ld=3.4315 lr=1.012e-06 gate_lr=1.012e-05 alpha=0.509+/-0.047 peak_mem=25.41GiB
epoch=10 step=28880/29520 loss=28.0467 Le=0.1181 Lc=1.2931 Ld=3.3011 lr=1.011e-06 gate_lr=1.011e-05 alpha=0.506+/-0.050 peak_mem=25.41GiB
epoch=10 step=28900/29520 loss=16.3154 Le=0.0122 Lc=1.1920 Ld=3.1723 lr=1.010e-06 gate_lr=1.010e-05 alpha=0.500+/-0.047 peak_mem=25.41GiB
epoch=10 step=28920/29520 loss=19.6221 Le=0.0376 Lc=1.2408 Ld=3.4533 lr=1.010e-06 gate_lr=1.010e-05 alpha=0.505+/-0.042 peak_mem=25.41GiB
epoch=10 step=28940/29520 loss=26.9621 Le=0.1191 Lc=1.1704 Ld=3.3442 lr=1.009e-06 gate_lr=1.009e-05 alpha=0.510+/-0.048 peak_mem=25.41GiB
epoch=10 step=28960/29520 loss=39.8448 Le=0.2322 Lc=1.3301 Ld=3.3214 lr=1.009e-06 gate_lr=1.009e-05 alpha=0.499+/-0.047 peak_mem=25.41GiB
epoch=10 step=28980/29520 loss=26.6904 Le=0.1146 Lc=1.1774 Ld=3.4565 lr=1.008e-06 gate_lr=1.008e-05 alpha=0.509+/-0.047 peak_mem=25.41GiB
epoch=10 step=29000/29520 loss=23.3149 Le=0.0821 Lc=1.1635 Ld=3.4657 lr=1.007e-06 gate_lr=1.007e-05 alpha=0.502+/-0.044 peak_mem=25.41GiB
epoch=10 step=29020/29520 loss=19.3821 Le=0.0385 Lc=1.1848 Ld=3.6871 lr=1.007e-06 gate_lr=1.007e-05 alpha=0.499+/-0.052 peak_mem=25.41GiB
epoch=10 step=29040/29520 loss=19.6660 Le=0.0287 Lc=1.3503 Ld=3.2972 lr=1.006e-06 gate_lr=1.006e-05 alpha=0.505+/-0.043 peak_mem=25.41GiB
epoch=10 step=29060/29520 loss=23.3804 Le=0.0803 Lc=1.1950 Ld=3.4054 lr=1.006e-06 gate_lr=1.006e-05 alpha=0.516+/-0.044 peak_mem=25.41GiB
epoch=10 step=29080/29520 loss=29.7927 Le=0.1487 Lc=1.1406 Ld=3.5157 lr=1.005e-06 gate_lr=1.005e-05 alpha=0.506+/-0.048 peak_mem=25.41GiB
epoch=10 step=29100/29520 loss=21.2373 Le=0.0439 Lc=1.3443 Ld=3.4062 lr=1.005e-06 gate_lr=1.005e-05 alpha=0.505+/-0.045 peak_mem=25.41GiB
epoch=10 step=29120/29520 loss=19.9234 Le=0.0445 Lc=1.1993 Ld=3.4799 lr=1.004e-06 gate_lr=1.004e-05 alpha=0.497+/-0.050 peak_mem=25.41GiB
epoch=10 step=29140/29520 loss=26.3195 Le=0.1088 Lc=1.1830 Ld=3.6121 lr=1.004e-06 gate_lr=1.004e-05 alpha=0.495+/-0.048 peak_mem=25.41GiB
epoch=10 step=29160/29520 loss=29.0614 Le=0.1286 Lc=1.3096 Ld=3.1017 lr=1.004e-06 gate_lr=1.004e-05 alpha=0.501+/-0.053 peak_mem=25.41GiB
epoch=10 step=29180/29520 loss=22.5656 Le=0.0522 Lc=1.3883 Ld=3.4639 lr=1.003e-06 gate_lr=1.003e-05 alpha=0.506+/-0.049 peak_mem=25.41GiB
epoch=10 step=29200/29520 loss=19.7115 Le=0.0430 Lc=1.2155 Ld=3.2600 lr=1.003e-06 gate_lr=1.003e-05 alpha=0.500+/-0.043 peak_mem=25.41GiB
epoch=10 step=29220/29520 loss=18.3489 Le=0.0363 Lc=1.1516 Ld=3.2079 lr=1.002e-06 gate_lr=1.002e-05 alpha=0.503+/-0.046 peak_mem=25.41GiB
epoch=10 step=29240/29520 loss=17.4488 Le=0.0162 Lc=1.2528 Ld=3.3042 lr=1.002e-06 gate_lr=1.002e-05 alpha=0.497+/-0.049 peak_mem=25.41GiB
epoch=10 step=29260/29520 loss=21.7227 Le=0.0483 Lc=1.3372 Ld=3.5219 lr=1.002e-06 gate_lr=1.002e-05 alpha=0.503+/-0.049 peak_mem=25.41GiB
epoch=10 step=29280/29520 loss=28.9078 Le=0.1263 Lc=1.2789 Ld=3.4935 lr=1.002e-06 gate_lr=1.002e-05 alpha=0.498+/-0.053 peak_mem=25.41GiB
epoch=10 step=29300/29520 loss=22.5733 Le=0.0548 Lc=1.3817 Ld=3.2777 lr=1.001e-06 gate_lr=1.001e-05 alpha=0.504+/-0.050 peak_mem=25.41GiB
epoch=10 step=29320/29520 loss=26.0994 Le=0.0924 Lc=1.3390 Ld=3.4659 lr=1.001e-06 gate_lr=1.001e-05 alpha=0.504+/-0.049 peak_mem=25.41GiB
epoch=10 step=29340/29520 loss=25.6530 Le=0.0879 Lc=1.3433 Ld=3.4343 lr=1.001e-06 gate_lr=1.001e-05 alpha=0.501+/-0.043 peak_mem=25.41GiB
epoch=10 step=29360/29520 loss=19.6434 Le=0.0297 Lc=1.3102 Ld=3.5739 lr=1.001e-06 gate_lr=1.001e-05 alpha=0.504+/-0.053 peak_mem=25.41GiB
epoch=10 step=29380/29520 loss=24.7002 Le=0.0810 Lc=1.3435 Ld=3.1660 lr=1.001e-06 gate_lr=1.001e-05 alpha=0.494+/-0.049 peak_mem=25.41GiB
epoch=10 step=29400/29520 loss=21.0832 Le=0.0571 Lc=1.1954 Ld=3.4196 lr=1.000e-06 gate_lr=1.000e-05 alpha=0.511+/-0.044 peak_mem=25.41GiB
epoch=10 step=29420/29520 loss=26.0034 Le=0.0771 Lc=1.4811 Ld=3.4840 lr=1.000e-06 gate_lr=1.000e-05 alpha=0.499+/-0.048 peak_mem=25.41GiB
epoch=10 step=29440/29520 loss=25.4519 Le=0.1092 Lc=1.1400 Ld=3.1367 lr=1.000e-06 gate_lr=1.000e-05 alpha=0.499+/-0.048 peak_mem=25.41GiB
epoch=10 step=29460/29520 loss=27.1752 Le=0.1023 Lc=1.3269 Ld=3.6770 lr=1.000e-06 gate_lr=1.000e-05 alpha=0.501+/-0.052 peak_mem=25.41GiB
epoch=10 step=29480/29520 loss=22.5715 Le=0.0644 Lc=1.2674 Ld=3.4592 lr=1.000e-06 gate_lr=1.000e-05 alpha=0.509+/-0.046 peak_mem=25.41GiB
epoch=10 step=29500/29520 loss=22.5037 Le=0.0515 Lc=1.4118 Ld=3.2307 lr=1.000e-06 gate_lr=1.000e-05 alpha=0.503+/-0.049 peak_mem=25.41GiB
epoch=10 step=29520/29520 loss=22.3848 Le=0.0744 Lc=1.1502 Ld=3.4414 lr=1.000e-06 gate_lr=1.000e-05 alpha=0.505+/-0.040 peak_mem=25.41GiB
epoch=10 checkpoints saved
