[rank0]:[W728 01:38:08.355577495 ProcessGroupNCCL.cpp:4115] [PG ID 0 PG GUID 0 Rank 0]  using GPU 0 to perform barrier as devices used by this process are currently unknown. This can potentially cause a hang if this rank to GPU mapping is incorrect.Specify device_ids in barrier() to force use of a particular device,or call init_process_group() with a device_id.
[rank1]:[W728 01:38:08.376507155 ProcessGroupNCCL.cpp:4115] [PG ID 0 PG GUID 0 Rank 1]  using GPU 1 to perform barrier as devices used by this process are currently unknown. This can potentially cause a hang if this rank to GPU mapping is incorrect.Specify device_ids in barrier() to force use of a particular device,or call init_process_group() with a device_id.
[clip_pretrained] loaded 302 tensors from model/ViT-B-16.pt
[clip_pretrained] missing total=282 (visual2*/decoder*/classification* expected = 282; backbone gaps must be 0 -> 0 [])
[clip_pretrained] unexpected = 0 []
epoch=1 step=1/29520 loss=498.3620 Le=4.5645 Lc=3.0773 Ld=11.1045 Lcons=0.0362 keep=0.793/0.793 lr=1.000e-08 gate_lr=1.000e-08 alpha=0.500+/-0.000 peak_mem=8.69GiB
epoch=1 step=20/29520 loss=394.6261 Le=3.5260 Lc=3.0910 Ld=11.0895 Lcons=0.0275 keep=0.818/0.818 lr=2.000e-07 gate_lr=2.000e-07 alpha=0.500+/-0.000 peak_mem=10.40GiB
epoch=1 step=40/29520 loss=393.8550 Le=3.5229 Lc=3.0478 Ld=11.0605 Lcons=0.0294 keep=0.800/0.800 lr=4.000e-07 gate_lr=4.000e-07 alpha=0.500+/-0.000 peak_mem=10.40GiB
epoch=1 step=60/29520 loss=293.5951 Le=2.5127 Lc=3.1279 Ld=11.0139 Lcons=0.0286 keep=0.782/0.782 lr=6.000e-07 gate_lr=6.000e-07 alpha=0.500+/-0.000 peak_mem=10.40GiB
epoch=1 step=80/29520 loss=197.8384 Le=1.5542 Lc=3.1469 Ld=10.9272 Lcons=0.0238 keep=0.808/0.808 lr=8.000e-07 gate_lr=8.000e-07 alpha=0.500+/-0.000 peak_mem=10.40GiB
epoch=1 step=100/29520 loss=185.5030 Le=1.4436 Lc=3.0362 Ld=10.7625 Lcons=0.0201 keep=0.826/0.826 lr=1.000e-06 gate_lr=1.000e-06 alpha=0.500+/-0.000 peak_mem=10.40GiB
epoch=1 step=120/29520 loss=158.7996 Le=1.1775 Lc=3.0485 Ld=10.5465 Lcons=0.0165 keep=0.790/0.790 lr=1.200e-06 gate_lr=1.200e-06 alpha=0.500+/-0.000 peak_mem=10.40GiB
epoch=1 step=140/29520 loss=173.6427 Le=1.3167 Lc=3.1675 Ld=10.2826 Lcons=0.0149 keep=0.826/0.826 lr=1.400e-06 gate_lr=1.400e-06 alpha=0.500+/-0.000 peak_mem=10.40GiB
epoch=1 step=160/29520 loss=158.0745 Le=1.1679 Lc=3.1262 Ld=10.0102 Lcons=0.0138 keep=0.809/0.809 lr=1.600e-06 gate_lr=1.600e-06 alpha=0.500+/-0.000 peak_mem=10.40GiB
epoch=1 step=180/29520 loss=153.1254 Le=1.1146 Lc=3.1837 Ld=9.8193 Lcons=0.0132 keep=0.810/0.810 lr=1.800e-06 gate_lr=1.800e-06 alpha=0.500+/-0.000 peak_mem=10.40GiB
epoch=1 step=200/29520 loss=122.9297 Le=0.8176 Lc=3.1573 Ld=9.5808 Lcons=0.0142 keep=0.799/0.799 lr=2.000e-06 gate_lr=2.000e-06 alpha=0.500+/-0.000 peak_mem=10.40GiB
epoch=1 step=220/29520 loss=122.8391 Le=0.8275 Lc=3.0616 Ld=9.4588 Lcons=0.0134 keep=0.810/0.810 lr=2.200e-06 gate_lr=2.200e-06 alpha=0.500+/-0.000 peak_mem=10.40GiB
epoch=1 step=240/29520 loss=139.3893 Le=0.9829 Lc=3.1930 Ld=9.1570 Lcons=0.0125 keep=0.812/0.812 lr=2.400e-06 gate_lr=2.400e-06 alpha=0.500+/-0.000 peak_mem=10.40GiB
epoch=1 step=260/29520 loss=130.0388 Le=0.9045 Lc=3.0394 Ld=9.1864 Lcons=0.0124 keep=0.801/0.801 lr=2.600e-06 gate_lr=2.600e-06 alpha=0.500+/-0.000 peak_mem=10.40GiB
epoch=1 step=280/29520 loss=134.7973 Le=0.9564 Lc=3.0132 Ld=9.0097 Lcons=0.0119 keep=0.800/0.800 lr=2.800e-06 gate_lr=2.800e-06 alpha=0.500+/-0.000 peak_mem=10.40GiB
epoch=1 step=300/29520 loss=134.4148 Le=0.9468 Lc=3.0773 Ld=8.9506 Lcons=0.0143 keep=0.795/0.795 lr=3.000e-06 gate_lr=3.000e-06 alpha=0.500+/-0.000 peak_mem=10.40GiB
epoch=1 step=320/29520 loss=113.1526 Le=0.7306 Lc=3.1335 Ld=8.7458 Lcons=0.0119 keep=0.791/0.791 lr=3.200e-06 gate_lr=3.200e-06 alpha=0.500+/-0.000 peak_mem=10.40GiB
epoch=1 step=340/29520 loss=119.5772 Le=0.7901 Lc=3.1869 Ld=8.6871 Lcons=0.0126 keep=0.801/0.801 lr=3.400e-06 gate_lr=3.400e-06 alpha=0.500+/-0.000 peak_mem=10.40GiB
epoch=1 step=360/29520 loss=104.1358 Le=0.6449 Lc=3.1053 Ld=8.5820 Lcons=0.0117 keep=0.794/0.794 lr=3.600e-06 gate_lr=3.600e-06 alpha=0.500+/-0.000 peak_mem=10.40GiB
epoch=1 step=380/29520 loss=131.5819 Le=0.9111 Lc=3.1849 Ld=8.6029 Lcons=0.0152 keep=0.809/0.809 lr=3.800e-06 gate_lr=3.800e-06 alpha=0.500+/-0.000 peak_mem=10.40GiB
epoch=1 step=400/29520 loss=121.7344 Le=0.8321 Lc=2.9951 Ld=8.5614 Lcons=0.0130 keep=0.810/0.810 lr=4.000e-06 gate_lr=4.000e-06 alpha=0.500+/-0.000 peak_mem=10.40GiB
epoch=1 step=420/29520 loss=121.6695 Le=0.8288 Lc=3.0245 Ld=8.5347 Lcons=0.0126 keep=0.812/0.812 lr=4.200e-06 gate_lr=4.200e-06 alpha=0.500+/-0.000 peak_mem=10.40GiB
epoch=1 step=440/29520 loss=134.8532 Le=0.9640 Lc=3.0104 Ld=8.3378 Lcons=0.0130 keep=0.811/0.810 lr=4.400e-06 gate_lr=4.400e-06 alpha=0.500+/-0.000 peak_mem=10.40GiB
epoch=1 step=460/29520 loss=128.1712 Le=0.8907 Lc=3.0835 Ld=8.2515 Lcons=0.0154 keep=0.791/0.791 lr=4.600e-06 gate_lr=4.600e-06 alpha=0.500+/-0.000 peak_mem=10.40GiB
epoch=1 step=480/29520 loss=138.9088 Le=0.9998 Lc=3.0558 Ld=8.3601 Lcons=0.0132 keep=0.805/0.805 lr=4.800e-06 gate_lr=4.800e-06 alpha=0.500+/-0.000 peak_mem=10.40GiB
epoch=1 step=500/29520 loss=128.5511 Le=0.9017 Lc=3.0169 Ld=8.2016 Lcons=0.0109 keep=0.829/0.829 lr=5.000e-06 gate_lr=5.000e-06 alpha=0.500+/-0.000 peak_mem=10.40GiB
epoch=1 step=520/29520 loss=120.3537 Le=0.8181 Lc=3.0336 Ld=8.1987 Lcons=0.0129 keep=0.789/0.789 lr=5.200e-06 gate_lr=5.200e-06 alpha=0.500+/-0.000 peak_mem=10.40GiB
epoch=1 step=540/29520 loss=108.3184 Le=0.7107 Lc=2.9192 Ld=8.0402 Lcons=0.0127 keep=0.809/0.809 lr=5.400e-06 gate_lr=5.400e-06 alpha=0.500+/-0.000 peak_mem=10.40GiB
epoch=1 step=560/29520 loss=100.6126 Le=0.6265 Lc=2.9739 Ld=8.2129 Lcons=0.0130 keep=0.792/0.792 lr=5.600e-06 gate_lr=5.600e-06 alpha=0.500+/-0.000 peak_mem=10.40GiB
epoch=1 step=580/29520 loss=119.7839 Le=0.8164 Lc=3.0036 Ld=8.0933 Lcons=0.0140 keep=0.803/0.803 lr=5.800e-06 gate_lr=5.800e-06 alpha=0.500+/-0.000 peak_mem=10.40GiB
epoch=1 step=600/29520 loss=100.8182 Le=0.6371 Lc=2.9004 Ld=8.0921 Lcons=0.0130 keep=0.815/0.815 lr=6.000e-06 gate_lr=6.000e-06 alpha=0.500+/-0.000 peak_mem=10.40GiB
epoch=1 step=620/29520 loss=105.1521 Le=0.6800 Lc=2.9024 Ld=8.1181 Lcons=0.0129 keep=0.778/0.778 lr=6.200e-06 gate_lr=6.200e-06 alpha=0.500+/-0.000 peak_mem=10.40GiB
epoch=1 step=640/29520 loss=88.4807 Le=0.5143 Lc=2.9018 Ld=8.0159 Lcons=0.0147 keep=0.826/0.826 lr=6.400e-06 gate_lr=6.400e-06 alpha=0.500+/-0.000 peak_mem=10.40GiB
epoch=1 step=660/29520 loss=89.9384 Le=0.5312 Lc=2.8958 Ld=7.8507 Lcons=0.0144 keep=0.802/0.802 lr=6.600e-06 gate_lr=6.600e-06 alpha=0.500+/-0.000 peak_mem=10.40GiB
epoch=1 step=680/29520 loss=102.0306 Le=0.6481 Lc=2.9492 Ld=7.7170 Lcons=0.0135 keep=0.812/0.812 lr=6.800e-06 gate_lr=6.800e-06 alpha=0.500+/-0.000 peak_mem=10.40GiB
epoch=1 step=700/29520 loss=91.4215 Le=0.5473 Lc=2.8877 Ld=7.8032 Lcons=0.0143 keep=0.785/0.785 lr=7.000e-06 gate_lr=7.000e-06 alpha=0.500+/-0.000 peak_mem=10.40GiB
epoch=1 step=720/29520 loss=106.8883 Le=0.7056 Lc=2.8624 Ld=7.6864 Lcons=0.0133 keep=0.804/0.804 lr=7.200e-06 gate_lr=7.200e-06 alpha=0.500+/-0.000 peak_mem=10.40GiB
epoch=1 step=740/29520 loss=86.1713 Le=0.5010 Lc=2.8344 Ld=7.7080 Lcons=0.0148 keep=0.786/0.786 lr=7.400e-06 gate_lr=7.400e-06 alpha=0.500+/-0.000 peak_mem=10.40GiB
epoch=1 step=760/29520 loss=107.4509 Le=0.7094 Lc=2.8772 Ld=7.7257 Lcons=0.0125 keep=0.788/0.788 lr=7.600e-06 gate_lr=7.600e-06 alpha=0.500+/-0.000 peak_mem=10.40GiB
epoch=1 step=780/29520 loss=93.4194 Le=0.5809 Lc=2.7740 Ld=7.5762 Lcons=0.0134 keep=0.805/0.805 lr=7.800e-06 gate_lr=7.800e-06 alpha=0.500+/-0.000 peak_mem=10.40GiB
epoch=1 step=800/29520 loss=87.3327 Le=0.5268 Lc=2.6980 Ld=7.6572 Lcons=0.0134 keep=0.799/0.799 lr=8.000e-06 gate_lr=8.000e-06 alpha=0.500+/-0.000 peak_mem=10.40GiB
epoch=1 step=820/29520 loss=87.2783 Le=0.5309 Lc=2.6648 Ld=7.5298 Lcons=0.0120 keep=0.808/0.808 lr=8.200e-06 gate_lr=8.200e-06 alpha=0.500+/-0.000 peak_mem=10.40GiB
epoch=1 step=840/29520 loss=103.7485 Le=0.6741 Lc=2.8828 Ld=7.4983 Lcons=0.0167 keep=0.822/0.822 lr=8.400e-06 gate_lr=8.400e-06 alpha=0.500+/-0.000 peak_mem=10.40GiB
epoch=1 step=860/29520 loss=89.1434 Le=0.5385 Lc=2.7883 Ld=7.3927 Lcons=0.0153 keep=0.803/0.803 lr=8.600e-06 gate_lr=8.600e-06 alpha=0.500+/-0.000 peak_mem=10.40GiB
epoch=1 step=880/29520 loss=97.7355 Le=0.6312 Lc=2.7188 Ld=7.4163 Lcons=0.0146 keep=0.812/0.813 lr=8.800e-06 gate_lr=8.800e-06 alpha=0.500+/-0.000 peak_mem=10.40GiB
epoch=1 step=900/29520 loss=113.0234 Le=0.7659 Lc=2.8997 Ld=7.4189 Lcons=0.0130 keep=0.806/0.806 lr=9.000e-06 gate_lr=9.000e-06 alpha=0.500+/-0.000 peak_mem=10.40GiB
epoch=1 step=920/29520 loss=104.6389 Le=0.6998 Lc=2.7320 Ld=7.3287 Lcons=0.0121 keep=0.786/0.786 lr=9.200e-06 gate_lr=9.200e-06 alpha=0.500+/-0.000 peak_mem=10.40GiB
epoch=1 step=940/29520 loss=97.2150 Le=0.6283 Lc=2.7070 Ld=7.3024 Lcons=0.0120 keep=0.782/0.782 lr=9.400e-06 gate_lr=9.400e-06 alpha=0.500+/-0.000 peak_mem=10.40GiB
epoch=1 step=960/29520 loss=123.1757 Le=0.8836 Lc=2.7492 Ld=7.3063 Lcons=0.0164 keep=0.803/0.803 lr=9.600e-06 gate_lr=9.600e-06 alpha=0.500+/-0.000 peak_mem=10.40GiB
epoch=1 step=980/29520 loss=108.3436 Le=0.7523 Lc=2.5684 Ld=7.4174 Lcons=0.0148 keep=0.777/0.777 lr=9.800e-06 gate_lr=9.800e-06 alpha=0.500+/-0.000 peak_mem=10.40GiB
epoch=1 step=1000/29520 loss=96.8127 Le=0.6302 Lc=2.6545 Ld=7.2286 Lcons=0.0150 keep=0.802/0.802 lr=1.000e-05 gate_lr=1.000e-05 alpha=0.500+/-0.000 peak_mem=10.40GiB
epoch=1 step=1020/29520 loss=82.4772 Le=0.4842 Lc=2.6766 Ld=7.2771 Lcons=0.0134 keep=0.822/0.823 lr=1.000e-05 gate_lr=1.000e-05 alpha=0.500+/-0.000 peak_mem=10.40GiB
epoch=1 step=1040/29520 loss=72.9060 Le=0.4124 Lc=2.4551 Ld=7.0985 Lcons=0.0156 keep=0.801/0.801 lr=1.000e-05 gate_lr=1.000e-05 alpha=0.500+/-0.000 peak_mem=10.40GiB
epoch=1 step=1060/29520 loss=112.0735 Le=0.7886 Lc=2.6315 Ld=6.8865 Lcons=0.0169 keep=0.782/0.782 lr=1.000e-05 gate_lr=1.000e-05 alpha=0.500+/-0.000 peak_mem=10.40GiB
epoch=1 step=1080/29520 loss=90.2327 Le=0.5891 Lc=2.4484 Ld=6.8241 Lcons=0.0153 keep=0.814/0.814 lr=1.000e-05 gate_lr=1.000e-05 alpha=0.500+/-0.000 peak_mem=10.40GiB
epoch=1 step=1100/29520 loss=78.1398 Le=0.4710 Lc=2.4076 Ld=6.9436 Lcons=0.0155 keep=0.796/0.796 lr=1.000e-05 gate_lr=1.000e-05 alpha=0.500+/-0.000 peak_mem=10.40GiB
epoch=1 step=1120/29520 loss=92.6696 Le=0.6102 Lc=2.4566 Ld=7.0701 Lcons=0.0174 keep=0.793/0.793 lr=1.000e-05 gate_lr=1.000e-05 alpha=0.500+/-0.000 peak_mem=10.40GiB
epoch=1 step=1140/29520 loss=99.2802 Le=0.6818 Lc=2.4278 Ld=6.8070 Lcons=0.0142 keep=0.811/0.811 lr=9.999e-06 gate_lr=9.999e-06 alpha=0.500+/-0.000 peak_mem=10.40GiB
epoch=1 step=1160/29520 loss=95.3535 Le=0.6617 Lc=2.2317 Ld=6.8459 Lcons=0.0174 keep=0.818/0.818 lr=9.999e-06 gate_lr=9.999e-06 alpha=0.500+/-0.000 peak_mem=10.40GiB
epoch=1 step=1180/29520 loss=111.5826 Le=0.8079 Lc=2.3858 Ld=6.9166 Lcons=0.0145 keep=0.795/0.795 lr=9.999e-06 gate_lr=9.999e-06 alpha=0.500+/-0.000 peak_mem=10.40GiB
epoch=1 step=1200/29520 loss=60.0082 Le=0.3218 Lc=2.0997 Ld=6.8195 Lcons=0.0129 keep=0.794/0.794 lr=9.999e-06 gate_lr=9.999e-06 alpha=0.500+/-0.000 peak_mem=10.40GiB
epoch=1 step=1220/29520 loss=82.6104 Le=0.5353 Lc=2.2373 Ld=6.6887 Lcons=0.0159 keep=0.817/0.817 lr=9.999e-06 gate_lr=9.999e-06 alpha=0.500+/-0.000 peak_mem=10.40GiB
epoch=1 step=1240/29520 loss=84.6877 Le=0.5443 Lc=2.3539 Ld=6.7097 Lcons=0.0128 keep=0.796/0.796 lr=9.998e-06 gate_lr=9.998e-06 alpha=0.500+/-0.000 peak_mem=10.40GiB
epoch=1 step=1260/29520 loss=82.7220 Le=0.5508 Lc=2.0777 Ld=6.8549 Lcons=0.0140 keep=0.807/0.807 lr=9.998e-06 gate_lr=9.998e-06 alpha=0.500+/-0.000 peak_mem=10.40GiB
epoch=1 step=1280/29520 loss=70.8204 Le=0.4068 Lc=2.3466 Ld=6.6624 Lcons=0.0133 keep=0.799/0.799 lr=9.998e-06 gate_lr=9.998e-06 alpha=0.500+/-0.000 peak_mem=10.40GiB
epoch=1 step=1300/29520 loss=86.1801 Le=0.5851 Lc=2.1154 Ld=6.5054 Lcons=0.0118 keep=0.793/0.793 lr=9.998e-06 gate_lr=9.998e-06 alpha=0.500+/-0.000 peak_mem=10.40GiB
epoch=1 step=1320/29520 loss=58.2581 Le=0.2932 Lc=2.2316 Ld=6.6037 Lcons=0.0180 keep=0.804/0.804 lr=9.997e-06 gate_lr=9.997e-06 alpha=0.500+/-0.000 peak_mem=10.40GiB
epoch=1 step=1340/29520 loss=93.5533 Le=0.6489 Lc=2.1983 Ld=6.6691 Lcons=0.0138 keep=0.803/0.803 lr=9.997e-06 gate_lr=9.997e-06 alpha=0.500+/-0.000 peak_mem=10.40GiB
epoch=1 step=1360/29520 loss=66.1233 Le=0.3762 Lc=2.2062 Ld=6.4249 Lcons=0.0144 keep=0.809/0.809 lr=9.996e-06 gate_lr=9.996e-06 alpha=0.500+/-0.000 peak_mem=10.40GiB
epoch=1 step=1380/29520 loss=85.6260 Le=0.5812 Lc=2.1087 Ld=6.4062 Lcons=0.0164 keep=0.801/0.801 lr=9.996e-06 gate_lr=9.996e-06 alpha=0.500+/-0.000 peak_mem=10.40GiB
epoch=1 step=1400/29520 loss=81.6046 Le=0.5462 Lc=2.0611 Ld=6.3572 Lcons=0.0153 keep=0.799/0.799 lr=9.996e-06 gate_lr=9.996e-06 alpha=0.500+/-0.000 peak_mem=10.40GiB
epoch=1 step=1420/29520 loss=65.2628 Le=0.3927 Lc=1.9474 Ld=6.5033 Lcons=0.0132 keep=0.819/0.819 lr=9.995e-06 gate_lr=9.995e-06 alpha=0.500+/-0.000 peak_mem=10.40GiB
epoch=1 step=1440/29520 loss=78.2491 Le=0.5153 Lc=2.0401 Ld=6.3052 Lcons=0.0154 keep=0.815/0.815 lr=9.995e-06 gate_lr=9.995e-06 alpha=0.500+/-0.000 peak_mem=10.40GiB
epoch=1 step=1460/29520 loss=77.4019 Le=0.4936 Lc=2.1621 Ld=6.4061 Lcons=0.0159 keep=0.779/0.779 lr=9.994e-06 gate_lr=9.994e-06 alpha=0.500+/-0.000 peak_mem=10.40GiB
epoch=1 step=1480/29520 loss=77.9558 Le=0.5062 Lc=2.0871 Ld=6.4486 Lcons=0.0123 keep=0.805/0.805 lr=9.994e-06 gate_lr=9.994e-06 alpha=0.500+/-0.000 peak_mem=10.40GiB
epoch=1 step=1500/29520 loss=68.7221 Le=0.4348 Lc=1.9022 Ld=6.2018 Lcons=0.0154 keep=0.810/0.810 lr=9.993e-06 gate_lr=9.993e-06 alpha=0.500+/-0.000 peak_mem=10.40GiB
epoch=1 step=1520/29520 loss=71.9233 Le=0.4489 Lc=2.0823 Ld=6.1955 Lcons=0.0154 keep=0.806/0.806 lr=9.993e-06 gate_lr=9.993e-06 alpha=0.500+/-0.000 peak_mem=10.40GiB
epoch=1 step=1540/29520 loss=71.2579 Le=0.4588 Lc=1.9118 Ld=6.2428 Lcons=0.0174 keep=0.792/0.792 lr=9.992e-06 gate_lr=9.992e-06 alpha=0.500+/-0.000 peak_mem=10.40GiB
epoch=1 step=1560/29520 loss=92.7643 Le=0.6569 Lc=2.0801 Ld=6.2594 Lcons=0.0113 keep=0.811/0.811 lr=9.991e-06 gate_lr=9.991e-06 alpha=0.500+/-0.000 peak_mem=10.40GiB
epoch=1 step=1580/29520 loss=70.3510 Le=0.4372 Lc=2.0343 Ld=6.2712 Lcons=0.0159 keep=0.810/0.810 lr=9.991e-06 gate_lr=9.991e-06 alpha=0.500+/-0.000 peak_mem=10.40GiB
epoch=1 step=1600/29520 loss=74.3184 Le=0.4832 Lc=1.9798 Ld=6.1837 Lcons=0.0169 keep=0.787/0.787 lr=9.990e-06 gate_lr=9.990e-06 alpha=0.500+/-0.000 peak_mem=10.40GiB
epoch=1 step=1620/29520 loss=69.7040 Le=0.4348 Lc=1.9962 Ld=6.2442 Lcons=0.0154 keep=0.806/0.806 lr=9.990e-06 gate_lr=9.990e-06 alpha=0.500+/-0.000 peak_mem=10.40GiB
epoch=1 step=1640/29520 loss=68.4279 Le=0.4277 Lc=1.9592 Ld=6.0451 Lcons=0.0179 keep=0.776/0.776 lr=9.989e-06 gate_lr=9.989e-06 alpha=0.500+/-0.000 peak_mem=10.40GiB
epoch=1 step=1660/29520 loss=62.2540 Le=0.3596 Lc=2.0097 Ld=6.1807 Lcons=0.0147 keep=0.807/0.807 lr=9.988e-06 gate_lr=9.988e-06 alpha=0.500+/-0.000 peak_mem=10.40GiB
epoch=1 step=1680/29520 loss=77.7323 Le=0.5166 Lc=1.9946 Ld=6.1091 Lcons=0.0172 keep=0.773/0.773 lr=9.987e-06 gate_lr=9.987e-06 alpha=0.500+/-0.000 peak_mem=10.40GiB
epoch=1 step=1700/29520 loss=57.7310 Le=0.3327 Lc=1.8299 Ld=6.1472 Lcons=0.0184 keep=0.792/0.792 lr=9.987e-06 gate_lr=9.987e-06 alpha=0.500+/-0.000 peak_mem=10.40GiB
epoch=1 step=1720/29520 loss=72.5739 Le=0.4697 Lc=1.9310 Ld=6.2820 Lcons=0.0145 keep=0.810/0.810 lr=9.986e-06 gate_lr=9.986e-06 alpha=0.500+/-0.000 peak_mem=10.40GiB
epoch=1 step=1740/29520 loss=67.3236 Le=0.4344 Lc=1.7640 Ld=6.2291 Lcons=0.0151 keep=0.795/0.795 lr=9.985e-06 gate_lr=9.985e-06 alpha=0.500+/-0.000 peak_mem=10.40GiB
epoch=1 step=1760/29520 loss=84.9439 Le=0.5978 Lc=1.9115 Ld=6.0367 Lcons=0.0147 keep=0.793/0.793 lr=9.984e-06 gate_lr=9.984e-06 alpha=0.500+/-0.000 peak_mem=10.40GiB
epoch=1 step=1780/29520 loss=52.3497 Le=0.2869 Lc=1.7577 Ld=6.0601 Lcons=0.0191 keep=0.777/0.777 lr=9.983e-06 gate_lr=9.983e-06 alpha=0.500+/-0.000 peak_mem=10.40GiB
epoch=1 step=1800/29520 loss=71.8928 Le=0.4755 Lc=1.8518 Ld=5.8069 Lcons=0.0172 keep=0.797/0.797 lr=9.983e-06 gate_lr=9.983e-06 alpha=0.500+/-0.000 peak_mem=10.40GiB
epoch=1 step=1820/29520 loss=83.0614 Le=0.5836 Lc=1.8747 Ld=5.9343 Lcons=0.0200 keep=0.779/0.779 lr=9.982e-06 gate_lr=9.982e-06 alpha=0.500+/-0.000 peak_mem=10.40GiB
epoch=1 step=1840/29520 loss=48.9228 Le=0.2428 Lc=1.8821 Ld=5.8031 Lcons=0.0150 keep=0.814/0.814 lr=9.981e-06 gate_lr=9.981e-06 alpha=0.500+/-0.000 peak_mem=10.40GiB
epoch=1 step=1860/29520 loss=70.4107 Le=0.4462 Lc=1.9754 Ld=6.0185 Lcons=0.0170 keep=0.803/0.803 lr=9.980e-06 gate_lr=9.980e-06 alpha=0.500+/-0.000 peak_mem=10.40GiB
epoch=1 step=1880/29520 loss=71.7575 Le=0.4633 Lc=1.9519 Ld=5.8912 Lcons=0.0169 keep=0.814/0.814 lr=9.979e-06 gate_lr=9.979e-06 alpha=0.500+/-0.000 peak_mem=10.40GiB
epoch=1 step=1900/29520 loss=73.5691 Le=0.4778 Lc=2.0034 Ld=5.7418 Lcons=0.0169 keep=0.813/0.813 lr=9.978e-06 gate_lr=9.978e-06 alpha=0.500+/-0.000 peak_mem=10.40GiB
epoch=1 step=1920/29520 loss=71.5665 Le=0.4629 Lc=1.9245 Ld=6.0109 Lcons=0.0179 keep=0.807/0.807 lr=9.977e-06 gate_lr=9.977e-06 alpha=0.500+/-0.000 peak_mem=10.40GiB
epoch=1 step=1940/29520 loss=60.3548 Le=0.3475 Lc=1.9838 Ld=5.7539 Lcons=0.0162 keep=0.800/0.800 lr=9.976e-06 gate_lr=9.976e-06 alpha=0.500+/-0.000 peak_mem=10.40GiB
epoch=1 step=1960/29520 loss=72.0874 Le=0.4768 Lc=1.8621 Ld=5.7679 Lcons=0.0183 keep=0.806/0.806 lr=9.975e-06 gate_lr=9.975e-06 alpha=0.500+/-0.000 peak_mem=10.40GiB
epoch=1 step=1980/29520 loss=63.0888 Le=0.3873 Lc=1.8729 Ld=5.6081 Lcons=0.0183 keep=0.808/0.808 lr=9.974e-06 gate_lr=9.974e-06 alpha=0.500+/-0.000 peak_mem=10.40GiB
epoch=1 step=2000/29520 loss=76.9402 Le=0.5212 Lc=1.8995 Ld=5.8040 Lcons=0.0186 keep=0.799/0.799 lr=9.973e-06 gate_lr=9.973e-06 alpha=0.500+/-0.000 peak_mem=10.40GiB
epoch=1 step=2020/29520 loss=60.0040 Le=0.3672 Lc=1.7250 Ld=6.0192 Lcons=0.0184 keep=0.804/0.804 lr=9.972e-06 gate_lr=9.972e-06 alpha=0.500+/-0.000 peak_mem=10.40GiB
epoch=1 step=2040/29520 loss=56.6239 Le=0.3244 Lc=1.8199 Ld=5.9652 Lcons=0.0169 keep=0.820/0.820 lr=9.971e-06 gate_lr=9.971e-06 alpha=0.500+/-0.000 peak_mem=10.40GiB
epoch=1 step=2060/29520 loss=86.5665 Le=0.6115 Lc=1.9536 Ld=5.8641 Lcons=0.0207 keep=0.793/0.793 lr=9.969e-06 gate_lr=9.969e-06 alpha=0.500+/-0.000 peak_mem=10.40GiB
epoch=1 step=2080/29520 loss=68.3781 Le=0.4464 Lc=1.8079 Ld=5.6472 Lcons=0.0163 keep=0.807/0.807 lr=9.968e-06 gate_lr=9.968e-06 alpha=0.500+/-0.000 peak_mem=10.40GiB
epoch=1 step=2100/29520 loss=72.1309 Le=0.4812 Lc=1.8412 Ld=5.5847 Lcons=0.0159 keep=0.823/0.823 lr=9.967e-06 gate_lr=9.967e-06 alpha=0.500+/-0.000 peak_mem=10.40GiB
epoch=1 step=2120/29520 loss=56.3334 Le=0.3189 Lc=1.8459 Ld=5.9610 Lcons=0.0215 keep=0.793/0.793 lr=9.966e-06 gate_lr=9.966e-06 alpha=0.500+/-0.000 peak_mem=10.40GiB
epoch=1 step=2140/29520 loss=74.8528 Le=0.4992 Lc=1.9217 Ld=5.6925 Lcons=0.0200 keep=0.786/0.786 lr=9.965e-06 gate_lr=9.965e-06 alpha=0.500+/-0.000 peak_mem=10.40GiB
epoch=1 step=2160/29520 loss=68.3772 Le=0.4355 Lc=1.8879 Ld=5.9284 Lcons=0.0177 keep=0.786/0.786 lr=9.963e-06 gate_lr=9.963e-06 alpha=0.500+/-0.000 peak_mem=10.40GiB
epoch=1 step=2180/29520 loss=48.8031 Le=0.2540 Lc=1.7741 Ld=5.6422 Lcons=0.0155 keep=0.792/0.792 lr=9.962e-06 gate_lr=9.962e-06 alpha=0.500+/-0.000 peak_mem=10.40GiB
epoch=1 step=2200/29520 loss=56.7885 Le=0.3220 Lc=1.9060 Ld=5.5143 Lcons=0.0193 keep=0.817/0.817 lr=9.961e-06 gate_lr=9.961e-06 alpha=0.500+/-0.000 peak_mem=10.40GiB
epoch=1 step=2220/29520 loss=55.6908 Le=0.3193 Lc=1.8038 Ld=5.7091 Lcons=0.0180 keep=0.807/0.807 lr=9.959e-06 gate_lr=9.959e-06 alpha=0.500+/-0.000 peak_mem=10.40GiB
epoch=1 step=2240/29520 loss=72.0967 Le=0.4868 Lc=1.7835 Ld=5.5602 Lcons=0.0213 keep=0.797/0.797 lr=9.958e-06 gate_lr=9.958e-06 alpha=0.500+/-0.000 peak_mem=10.40GiB
epoch=1 step=2260/29520 loss=65.5183 Le=0.4214 Lc=1.7829 Ld=5.5265 Lcons=0.0188 keep=0.793/0.793 lr=9.957e-06 gate_lr=9.957e-06 alpha=0.500+/-0.000 peak_mem=10.40GiB
epoch=1 step=2280/29520 loss=67.1192 Le=0.4163 Lc=1.9908 Ld=5.5637 Lcons=0.0146 keep=0.798/0.798 lr=9.955e-06 gate_lr=9.955e-06 alpha=0.500+/-0.000 peak_mem=10.40GiB
epoch=1 step=2300/29520 loss=63.8785 Le=0.4153 Lc=1.6975 Ld=5.3530 Lcons=0.0194 keep=0.816/0.816 lr=9.954e-06 gate_lr=9.954e-06 alpha=0.500+/-0.000 peak_mem=10.40GiB
epoch=1 step=2320/29520 loss=61.1924 Le=0.3671 Lc=1.8991 Ld=5.4739 Lcons=0.0212 keep=0.795/0.795 lr=9.953e-06 gate_lr=9.953e-06 alpha=0.500+/-0.000 peak_mem=10.40GiB
epoch=1 step=2340/29520 loss=77.6777 Le=0.5541 Lc=1.6811 Ld=5.4399 Lcons=0.0183 keep=0.801/0.801 lr=9.951e-06 gate_lr=9.951e-06 alpha=0.500+/-0.000 peak_mem=10.40GiB
epoch=1 step=2360/29520 loss=63.7384 Le=0.3916 Lc=1.8990 Ld=5.5697 Lcons=0.0162 keep=0.782/0.782 lr=9.950e-06 gate_lr=9.950e-06 alpha=0.500+/-0.000 peak_mem=10.40GiB
epoch=1 step=2380/29520 loss=58.0612 Le=0.3475 Lc=1.7736 Ld=5.5531 Lcons=0.0190 keep=0.804/0.804 lr=9.948e-06 gate_lr=9.948e-06 alpha=0.500+/-0.000 peak_mem=10.40GiB
epoch=1 step=2400/29520 loss=67.6910 Le=0.4415 Lc=1.8147 Ld=5.3708 Lcons=0.0212 keep=0.783/0.783 lr=9.947e-06 gate_lr=9.947e-06 alpha=0.500+/-0.000 peak_mem=10.40GiB
epoch=1 step=2420/29520 loss=69.6100 Le=0.4546 Lc=1.8757 Ld=5.3773 Lcons=0.0197 keep=0.789/0.789 lr=9.945e-06 gate_lr=9.945e-06 alpha=0.500+/-0.000 peak_mem=10.40GiB
epoch=1 step=2440/29520 loss=66.2185 Le=0.4275 Lc=1.8017 Ld=5.4281 Lcons=0.0187 keep=0.790/0.790 lr=9.944e-06 gate_lr=9.944e-06 alpha=0.500+/-0.000 peak_mem=10.40GiB
epoch=1 step=2460/29520 loss=57.5804 Le=0.3509 Lc=1.7042 Ld=5.4339 Lcons=0.0188 keep=0.785/0.785 lr=9.942e-06 gate_lr=9.942e-06 alpha=0.500+/-0.000 peak_mem=10.40GiB
epoch=1 step=2480/29520 loss=42.9177 Le=0.1983 Lc=1.7650 Ld=5.4212 Lcons=0.0195 keep=0.809/0.809 lr=9.940e-06 gate_lr=9.940e-06 alpha=0.500+/-0.000 peak_mem=10.40GiB
epoch=1 step=2500/29520 loss=65.3783 Le=0.4144 Lc=1.8549 Ld=5.3676 Lcons=0.0190 keep=0.816/0.816 lr=9.939e-06 gate_lr=9.939e-06 alpha=0.500+/-0.000 peak_mem=10.40GiB
epoch=1 step=2520/29520 loss=66.2380 Le=0.4338 Lc=1.7466 Ld=5.3700 Lcons=0.0189 keep=0.818/0.818 lr=9.937e-06 gate_lr=9.937e-06 alpha=0.500+/-0.000 peak_mem=10.40GiB
epoch=1 step=2540/29520 loss=59.7017 Le=0.3579 Lc=1.8418 Ld=5.4741 Lcons=0.0199 keep=0.799/0.799 lr=9.935e-06 gate_lr=9.935e-06 alpha=0.500+/-0.000 peak_mem=10.40GiB
epoch=1 step=2560/29520 loss=65.0939 Le=0.4229 Lc=1.7528 Ld=5.2601 Lcons=0.0174 keep=0.795/0.795 lr=9.934e-06 gate_lr=9.934e-06 alpha=0.500+/-0.000 peak_mem=10.40GiB
epoch=1 step=2580/29520 loss=66.1554 Le=0.4274 Lc=1.7906 Ld=5.4918 Lcons=0.0219 keep=0.791/0.791 lr=9.932e-06 gate_lr=9.932e-06 alpha=0.500+/-0.000 peak_mem=10.40GiB
epoch=1 step=2600/29520 loss=56.1185 Le=0.3249 Lc=1.8305 Ld=5.3091 Lcons=0.0189 keep=0.797/0.797 lr=9.930e-06 gate_lr=9.930e-06 alpha=0.500+/-0.000 peak_mem=10.40GiB
epoch=1 step=2620/29520 loss=63.2903 Le=0.4145 Lc=1.6308 Ld=5.5090 Lcons=0.0188 keep=0.790/0.790 lr=9.929e-06 gate_lr=9.929e-06 alpha=0.500+/-0.000 peak_mem=10.40GiB
epoch=1 step=2640/29520 loss=59.7848 Le=0.3586 Lc=1.8506 Ld=5.3955 Lcons=0.0210 keep=0.797/0.797 lr=9.927e-06 gate_lr=9.927e-06 alpha=0.500+/-0.000 peak_mem=10.40GiB
epoch=1 step=2660/29520 loss=65.4252 Le=0.4258 Lc=1.7309 Ld=5.5097 Lcons=0.0219 keep=0.771/0.771 lr=9.925e-06 gate_lr=9.925e-06 alpha=0.500+/-0.000 peak_mem=10.40GiB
epoch=1 step=2680/29520 loss=61.8816 Le=0.3886 Lc=1.7428 Ld=5.5721 Lcons=0.0213 keep=0.796/0.796 lr=9.923e-06 gate_lr=9.923e-06 alpha=0.500+/-0.000 peak_mem=10.40GiB
epoch=1 step=2700/29520 loss=54.5850 Le=0.3160 Lc=1.7585 Ld=5.3771 Lcons=0.0230 keep=0.798/0.797 lr=9.921e-06 gate_lr=9.921e-06 alpha=0.500+/-0.000 peak_mem=10.40GiB
epoch=1 step=2720/29520 loss=77.1061 Le=0.5299 Lc=1.8631 Ld=5.4682 Lcons=0.0193 keep=0.801/0.801 lr=9.919e-06 gate_lr=9.919e-06 alpha=0.500+/-0.000 peak_mem=10.40GiB
epoch=1 step=2740/29520 loss=63.2104 Le=0.3897 Lc=1.8933 Ld=5.2898 Lcons=0.0188 keep=0.784/0.784 lr=9.918e-06 gate_lr=9.918e-06 alpha=0.500+/-0.000 peak_mem=10.40GiB
epoch=1 step=2760/29520 loss=56.8537 Le=0.3478 Lc=1.6612 Ld=5.4430 Lcons=0.0186 keep=0.804/0.804 lr=9.916e-06 gate_lr=9.916e-06 alpha=0.500+/-0.000 peak_mem=10.40GiB
epoch=1 step=2780/29520 loss=76.8039 Le=0.5396 Lc=1.7474 Ld=5.3536 Lcons=0.0213 keep=0.811/0.811 lr=9.914e-06 gate_lr=9.914e-06 alpha=0.500+/-0.000 peak_mem=10.40GiB
epoch=1 step=2800/29520 loss=55.5695 Le=0.3282 Lc=1.7492 Ld=5.2311 Lcons=0.0213 keep=0.817/0.817 lr=9.912e-06 gate_lr=9.912e-06 alpha=0.500+/-0.000 peak_mem=10.40GiB
epoch=1 step=2820/29520 loss=46.5317 Le=0.2401 Lc=1.7370 Ld=5.1289 Lcons=0.0222 keep=0.813/0.813 lr=9.910e-06 gate_lr=9.910e-06 alpha=0.500+/-0.000 peak_mem=10.40GiB
epoch=1 step=2840/29520 loss=63.0780 Le=0.3949 Lc=1.8365 Ld=5.2051 Lcons=0.0201 keep=0.799/0.799 lr=9.908e-06 gate_lr=9.908e-06 alpha=0.500+/-0.000 peak_mem=10.40GiB
epoch=1 step=2860/29520 loss=54.2521 Le=0.3074 Lc=1.8232 Ld=5.2628 Lcons=0.0169 keep=0.800/0.800 lr=9.906e-06 gate_lr=9.906e-06 alpha=0.500+/-0.000 peak_mem=10.40GiB
epoch=1 step=2880/29520 loss=62.1944 Le=0.3750 Lc=1.9379 Ld=5.2966 Lcons=0.0205 keep=0.807/0.807 lr=9.904e-06 gate_lr=9.904e-06 alpha=0.500+/-0.000 peak_mem=10.40GiB
epoch=1 step=2900/29520 loss=61.6468 Le=0.3873 Lc=1.7525 Ld=5.3673 Lcons=0.0206 keep=0.801/0.801 lr=9.902e-06 gate_lr=9.902e-06 alpha=0.500+/-0.000 peak_mem=10.40GiB
epoch=1 step=2920/29520 loss=63.1874 Le=0.3998 Lc=1.7990 Ld=5.1959 Lcons=0.0199 keep=0.808/0.808 lr=9.900e-06 gate_lr=9.900e-06 alpha=0.500+/-0.000 peak_mem=10.40GiB
epoch=1 step=2940/29520 loss=49.9901 Le=0.2681 Lc=1.7911 Ld=5.2524 Lcons=0.0206 keep=0.789/0.789 lr=9.898e-06 gate_lr=9.898e-06 alpha=0.500+/-0.000 peak_mem=10.40GiB
epoch=1 checkpoints saved
epoch=2 step=2960/29520 loss=53.0933 Le=0.3067 Lc=1.7221 Ld=5.1851 Lcons=0.0200 keep=0.813/0.813 lr=9.896e-06 gate_lr=9.896e-06 alpha=0.500+/-0.000 peak_mem=10.40GiB
epoch=2 step=2980/29520 loss=44.7927 Le=0.2154 Lc=1.8030 Ld=5.2034 Lcons=0.0232 keep=0.800/0.800 lr=9.893e-06 gate_lr=9.893e-06 alpha=0.500+/-0.000 peak_mem=10.40GiB
epoch=2 step=3000/29520 loss=75.2676 Le=0.5247 Lc=1.7626 Ld=5.1515 Lcons=0.0196 keep=0.800/0.800 lr=9.891e-06 gate_lr=9.891e-06 alpha=0.500+/-0.000 peak_mem=10.40GiB
epoch=2 step=3020/29520 loss=40.4579 Le=0.1840 Lc=1.6758 Ld=5.2833 Lcons=0.0169 keep=0.791/0.791 lr=9.889e-06 gate_lr=9.889e-06 alpha=0.500+/-0.000 peak_mem=10.40GiB
epoch=2 step=3040/29520 loss=66.4099 Le=0.4353 Lc=1.7588 Ld=5.2761 Lcons=0.0186 keep=0.790/0.790 lr=9.887e-06 gate_lr=9.887e-06 alpha=0.500+/-0.000 peak_mem=10.40GiB
epoch=2 step=3060/29520 loss=56.9479 Le=0.3414 Lc=1.7465 Ld=5.3276 Lcons=0.0185 keep=0.790/0.790 lr=9.885e-06 gate_lr=9.885e-06 alpha=0.500+/-0.000 peak_mem=10.40GiB
epoch=2 step=3080/29520 loss=45.3123 Le=0.2045 Lc=1.9731 Ld=5.1153 Lcons=0.0209 keep=0.815/0.815 lr=9.882e-06 gate_lr=9.882e-06 alpha=0.500+/-0.000 peak_mem=10.40GiB
epoch=2 step=3100/29520 loss=71.8793 Le=0.4666 Lc=1.9923 Ld=5.2731 Lcons=0.0195 keep=0.807/0.807 lr=9.880e-06 gate_lr=9.880e-06 alpha=0.500+/-0.000 peak_mem=10.40GiB
epoch=2 step=3120/29520 loss=53.0914 Le=0.2968 Lc=1.8231 Ld=5.1566 Lcons=0.0221 keep=0.814/0.814 lr=9.878e-06 gate_lr=9.878e-06 alpha=0.500+/-0.000 peak_mem=10.40GiB
epoch=2 step=3140/29520 loss=49.1164 Le=0.2685 Lc=1.7328 Ld=4.9154 Lcons=0.0220 keep=0.794/0.794 lr=9.876e-06 gate_lr=9.876e-06 alpha=0.500+/-0.000 peak_mem=10.40GiB
epoch=2 step=3160/29520 loss=71.6001 Le=0.4681 Lc=1.9667 Ld=5.1020 Lcons=0.0203 keep=0.791/0.791 lr=9.873e-06 gate_lr=9.873e-06 alpha=0.500+/-0.000 peak_mem=10.40GiB
epoch=2 step=3180/29520 loss=51.5720 Le=0.3034 Lc=1.6243 Ld=4.9672 Lcons=0.0217 keep=0.801/0.801 lr=9.871e-06 gate_lr=9.871e-06 alpha=0.500+/-0.000 peak_mem=10.40GiB
epoch=2 step=3200/29520 loss=45.9107 Le=0.2426 Lc=1.6767 Ld=4.8651 Lcons=0.0191 keep=0.791/0.791 lr=9.869e-06 gate_lr=9.869e-06 alpha=0.500+/-0.000 peak_mem=10.40GiB
epoch=2 step=3220/29520 loss=62.4653 Le=0.3802 Lc=1.9518 Ld=4.9066 Lcons=0.0245 keep=0.810/0.810 lr=9.866e-06 gate_lr=9.866e-06 alpha=0.500+/-0.000 peak_mem=10.40GiB
epoch=2 step=3240/29520 loss=49.2034 Le=0.2691 Lc=1.7031 Ld=5.2391 Lcons=0.0186 keep=0.801/0.801 lr=9.864e-06 gate_lr=9.864e-06 alpha=0.500+/-0.000 peak_mem=10.40GiB
epoch=2 step=3260/29520 loss=52.7045 Le=0.3063 Lc=1.7205 Ld=4.8557 Lcons=0.0173 keep=0.802/0.802 lr=9.861e-06 gate_lr=9.861e-06 alpha=0.500+/-0.000 peak_mem=10.40GiB
epoch=2 step=3280/29520 loss=46.7106 Le=0.2375 Lc=1.7838 Ld=5.1062 Lcons=0.0181 keep=0.788/0.788 lr=9.859e-06 gate_lr=9.859e-06 alpha=0.500+/-0.000 peak_mem=10.40GiB
epoch=2 step=3300/29520 loss=44.9579 Le=0.2104 Lc=1.8714 Ld=5.1762 Lcons=0.0242 keep=0.817/0.817 lr=9.856e-06 gate_lr=9.856e-06 alpha=0.500+/-0.000 peak_mem=10.40GiB
epoch=2 step=3320/29520 loss=63.7863 Le=0.4109 Lc=1.7568 Ld=5.1077 Lcons=0.0239 keep=0.786/0.786 lr=9.854e-06 gate_lr=9.854e-06 alpha=0.500+/-0.000 peak_mem=10.40GiB
epoch=2 step=3340/29520 loss=49.3812 Le=0.2529 Lc=1.8893 Ld=5.1849 Lcons=0.0176 keep=0.826/0.826 lr=9.851e-06 gate_lr=9.851e-06 alpha=0.500+/-0.000 peak_mem=10.40GiB
epoch=2 step=3360/29520 loss=40.1341 Le=0.1827 Lc=1.6663 Ld=5.1827 Lcons=0.0199 keep=0.803/0.803 lr=9.849e-06 gate_lr=9.849e-06 alpha=0.500+/-0.000 peak_mem=10.40GiB
epoch=2 step=3380/29520 loss=59.4146 Le=0.3720 Lc=1.7304 Ld=4.8911 Lcons=0.0207 keep=0.810/0.814 lr=9.846e-06 gate_lr=9.846e-06 alpha=0.500+/-0.000 peak_mem=10.40GiB
epoch=2 step=3400/29520 loss=67.7950 Le=0.4447 Lc=1.8245 Ld=5.0599 Lcons=0.0212 keep=0.800/0.800 lr=9.844e-06 gate_lr=9.844e-06 alpha=0.500+/-0.000 peak_mem=10.40GiB
epoch=2 step=3420/29520 loss=47.5118 Le=0.2359 Lc=1.8776 Ld=5.1232 Lcons=0.0216 keep=0.780/0.780 lr=9.841e-06 gate_lr=9.841e-06 alpha=0.500+/-0.000 peak_mem=10.40GiB
epoch=2 step=3440/29520 loss=71.0907 Le=0.4927 Lc=1.6754 Ld=5.0445 Lcons=0.0193 keep=0.803/0.802 lr=9.838e-06 gate_lr=9.838e-06 alpha=0.500+/-0.000 peak_mem=10.40GiB
epoch=2 step=3460/29520 loss=48.5170 Le=0.2805 Lc=1.5528 Ld=4.9151 Lcons=0.0233 keep=0.808/0.808 lr=9.836e-06 gate_lr=9.836e-06 alpha=0.500+/-0.000 peak_mem=10.40GiB
epoch=2 step=3480/29520 loss=50.5721 Le=0.2905 Lc=1.6478 Ld=5.0266 Lcons=0.0209 keep=0.792/0.792 lr=9.833e-06 gate_lr=9.833e-06 alpha=0.500+/-0.000 peak_mem=10.40GiB
epoch=2 step=3500/29520 loss=57.9601 Le=0.3633 Lc=1.6726 Ld=4.8870 Lcons=0.0193 keep=0.810/0.810 lr=9.830e-06 gate_lr=9.830e-06 alpha=0.500+/-0.000 peak_mem=10.40GiB
epoch=2 step=3520/29520 loss=41.1293 Le=0.1777 Lc=1.8250 Ld=5.0883 Lcons=0.0206 keep=0.794/0.794 lr=9.828e-06 gate_lr=9.828e-06 alpha=0.500+/-0.000 peak_mem=10.40GiB
epoch=2 step=3540/29520 loss=50.7751 Le=0.2787 Lc=1.7790 Ld=5.0935 Lcons=0.0228 keep=0.786/0.786 lr=9.825e-06 gate_lr=9.825e-06 alpha=0.500+/-0.000 peak_mem=10.40GiB
epoch=2 step=3560/29520 loss=60.9138 Le=0.3789 Lc=1.8138 Ld=4.8568 Lcons=0.0245 keep=0.785/0.785 lr=9.822e-06 gate_lr=9.822e-06 alpha=0.500+/-0.000 peak_mem=10.40GiB
epoch=2 step=3580/29520 loss=59.9800 Le=0.3692 Lc=1.7905 Ld=5.1365 Lcons=0.0225 keep=0.792/0.792 lr=9.819e-06 gate_lr=9.819e-06 alpha=0.500+/-0.000 peak_mem=10.40GiB
epoch=2 step=3600/29520 loss=56.6312 Le=0.3367 Lc=1.7890 Ld=5.0512 Lcons=0.0202 keep=0.799/0.799 lr=9.817e-06 gate_lr=9.817e-06 alpha=0.500+/-0.000 peak_mem=10.40GiB
epoch=2 step=3620/29520 loss=51.9011 Le=0.2811 Lc=1.8931 Ld=4.8387 Lcons=0.0213 keep=0.808/0.808 lr=9.814e-06 gate_lr=9.814e-06 alpha=0.500+/-0.000 peak_mem=10.40GiB
epoch=2 step=3640/29520 loss=48.1188 Le=0.2569 Lc=1.7407 Ld=4.9955 Lcons=0.0244 keep=0.806/0.806 lr=9.811e-06 gate_lr=9.811e-06 alpha=0.500+/-0.000 peak_mem=10.40GiB
epoch=2 step=3660/29520 loss=70.8955 Le=0.4760 Lc=1.8246 Ld=5.0228 Lcons=0.0235 keep=0.805/0.805 lr=9.808e-06 gate_lr=9.808e-06 alpha=0.500+/-0.000 peak_mem=10.40GiB
epoch=2 step=3680/29520 loss=70.3194 Le=0.4743 Lc=1.7951 Ld=4.9165 Lcons=0.0247 keep=0.811/0.811 lr=9.805e-06 gate_lr=9.805e-06 alpha=0.500+/-0.000 peak_mem=10.40GiB
epoch=2 step=3700/29520 loss=53.6132 Le=0.3082 Lc=1.7826 Ld=4.9421 Lcons=0.0204 keep=0.801/0.801 lr=9.802e-06 gate_lr=9.802e-06 alpha=0.500+/-0.000 peak_mem=10.40GiB
epoch=2 step=3720/29520 loss=57.3984 Le=0.3609 Lc=1.6525 Ld=4.7607 Lcons=0.0223 keep=0.816/0.816 lr=9.800e-06 gate_lr=9.800e-06 alpha=0.500+/-0.000 peak_mem=10.40GiB
epoch=2 step=3740/29520 loss=62.7775 Le=0.4066 Lc=1.7248 Ld=4.8475 Lcons=0.0199 keep=0.816/0.816 lr=9.797e-06 gate_lr=9.797e-06 alpha=0.500+/-0.000 peak_mem=10.40GiB
epoch=2 step=3760/29520 loss=51.4374 Le=0.2805 Lc=1.8423 Ld=4.9378 Lcons=0.0244 keep=0.778/0.778 lr=9.794e-06 gate_lr=9.794e-06 alpha=0.500+/-0.000 peak_mem=10.40GiB
epoch=2 step=3780/29520 loss=62.6465 Le=0.3853 Lc=1.9041 Ld=5.0536 Lcons=0.0221 keep=0.793/0.793 lr=9.791e-06 gate_lr=9.791e-06 alpha=0.500+/-0.000 peak_mem=10.40GiB
epoch=2 step=3800/29520 loss=61.0628 Le=0.3902 Lc=1.7169 Ld=4.8546 Lcons=0.0212 keep=0.795/0.795 lr=9.788e-06 gate_lr=9.788e-06 alpha=0.500+/-0.000 peak_mem=10.40GiB
epoch=2 step=3820/29520 loss=60.1853 Le=0.3716 Lc=1.8041 Ld=4.9638 Lcons=0.0221 keep=0.790/0.790 lr=9.785e-06 gate_lr=9.785e-06 alpha=0.500+/-0.000 peak_mem=10.40GiB
epoch=2 step=3840/29520 loss=59.1653 Le=0.3761 Lc=1.6735 Ld=4.8046 Lcons=0.0206 keep=0.798/0.798 lr=9.782e-06 gate_lr=9.782e-06 alpha=0.500+/-0.000 peak_mem=10.40GiB
epoch=2 step=3860/29520 loss=71.3158 Le=0.4942 Lc=1.7003 Ld=4.8743 Lcons=0.0230 keep=0.785/0.785 lr=9.779e-06 gate_lr=9.779e-06 alpha=0.500+/-0.000 peak_mem=10.40GiB
epoch=2 step=3880/29520 loss=49.2576 Le=0.2587 Lc=1.8412 Ld=4.9520 Lcons=0.0224 keep=0.818/0.818 lr=9.775e-06 gate_lr=9.775e-06 alpha=0.500+/-0.000 peak_mem=10.40GiB
epoch=2 step=3900/29520 loss=46.8466 Le=0.2308 Lc=1.8870 Ld=4.8730 Lcons=0.0218 keep=0.820/0.820 lr=9.772e-06 gate_lr=9.772e-06 alpha=0.500+/-0.000 peak_mem=10.40GiB
epoch=2 step=3920/29520 loss=63.5846 Le=0.4140 Lc=1.7196 Ld=4.9723 Lcons=0.0202 keep=0.811/0.811 lr=9.769e-06 gate_lr=9.769e-06 alpha=0.500+/-0.000 peak_mem=10.40GiB
epoch=2 step=3940/29520 loss=51.8984 Le=0.3140 Lc=1.5615 Ld=4.8554 Lcons=0.0236 keep=0.815/0.815 lr=9.766e-06 gate_lr=9.766e-06 alpha=0.500+/-0.000 peak_mem=10.40GiB
epoch=2 step=3960/29520 loss=47.1638 Le=0.2510 Lc=1.6989 Ld=5.0580 Lcons=0.0207 keep=0.796/0.796 lr=9.763e-06 gate_lr=9.763e-06 alpha=0.500+/-0.000 peak_mem=10.40GiB
epoch=2 step=3980/29520 loss=48.8449 Le=0.2575 Lc=1.8084 Ld=4.9848 Lcons=0.0230 keep=0.791/0.791 lr=9.760e-06 gate_lr=9.760e-06 alpha=0.500+/-0.000 peak_mem=10.40GiB
epoch=2 step=4000/29520 loss=57.0272 Le=0.3346 Lc=1.8840 Ld=4.7068 Lcons=0.0217 keep=0.798/0.798 lr=9.757e-06 gate_lr=9.757e-06 alpha=0.500+/-0.000 peak_mem=10.40GiB
epoch=2 step=4020/29520 loss=53.9229 Le=0.3255 Lc=1.6342 Ld=5.0056 Lcons=0.0236 keep=0.806/0.806 lr=9.753e-06 gate_lr=9.753e-06 alpha=0.500+/-0.000 peak_mem=10.40GiB
epoch=2 step=4040/29520 loss=62.0253 Le=0.4004 Lc=1.7188 Ld=4.7794 Lcons=0.0207 keep=0.779/0.779 lr=9.750e-06 gate_lr=9.750e-06 alpha=0.500+/-0.000 peak_mem=10.40GiB
epoch=2 step=4060/29520 loss=54.1086 Le=0.3166 Lc=1.7487 Ld=4.9378 Lcons=0.0197 keep=0.791/0.791 lr=9.747e-06 gate_lr=9.747e-06 alpha=0.500+/-0.000 peak_mem=10.40GiB
epoch=2 step=4080/29520 loss=54.5903 Le=0.3285 Lc=1.6908 Ld=4.8107 Lcons=0.0189 keep=0.795/0.795 lr=9.743e-06 gate_lr=9.743e-06 alpha=0.500+/-0.000 peak_mem=10.40GiB
epoch=2 step=4100/29520 loss=59.9531 Le=0.3865 Lc=1.6393 Ld=4.8876 Lcons=0.0188 keep=0.826/0.826 lr=9.740e-06 gate_lr=9.740e-06 alpha=0.500+/-0.000 peak_mem=10.40GiB
epoch=2 step=4120/29520 loss=60.0842 Le=0.3892 Lc=1.6391 Ld=4.7503 Lcons=0.0208 keep=0.801/0.801 lr=9.737e-06 gate_lr=9.737e-06 alpha=0.500+/-0.000 peak_mem=10.40GiB
epoch=2 step=4140/29520 loss=67.7756 Le=0.4348 Lc=1.9458 Ld=4.8114 Lcons=0.0243 keep=0.778/0.778 lr=9.733e-06 gate_lr=9.733e-06 alpha=0.500+/-0.000 peak_mem=10.40GiB
epoch=2 step=4160/29520 loss=56.7781 Le=0.3620 Lc=1.5549 Ld=5.0063 Lcons=0.0222 keep=0.821/0.821 lr=9.730e-06 gate_lr=9.730e-06 alpha=0.500+/-0.000 peak_mem=10.40GiB
epoch=2 step=4180/29520 loss=49.7576 Le=0.2874 Lc=1.6257 Ld=4.7424 Lcons=0.0203 keep=0.798/0.797 lr=9.727e-06 gate_lr=9.727e-06 alpha=0.500+/-0.000 peak_mem=10.40GiB
epoch=2 step=4200/29520 loss=43.5524 Le=0.2131 Lc=1.7231 Ld=4.9915 Lcons=0.0201 keep=0.806/0.806 lr=9.723e-06 gate_lr=9.723e-06 alpha=0.500+/-0.000 peak_mem=10.40GiB
epoch=2 step=4220/29520 loss=53.9475 Le=0.2907 Lc=2.0157 Ld=4.6984 Lcons=0.0234 keep=0.797/0.797 lr=9.720e-06 gate_lr=9.720e-06 alpha=0.500+/-0.000 peak_mem=10.40GiB
epoch=2 step=4240/29520 loss=52.0089 Le=0.2901 Lc=1.8185 Ld=4.7871 Lcons=0.0224 keep=0.774/0.774 lr=9.716e-06 gate_lr=9.716e-06 alpha=0.500+/-0.000 peak_mem=10.40GiB
epoch=2 step=4260/29520 loss=49.1515 Le=0.2648 Lc=1.7495 Ld=5.1541 Lcons=0.0216 keep=0.807/0.807 lr=9.713e-06 gate_lr=9.713e-06 alpha=0.500+/-0.000 peak_mem=10.40GiB
epoch=2 step=4280/29520 loss=62.9787 Le=0.3985 Lc=1.8432 Ld=4.6794 Lcons=0.0201 keep=0.804/0.804 lr=9.709e-06 gate_lr=9.709e-06 alpha=0.500+/-0.000 peak_mem=10.40GiB
epoch=2 step=4300/29520 loss=46.2520 Le=0.2608 Lc=1.5586 Ld=4.5633 Lcons=0.0201 keep=0.778/0.778 lr=9.706e-06 gate_lr=9.706e-06 alpha=0.500+/-0.000 peak_mem=10.40GiB
epoch=2 step=4320/29520 loss=53.8560 Le=0.3106 Lc=1.8060 Ld=4.7138 Lcons=0.0215 keep=0.809/0.809 lr=9.702e-06 gate_lr=9.702e-06 alpha=0.500+/-0.000 peak_mem=10.40GiB
epoch=2 step=4340/29520 loss=53.3468 Le=0.3080 Lc=1.7721 Ld=4.7998 Lcons=0.0253 keep=0.801/0.801 lr=9.699e-06 gate_lr=9.699e-06 alpha=0.500+/-0.000 peak_mem=10.40GiB
epoch=2 step=4360/29520 loss=53.6059 Le=0.3121 Lc=1.7687 Ld=4.6920 Lcons=0.0193 keep=0.809/0.809 lr=9.695e-06 gate_lr=9.695e-06 alpha=0.500+/-0.000 peak_mem=10.40GiB
epoch=2 step=4380/29520 loss=61.7778 Le=0.3969 Lc=1.7329 Ld=4.7370 Lcons=0.0194 keep=0.788/0.788 lr=9.692e-06 gate_lr=9.692e-06 alpha=0.500+/-0.000 peak_mem=10.40GiB
epoch=2 step=4400/29520 loss=52.7706 Le=0.3082 Lc=1.7331 Ld=4.5984 Lcons=0.0206 keep=0.791/0.791 lr=9.688e-06 gate_lr=9.688e-06 alpha=0.500+/-0.000 peak_mem=10.40GiB
epoch=2 step=4420/29520 loss=38.9556 Le=0.1685 Lc=1.7284 Ld=4.8009 Lcons=0.0223 keep=0.788/0.788 lr=9.684e-06 gate_lr=9.684e-06 alpha=0.500+/-0.000 peak_mem=10.40GiB
epoch=2 step=4440/29520 loss=51.9333 Le=0.3118 Lc=1.6112 Ld=4.6256 Lcons=0.0180 keep=0.795/0.795 lr=9.681e-06 gate_lr=9.681e-06 alpha=0.500+/-0.000 peak_mem=10.40GiB
epoch=2 step=4460/29520 loss=54.6895 Le=0.3359 Lc=1.6734 Ld=4.3462 Lcons=0.0220 keep=0.791/0.791 lr=9.677e-06 gate_lr=9.677e-06 alpha=0.500+/-0.000 peak_mem=10.40GiB
epoch=2 step=4480/29520 loss=40.8117 Le=0.1879 Lc=1.7096 Ld=4.9054 Lcons=0.0233 keep=0.802/0.802 lr=9.673e-06 gate_lr=9.673e-06 alpha=0.500+/-0.000 peak_mem=10.40GiB
epoch=2 step=4500/29520 loss=38.6933 Le=0.1644 Lc=1.7510 Ld=4.7227 Lcons=0.0216 keep=0.810/0.810 lr=9.670e-06 gate_lr=9.670e-06 alpha=0.500+/-0.000 peak_mem=10.40GiB
epoch=2 step=4520/29520 loss=41.5129 Le=0.1984 Lc=1.6989 Ld=4.6596 Lcons=0.0202 keep=0.797/0.797 lr=9.666e-06 gate_lr=9.666e-06 alpha=0.500+/-0.000 peak_mem=10.40GiB
epoch=2 step=4540/29520 loss=57.9959 Le=0.3661 Lc=1.6781 Ld=4.5816 Lcons=0.0247 keep=0.803/0.803 lr=9.662e-06 gate_lr=9.662e-06 alpha=0.500+/-0.000 peak_mem=10.40GiB
epoch=2 step=4560/29520 loss=62.3082 Le=0.4131 Lc=1.6487 Ld=4.4926 Lcons=0.0214 keep=0.790/0.790 lr=9.658e-06 gate_lr=9.658e-06 alpha=0.500+/-0.000 peak_mem=10.40GiB
epoch=2 step=4580/29520 loss=54.7338 Le=0.3353 Lc=1.6587 Ld=4.5981 Lcons=0.0201 keep=0.832/0.832 lr=9.655e-06 gate_lr=9.655e-06 alpha=0.500+/-0.000 peak_mem=10.40GiB
epoch=2 step=4600/29520 loss=61.5699 Le=0.3895 Lc=1.8016 Ld=4.5847 Lcons=0.0211 keep=0.813/0.813 lr=9.651e-06 gate_lr=9.651e-06 alpha=0.500+/-0.000 peak_mem=10.40GiB
epoch=2 step=4620/29520 loss=67.1242 Le=0.4522 Lc=1.7102 Ld=4.7788 Lcons=0.0201 keep=0.804/0.804 lr=9.647e-06 gate_lr=9.647e-06 alpha=0.500+/-0.000 peak_mem=10.40GiB
epoch=2 step=4640/29520 loss=42.4407 Le=0.2052 Lc=1.7349 Ld=4.5512 Lcons=0.0252 keep=0.808/0.808 lr=9.643e-06 gate_lr=9.643e-06 alpha=0.500+/-0.000 peak_mem=10.40GiB
epoch=2 step=4660/29520 loss=50.6518 Le=0.2852 Lc=1.7481 Ld=4.6315 Lcons=0.0208 keep=0.791/0.791 lr=9.639e-06 gate_lr=9.639e-06 alpha=0.500+/-0.000 peak_mem=10.40GiB
epoch=2 step=4680/29520 loss=68.5049 Le=0.4699 Lc=1.6865 Ld=4.6306 Lcons=0.0207 keep=0.774/0.774 lr=9.635e-06 gate_lr=9.635e-06 alpha=0.500+/-0.000 peak_mem=10.40GiB
epoch=2 step=4700/29520 loss=46.7184 Le=0.2406 Lc=1.7769 Ld=4.8627 Lcons=0.0222 keep=0.789/0.789 lr=9.631e-06 gate_lr=9.631e-06 alpha=0.500+/-0.000 peak_mem=10.40GiB
epoch=2 step=4720/29520 loss=52.7400 Le=0.3211 Lc=1.5755 Ld=4.8516 Lcons=0.0224 keep=0.811/0.811 lr=9.627e-06 gate_lr=9.627e-06 alpha=0.500+/-0.000 peak_mem=10.40GiB
epoch=2 step=4740/29520 loss=56.2985 Le=0.3518 Lc=1.6473 Ld=4.6284 Lcons=0.0206 keep=0.788/0.788 lr=9.623e-06 gate_lr=9.623e-06 alpha=0.500+/-0.000 peak_mem=10.40GiB
epoch=2 step=4760/29520 loss=45.1483 Le=0.2360 Lc=1.6884 Ld=4.6364 Lcons=0.0270 keep=0.804/0.804 lr=9.620e-06 gate_lr=9.620e-06 alpha=0.500+/-0.000 peak_mem=10.40GiB
epoch=2 step=4780/29520 loss=51.9075 Le=0.2973 Lc=1.7361 Ld=4.7910 Lcons=0.0232 keep=0.782/0.782 lr=9.616e-06 gate_lr=9.616e-06 alpha=0.500+/-0.000 peak_mem=10.40GiB
epoch=2 step=4800/29520 loss=48.7358 Le=0.2837 Lc=1.5577 Ld=4.7622 Lcons=0.0263 keep=0.823/0.823 lr=9.611e-06 gate_lr=9.611e-06 alpha=0.500+/-0.000 peak_mem=10.40GiB
epoch=2 step=4820/29520 loss=58.0896 Le=0.3460 Lc=1.8677 Ld=4.7910 Lcons=0.0243 keep=0.810/0.810 lr=9.607e-06 gate_lr=9.607e-06 alpha=0.500+/-0.000 peak_mem=10.40GiB
epoch=2 step=4840/29520 loss=32.9609 Le=0.1207 Lc=1.6214 Ld=4.6597 Lcons=0.0215 keep=0.814/0.814 lr=9.603e-06 gate_lr=9.603e-06 alpha=0.500+/-0.000 peak_mem=10.40GiB
epoch=2 step=4860/29520 loss=72.9399 Le=0.5089 Lc=1.7259 Ld=4.7643 Lcons=0.0239 keep=0.817/0.817 lr=9.599e-06 gate_lr=9.599e-06 alpha=0.500+/-0.000 peak_mem=10.40GiB
epoch=2 step=4880/29520 loss=45.1805 Le=0.2420 Lc=1.6358 Ld=4.6007 Lcons=0.0213 keep=0.806/0.806 lr=9.595e-06 gate_lr=9.595e-06 alpha=0.500+/-0.000 peak_mem=10.40GiB
epoch=2 step=4900/29520 loss=42.8272 Le=0.2088 Lc=1.7272 Ld=4.6554 Lcons=0.0230 keep=0.791/0.791 lr=9.591e-06 gate_lr=9.591e-06 alpha=0.500+/-0.000 peak_mem=10.40GiB
epoch=2 step=4920/29520 loss=54.4609 Le=0.3144 Lc=1.8234 Ld=4.7651 Lcons=0.0203 keep=0.816/0.816 lr=9.587e-06 gate_lr=9.587e-06 alpha=0.500+/-0.000 peak_mem=10.40GiB
epoch=2 step=4940/29520 loss=45.5737 Le=0.2343 Lc=1.7366 Ld=4.7509 Lcons=0.0227 keep=0.798/0.798 lr=9.583e-06 gate_lr=9.583e-06 alpha=0.500+/-0.000 peak_mem=10.40GiB
epoch=2 step=4960/29520 loss=44.7168 Le=0.2402 Lc=1.6370 Ld=4.3056 Lcons=0.0256 keep=0.811/0.811 lr=9.579e-06 gate_lr=9.579e-06 alpha=0.500+/-0.000 peak_mem=10.40GiB
epoch=2 step=4980/29520 loss=40.5189 Le=0.1857 Lc=1.7323 Ld=4.6046 Lcons=0.0249 keep=0.785/0.785 lr=9.574e-06 gate_lr=9.574e-06 alpha=0.500+/-0.000 peak_mem=10.40GiB
epoch=2 step=5000/29520 loss=52.1365 Le=0.3101 Lc=1.6564 Ld=4.5426 Lcons=0.0244 keep=0.815/0.815 lr=9.570e-06 gate_lr=9.570e-06 alpha=0.500+/-0.000 peak_mem=10.40GiB
epoch=2 step=5020/29520 loss=46.1851 Le=0.2424 Lc=1.7274 Ld=4.6511 Lcons=0.0212 keep=0.828/0.828 lr=9.566e-06 gate_lr=9.566e-06 alpha=0.500+/-0.000 peak_mem=10.40GiB
epoch=2 step=5040/29520 loss=51.3134 Le=0.2964 Lc=1.7181 Ld=4.4708 Lcons=0.0248 keep=0.797/0.797 lr=9.562e-06 gate_lr=9.562e-06 alpha=0.500+/-0.000 peak_mem=10.40GiB
epoch=2 step=5060/29520 loss=51.6150 Le=0.2984 Lc=1.6998 Ld=4.7537 Lcons=0.0268 keep=0.797/0.797 lr=9.557e-06 gate_lr=9.557e-06 alpha=0.500+/-0.000 peak_mem=10.40GiB
epoch=2 step=5080/29520 loss=49.4432 Le=0.2795 Lc=1.6762 Ld=4.7078 Lcons=0.0223 keep=0.788/0.788 lr=9.553e-06 gate_lr=9.553e-06 alpha=0.500+/-0.000 peak_mem=10.40GiB
epoch=2 step=5100/29520 loss=54.3052 Le=0.3137 Lc=1.8029 Ld=4.8782 Lcons=0.0241 keep=0.793/0.792 lr=9.549e-06 gate_lr=9.549e-06 alpha=0.500+/-0.000 peak_mem=10.40GiB
epoch=2 step=5120/29520 loss=71.3891 Le=0.4943 Lc=1.7181 Ld=4.7551 Lcons=0.0249 keep=0.818/0.818 lr=9.544e-06 gate_lr=9.544e-06 alpha=0.500+/-0.000 peak_mem=10.40GiB
epoch=2 step=5140/29520 loss=52.6516 Le=0.3232 Lc=1.5551 Ld=4.7538 Lcons=0.0239 keep=0.826/0.826 lr=9.540e-06 gate_lr=9.540e-06 alpha=0.500+/-0.000 peak_mem=10.40GiB
epoch=2 step=5160/29520 loss=67.1277 Le=0.4621 Lc=1.6386 Ld=4.5076 Lcons=0.0191 keep=0.799/0.799 lr=9.536e-06 gate_lr=9.536e-06 alpha=0.500+/-0.000 peak_mem=10.40GiB
epoch=2 step=5180/29520 loss=44.9074 Le=0.2413 Lc=1.6119 Ld=4.6376 Lcons=0.0236 keep=0.798/0.798 lr=9.531e-06 gate_lr=9.531e-06 alpha=0.500+/-0.000 peak_mem=10.40GiB
epoch=2 step=5200/29520 loss=39.0924 Le=0.1808 Lc=1.6102 Ld=4.8910 Lcons=0.0229 keep=0.812/0.812 lr=9.527e-06 gate_lr=9.527e-06 alpha=0.500+/-0.000 peak_mem=10.40GiB
epoch=2 step=5220/29520 loss=40.1187 Le=0.1949 Lc=1.6051 Ld=4.5585 Lcons=0.0215 keep=0.776/0.776 lr=9.522e-06 gate_lr=9.522e-06 alpha=0.500+/-0.000 peak_mem=10.40GiB
epoch=2 step=5240/29520 loss=41.6970 Le=0.1904 Lc=1.8098 Ld=4.5379 Lcons=0.0241 keep=0.799/0.799 lr=9.518e-06 gate_lr=9.518e-06 alpha=0.500+/-0.000 peak_mem=10.40GiB
epoch=2 step=5260/29520 loss=43.9252 Le=0.2225 Lc=1.7212 Ld=4.4418 Lcons=0.0254 keep=0.804/0.804 lr=9.514e-06 gate_lr=9.514e-06 alpha=0.500+/-0.000 peak_mem=10.40GiB
epoch=2 step=5280/29520 loss=68.2775 Le=0.4724 Lc=1.6573 Ld=4.4390 Lcons=0.0221 keep=0.795/0.795 lr=9.509e-06 gate_lr=9.509e-06 alpha=0.500+/-0.000 peak_mem=10.40GiB
epoch=2 step=5300/29520 loss=42.8653 Le=0.2184 Lc=1.6589 Ld=4.4143 Lcons=0.0210 keep=0.807/0.807 lr=9.505e-06 gate_lr=9.505e-06 alpha=0.500+/-0.000 peak_mem=10.40GiB
epoch=2 step=5320/29520 loss=48.8414 Le=0.2821 Lc=1.6105 Ld=4.5020 Lcons=0.0266 keep=0.793/0.793 lr=9.500e-06 gate_lr=9.500e-06 alpha=0.500+/-0.000 peak_mem=10.40GiB
epoch=2 step=5340/29520 loss=44.3725 Le=0.2202 Lc=1.7782 Ld=4.5401 Lcons=0.0254 keep=0.799/0.799 lr=9.495e-06 gate_lr=9.495e-06 alpha=0.500+/-0.000 peak_mem=10.40GiB
epoch=2 step=5360/29520 loss=43.3155 Le=0.2142 Lc=1.7402 Ld=4.4698 Lcons=0.0242 keep=0.790/0.790 lr=9.491e-06 gate_lr=9.491e-06 alpha=0.500+/-0.000 peak_mem=10.40GiB
epoch=2 step=5380/29520 loss=41.6524 Le=0.2209 Lc=1.5019 Ld=4.5266 Lcons=0.0206 keep=0.782/0.782 lr=9.486e-06 gate_lr=9.486e-06 alpha=0.500+/-0.000 peak_mem=10.40GiB
epoch=2 step=5400/29520 loss=72.2222 Le=0.4967 Lc=1.8271 Ld=4.2574 Lcons=0.0244 keep=0.796/0.796 lr=9.482e-06 gate_lr=9.482e-06 alpha=0.500+/-0.000 peak_mem=10.40GiB
epoch=2 step=5420/29520 loss=37.3805 Le=0.1755 Lc=1.5368 Ld=4.4422 Lcons=0.0209 keep=0.783/0.783 lr=9.477e-06 gate_lr=9.477e-06 alpha=0.500+/-0.000 peak_mem=10.40GiB
epoch=2 step=5440/29520 loss=42.4679 Le=0.2196 Lc=1.5893 Ld=4.5878 Lcons=0.0231 keep=0.820/0.820 lr=9.472e-06 gate_lr=9.472e-06 alpha=0.500+/-0.000 peak_mem=10.40GiB
epoch=2 step=5460/29520 loss=42.8813 Le=0.2167 Lc=1.6855 Ld=4.3345 Lcons=0.0212 keep=0.801/0.801 lr=9.468e-06 gate_lr=9.468e-06 alpha=0.500+/-0.000 peak_mem=10.40GiB
epoch=2 step=5480/29520 loss=45.7088 Le=0.2503 Lc=1.6271 Ld=4.3812 Lcons=0.0229 keep=0.800/0.800 lr=9.463e-06 gate_lr=9.463e-06 alpha=0.500+/-0.000 peak_mem=10.40GiB
epoch=2 step=5500/29520 loss=59.2890 Le=0.3870 Lc=1.6317 Ld=4.2423 Lcons=0.0249 keep=0.816/0.816 lr=9.458e-06 gate_lr=9.458e-06 alpha=0.500+/-0.000 peak_mem=10.40GiB
epoch=2 step=5520/29520 loss=37.7603 Le=0.1741 Lc=1.5869 Ld=4.4581 Lcons=0.0222 keep=0.792/0.792 lr=9.454e-06 gate_lr=9.454e-06 alpha=0.500+/-0.000 peak_mem=10.40GiB
epoch=2 step=5540/29520 loss=42.3146 Le=0.2203 Lc=1.5792 Ld=4.4686 Lcons=0.0238 keep=0.792/0.792 lr=9.449e-06 gate_lr=9.449e-06 alpha=0.500+/-0.000 peak_mem=10.40GiB
epoch=2 step=5560/29520 loss=47.3419 Le=0.2650 Lc=1.6434 Ld=4.3828 Lcons=0.0230 keep=0.827/0.827 lr=9.444e-06 gate_lr=9.444e-06 alpha=0.500+/-0.000 peak_mem=10.40GiB
epoch=2 step=5580/29520 loss=50.6949 Le=0.2923 Lc=1.7022 Ld=4.4163 Lcons=0.0237 keep=0.807/0.807 lr=9.439e-06 gate_lr=9.439e-06 alpha=0.500+/-0.000 peak_mem=10.40GiB
epoch=2 step=5600/29520 loss=68.3717 Le=0.4703 Lc=1.7008 Ld=4.3121 Lcons=0.0236 keep=0.810/0.810 lr=9.435e-06 gate_lr=9.435e-06 alpha=0.500+/-0.000 peak_mem=10.40GiB
epoch=2 step=5620/29520 loss=44.1397 Le=0.2260 Lc=1.6984 Ld=4.5346 Lcons=0.0239 keep=0.792/0.792 lr=9.430e-06 gate_lr=9.430e-06 alpha=0.500+/-0.000 peak_mem=10.40GiB
epoch=2 step=5640/29520 loss=40.9346 Le=0.1996 Lc=1.6764 Ld=4.1894 Lcons=0.0248 keep=0.815/0.815 lr=9.425e-06 gate_lr=9.425e-06 alpha=0.500+/-0.000 peak_mem=10.40GiB
epoch=2 step=5660/29520 loss=43.7063 Le=0.2396 Lc=1.5212 Ld=4.5068 Lcons=0.0240 keep=0.764/0.764 lr=9.420e-06 gate_lr=9.420e-06 alpha=0.500+/-0.000 peak_mem=10.40GiB
epoch=2 step=5680/29520 loss=51.2088 Le=0.3220 Lc=1.4555 Ld=4.4225 Lcons=0.0280 keep=0.811/0.811 lr=9.415e-06 gate_lr=9.415e-06 alpha=0.500+/-0.000 peak_mem=10.40GiB
epoch=2 step=5700/29520 loss=47.3642 Le=0.2633 Lc=1.6322 Ld=4.6856 Lcons=0.0221 keep=0.797/0.797 lr=9.410e-06 gate_lr=9.410e-06 alpha=0.500+/-0.000 peak_mem=10.40GiB
epoch=2 step=5720/29520 loss=80.6093 Le=0.6018 Lc=1.5852 Ld=4.5595 Lcons=0.0228 keep=0.793/0.793 lr=9.405e-06 gate_lr=9.405e-06 alpha=0.500+/-0.000 peak_mem=10.40GiB
epoch=2 step=5740/29520 loss=43.5904 Le=0.2289 Lc=1.6288 Ld=4.3955 Lcons=0.0200 keep=0.803/0.803 lr=9.400e-06 gate_lr=9.400e-06 alpha=0.500+/-0.000 peak_mem=10.40GiB
epoch=2 step=5760/29520 loss=50.5809 Le=0.2920 Lc=1.6975 Ld=4.3799 Lcons=0.0252 keep=0.803/0.803 lr=9.395e-06 gate_lr=9.395e-06 alpha=0.500+/-0.000 peak_mem=10.40GiB
epoch=2 step=5780/29520 loss=48.8003 Le=0.2828 Lc=1.6053 Ld=4.4449 Lcons=0.0205 keep=0.781/0.781 lr=9.390e-06 gate_lr=9.390e-06 alpha=0.500+/-0.000 peak_mem=10.40GiB
epoch=2 step=5800/29520 loss=37.2451 Le=0.1630 Lc=1.6379 Ld=4.5398 Lcons=0.0252 keep=0.807/0.807 lr=9.385e-06 gate_lr=9.385e-06 alpha=0.500+/-0.000 peak_mem=10.40GiB
epoch=2 step=5820/29520 loss=52.6391 Le=0.3317 Lc=1.5010 Ld=4.4365 Lcons=0.0212 keep=0.807/0.807 lr=9.380e-06 gate_lr=9.380e-06 alpha=0.500+/-0.000 peak_mem=10.40GiB
epoch=2 step=5840/29520 loss=43.1302 Le=0.2294 Lc=1.5823 Ld=4.3437 Lcons=0.0250 keep=0.832/0.832 lr=9.375e-06 gate_lr=9.375e-06 alpha=0.500+/-0.000 peak_mem=10.40GiB
epoch=2 step=5860/29520 loss=47.7737 Le=0.2663 Lc=1.6660 Ld=4.4538 Lcons=0.0256 keep=0.803/0.803 lr=9.370e-06 gate_lr=9.370e-06 alpha=0.500+/-0.000 peak_mem=10.40GiB
epoch=2 step=5880/29520 loss=47.4359 Le=0.2650 Lc=1.6338 Ld=4.5788 Lcons=0.0243 keep=0.790/0.790 lr=9.365e-06 gate_lr=9.365e-06 alpha=0.500+/-0.000 peak_mem=10.40GiB
epoch=2 step=5900/29520 loss=33.0975 Le=0.1309 Lc=1.5624 Ld=4.3588 Lcons=0.0223 keep=0.796/0.796 lr=9.360e-06 gate_lr=9.360e-06 alpha=0.500+/-0.000 peak_mem=10.40GiB
epoch=2 checkpoints saved
epoch=3 step=5920/29520 loss=32.7239 Le=0.1279 Lc=1.5448 Ld=4.4617 Lcons=0.0268 keep=0.776/0.776 lr=9.355e-06 gate_lr=9.355e-06 alpha=0.500+/-0.000 peak_mem=10.40GiB
epoch=3 step=5940/29520 loss=42.9164 Le=0.2362 Lc=1.5045 Ld=4.2296 Lcons=0.0228 keep=0.789/0.789 lr=9.350e-06 gate_lr=9.350e-06 alpha=0.500+/-0.000 peak_mem=10.40GiB
epoch=3 step=5960/29520 loss=56.7313 Le=0.3519 Lc=1.7062 Ld=4.4509 Lcons=0.0250 keep=0.794/0.794 lr=9.345e-06 gate_lr=9.345e-06 alpha=0.500+/-0.000 peak_mem=10.40GiB
epoch=3 step=5980/29520 loss=49.5548 Le=0.2921 Lc=1.5828 Ld=4.4922 Lcons=0.0234 keep=0.825/0.825 lr=9.340e-06 gate_lr=9.340e-06 alpha=0.500+/-0.000 peak_mem=10.40GiB
epoch=3 step=6000/29520 loss=55.3412 Le=0.3438 Lc=1.6515 Ld=4.4230 Lcons=0.0215 keep=0.806/0.806 lr=9.335e-06 gate_lr=9.335e-06 alpha=0.500+/-0.000 peak_mem=10.40GiB
epoch=3 step=6020/29520 loss=40.4615 Le=0.2090 Lc=1.5124 Ld=4.4125 Lcons=0.0219 keep=0.800/0.800 lr=9.329e-06 gate_lr=9.329e-06 alpha=0.500+/-0.000 peak_mem=10.40GiB
epoch=3 step=6040/29520 loss=53.1592 Le=0.3317 Lc=1.5572 Ld=4.3952 Lcons=0.0251 keep=0.801/0.801 lr=9.324e-06 gate_lr=9.324e-06 alpha=0.500+/-0.000 peak_mem=10.40GiB
epoch=3 step=6060/29520 loss=43.9871 Le=0.2376 Lc=1.5771 Ld=4.4296 Lcons=0.0227 keep=0.816/0.816 lr=9.319e-06 gate_lr=9.319e-06 alpha=0.500+/-0.000 peak_mem=10.40GiB
epoch=3 step=6080/29520 loss=37.2230 Le=0.1710 Lc=1.5873 Ld=4.2207 Lcons=0.0261 keep=0.787/0.787 lr=9.314e-06 gate_lr=9.314e-06 alpha=0.500+/-0.000 peak_mem=10.40GiB
epoch=3 step=6100/29520 loss=35.2129 Le=0.1516 Lc=1.5713 Ld=4.3234 Lcons=0.0209 keep=0.817/0.817 lr=9.308e-06 gate_lr=9.308e-06 alpha=0.500+/-0.000 peak_mem=10.40GiB
epoch=3 step=6120/29520 loss=51.2364 Le=0.3107 Lc=1.5805 Ld=4.3427 Lcons=0.0234 keep=0.798/0.798 lr=9.303e-06 gate_lr=9.303e-06 alpha=0.500+/-0.000 peak_mem=10.40GiB
epoch=3 step=6140/29520 loss=30.1211 Le=0.0963 Lc=1.5952 Ld=4.5135 Lcons=0.0270 keep=0.793/0.793 lr=9.298e-06 gate_lr=9.298e-06 alpha=0.500+/-0.000 peak_mem=10.40GiB
epoch=3 step=6160/29520 loss=39.0779 Le=0.1996 Lc=1.4776 Ld=4.3156 Lcons=0.0219 keep=0.795/0.795 lr=9.292e-06 gate_lr=9.292e-06 alpha=0.500+/-0.000 peak_mem=10.40GiB
epoch=3 step=6180/29520 loss=41.2842 Le=0.2235 Lc=1.4562 Ld=4.3486 Lcons=0.0240 keep=0.793/0.793 lr=9.287e-06 gate_lr=9.287e-06 alpha=0.500+/-0.000 peak_mem=10.40GiB
epoch=3 step=6200/29520 loss=41.0637 Le=0.2039 Lc=1.6086 Ld=4.5632 Lcons=0.0231 keep=0.796/0.796 lr=9.282e-06 gate_lr=9.282e-06 alpha=0.500+/-0.000 peak_mem=10.40GiB
epoch=3 step=6220/29520 loss=35.6428 Le=0.1525 Lc=1.5980 Ld=4.3912 Lcons=0.0220 keep=0.811/0.811 lr=9.276e-06 gate_lr=9.276e-06 alpha=0.500+/-0.000 peak_mem=10.40GiB
epoch=3 step=6240/29520 loss=38.4414 Le=0.1799 Lc=1.6157 Ld=4.2724 Lcons=0.0214 keep=0.820/0.820 lr=9.271e-06 gate_lr=9.271e-06 alpha=0.500+/-0.000 peak_mem=10.40GiB
epoch=3 step=6260/29520 loss=40.6827 Le=0.2143 Lc=1.4808 Ld=4.4183 Lcons=0.0253 keep=0.795/0.795 lr=9.266e-06 gate_lr=9.266e-06 alpha=0.500+/-0.000 peak_mem=10.40GiB
epoch=3 step=6280/29520 loss=36.5875 Le=0.1451 Lc=1.7800 Ld=4.2501 Lcons=0.0265 keep=0.798/0.798 lr=9.260e-06 gate_lr=9.260e-06 alpha=0.500+/-0.000 peak_mem=10.40GiB
epoch=3 step=6300/29520 loss=39.9421 Le=0.1969 Lc=1.5984 Ld=4.2448 Lcons=0.0272 keep=0.790/0.790 lr=9.255e-06 gate_lr=9.255e-06 alpha=0.500+/-0.000 peak_mem=10.40GiB
epoch=3 step=6320/29520 loss=39.5449 Le=0.1836 Lc=1.6643 Ld=4.5214 Lcons=0.0244 keep=0.808/0.808 lr=9.249e-06 gate_lr=9.249e-06 alpha=0.500+/-0.000 peak_mem=10.40GiB
epoch=3 step=6340/29520 loss=52.9575 Le=0.3347 Lc=1.4933 Ld=4.5257 Lcons=0.0238 keep=0.780/0.780 lr=9.244e-06 gate_lr=9.244e-06 alpha=0.500+/-0.000 peak_mem=10.40GiB
epoch=3 step=6360/29520 loss=58.0969 Le=0.3775 Lc=1.5929 Ld=4.3938 Lcons=0.0251 keep=0.821/0.821 lr=9.238e-06 gate_lr=9.238e-06 alpha=0.500+/-0.000 peak_mem=10.40GiB
epoch=3 step=6380/29520 loss=49.2841 Le=0.2948 Lc=1.5307 Ld=4.4756 Lcons=0.0241 keep=0.830/0.830 lr=9.233e-06 gate_lr=9.233e-06 alpha=0.500+/-0.000 peak_mem=10.40GiB
epoch=3 step=6400/29520 loss=51.6759 Le=0.3121 Lc=1.5950 Ld=4.4905 Lcons=0.0206 keep=0.801/0.800 lr=9.227e-06 gate_lr=9.227e-06 alpha=0.500+/-0.000 peak_mem=10.40GiB
epoch=3 step=6420/29520 loss=40.2576 Le=0.2032 Lc=1.5504 Ld=4.4101 Lcons=0.0264 keep=0.805/0.805 lr=9.222e-06 gate_lr=9.222e-06 alpha=0.500+/-0.000 peak_mem=10.40GiB
epoch=3 step=6440/29520 loss=41.5332 Le=0.2100 Lc=1.6213 Ld=4.2936 Lcons=0.0239 keep=0.800/0.800 lr=9.216e-06 gate_lr=9.216e-06 alpha=0.500+/-0.000 peak_mem=10.40GiB
epoch=3 step=6460/29520 loss=43.7272 Le=0.2386 Lc=1.5488 Ld=4.3583 Lcons=0.0232 keep=0.810/0.810 lr=9.210e-06 gate_lr=9.210e-06 alpha=0.500+/-0.000 peak_mem=10.40GiB
epoch=3 step=6480/29520 loss=35.7760 Le=0.1472 Lc=1.6768 Ld=4.2593 Lcons=0.0239 keep=0.802/0.802 lr=9.205e-06 gate_lr=9.205e-06 alpha=0.500+/-0.000 peak_mem=10.40GiB
epoch=3 step=6500/29520 loss=38.5380 Le=0.1842 Lc=1.5578 Ld=4.5163 Lcons=0.0254 keep=0.772/0.772 lr=9.199e-06 gate_lr=9.199e-06 alpha=0.500+/-0.000 peak_mem=10.40GiB
epoch=3 step=6520/29520 loss=35.2676 Le=0.1546 Lc=1.5256 Ld=4.5252 Lcons=0.0256 keep=0.793/0.793 lr=9.193e-06 gate_lr=9.193e-06 alpha=0.500+/-0.000 peak_mem=10.40GiB
epoch=3 step=6540/29520 loss=43.4004 Le=0.2298 Lc=1.5831 Ld=4.5683 Lcons=0.0228 keep=0.778/0.778 lr=9.188e-06 gate_lr=9.188e-06 alpha=0.500+/-0.000 peak_mem=10.40GiB
epoch=3 step=6560/29520 loss=41.4154 Le=0.2182 Lc=1.5017 Ld=4.5547 Lcons=0.0216 keep=0.811/0.811 lr=9.182e-06 gate_lr=9.182e-06 alpha=0.500+/-0.000 peak_mem=10.40GiB
epoch=3 step=6580/29520 loss=37.9314 Le=0.1658 Lc=1.7057 Ld=4.2690 Lcons=0.0264 keep=0.796/0.796 lr=9.176e-06 gate_lr=9.176e-06 alpha=0.500+/-0.000 peak_mem=10.40GiB
epoch=3 step=6600/29520 loss=43.1087 Le=0.2261 Lc=1.6055 Ld=4.4197 Lcons=0.0255 keep=0.810/0.810 lr=9.171e-06 gate_lr=9.171e-06 alpha=0.500+/-0.000 peak_mem=10.40GiB
epoch=3 step=6620/29520 loss=41.4976 Le=0.2035 Lc=1.6687 Ld=4.4387 Lcons=0.0256 keep=0.800/0.800 lr=9.165e-06 gate_lr=9.165e-06 alpha=0.500+/-0.000 peak_mem=10.40GiB
epoch=3 step=6640/29520 loss=37.4923 Le=0.1862 Lc=1.4627 Ld=4.2174 Lcons=0.0269 keep=0.799/0.799 lr=9.159e-06 gate_lr=9.159e-06 alpha=0.500+/-0.000 peak_mem=10.40GiB
epoch=3 step=6660/29520 loss=39.1658 Le=0.1967 Lc=1.5292 Ld=4.1753 Lcons=0.0259 keep=0.807/0.807 lr=9.153e-06 gate_lr=9.153e-06 alpha=0.500+/-0.000 peak_mem=10.40GiB
epoch=3 step=6680/29520 loss=61.3581 Le=0.4186 Lc=1.5412 Ld=4.0632 Lcons=0.0237 keep=0.794/0.794 lr=9.148e-06 gate_lr=9.148e-06 alpha=0.500+/-0.000 peak_mem=10.40GiB
epoch=3 step=6700/29520 loss=37.5652 Le=0.1842 Lc=1.4726 Ld=4.3972 Lcons=0.0240 keep=0.806/0.806 lr=9.142e-06 gate_lr=9.142e-06 alpha=0.500+/-0.000 peak_mem=10.40GiB
epoch=3 step=6720/29520 loss=40.7864 Le=0.2067 Lc=1.5763 Ld=4.3341 Lcons=0.0224 keep=0.811/0.811 lr=9.136e-06 gate_lr=9.136e-06 alpha=0.500+/-0.000 peak_mem=10.40GiB
epoch=3 step=6740/29520 loss=31.8157 Le=0.1278 Lc=1.4852 Ld=4.1588 Lcons=0.0290 keep=0.807/0.807 lr=9.130e-06 gate_lr=9.130e-06 alpha=0.500+/-0.000 peak_mem=10.40GiB
epoch=3 step=6760/29520 loss=37.2197 Le=0.1743 Lc=1.5255 Ld=4.5054 Lcons=0.0238 keep=0.804/0.804 lr=9.124e-06 gate_lr=9.124e-06 alpha=0.500+/-0.000 peak_mem=10.40GiB
epoch=3 step=6780/29520 loss=45.5658 Le=0.2524 Lc=1.6059 Ld=4.2402 Lcons=0.0256 keep=0.801/0.801 lr=9.118e-06 gate_lr=9.118e-06 alpha=0.500+/-0.000 peak_mem=10.40GiB
epoch=3 step=6800/29520 loss=55.7078 Le=0.3450 Lc=1.6730 Ld=4.4542 Lcons=0.0222 keep=0.796/0.796 lr=9.112e-06 gate_lr=9.112e-06 alpha=0.500+/-0.000 peak_mem=10.40GiB
epoch=3 step=6820/29520 loss=47.4849 Le=0.2826 Lc=1.4880 Ld=4.3158 Lcons=0.0260 keep=0.798/0.798 lr=9.106e-06 gate_lr=9.106e-06 alpha=0.500+/-0.000 peak_mem=10.40GiB
epoch=3 step=6840/29520 loss=32.7719 Le=0.1407 Lc=1.4371 Ld=4.2999 Lcons=0.0268 keep=0.791/0.791 lr=9.101e-06 gate_lr=9.101e-06 alpha=0.500+/-0.000 peak_mem=10.40GiB
epoch=3 step=6860/29520 loss=55.6124 Le=0.3507 Lc=1.6406 Ld=4.1032 Lcons=0.0281 keep=0.807/0.807 lr=9.095e-06 gate_lr=9.095e-06 alpha=0.500+/-0.000 peak_mem=10.40GiB
epoch=3 step=6880/29520 loss=30.4802 Le=0.1171 Lc=1.4615 Ld=4.1338 Lcons=0.0234 keep=0.805/0.805 lr=9.089e-06 gate_lr=9.089e-06 alpha=0.500+/-0.000 peak_mem=10.40GiB
epoch=3 step=6900/29520 loss=70.6077 Le=0.4956 Lc=1.6530 Ld=4.4944 Lcons=0.0257 keep=0.791/0.791 lr=9.083e-06 gate_lr=9.083e-06 alpha=0.500+/-0.000 peak_mem=10.40GiB
epoch=3 step=6920/29520 loss=36.4194 Le=0.1605 Lc=1.5948 Ld=4.3955 Lcons=0.0220 keep=0.802/0.802 lr=9.077e-06 gate_lr=9.077e-06 alpha=0.500+/-0.000 peak_mem=10.40GiB
epoch=3 step=6940/29520 loss=40.1635 Le=0.2158 Lc=1.4343 Ld=4.2161 Lcons=0.0257 keep=0.796/0.796 lr=9.071e-06 gate_lr=9.071e-06 alpha=0.500+/-0.000 peak_mem=10.40GiB
epoch=3 step=6960/29520 loss=43.8642 Le=0.2289 Lc=1.6622 Ld=4.3331 Lcons=0.0215 keep=0.807/0.807 lr=9.065e-06 gate_lr=9.065e-06 alpha=0.500+/-0.000 peak_mem=10.40GiB
epoch=3 step=6980/29520 loss=36.2305 Le=0.1533 Lc=1.6488 Ld=4.3856 Lcons=0.0286 keep=0.806/0.806 lr=9.058e-06 gate_lr=9.058e-06 alpha=0.500+/-0.000 peak_mem=10.40GiB
epoch=3 step=7000/29520 loss=46.6761 Le=0.2754 Lc=1.5043 Ld=4.0737 Lcons=0.0231 keep=0.782/0.782 lr=9.052e-06 gate_lr=9.052e-06 alpha=0.500+/-0.000 peak_mem=10.40GiB
epoch=3 step=7020/29520 loss=54.7568 Le=0.3650 Lc=1.4147 Ld=4.0840 Lcons=0.0247 keep=0.797/0.797 lr=9.046e-06 gate_lr=9.046e-06 alpha=0.500+/-0.000 peak_mem=10.40GiB
epoch=3 step=7040/29520 loss=49.2640 Le=0.2860 Lc=1.6456 Ld=4.1748 Lcons=0.0292 keep=0.806/0.806 lr=9.040e-06 gate_lr=9.040e-06 alpha=0.500+/-0.000 peak_mem=10.40GiB
epoch=3 step=7060/29520 loss=48.0981 Le=0.2832 Lc=1.5405 Ld=4.3449 Lcons=0.0266 keep=0.790/0.789 lr=9.034e-06 gate_lr=9.034e-06 alpha=0.500+/-0.000 peak_mem=10.40GiB
epoch=3 step=7080/29520 loss=46.2853 Le=0.2589 Lc=1.6179 Ld=4.1941 Lcons=0.0249 keep=0.812/0.812 lr=9.028e-06 gate_lr=9.028e-06 alpha=0.500+/-0.000 peak_mem=10.40GiB
epoch=3 step=7100/29520 loss=47.8838 Le=0.2862 Lc=1.5102 Ld=4.1384 Lcons=0.0240 keep=0.799/0.799 lr=9.022e-06 gate_lr=9.022e-06 alpha=0.500+/-0.000 peak_mem=10.40GiB
epoch=3 step=7120/29520 loss=46.5677 Le=0.2578 Lc=1.6679 Ld=4.0801 Lcons=0.0258 keep=0.803/0.803 lr=9.016e-06 gate_lr=9.016e-06 alpha=0.500+/-0.000 peak_mem=10.40GiB
epoch=3 step=7140/29520 loss=42.7524 Le=0.2236 Lc=1.6126 Ld=4.2354 Lcons=0.0280 keep=0.783/0.783 lr=9.009e-06 gate_lr=9.009e-06 alpha=0.500+/-0.000 peak_mem=10.40GiB
epoch=3 step=7160/29520 loss=44.8308 Le=0.2488 Lc=1.5402 Ld=4.5225 Lcons=0.0256 keep=0.804/0.804 lr=9.003e-06 gate_lr=9.003e-06 alpha=0.500+/-0.000 peak_mem=10.40GiB
epoch=3 step=7180/29520 loss=44.6062 Le=0.2428 Lc=1.5988 Ld=4.3064 Lcons=0.0314 keep=0.795/0.795 lr=8.997e-06 gate_lr=8.997e-06 alpha=0.500+/-0.000 peak_mem=10.40GiB
epoch=3 step=7200/29520 loss=47.2033 Le=0.2720 Lc=1.5966 Ld=4.0058 Lcons=0.0274 keep=0.790/0.790 lr=8.991e-06 gate_lr=8.991e-06 alpha=0.500+/-0.000 peak_mem=10.40GiB
epoch=3 step=7220/29520 loss=38.0866 Le=0.1747 Lc=1.6109 Ld=4.4840 Lcons=0.0254 keep=0.807/0.807 lr=8.984e-06 gate_lr=8.984e-06 alpha=0.500+/-0.000 peak_mem=10.40GiB
epoch=3 step=7240/29520 loss=48.2732 Le=0.2885 Lc=1.5271 Ld=4.1265 Lcons=0.0267 keep=0.777/0.777 lr=8.978e-06 gate_lr=8.978e-06 alpha=0.500+/-0.000 peak_mem=10.40GiB
epoch=3 step=7260/29520 loss=47.5888 Le=0.2674 Lc=1.6487 Ld=4.3387 Lcons=0.0272 keep=0.804/0.804 lr=8.972e-06 gate_lr=8.972e-06 alpha=0.500+/-0.000 peak_mem=10.40GiB
epoch=3 step=7280/29520 loss=38.4546 Le=0.1843 Lc=1.5842 Ld=4.1558 Lcons=0.0235 keep=0.800/0.800 lr=8.966e-06 gate_lr=8.966e-06 alpha=0.500+/-0.000 peak_mem=10.40GiB
epoch=3 step=7300/29520 loss=35.0575 Le=0.1519 Lc=1.5346 Ld=4.4933 Lcons=0.0283 keep=0.792/0.792 lr=8.959e-06 gate_lr=8.959e-06 alpha=0.500+/-0.000 peak_mem=10.40GiB
epoch=3 step=7320/29520 loss=40.0263 Le=0.1992 Lc=1.5857 Ld=4.2273 Lcons=0.0264 keep=0.785/0.785 lr=8.953e-06 gate_lr=8.953e-06 alpha=0.500+/-0.000 peak_mem=10.40GiB
epoch=3 step=7340/29520 loss=59.1770 Le=0.4028 Lc=1.4486 Ld=4.3866 Lcons=0.0265 keep=0.780/0.780 lr=8.946e-06 gate_lr=8.946e-06 alpha=0.500+/-0.000 peak_mem=10.40GiB
epoch=3 step=7360/29520 loss=40.1340 Le=0.2182 Lc=1.4035 Ld=4.2560 Lcons=0.0250 keep=0.811/0.811 lr=8.940e-06 gate_lr=8.940e-06 alpha=0.500+/-0.000 peak_mem=10.40GiB
epoch=3 step=7380/29520 loss=51.8474 Le=0.3202 Lc=1.5689 Ld=4.1150 Lcons=0.0246 keep=0.793/0.793 lr=8.934e-06 gate_lr=8.934e-06 alpha=0.500+/-0.000 peak_mem=10.40GiB
epoch=3 step=7400/29520 loss=41.0225 Le=0.2134 Lc=1.5587 Ld=4.0742 Lcons=0.0237 keep=0.788/0.788 lr=8.927e-06 gate_lr=8.927e-06 alpha=0.500+/-0.000 peak_mem=10.40GiB
epoch=3 step=7420/29520 loss=46.5717 Le=0.2761 Lc=1.5029 Ld=3.9077 Lcons=0.0256 keep=0.809/0.809 lr=8.921e-06 gate_lr=8.921e-06 alpha=0.500+/-0.000 peak_mem=10.40GiB
epoch=3 step=7440/29520 loss=36.1735 Le=0.1622 Lc=1.5466 Ld=4.4604 Lcons=0.0242 keep=0.793/0.793 lr=8.914e-06 gate_lr=8.914e-06 alpha=0.500+/-0.000 peak_mem=10.40GiB
epoch=3 step=7460/29520 loss=38.6298 Le=0.1687 Lc=1.7503 Ld=4.2328 Lcons=0.0268 keep=0.801/0.801 lr=8.908e-06 gate_lr=8.908e-06 alpha=0.500+/-0.000 peak_mem=10.40GiB
epoch=3 step=7480/29520 loss=48.9114 Le=0.2683 Lc=1.7858 Ld=4.1949 Lcons=0.0238 keep=0.801/0.801 lr=8.901e-06 gate_lr=8.901e-06 alpha=0.500+/-0.000 peak_mem=10.40GiB
epoch=3 step=7500/29520 loss=36.3565 Le=0.1551 Lc=1.6687 Ld=4.1311 Lcons=0.0245 keep=0.796/0.796 lr=8.895e-06 gate_lr=8.895e-06 alpha=0.500+/-0.000 peak_mem=10.40GiB
epoch=3 step=7520/29520 loss=60.1232 Le=0.3996 Lc=1.5715 Ld=4.4229 Lcons=0.0254 keep=0.781/0.781 lr=8.888e-06 gate_lr=8.888e-06 alpha=0.500+/-0.000 peak_mem=10.40GiB
epoch=3 step=7540/29520 loss=45.4515 Le=0.2376 Lc=1.7668 Ld=4.0000 Lcons=0.0261 keep=0.795/0.795 lr=8.882e-06 gate_lr=8.882e-06 alpha=0.500+/-0.000 peak_mem=10.40GiB
epoch=3 step=7560/29520 loss=49.2533 Le=0.2994 Lc=1.5171 Ld=4.1150 Lcons=0.0268 keep=0.809/0.809 lr=8.875e-06 gate_lr=8.875e-06 alpha=0.500+/-0.000 peak_mem=10.40GiB
epoch=3 step=7580/29520 loss=27.7110 Le=0.0959 Lc=1.4119 Ld=3.9697 Lcons=0.0274 keep=0.832/0.832 lr=8.869e-06 gate_lr=8.869e-06 alpha=0.500+/-0.000 peak_mem=10.40GiB
epoch=3 step=7600/29520 loss=54.0363 Le=0.3357 Lc=1.6293 Ld=4.1443 Lcons=0.0290 keep=0.802/0.802 lr=8.862e-06 gate_lr=8.862e-06 alpha=0.500+/-0.000 peak_mem=10.40GiB
epoch=3 step=7620/29520 loss=32.2878 Le=0.1114 Lc=1.6812 Ld=4.3063 Lcons=0.0290 keep=0.789/0.789 lr=8.856e-06 gate_lr=8.856e-06 alpha=0.500+/-0.000 peak_mem=10.40GiB
epoch=3 step=7640/29520 loss=36.4633 Le=0.1618 Lc=1.6128 Ld=4.1312 Lcons=0.0231 keep=0.807/0.807 lr=8.849e-06 gate_lr=8.849e-06 alpha=0.500+/-0.000 peak_mem=10.40GiB
epoch=3 step=7660/29520 loss=43.3587 Le=0.2419 Lc=1.4803 Ld=4.3417 Lcons=0.0285 keep=0.818/0.818 lr=8.842e-06 gate_lr=8.842e-06 alpha=0.500+/-0.000 peak_mem=10.40GiB
epoch=3 step=7680/29520 loss=39.1029 Le=0.1946 Lc=1.5274 Ld=4.3421 Lcons=0.0264 keep=0.813/0.813 lr=8.836e-06 gate_lr=8.836e-06 alpha=0.500+/-0.000 peak_mem=10.40GiB
epoch=3 step=7700/29520 loss=53.7175 Le=0.3372 Lc=1.5855 Ld=4.1142 Lcons=0.0258 keep=0.785/0.785 lr=8.829e-06 gate_lr=8.829e-06 alpha=0.500+/-0.000 peak_mem=10.40GiB
epoch=3 step=7720/29520 loss=34.6072 Le=0.1526 Lc=1.5134 Ld=4.1907 Lcons=0.0251 keep=0.791/0.791 lr=8.822e-06 gate_lr=8.822e-06 alpha=0.500+/-0.000 peak_mem=10.40GiB
epoch=3 step=7740/29520 loss=36.9385 Le=0.1609 Lc=1.6642 Ld=4.1803 Lcons=0.0246 keep=0.829/0.829 lr=8.816e-06 gate_lr=8.816e-06 alpha=0.500+/-0.000 peak_mem=10.40GiB
epoch=3 step=7760/29520 loss=39.7771 Le=0.2074 Lc=1.4972 Ld=4.0390 Lcons=0.0304 keep=0.812/0.812 lr=8.809e-06 gate_lr=8.809e-06 alpha=0.500+/-0.000 peak_mem=10.40GiB
epoch=3 step=7780/29520 loss=31.9631 Le=0.1379 Lc=1.3913 Ld=4.2380 Lcons=0.0264 keep=0.805/0.805 lr=8.802e-06 gate_lr=8.802e-06 alpha=0.500+/-0.000 peak_mem=10.40GiB
epoch=3 step=7800/29520 loss=44.4881 Le=0.2493 Lc=1.5257 Ld=4.2718 Lcons=0.0266 keep=0.813/0.813 lr=8.796e-06 gate_lr=8.796e-06 alpha=0.500+/-0.000 peak_mem=10.40GiB
epoch=3 step=7820/29520 loss=49.5013 Le=0.3083 Lc=1.4374 Ld=4.2748 Lcons=0.0248 keep=0.806/0.806 lr=8.789e-06 gate_lr=8.789e-06 alpha=0.500+/-0.000 peak_mem=10.40GiB
epoch=3 step=7840/29520 loss=31.3196 Le=0.1214 Lc=1.5230 Ld=3.9261 Lcons=0.0224 keep=0.815/0.815 lr=8.782e-06 gate_lr=8.782e-06 alpha=0.500+/-0.000 peak_mem=10.40GiB
epoch=3 step=7860/29520 loss=48.1909 Le=0.2929 Lc=1.4728 Ld=4.1485 Lcons=0.0265 keep=0.814/0.814 lr=8.775e-06 gate_lr=8.775e-06 alpha=0.500+/-0.000 peak_mem=10.40GiB
epoch=3 step=7880/29520 loss=30.6794 Le=0.1144 Lc=1.4845 Ld=4.3679 Lcons=0.0262 keep=0.813/0.813 lr=8.768e-06 gate_lr=8.768e-06 alpha=0.500+/-0.000 peak_mem=10.40GiB
epoch=3 step=7900/29520 loss=35.8521 Le=0.1579 Lc=1.5888 Ld=4.1496 Lcons=0.0250 keep=0.819/0.819 lr=8.762e-06 gate_lr=8.762e-06 alpha=0.500+/-0.000 peak_mem=10.40GiB
epoch=3 step=7920/29520 loss=38.8443 Le=0.1930 Lc=1.5286 Ld=4.2280 Lcons=0.0279 keep=0.791/0.791 lr=8.755e-06 gate_lr=8.755e-06 alpha=0.500+/-0.000 peak_mem=10.40GiB
epoch=3 step=7940/29520 loss=48.7747 Le=0.2906 Lc=1.5627 Ld=4.0622 Lcons=0.0244 keep=0.819/0.819 lr=8.748e-06 gate_lr=8.748e-06 alpha=0.500+/-0.000 peak_mem=10.40GiB
epoch=3 step=7960/29520 loss=41.6808 Le=0.2324 Lc=1.4320 Ld=4.0942 Lcons=0.0287 keep=0.786/0.786 lr=8.741e-06 gate_lr=8.741e-06 alpha=0.500+/-0.000 peak_mem=10.40GiB
epoch=3 step=7980/29520 loss=46.1550 Le=0.2831 Lc=1.3730 Ld=4.0882 Lcons=0.0261 keep=0.797/0.797 lr=8.734e-06 gate_lr=8.734e-06 alpha=0.500+/-0.000 peak_mem=10.40GiB
epoch=3 step=8000/29520 loss=34.4363 Le=0.1343 Lc=1.6861 Ld=4.1167 Lcons=0.0272 keep=0.809/0.809 lr=8.727e-06 gate_lr=8.727e-06 alpha=0.500+/-0.000 peak_mem=10.40GiB
epoch=3 step=8020/29520 loss=52.1353 Le=0.3216 Lc=1.5736 Ld=4.2102 Lcons=0.0239 keep=0.786/0.786 lr=8.720e-06 gate_lr=8.720e-06 alpha=0.500+/-0.000 peak_mem=10.40GiB
epoch=3 step=8040/29520 loss=32.4724 Le=0.1380 Lc=1.4291 Ld=4.3542 Lcons=0.0250 keep=0.787/0.787 lr=8.713e-06 gate_lr=8.713e-06 alpha=0.500+/-0.000 peak_mem=10.40GiB
epoch=3 step=8060/29520 loss=47.6277 Le=0.2882 Lc=1.4621 Ld=4.1653 Lcons=0.0252 keep=0.812/0.812 lr=8.706e-06 gate_lr=8.706e-06 alpha=0.500+/-0.000 peak_mem=10.40GiB
epoch=3 step=8080/29520 loss=57.8985 Le=0.3989 Lc=1.3867 Ld=4.1160 Lcons=0.0237 keep=0.794/0.794 lr=8.699e-06 gate_lr=8.699e-06 alpha=0.500+/-0.000 peak_mem=10.40GiB
epoch=3 step=8100/29520 loss=45.8489 Le=0.2618 Lc=1.5435 Ld=4.2082 Lcons=0.0266 keep=0.800/0.800 lr=8.692e-06 gate_lr=8.692e-06 alpha=0.500+/-0.000 peak_mem=10.40GiB
epoch=3 step=8120/29520 loss=37.4998 Le=0.1731 Lc=1.5995 Ld=4.1729 Lcons=0.0266 keep=0.816/0.816 lr=8.685e-06 gate_lr=8.685e-06 alpha=0.500+/-0.000 peak_mem=10.40GiB
epoch=3 step=8140/29520 loss=36.3730 Le=0.1827 Lc=1.4253 Ld=3.8247 Lcons=0.0263 keep=0.784/0.784 lr=8.678e-06 gate_lr=8.678e-06 alpha=0.500+/-0.000 peak_mem=10.40GiB
epoch=3 step=8160/29520 loss=41.5014 Le=0.2203 Lc=1.5147 Ld=4.2992 Lcons=0.0266 keep=0.778/0.778 lr=8.671e-06 gate_lr=8.671e-06 alpha=0.500+/-0.000 peak_mem=10.40GiB
epoch=3 step=8180/29520 loss=30.3405 Le=0.1255 Lc=1.3297 Ld=4.4711 Lcons=0.0252 keep=0.788/0.788 lr=8.664e-06 gate_lr=8.664e-06 alpha=0.500+/-0.000 peak_mem=10.40GiB
epoch=3 step=8200/29520 loss=53.7552 Le=0.3587 Lc=1.3843 Ld=4.0166 Lcons=0.0283 keep=0.804/0.804 lr=8.657e-06 gate_lr=8.657e-06 alpha=0.500+/-0.000 peak_mem=10.40GiB
epoch=3 step=8220/29520 loss=37.6667 Le=0.1688 Lc=1.6515 Ld=4.2487 Lcons=0.0251 keep=0.802/0.802 lr=8.650e-06 gate_lr=8.650e-06 alpha=0.500+/-0.000 peak_mem=10.40GiB
epoch=3 step=8240/29520 loss=46.0838 Le=0.2634 Lc=1.5788 Ld=3.9295 Lcons=0.0239 keep=0.805/0.805 lr=8.643e-06 gate_lr=8.643e-06 alpha=0.500+/-0.000 peak_mem=10.40GiB
epoch=3 step=8260/29520 loss=35.8343 Le=0.1717 Lc=1.4181 Ld=4.4631 Lcons=0.0222 keep=0.802/0.802 lr=8.636e-06 gate_lr=8.636e-06 alpha=0.500+/-0.000 peak_mem=10.40GiB
epoch=3 step=8280/29520 loss=30.4280 Le=0.1114 Lc=1.5270 Ld=3.9921 Lcons=0.0287 keep=0.774/0.774 lr=8.629e-06 gate_lr=8.629e-06 alpha=0.500+/-0.000 peak_mem=10.40GiB
epoch=3 step=8300/29520 loss=34.2593 Le=0.1581 Lc=1.4450 Ld=3.9765 Lcons=0.0267 keep=0.814/0.814 lr=8.622e-06 gate_lr=8.622e-06 alpha=0.500+/-0.000 peak_mem=10.40GiB
epoch=3 step=8320/29520 loss=29.7995 Le=0.1085 Lc=1.4707 Ld=4.2157 Lcons=0.0285 keep=0.801/0.801 lr=8.615e-06 gate_lr=8.615e-06 alpha=0.500+/-0.000 peak_mem=10.40GiB
epoch=3 step=8340/29520 loss=34.8136 Le=0.1622 Lc=1.4430 Ld=4.1400 Lcons=0.0278 keep=0.808/0.808 lr=8.608e-06 gate_lr=8.608e-06 alpha=0.500+/-0.000 peak_mem=10.40GiB
epoch=3 step=8360/29520 loss=46.6617 Le=0.2718 Lc=1.5220 Ld=4.2324 Lcons=0.0262 keep=0.800/0.800 lr=8.600e-06 gate_lr=8.600e-06 alpha=0.500+/-0.000 peak_mem=10.40GiB
epoch=3 step=8380/29520 loss=33.9536 Le=0.1450 Lc=1.5341 Ld=4.0878 Lcons=0.0272 keep=0.796/0.796 lr=8.593e-06 gate_lr=8.593e-06 alpha=0.500+/-0.000 peak_mem=10.40GiB
epoch=3 step=8400/29520 loss=33.5096 Le=0.1311 Lc=1.6163 Ld=4.2174 Lcons=0.0243 keep=0.811/0.811 lr=8.586e-06 gate_lr=8.586e-06 alpha=0.500+/-0.000 peak_mem=10.40GiB
epoch=3 step=8420/29520 loss=28.3612 Le=0.0826 Lc=1.6065 Ld=4.0133 Lcons=0.0267 keep=0.799/0.799 lr=8.579e-06 gate_lr=8.579e-06 alpha=0.500+/-0.000 peak_mem=10.40GiB
epoch=3 step=8440/29520 loss=39.9089 Le=0.2162 Lc=1.4351 Ld=3.9072 Lcons=0.0267 keep=0.789/0.789 lr=8.571e-06 gate_lr=8.571e-06 alpha=0.500+/-0.000 peak_mem=10.40GiB
epoch=3 step=8460/29520 loss=44.9349 Le=0.2506 Lc=1.5623 Ld=4.2274 Lcons=0.0243 keep=0.803/0.803 lr=8.564e-06 gate_lr=8.564e-06 alpha=0.500+/-0.000 peak_mem=10.40GiB
epoch=3 step=8480/29520 loss=62.0287 Le=0.4168 Lc=1.6042 Ld=4.2822 Lcons=0.0265 keep=0.819/0.819 lr=8.557e-06 gate_lr=8.557e-06 alpha=0.500+/-0.000 peak_mem=10.40GiB
epoch=3 step=8500/29520 loss=27.8810 Le=0.0951 Lc=1.4119 Ld=4.2194 Lcons=0.0298 keep=0.789/0.789 lr=8.550e-06 gate_lr=8.550e-06 alpha=0.500+/-0.000 peak_mem=10.40GiB
epoch=3 step=8520/29520 loss=35.3487 Le=0.1654 Lc=1.4823 Ld=3.9621 Lcons=0.0262 keep=0.795/0.794 lr=8.542e-06 gate_lr=8.542e-06 alpha=0.500+/-0.000 peak_mem=10.40GiB
epoch=3 step=8540/29520 loss=34.5430 Le=0.1616 Lc=1.4211 Ld=4.1467 Lcons=0.0278 keep=0.811/0.811 lr=8.535e-06 gate_lr=8.535e-06 alpha=0.500+/-0.000 peak_mem=10.40GiB
epoch=3 step=8560/29520 loss=40.4672 Le=0.2263 Lc=1.3903 Ld=3.9089 Lcons=0.0278 keep=0.793/0.793 lr=8.528e-06 gate_lr=8.528e-06 alpha=0.500+/-0.000 peak_mem=10.40GiB
epoch=3 step=8580/29520 loss=45.5110 Le=0.2493 Lc=1.6583 Ld=3.9772 Lcons=0.0245 keep=0.784/0.784 lr=8.520e-06 gate_lr=8.520e-06 alpha=0.500+/-0.000 peak_mem=10.40GiB
epoch=3 step=8600/29520 loss=40.9367 Le=0.2237 Lc=1.4252 Ld=4.2915 Lcons=0.0246 keep=0.812/0.812 lr=8.513e-06 gate_lr=8.513e-06 alpha=0.500+/-0.000 peak_mem=10.40GiB
epoch=3 step=8620/29520 loss=43.1803 Le=0.2506 Lc=1.3849 Ld=4.2485 Lcons=0.0273 keep=0.799/0.799 lr=8.506e-06 gate_lr=8.506e-06 alpha=0.500+/-0.000 peak_mem=10.40GiB
epoch=3 step=8640/29520 loss=38.2859 Le=0.1925 Lc=1.4844 Ld=4.1643 Lcons=0.0260 keep=0.802/0.801 lr=8.498e-06 gate_lr=8.498e-06 alpha=0.500+/-0.000 peak_mem=10.40GiB
epoch=3 step=8660/29520 loss=33.2168 Le=0.1414 Lc=1.4989 Ld=4.0549 Lcons=0.0278 keep=0.804/0.804 lr=8.491e-06 gate_lr=8.491e-06 alpha=0.500+/-0.000 peak_mem=10.40GiB
epoch=3 step=8680/29520 loss=44.9985 Le=0.2560 Lc=1.5194 Ld=4.1799 Lcons=0.0285 keep=0.795/0.795 lr=8.483e-06 gate_lr=8.483e-06 alpha=0.500+/-0.000 peak_mem=10.40GiB
epoch=3 step=8700/29520 loss=44.4785 Le=0.2512 Lc=1.5236 Ld=4.0991 Lcons=0.0259 keep=0.813/0.813 lr=8.476e-06 gate_lr=8.476e-06 alpha=0.500+/-0.000 peak_mem=10.40GiB
epoch=3 step=8720/29520 loss=39.1844 Le=0.2079 Lc=1.4380 Ld=3.9882 Lcons=0.0280 keep=0.811/0.811 lr=8.469e-06 gate_lr=8.469e-06 alpha=0.500+/-0.000 peak_mem=10.40GiB
epoch=3 step=8740/29520 loss=60.0816 Le=0.3963 Lc=1.6346 Ld=4.0753 Lcons=0.0261 keep=0.826/0.826 lr=8.461e-06 gate_lr=8.461e-06 alpha=0.500+/-0.000 peak_mem=10.40GiB
epoch=3 step=8760/29520 loss=33.6136 Le=0.1477 Lc=1.4810 Ld=4.0098 Lcons=0.0262 keep=0.793/0.793 lr=8.454e-06 gate_lr=8.454e-06 alpha=0.500+/-0.000 peak_mem=10.40GiB
epoch=3 step=8780/29520 loss=40.6586 Le=0.2156 Lc=1.4982 Ld=4.0887 Lcons=0.0268 keep=0.794/0.794 lr=8.446e-06 gate_lr=8.446e-06 alpha=0.500+/-0.000 peak_mem=10.40GiB
epoch=3 step=8800/29520 loss=34.5026 Le=0.1511 Lc=1.5374 Ld=3.9916 Lcons=0.0234 keep=0.811/0.811 lr=8.439e-06 gate_lr=8.439e-06 alpha=0.500+/-0.000 peak_mem=10.40GiB
epoch=3 step=8820/29520 loss=53.8879 Le=0.3468 Lc=1.5169 Ld=4.0185 Lcons=0.0251 keep=0.805/0.805 lr=8.431e-06 gate_lr=8.431e-06 alpha=0.500+/-0.000 peak_mem=10.40GiB
epoch=3 step=8840/29520 loss=39.3650 Le=0.2195 Lc=1.3224 Ld=4.1713 Lcons=0.0236 keep=0.785/0.785 lr=8.424e-06 gate_lr=8.424e-06 alpha=0.500+/-0.000 peak_mem=10.40GiB
epoch=3 checkpoints saved
epoch=4 step=8860/29520 loss=50.1314 Le=0.3216 Lc=1.4018 Ld=3.9265 Lcons=0.0302 keep=0.797/0.797 lr=8.416e-06 gate_lr=8.416e-06 alpha=0.500+/-0.000 peak_mem=10.40GiB
epoch=4 step=8880/29520 loss=33.7490 Le=0.1408 Lc=1.5554 Ld=4.0878 Lcons=0.0275 keep=0.794/0.794 lr=8.409e-06 gate_lr=8.409e-06 alpha=0.500+/-0.000 peak_mem=10.40GiB
epoch=4 step=8900/29520 loss=33.7981 Le=0.1553 Lc=1.4083 Ld=4.1643 Lcons=0.0247 keep=0.823/0.823 lr=8.401e-06 gate_lr=8.401e-06 alpha=0.500+/-0.000 peak_mem=10.40GiB
epoch=4 step=8920/29520 loss=48.3833 Le=0.3032 Lc=1.3826 Ld=4.2131 Lcons=0.0285 keep=0.809/0.809 lr=8.393e-06 gate_lr=8.393e-06 alpha=0.500+/-0.000 peak_mem=10.40GiB
epoch=4 step=8940/29520 loss=30.9526 Le=0.1265 Lc=1.4076 Ld=4.1995 Lcons=0.0231 keep=0.815/0.815 lr=8.386e-06 gate_lr=8.386e-06 alpha=0.500+/-0.000 peak_mem=10.40GiB
epoch=4 step=8960/29520 loss=33.4514 Le=0.1555 Lc=1.3644 Ld=4.2311 Lcons=0.0297 keep=0.813/0.813 lr=8.378e-06 gate_lr=8.378e-06 alpha=0.500+/-0.000 peak_mem=10.40GiB
epoch=4 step=8980/29520 loss=33.8222 Le=0.1612 Lc=1.3899 Ld=3.7752 Lcons=0.0256 keep=0.803/0.803 lr=8.371e-06 gate_lr=8.371e-06 alpha=0.500+/-0.000 peak_mem=10.40GiB
epoch=4 step=9000/29520 loss=35.2234 Le=0.1595 Lc=1.4930 Ld=4.3155 Lcons=0.0284 keep=0.809/0.809 lr=8.363e-06 gate_lr=8.363e-06 alpha=0.500+/-0.000 peak_mem=10.40GiB
epoch=4 step=9020/29520 loss=38.5721 Le=0.2029 Lc=1.4051 Ld=4.2040 Lcons=0.0264 keep=0.791/0.791 lr=8.355e-06 gate_lr=8.355e-06 alpha=0.500+/-0.000 peak_mem=10.40GiB
epoch=4 step=9040/29520 loss=39.9120 Le=0.2071 Lc=1.5206 Ld=3.9702 Lcons=0.0295 keep=0.807/0.807 lr=8.348e-06 gate_lr=8.348e-06 alpha=0.500+/-0.000 peak_mem=10.40GiB
epoch=4 step=9060/29520 loss=42.5135 Le=0.2393 Lc=1.4681 Ld=3.8789 Lcons=0.0244 keep=0.818/0.818 lr=8.340e-06 gate_lr=8.340e-06 alpha=0.500+/-0.000 peak_mem=10.40GiB
epoch=4 step=9080/29520 loss=59.5292 Le=0.4155 Lc=1.4047 Ld=3.9040 Lcons=0.0297 keep=0.779/0.779 lr=8.332e-06 gate_lr=8.332e-06 alpha=0.500+/-0.000 peak_mem=10.40GiB
epoch=4 step=9100/29520 loss=38.7342 Le=0.1995 Lc=1.4668 Ld=4.0857 Lcons=0.0275 keep=0.804/0.804 lr=8.324e-06 gate_lr=8.324e-06 alpha=0.500+/-0.000 peak_mem=10.40GiB
epoch=4 step=9120/29520 loss=33.4163 Le=0.1517 Lc=1.4047 Ld=4.1724 Lcons=0.0274 keep=0.799/0.799 lr=8.317e-06 gate_lr=8.317e-06 alpha=0.500+/-0.000 peak_mem=10.40GiB
epoch=4 step=9140/29520 loss=34.9718 Le=0.1546 Lc=1.5341 Ld=4.1371 Lcons=0.0287 keep=0.825/0.825 lr=8.309e-06 gate_lr=8.309e-06 alpha=0.500+/-0.000 peak_mem=10.40GiB
epoch=4 step=9160/29520 loss=29.8240 Le=0.1295 Lc=1.2821 Ld=4.0309 Lcons=0.0266 keep=0.794/0.794 lr=8.301e-06 gate_lr=8.301e-06 alpha=0.500+/-0.000 peak_mem=10.40GiB
epoch=4 step=9180/29520 loss=43.5791 Le=0.2504 Lc=1.4563 Ld=3.9495 Lcons=0.0246 keep=0.778/0.778 lr=8.294e-06 gate_lr=8.294e-06 alpha=0.500+/-0.000 peak_mem=10.40GiB
epoch=4 step=9200/29520 loss=30.1192 Le=0.1153 Lc=1.4508 Ld=4.0584 Lcons=0.0254 keep=0.806/0.806 lr=8.286e-06 gate_lr=8.286e-06 alpha=0.500+/-0.000 peak_mem=10.40GiB
epoch=4 step=9220/29520 loss=46.1443 Le=0.2756 Lc=1.4495 Ld=4.0616 Lcons=0.0265 keep=0.783/0.783 lr=8.278e-06 gate_lr=8.278e-06 alpha=0.500+/-0.000 peak_mem=10.40GiB
epoch=4 step=9240/29520 loss=33.3985 Le=0.1450 Lc=1.4811 Ld=4.0553 Lcons=0.0299 keep=0.794/0.794 lr=8.270e-06 gate_lr=8.270e-06 alpha=0.500+/-0.000 peak_mem=10.40GiB
epoch=4 step=9260/29520 loss=33.1351 Le=0.1492 Lc=1.4185 Ld=4.0016 Lcons=0.0250 keep=0.809/0.809 lr=8.262e-06 gate_lr=8.262e-06 alpha=0.500+/-0.000 peak_mem=10.40GiB
epoch=4 step=9280/29520 loss=31.9477 Le=0.1346 Lc=1.4232 Ld=4.2279 Lcons=0.0260 keep=0.812/0.812 lr=8.254e-06 gate_lr=8.254e-06 alpha=0.500+/-0.000 peak_mem=10.40GiB
epoch=4 step=9300/29520 loss=36.2449 Le=0.1765 Lc=1.4744 Ld=3.8275 Lcons=0.0243 keep=0.792/0.792 lr=8.247e-06 gate_lr=8.247e-06 alpha=0.500+/-0.000 peak_mem=10.40GiB
epoch=4 step=9320/29520 loss=45.1814 Le=0.2632 Lc=1.4837 Ld=4.0017 Lcons=0.0262 keep=0.784/0.784 lr=8.239e-06 gate_lr=8.239e-06 alpha=0.500+/-0.000 peak_mem=10.40GiB
epoch=4 step=9340/29520 loss=38.6648 Le=0.1983 Lc=1.4827 Ld=3.9768 Lcons=0.0264 keep=0.784/0.784 lr=8.231e-06 gate_lr=8.231e-06 alpha=0.500+/-0.000 peak_mem=10.40GiB
epoch=4 step=9360/29520 loss=36.2633 Le=0.1802 Lc=1.4276 Ld=3.9360 Lcons=0.0292 keep=0.797/0.797 lr=8.223e-06 gate_lr=8.223e-06 alpha=0.500+/-0.000 peak_mem=10.40GiB
epoch=4 step=9380/29520 loss=35.5162 Le=0.1669 Lc=1.4807 Ld=3.9925 Lcons=0.0253 keep=0.799/0.799 lr=8.215e-06 gate_lr=8.215e-06 alpha=0.500+/-0.000 peak_mem=10.40GiB
epoch=4 step=9400/29520 loss=35.1572 Le=0.1655 Lc=1.4648 Ld=3.9303 Lcons=0.0250 keep=0.793/0.793 lr=8.207e-06 gate_lr=8.207e-06 alpha=0.500+/-0.000 peak_mem=10.40GiB
epoch=4 step=9420/29520 loss=47.6059 Le=0.2844 Lc=1.5035 Ld=4.1059 Lcons=0.0260 keep=0.793/0.793 lr=8.199e-06 gate_lr=8.199e-06 alpha=0.500+/-0.000 peak_mem=10.40GiB
epoch=4 step=9440/29520 loss=38.8859 Le=0.2015 Lc=1.4831 Ld=3.8750 Lcons=0.0315 keep=0.803/0.803 lr=8.191e-06 gate_lr=8.191e-06 alpha=0.500+/-0.000 peak_mem=10.40GiB
epoch=4 step=9460/29520 loss=29.2889 Le=0.1007 Lc=1.4935 Ld=4.2562 Lcons=0.0300 keep=0.789/0.789 lr=8.183e-06 gate_lr=8.183e-06 alpha=0.500+/-0.000 peak_mem=10.40GiB
epoch=4 step=9480/29520 loss=35.1567 Le=0.1670 Lc=1.4476 Ld=3.9531 Lcons=0.0244 keep=0.807/0.807 lr=8.175e-06 gate_lr=8.175e-06 alpha=0.500+/-0.000 peak_mem=10.40GiB
epoch=4 step=9500/29520 loss=43.8036 Le=0.2381 Lc=1.6000 Ld=3.9698 Lcons=0.0241 keep=0.822/0.822 lr=8.167e-06 gate_lr=8.167e-06 alpha=0.500+/-0.000 peak_mem=10.40GiB
epoch=4 step=9520/29520 loss=55.7033 Le=0.3557 Lc=1.6072 Ld=4.0304 Lcons=0.0269 keep=0.780/0.780 lr=8.159e-06 gate_lr=8.159e-06 alpha=0.500+/-0.000 peak_mem=10.40GiB
epoch=4 step=9540/29520 loss=32.3528 Le=0.1322 Lc=1.5061 Ld=4.0377 Lcons=0.0289 keep=0.803/0.803 lr=8.151e-06 gate_lr=8.151e-06 alpha=0.500+/-0.000 peak_mem=10.40GiB
epoch=4 step=9560/29520 loss=43.2681 Le=0.2574 Lc=1.3285 Ld=4.2176 Lcons=0.0266 keep=0.792/0.792 lr=8.143e-06 gate_lr=8.143e-06 alpha=0.500+/-0.000 peak_mem=10.40GiB
epoch=4 step=9580/29520 loss=29.6291 Le=0.1180 Lc=1.3760 Ld=4.0346 Lcons=0.0317 keep=0.802/0.802 lr=8.135e-06 gate_lr=8.135e-06 alpha=0.500+/-0.000 peak_mem=10.40GiB
epoch=4 step=9600/29520 loss=33.6398 Le=0.1519 Lc=1.4465 Ld=3.9624 Lcons=0.0267 keep=0.777/0.777 lr=8.127e-06 gate_lr=8.127e-06 alpha=0.500+/-0.000 peak_mem=10.40GiB
epoch=4 step=9620/29520 loss=26.7109 Le=0.0766 Lc=1.5158 Ld=3.8696 Lcons=0.0257 keep=0.812/0.812 lr=8.119e-06 gate_lr=8.119e-06 alpha=0.500+/-0.000 peak_mem=10.40GiB
epoch=4 step=9640/29520 loss=30.6745 Le=0.1112 Lc=1.5601 Ld=3.9193 Lcons=0.0304 keep=0.778/0.778 lr=8.111e-06 gate_lr=8.111e-06 alpha=0.500+/-0.000 peak_mem=10.40GiB
epoch=4 step=9660/29520 loss=49.4112 Le=0.3128 Lc=1.4061 Ld=4.0486 Lcons=0.0258 keep=0.804/0.804 lr=8.103e-06 gate_lr=8.103e-06 alpha=0.500+/-0.000 peak_mem=10.40GiB
epoch=4 step=9680/29520 loss=37.4908 Le=0.1917 Lc=1.4262 Ld=4.0315 Lcons=0.0274 keep=0.800/0.800 lr=8.095e-06 gate_lr=8.095e-06 alpha=0.500+/-0.000 peak_mem=10.40GiB
epoch=4 step=9700/29520 loss=34.1256 Le=0.1530 Lc=1.4748 Ld=4.0545 Lcons=0.0265 keep=0.814/0.814 lr=8.087e-06 gate_lr=8.087e-06 alpha=0.500+/-0.000 peak_mem=10.40GiB
epoch=4 step=9720/29520 loss=50.2972 Le=0.3340 Lc=1.3022 Ld=3.8491 Lcons=0.0267 keep=0.809/0.809 lr=8.079e-06 gate_lr=8.079e-06 alpha=0.500+/-0.000 peak_mem=10.40GiB
epoch=4 step=9740/29520 loss=38.5622 Le=0.2013 Lc=1.4376 Ld=4.0226 Lcons=0.0287 keep=0.807/0.807 lr=8.071e-06 gate_lr=8.071e-06 alpha=0.500+/-0.000 peak_mem=10.40GiB
epoch=4 step=9760/29520 loss=44.7757 Le=0.2631 Lc=1.4459 Ld=3.9817 Lcons=0.0272 keep=0.799/0.799 lr=8.063e-06 gate_lr=8.063e-06 alpha=0.500+/-0.000 peak_mem=10.40GiB
epoch=4 step=9780/29520 loss=31.7638 Le=0.1307 Lc=1.4974 Ld=3.6944 Lcons=0.0245 keep=0.788/0.788 lr=8.054e-06 gate_lr=8.054e-06 alpha=0.500+/-0.000 peak_mem=10.40GiB
epoch=4 step=9800/29520 loss=31.8485 Le=0.1315 Lc=1.4720 Ld=3.9520 Lcons=0.0294 keep=0.805/0.805 lr=8.046e-06 gate_lr=8.046e-06 alpha=0.500+/-0.000 peak_mem=10.40GiB
epoch=4 step=9820/29520 loss=54.7185 Le=0.3558 Lc=1.4954 Ld=4.1581 Lcons=0.0244 keep=0.805/0.805 lr=8.038e-06 gate_lr=8.038e-06 alpha=0.500+/-0.000 peak_mem=10.40GiB
epoch=4 step=9840/29520 loss=33.4335 Le=0.1498 Lc=1.4417 Ld=4.0072 Lcons=0.0291 keep=0.820/0.820 lr=8.030e-06 gate_lr=8.030e-06 alpha=0.500+/-0.000 peak_mem=10.40GiB
epoch=4 step=9860/29520 loss=46.9216 Le=0.2797 Lc=1.4884 Ld=4.0351 Lcons=0.0313 keep=0.794/0.794 lr=8.022e-06 gate_lr=8.022e-06 alpha=0.500+/-0.000 peak_mem=10.40GiB
epoch=4 step=9880/29520 loss=49.8727 Le=0.3147 Lc=1.4341 Ld=4.0294 Lcons=0.0308 keep=0.812/0.812 lr=8.013e-06 gate_lr=8.013e-06 alpha=0.500+/-0.000 peak_mem=10.40GiB
epoch=4 step=9900/29520 loss=34.1401 Le=0.1582 Lc=1.4165 Ld=4.1296 Lcons=0.0274 keep=0.788/0.788 lr=8.005e-06 gate_lr=8.005e-06 alpha=0.500+/-0.000 peak_mem=10.40GiB
epoch=4 step=9920/29520 loss=28.0273 Le=0.0989 Lc=1.4173 Ld=3.9384 Lcons=0.0251 keep=0.807/0.807 lr=7.997e-06 gate_lr=7.997e-06 alpha=0.500+/-0.000 peak_mem=10.40GiB
epoch=4 step=9940/29520 loss=47.2290 Le=0.2746 Lc=1.5703 Ld=4.0358 Lcons=0.0302 keep=0.807/0.807 lr=7.989e-06 gate_lr=7.989e-06 alpha=0.500+/-0.000 peak_mem=10.40GiB
epoch=4 step=9960/29520 loss=27.5542 Le=0.0886 Lc=1.4741 Ld=3.9231 Lcons=0.0274 keep=0.820/0.820 lr=7.980e-06 gate_lr=7.980e-06 alpha=0.500+/-0.000 peak_mem=10.40GiB
epoch=4 step=9980/29520 loss=36.7846 Le=0.1853 Lc=1.4129 Ld=4.1025 Lcons=0.0269 keep=0.798/0.798 lr=7.972e-06 gate_lr=7.972e-06 alpha=0.500+/-0.000 peak_mem=10.40GiB
epoch=4 step=10000/29520 loss=45.1282 Le=0.2536 Lc=1.5711 Ld=4.0315 Lcons=0.0255 keep=0.781/0.781 lr=7.964e-06 gate_lr=7.964e-06 alpha=0.500+/-0.000 peak_mem=10.40GiB
epoch=4 step=10020/29520 loss=28.8137 Le=0.1083 Lc=1.4234 Ld=3.7247 Lcons=0.0271 keep=0.798/0.798 lr=7.956e-06 gate_lr=7.956e-06 alpha=0.500+/-0.000 peak_mem=10.40GiB
epoch=4 step=10040/29520 loss=32.5403 Le=0.1398 Lc=1.4789 Ld=3.7460 Lcons=0.0281 keep=0.786/0.786 lr=7.947e-06 gate_lr=7.947e-06 alpha=0.500+/-0.000 peak_mem=10.40GiB
epoch=4 step=10060/29520 loss=52.9579 Le=0.3462 Lc=1.4337 Ld=3.9701 Lcons=0.0304 keep=0.827/0.827 lr=7.939e-06 gate_lr=7.939e-06 alpha=0.500+/-0.000 peak_mem=10.40GiB
epoch=4 step=10080/29520 loss=44.1133 Le=0.2613 Lc=1.4042 Ld=3.9127 Lcons=0.0271 keep=0.791/0.791 lr=7.931e-06 gate_lr=7.931e-06 alpha=0.500+/-0.000 peak_mem=10.40GiB
epoch=4 step=10100/29520 loss=38.5848 Le=0.1935 Lc=1.5038 Ld=4.1676 Lcons=0.0312 keep=0.806/0.806 lr=7.922e-06 gate_lr=7.922e-06 alpha=0.500+/-0.000 peak_mem=10.40GiB
epoch=4 step=10120/29520 loss=41.2097 Le=0.2300 Lc=1.4256 Ld=3.9214 Lcons=0.0309 keep=0.797/0.797 lr=7.914e-06 gate_lr=7.914e-06 alpha=0.500+/-0.000 peak_mem=10.40GiB
epoch=4 step=10140/29520 loss=40.3940 Le=0.2319 Lc=1.3539 Ld=3.6315 Lcons=0.0295 keep=0.791/0.791 lr=7.906e-06 gate_lr=7.906e-06 alpha=0.500+/-0.000 peak_mem=10.40GiB
epoch=4 step=10160/29520 loss=37.8429 Le=0.1967 Lc=1.4323 Ld=3.8245 Lcons=0.0287 keep=0.790/0.790 lr=7.897e-06 gate_lr=7.897e-06 alpha=0.500+/-0.000 peak_mem=10.40GiB
epoch=4 step=10180/29520 loss=36.7040 Le=0.2002 Lc=1.2818 Ld=3.8397 Lcons=0.0299 keep=0.809/0.809 lr=7.889e-06 gate_lr=7.889e-06 alpha=0.500+/-0.000 peak_mem=10.40GiB
epoch=4 step=10200/29520 loss=47.6902 Le=0.2945 Lc=1.4346 Ld=3.8662 Lcons=0.0290 keep=0.807/0.807 lr=7.880e-06 gate_lr=7.880e-06 alpha=0.500+/-0.000 peak_mem=10.40GiB
epoch=4 step=10220/29520 loss=32.9630 Le=0.1640 Lc=1.2715 Ld=3.8266 Lcons=0.0240 keep=0.809/0.809 lr=7.872e-06 gate_lr=7.872e-06 alpha=0.500+/-0.000 peak_mem=10.40GiB
epoch=4 step=10240/29520 loss=37.4452 Le=0.2039 Lc=1.3002 Ld=4.0202 Lcons=0.0280 keep=0.813/0.813 lr=7.863e-06 gate_lr=7.863e-06 alpha=0.500+/-0.000 peak_mem=10.40GiB
epoch=4 step=10260/29520 loss=38.0519 Le=0.2024 Lc=1.3599 Ld=4.1902 Lcons=0.0261 keep=0.786/0.786 lr=7.855e-06 gate_lr=7.855e-06 alpha=0.500+/-0.000 peak_mem=10.40GiB
epoch=4 step=10280/29520 loss=40.1258 Le=0.2171 Lc=1.4543 Ld=3.8460 Lcons=0.0298 keep=0.787/0.787 lr=7.847e-06 gate_lr=7.847e-06 alpha=0.500+/-0.000 peak_mem=10.40GiB
epoch=4 step=10300/29520 loss=38.7151 Le=0.2014 Lc=1.4614 Ld=3.9333 Lcons=0.0296 keep=0.781/0.781 lr=7.838e-06 gate_lr=7.838e-06 alpha=0.500+/-0.000 peak_mem=10.40GiB
epoch=4 step=10320/29520 loss=37.5126 Le=0.1750 Lc=1.5882 Ld=4.0979 Lcons=0.0315 keep=0.811/0.811 lr=7.830e-06 gate_lr=7.830e-06 alpha=0.500+/-0.000 peak_mem=10.40GiB
epoch=4 step=10340/29520 loss=43.9122 Le=0.2589 Lc=1.4125 Ld=3.8668 Lcons=0.0308 keep=0.800/0.800 lr=7.821e-06 gate_lr=7.821e-06 alpha=0.500+/-0.000 peak_mem=10.40GiB
epoch=4 step=10360/29520 loss=32.8636 Le=0.1560 Lc=1.3291 Ld=3.9425 Lcons=0.0264 keep=0.821/0.821 lr=7.813e-06 gate_lr=7.813e-06 alpha=0.500+/-0.000 peak_mem=10.40GiB
epoch=4 step=10380/29520 loss=41.0491 Le=0.2302 Lc=1.4328 Ld=3.6788 Lcons=0.0259 keep=0.775/0.775 lr=7.804e-06 gate_lr=7.804e-06 alpha=0.500+/-0.000 peak_mem=10.40GiB
epoch=4 step=10400/29520 loss=44.6059 Le=0.2717 Lc=1.3861 Ld=3.5535 Lcons=0.0235 keep=0.796/0.796 lr=7.796e-06 gate_lr=7.796e-06 alpha=0.500+/-0.000 peak_mem=10.40GiB
epoch=4 step=10420/29520 loss=59.1899 Le=0.4034 Lc=1.5020 Ld=3.8035 Lcons=0.0271 keep=0.788/0.788 lr=7.787e-06 gate_lr=7.787e-06 alpha=0.500+/-0.000 peak_mem=10.40GiB
epoch=4 step=10440/29520 loss=35.5821 Le=0.1703 Lc=1.4731 Ld=3.7925 Lcons=0.0283 keep=0.810/0.810 lr=7.779e-06 gate_lr=7.779e-06 alpha=0.500+/-0.000 peak_mem=10.40GiB
epoch=4 step=10460/29520 loss=33.4703 Le=0.1557 Lc=1.3706 Ld=4.1663 Lcons=0.0263 keep=0.800/0.800 lr=7.770e-06 gate_lr=7.770e-06 alpha=0.500+/-0.000 peak_mem=10.40GiB
epoch=4 step=10480/29520 loss=32.4117 Le=0.1422 Lc=1.4143 Ld=4.0201 Lcons=0.0269 keep=0.803/0.803 lr=7.761e-06 gate_lr=7.761e-06 alpha=0.500+/-0.000 peak_mem=10.40GiB
epoch=4 step=10500/29520 loss=54.4525 Le=0.3679 Lc=1.3694 Ld=3.9349 Lcons=0.0288 keep=0.817/0.817 lr=7.753e-06 gate_lr=7.753e-06 alpha=0.500+/-0.000 peak_mem=10.40GiB
epoch=4 step=10520/29520 loss=34.4055 Le=0.1707 Lc=1.3474 Ld=3.8321 Lcons=0.0290 keep=0.801/0.801 lr=7.744e-06 gate_lr=7.744e-06 alpha=0.500+/-0.000 peak_mem=10.40GiB
epoch=4 step=10540/29520 loss=41.4222 Le=0.2323 Lc=1.3981 Ld=4.1914 Lcons=0.0245 keep=0.799/0.799 lr=7.736e-06 gate_lr=7.736e-06 alpha=0.500+/-0.000 peak_mem=10.40GiB
epoch=4 step=10560/29520 loss=42.0380 Le=0.2337 Lc=1.4519 Ld=4.1172 Lcons=0.0313 keep=0.808/0.808 lr=7.727e-06 gate_lr=7.727e-06 alpha=0.500+/-0.000 peak_mem=10.40GiB
epoch=4 step=10580/29520 loss=37.7931 Le=0.2064 Lc=1.3176 Ld=3.9488 Lcons=0.0269 keep=0.792/0.792 lr=7.718e-06 gate_lr=7.718e-06 alpha=0.500+/-0.000 peak_mem=10.40GiB
epoch=4 step=10600/29520 loss=34.2650 Le=0.1615 Lc=1.4011 Ld=4.0769 Lcons=0.0270 keep=0.795/0.795 lr=7.710e-06 gate_lr=7.710e-06 alpha=0.500+/-0.000 peak_mem=10.40GiB
epoch=4 step=10620/29520 loss=34.2323 Le=0.1645 Lc=1.4102 Ld=3.6531 Lcons=0.0251 keep=0.790/0.790 lr=7.701e-06 gate_lr=7.701e-06 alpha=0.500+/-0.000 peak_mem=10.40GiB
epoch=4 step=10640/29520 loss=38.5949 Le=0.2044 Lc=1.4346 Ld=3.7826 Lcons=0.0267 keep=0.791/0.791 lr=7.693e-06 gate_lr=7.693e-06 alpha=0.500+/-0.000 peak_mem=10.40GiB
epoch=4 step=10660/29520 loss=38.9614 Le=0.2122 Lc=1.3778 Ld=3.9420 Lcons=0.0234 keep=0.801/0.801 lr=7.684e-06 gate_lr=7.684e-06 alpha=0.500+/-0.000 peak_mem=10.40GiB
epoch=4 step=10680/29520 loss=32.7656 Le=0.1390 Lc=1.4609 Ld=4.2283 Lcons=0.0272 keep=0.791/0.790 lr=7.675e-06 gate_lr=7.675e-06 alpha=0.500+/-0.000 peak_mem=10.40GiB
epoch=4 step=10700/29520 loss=36.6302 Le=0.1947 Lc=1.3064 Ld=4.0670 Lcons=0.0260 keep=0.810/0.810 lr=7.667e-06 gate_lr=7.667e-06 alpha=0.500+/-0.000 peak_mem=10.40GiB
epoch=4 step=10720/29520 loss=31.2304 Le=0.1449 Lc=1.2897 Ld=3.8197 Lcons=0.0280 keep=0.773/0.773 lr=7.658e-06 gate_lr=7.658e-06 alpha=0.500+/-0.000 peak_mem=10.40GiB
epoch=4 step=10740/29520 loss=40.7010 Le=0.2320 Lc=1.3678 Ld=3.7926 Lcons=0.0312 keep=0.819/0.819 lr=7.649e-06 gate_lr=7.649e-06 alpha=0.500+/-0.000 peak_mem=10.40GiB
epoch=4 step=10760/29520 loss=38.2173 Le=0.2027 Lc=1.3944 Ld=3.9752 Lcons=0.0269 keep=0.769/0.769 lr=7.640e-06 gate_lr=7.640e-06 alpha=0.500+/-0.000 peak_mem=10.40GiB
epoch=4 step=10780/29520 loss=32.7258 Le=0.1494 Lc=1.3751 Ld=4.0068 Lcons=0.0277 keep=0.789/0.789 lr=7.632e-06 gate_lr=7.632e-06 alpha=0.500+/-0.000 peak_mem=10.40GiB
epoch=4 step=10800/29520 loss=38.4154 Le=0.2011 Lc=1.4605 Ld=3.6777 Lcons=0.0277 keep=0.827/0.827 lr=7.623e-06 gate_lr=7.623e-06 alpha=0.500+/-0.000 peak_mem=10.40GiB
epoch=4 step=10820/29520 loss=33.3273 Le=0.1493 Lc=1.4547 Ld=3.8199 Lcons=0.0261 keep=0.797/0.797 lr=7.614e-06 gate_lr=7.614e-06 alpha=0.500+/-0.000 peak_mem=10.40GiB
epoch=4 step=10840/29520 loss=33.8613 Le=0.1567 Lc=1.4249 Ld=3.9107 Lcons=0.0281 keep=0.795/0.795 lr=7.605e-06 gate_lr=7.605e-06 alpha=0.500+/-0.000 peak_mem=10.40GiB
epoch=4 step=10860/29520 loss=61.4620 Le=0.4315 Lc=1.4352 Ld=3.9282 Lcons=0.0291 keep=0.796/0.796 lr=7.597e-06 gate_lr=7.597e-06 alpha=0.500+/-0.000 peak_mem=10.40GiB
epoch=4 step=10880/29520 loss=39.0518 Le=0.2068 Lc=1.4687 Ld=3.6608 Lcons=0.0284 keep=0.789/0.789 lr=7.588e-06 gate_lr=7.588e-06 alpha=0.500+/-0.000 peak_mem=10.40GiB
epoch=4 step=10900/29520 loss=46.7613 Le=0.2799 Lc=1.4903 Ld=3.8374 Lcons=0.0320 keep=0.791/0.791 lr=7.579e-06 gate_lr=7.579e-06 alpha=0.500+/-0.000 peak_mem=10.40GiB
epoch=4 step=10920/29520 loss=32.9496 Le=0.1618 Lc=1.2948 Ld=3.7960 Lcons=0.0266 keep=0.796/0.796 lr=7.570e-06 gate_lr=7.570e-06 alpha=0.500+/-0.000 peak_mem=10.40GiB
epoch=4 step=10940/29520 loss=34.4193 Le=0.1615 Lc=1.4160 Ld=4.0806 Lcons=0.0265 keep=0.847/0.847 lr=7.561e-06 gate_lr=7.561e-06 alpha=0.500+/-0.000 peak_mem=10.40GiB
epoch=4 step=10960/29520 loss=41.3394 Le=0.2444 Lc=1.3284 Ld=3.5870 Lcons=0.0247 keep=0.791/0.791 lr=7.553e-06 gate_lr=7.553e-06 alpha=0.500+/-0.000 peak_mem=10.40GiB
epoch=4 step=10980/29520 loss=41.4363 Le=0.2341 Lc=1.4265 Ld=3.7326 Lcons=0.0295 keep=0.794/0.794 lr=7.544e-06 gate_lr=7.544e-06 alpha=0.500+/-0.000 peak_mem=10.40GiB
epoch=4 step=11000/29520 loss=38.8858 Le=0.2106 Lc=1.3805 Ld=3.9871 Lcons=0.0301 keep=0.792/0.792 lr=7.535e-06 gate_lr=7.535e-06 alpha=0.500+/-0.000 peak_mem=10.40GiB
epoch=4 step=11020/29520 loss=41.0129 Le=0.2323 Lc=1.3978 Ld=3.7725 Lcons=0.0279 keep=0.822/0.822 lr=7.526e-06 gate_lr=7.526e-06 alpha=0.500+/-0.000 peak_mem=10.40GiB
epoch=4 step=11040/29520 loss=32.3836 Le=0.1426 Lc=1.4354 Ld=3.7414 Lcons=0.0269 keep=0.802/0.802 lr=7.517e-06 gate_lr=7.517e-06 alpha=0.500+/-0.000 peak_mem=10.40GiB
epoch=4 step=11060/29520 loss=33.0806 Le=0.1617 Lc=1.3035 Ld=3.8499 Lcons=0.0266 keep=0.821/0.821 lr=7.508e-06 gate_lr=7.508e-06 alpha=0.500+/-0.000 peak_mem=10.40GiB
epoch=4 step=11080/29520 loss=30.3999 Le=0.1253 Lc=1.3976 Ld=3.8682 Lcons=0.0288 keep=0.805/0.805 lr=7.500e-06 gate_lr=7.500e-06 alpha=0.500+/-0.000 peak_mem=10.40GiB
epoch=4 step=11100/29520 loss=31.2330 Le=0.1377 Lc=1.3509 Ld=3.9274 Lcons=0.0293 keep=0.814/0.814 lr=7.491e-06 gate_lr=7.491e-06 alpha=0.500+/-0.000 peak_mem=10.40GiB
epoch=4 step=11120/29520 loss=30.8089 Le=0.1171 Lc=1.5105 Ld=3.9632 Lcons=0.0283 keep=0.813/0.813 lr=7.482e-06 gate_lr=7.482e-06 alpha=0.500+/-0.000 peak_mem=10.40GiB
epoch=4 step=11140/29520 loss=33.0420 Le=0.1273 Lc=1.6426 Ld=3.8654 Lcons=0.0239 keep=0.820/0.820 lr=7.473e-06 gate_lr=7.473e-06 alpha=0.500+/-0.000 peak_mem=10.40GiB
epoch=4 step=11160/29520 loss=35.4064 Le=0.1782 Lc=1.3746 Ld=3.8019 Lcons=0.0352 keep=0.788/0.788 lr=7.464e-06 gate_lr=7.464e-06 alpha=0.500+/-0.000 peak_mem=10.40GiB
epoch=4 step=11180/29520 loss=38.7401 Le=0.1987 Lc=1.5054 Ld=3.7806 Lcons=0.0322 keep=0.790/0.790 lr=7.455e-06 gate_lr=7.455e-06 alpha=0.500+/-0.000 peak_mem=10.40GiB
epoch=4 step=11200/29520 loss=34.3088 Le=0.1602 Lc=1.4316 Ld=3.9443 Lcons=0.0240 keep=0.819/0.819 lr=7.446e-06 gate_lr=7.446e-06 alpha=0.500+/-0.000 peak_mem=10.40GiB
epoch=4 step=11220/29520 loss=44.0168 Le=0.2667 Lc=1.3491 Ld=3.8285 Lcons=0.0280 keep=0.797/0.797 lr=7.437e-06 gate_lr=7.437e-06 alpha=0.500+/-0.000 peak_mem=10.40GiB
epoch=4 step=11240/29520 loss=34.1456 Le=0.1588 Lc=1.4289 Ld=3.9451 Lcons=0.0282 keep=0.806/0.806 lr=7.428e-06 gate_lr=7.428e-06 alpha=0.500+/-0.000 peak_mem=10.40GiB
epoch=4 step=11260/29520 loss=43.1518 Le=0.2445 Lc=1.4699 Ld=3.9721 Lcons=0.0265 keep=0.797/0.797 lr=7.419e-06 gate_lr=7.419e-06 alpha=0.500+/-0.000 peak_mem=10.40GiB
epoch=4 step=11280/29520 loss=47.0796 Le=0.2929 Lc=1.4073 Ld=3.6876 Lcons=0.0251 keep=0.800/0.800 lr=7.410e-06 gate_lr=7.410e-06 alpha=0.500+/-0.000 peak_mem=10.40GiB
epoch=4 step=11300/29520 loss=38.6125 Le=0.2002 Lc=1.4890 Ld=3.6758 Lcons=0.0287 keep=0.797/0.797 lr=7.401e-06 gate_lr=7.401e-06 alpha=0.500+/-0.000 peak_mem=10.40GiB
epoch=4 step=11320/29520 loss=30.2088 Le=0.1303 Lc=1.3202 Ld=3.9494 Lcons=0.0263 keep=0.796/0.796 lr=7.392e-06 gate_lr=7.392e-06 alpha=0.500+/-0.000 peak_mem=10.40GiB
epoch=4 step=11340/29520 loss=37.7382 Le=0.1879 Lc=1.5058 Ld=3.8635 Lcons=0.0308 keep=0.799/0.799 lr=7.383e-06 gate_lr=7.383e-06 alpha=0.500+/-0.000 peak_mem=10.40GiB
epoch=4 step=11360/29520 loss=31.9014 Le=0.1454 Lc=1.3482 Ld=3.8460 Lcons=0.0313 keep=0.791/0.791 lr=7.374e-06 gate_lr=7.374e-06 alpha=0.500+/-0.000 peak_mem=10.40GiB
epoch=4 step=11380/29520 loss=49.7010 Le=0.3210 Lc=1.3673 Ld=3.9019 Lcons=0.0276 keep=0.795/0.795 lr=7.365e-06 gate_lr=7.365e-06 alpha=0.500+/-0.000 peak_mem=10.40GiB
epoch=4 step=11400/29520 loss=36.3698 Le=0.1983 Lc=1.2711 Ld=3.8013 Lcons=0.0299 keep=0.796/0.796 lr=7.356e-06 gate_lr=7.356e-06 alpha=0.500+/-0.000 peak_mem=10.40GiB
epoch=4 step=11420/29520 loss=34.9756 Le=0.1731 Lc=1.3822 Ld=3.8216 Lcons=0.0240 keep=0.797/0.797 lr=7.347e-06 gate_lr=7.347e-06 alpha=0.500+/-0.000 peak_mem=10.40GiB
epoch=4 step=11440/29520 loss=31.1264 Le=0.1380 Lc=1.3446 Ld=3.8479 Lcons=0.0344 keep=0.817/0.817 lr=7.338e-06 gate_lr=7.338e-06 alpha=0.500+/-0.000 peak_mem=10.40GiB
epoch=4 step=11460/29520 loss=24.4970 Le=0.0768 Lc=1.3118 Ld=3.6787 Lcons=0.0236 keep=0.804/0.805 lr=7.329e-06 gate_lr=7.329e-06 alpha=0.500+/-0.000 peak_mem=10.40GiB
epoch=4 step=11480/29520 loss=24.6413 Le=0.0779 Lc=1.3144 Ld=3.6798 Lcons=0.0277 keep=0.799/0.799 lr=7.320e-06 gate_lr=7.320e-06 alpha=0.500+/-0.000 peak_mem=10.40GiB
epoch=4 step=11500/29520 loss=32.0904 Le=0.1477 Lc=1.3694 Ld=3.5989 Lcons=0.0310 keep=0.777/0.777 lr=7.311e-06 gate_lr=7.311e-06 alpha=0.500+/-0.000 peak_mem=10.40GiB
epoch=4 step=11520/29520 loss=41.4260 Le=0.2328 Lc=1.4433 Ld=3.6817 Lcons=0.0307 keep=0.780/0.780 lr=7.302e-06 gate_lr=7.302e-06 alpha=0.500+/-0.000 peak_mem=10.40GiB
epoch=4 step=11540/29520 loss=28.1464 Le=0.1105 Lc=1.3356 Ld=3.7164 Lcons=0.0269 keep=0.799/0.799 lr=7.293e-06 gate_lr=7.293e-06 alpha=0.500+/-0.000 peak_mem=10.40GiB
epoch=4 step=11560/29520 loss=34.4873 Le=0.1615 Lc=1.4469 Ld=3.8405 Lcons=0.0264 keep=0.798/0.798 lr=7.284e-06 gate_lr=7.284e-06 alpha=0.500+/-0.000 peak_mem=10.40GiB
epoch=4 step=11580/29520 loss=38.6087 Le=0.1908 Lc=1.5601 Ld=3.8928 Lcons=0.0308 keep=0.808/0.808 lr=7.275e-06 gate_lr=7.275e-06 alpha=0.500+/-0.000 peak_mem=10.40GiB
epoch=4 step=11600/29520 loss=58.7922 Le=0.3937 Lc=1.5523 Ld=3.8676 Lcons=0.0297 keep=0.806/0.806 lr=7.265e-06 gate_lr=7.265e-06 alpha=0.500+/-0.000 peak_mem=10.40GiB
epoch=4 step=11620/29520 loss=36.7003 Le=0.1929 Lc=1.3835 Ld=3.5451 Lcons=0.0283 keep=0.778/0.778 lr=7.256e-06 gate_lr=7.256e-06 alpha=0.500+/-0.000 peak_mem=10.40GiB
epoch=4 step=11640/29520 loss=29.4351 Le=0.1168 Lc=1.3955 Ld=3.7695 Lcons=0.0296 keep=0.793/0.793 lr=7.247e-06 gate_lr=7.247e-06 alpha=0.500+/-0.000 peak_mem=10.40GiB
epoch=4 step=11660/29520 loss=38.6226 Le=0.1981 Lc=1.4889 Ld=3.9004 Lcons=0.0265 keep=0.804/0.804 lr=7.238e-06 gate_lr=7.238e-06 alpha=0.500+/-0.000 peak_mem=10.40GiB
epoch=4 step=11680/29520 loss=35.1710 Le=0.1789 Lc=1.3579 Ld=3.6767 Lcons=0.0242 keep=0.816/0.816 lr=7.229e-06 gate_lr=7.229e-06 alpha=0.500+/-0.000 peak_mem=10.40GiB
epoch=4 step=11700/29520 loss=34.0423 Le=0.1616 Lc=1.4239 Ld=3.6228 Lcons=0.0255 keep=0.813/0.813 lr=7.220e-06 gate_lr=7.220e-06 alpha=0.500+/-0.000 peak_mem=10.40GiB
epoch=4 step=11720/29520 loss=36.8615 Le=0.1879 Lc=1.4199 Ld=3.8446 Lcons=0.0299 keep=0.789/0.789 lr=7.211e-06 gate_lr=7.211e-06 alpha=0.500+/-0.000 peak_mem=10.40GiB
epoch=4 step=11740/29520 loss=34.9851 Le=0.1695 Lc=1.4176 Ld=3.8304 Lcons=0.0254 keep=0.782/0.782 lr=7.201e-06 gate_lr=7.201e-06 alpha=0.500+/-0.000 peak_mem=10.40GiB
epoch=4 step=11760/29520 loss=47.1618 Le=0.3002 Lc=1.3474 Ld=3.6355 Lcons=0.0298 keep=0.774/0.774 lr=7.192e-06 gate_lr=7.192e-06 alpha=0.500+/-0.000 peak_mem=10.40GiB
epoch=4 step=11780/29520 loss=48.0340 Le=0.2984 Lc=1.4544 Ld=3.6202 Lcons=0.0257 keep=0.799/0.799 lr=7.183e-06 gate_lr=7.183e-06 alpha=0.500+/-0.000 peak_mem=10.40GiB
epoch=4 step=11800/29520 loss=35.8472 Le=0.1716 Lc=1.4771 Ld=3.8850 Lcons=0.0275 keep=0.824/0.824 lr=7.174e-06 gate_lr=7.174e-06 alpha=0.500+/-0.000 peak_mem=10.40GiB
epoch=4 checkpoints saved
epoch=5 step=11820/29520 loss=23.7316 Le=0.0659 Lc=1.3435 Ld=3.6788 Lcons=0.0263 keep=0.797/0.797 lr=7.165e-06 gate_lr=7.165e-06 alpha=0.500+/-0.000 peak_mem=10.40GiB
epoch=5 step=11840/29520 loss=32.1451 Le=0.1444 Lc=1.3801 Ld=3.8762 Lcons=0.0280 keep=0.791/0.791 lr=7.155e-06 gate_lr=7.155e-06 alpha=0.500+/-0.000 peak_mem=10.40GiB
epoch=5 step=11860/29520 loss=34.5896 Le=0.1696 Lc=1.3637 Ld=3.9688 Lcons=0.0261 keep=0.795/0.795 lr=7.146e-06 gate_lr=7.146e-06 alpha=0.500+/-0.000 peak_mem=10.40GiB
epoch=5 step=11880/29520 loss=30.4307 Le=0.1315 Lc=1.3454 Ld=3.7962 Lcons=0.0272 keep=0.810/0.810 lr=7.137e-06 gate_lr=7.137e-06 alpha=0.500+/-0.000 peak_mem=10.40GiB
epoch=5 step=11900/29520 loss=28.5051 Le=0.1080 Lc=1.3771 Ld=3.9108 Lcons=0.0271 keep=0.795/0.795 lr=7.128e-06 gate_lr=7.128e-06 alpha=0.500+/-0.000 peak_mem=10.40GiB
epoch=5 step=11920/29520 loss=34.6202 Le=0.1729 Lc=1.3295 Ld=4.0124 Lcons=0.0251 keep=0.816/0.816 lr=7.119e-06 gate_lr=7.119e-06 alpha=0.500+/-0.000 peak_mem=10.40GiB
epoch=5 step=11940/29520 loss=24.9070 Le=0.0829 Lc=1.2874 Ld=3.7174 Lcons=0.0290 keep=0.804/0.804 lr=7.109e-06 gate_lr=7.109e-06 alpha=0.500+/-0.000 peak_mem=10.40GiB
epoch=5 step=11960/29520 loss=40.0139 Le=0.2078 Lc=1.5139 Ld=4.0709 Lcons=0.0284 keep=0.801/0.801 lr=7.100e-06 gate_lr=7.100e-06 alpha=0.500+/-0.000 peak_mem=10.40GiB
epoch=5 step=11980/29520 loss=47.6338 Le=0.3046 Lc=1.3429 Ld=3.7227 Lcons=0.0269 keep=0.821/0.821 lr=7.091e-06 gate_lr=7.091e-06 alpha=0.500+/-0.000 peak_mem=10.40GiB
epoch=5 step=12000/29520 loss=27.7740 Le=0.0965 Lc=1.4173 Ld=3.9164 Lcons=0.0293 keep=0.792/0.792 lr=7.081e-06 gate_lr=7.081e-06 alpha=0.500+/-0.000 peak_mem=10.40GiB
epoch=5 step=12020/29520 loss=49.2797 Le=0.3084 Lc=1.4607 Ld=3.8071 Lcons=0.0304 keep=0.789/0.789 lr=7.072e-06 gate_lr=7.072e-06 alpha=0.500+/-0.000 peak_mem=10.40GiB
epoch=5 step=12040/29520 loss=27.2958 Le=0.0955 Lc=1.4057 Ld=3.6603 Lcons=0.0259 keep=0.824/0.824 lr=7.063e-06 gate_lr=7.063e-06 alpha=0.500+/-0.000 peak_mem=10.40GiB
epoch=5 step=12060/29520 loss=23.6040 Le=0.0517 Lc=1.4623 Ld=3.7816 Lcons=0.0283 keep=0.801/0.801 lr=7.054e-06 gate_lr=7.054e-06 alpha=0.500+/-0.000 peak_mem=10.40GiB
epoch=5 step=12080/29520 loss=35.1894 Le=0.1742 Lc=1.3899 Ld=3.8367 Lcons=0.0300 keep=0.828/0.828 lr=7.044e-06 gate_lr=7.044e-06 alpha=0.500+/-0.000 peak_mem=10.40GiB
epoch=5 step=12100/29520 loss=38.3264 Le=0.2130 Lc=1.3125 Ld=3.8786 Lcons=0.0246 keep=0.796/0.796 lr=7.035e-06 gate_lr=7.035e-06 alpha=0.500+/-0.000 peak_mem=10.40GiB
epoch=5 step=12120/29520 loss=37.5744 Le=0.1938 Lc=1.4452 Ld=3.7155 Lcons=0.0307 keep=0.808/0.808 lr=7.026e-06 gate_lr=7.026e-06 alpha=0.500+/-0.000 peak_mem=10.40GiB
epoch=5 step=12140/29520 loss=24.4016 Le=0.0706 Lc=1.3825 Ld=3.4869 Lcons=0.0305 keep=0.781/0.781 lr=7.016e-06 gate_lr=7.016e-06 alpha=0.500+/-0.000 peak_mem=10.40GiB
epoch=5 step=12160/29520 loss=31.2797 Le=0.1411 Lc=1.3438 Ld=3.7031 Lcons=0.0272 keep=0.783/0.783 lr=7.007e-06 gate_lr=7.007e-06 alpha=0.500+/-0.000 peak_mem=10.40GiB
epoch=5 step=12180/29520 loss=36.8451 Le=0.1978 Lc=1.3455 Ld=3.5792 Lcons=0.0273 keep=0.778/0.778 lr=6.998e-06 gate_lr=6.998e-06 alpha=0.500+/-0.000 peak_mem=10.40GiB
epoch=5 step=12200/29520 loss=37.6958 Le=0.2043 Lc=1.3451 Ld=3.7882 Lcons=0.0297 keep=0.802/0.802 lr=6.988e-06 gate_lr=6.988e-06 alpha=0.500+/-0.000 peak_mem=10.40GiB
epoch=5 step=12220/29520 loss=37.7413 Le=0.2015 Lc=1.3537 Ld=4.0279 Lcons=0.0240 keep=0.815/0.815 lr=6.979e-06 gate_lr=6.979e-06 alpha=0.500+/-0.000 peak_mem=10.40GiB
epoch=5 step=12240/29520 loss=39.2991 Le=0.2166 Lc=1.3956 Ld=3.6529 Lcons=0.0293 keep=0.800/0.800 lr=6.970e-06 gate_lr=6.970e-06 alpha=0.500+/-0.000 peak_mem=10.40GiB
epoch=5 step=12260/29520 loss=29.2666 Le=0.1104 Lc=1.4514 Ld=3.6840 Lcons=0.0245 keep=0.787/0.787 lr=6.960e-06 gate_lr=6.960e-06 alpha=0.500+/-0.000 peak_mem=10.40GiB
epoch=5 step=12280/29520 loss=40.1780 Le=0.2225 Lc=1.4102 Ld=3.7948 Lcons=0.0304 keep=0.807/0.807 lr=6.951e-06 gate_lr=6.951e-06 alpha=0.500+/-0.000 peak_mem=10.40GiB
epoch=5 step=12300/29520 loss=37.8801 Le=0.2081 Lc=1.3599 Ld=3.4518 Lcons=0.0241 keep=0.811/0.811 lr=6.941e-06 gate_lr=6.941e-06 alpha=0.500+/-0.000 peak_mem=10.40GiB
epoch=5 step=12320/29520 loss=31.3457 Le=0.1483 Lc=1.2784 Ld=3.6982 Lcons=0.0296 keep=0.806/0.806 lr=6.932e-06 gate_lr=6.932e-06 alpha=0.500+/-0.000 peak_mem=10.40GiB
epoch=5 step=12340/29520 loss=26.4013 Le=0.0719 Lc=1.5460 Ld=3.7197 Lcons=0.0322 keep=0.801/0.801 lr=6.923e-06 gate_lr=6.923e-06 alpha=0.500+/-0.000 peak_mem=10.40GiB
epoch=5 step=12360/29520 loss=30.6323 Le=0.1301 Lc=1.3901 Ld=3.6871 Lcons=0.0305 keep=0.809/0.809 lr=6.913e-06 gate_lr=6.913e-06 alpha=0.500+/-0.000 peak_mem=10.40GiB
epoch=5 step=12380/29520 loss=37.1969 Le=0.1894 Lc=1.4438 Ld=3.7917 Lcons=0.0316 keep=0.789/0.789 lr=6.904e-06 gate_lr=6.904e-06 alpha=0.500+/-0.000 peak_mem=10.40GiB
epoch=5 step=12400/29520 loss=32.4580 Le=0.1417 Lc=1.4307 Ld=3.9491 Lcons=0.0280 keep=0.822/0.822 lr=6.894e-06 gate_lr=6.894e-06 alpha=0.500+/-0.000 peak_mem=10.40GiB
epoch=5 step=12420/29520 loss=24.0348 Le=0.0830 Lc=1.1811 Ld=3.8953 Lcons=0.0253 keep=0.802/0.802 lr=6.885e-06 gate_lr=6.885e-06 alpha=0.500+/-0.000 peak_mem=10.40GiB
epoch=5 step=12440/29520 loss=32.7260 Le=0.1516 Lc=1.3884 Ld=3.6544 Lcons=0.0240 keep=0.811/0.811 lr=6.875e-06 gate_lr=6.875e-06 alpha=0.500+/-0.000 peak_mem=10.40GiB
epoch=5 step=12460/29520 loss=34.4492 Le=0.1721 Lc=1.3515 Ld=3.6977 Lcons=0.0277 keep=0.794/0.794 lr=6.866e-06 gate_lr=6.866e-06 alpha=0.500+/-0.000 peak_mem=10.40GiB
epoch=5 step=12480/29520 loss=33.9068 Le=0.1615 Lc=1.4123 Ld=3.6074 Lcons=0.0306 keep=0.806/0.806 lr=6.857e-06 gate_lr=6.857e-06 alpha=0.500+/-0.000 peak_mem=10.40GiB
epoch=5 step=12500/29520 loss=42.3232 Le=0.2309 Lc=1.5524 Ld=3.6826 Lcons=0.0248 keep=0.790/0.790 lr=6.847e-06 gate_lr=6.847e-06 alpha=0.500+/-0.000 peak_mem=10.40GiB
epoch=5 step=12520/29520 loss=26.8431 Le=0.1004 Lc=1.3153 Ld=3.6198 Lcons=0.0312 keep=0.804/0.804 lr=6.838e-06 gate_lr=6.838e-06 alpha=0.500+/-0.000 peak_mem=10.40GiB
epoch=5 step=12540/29520 loss=33.3210 Le=0.1569 Lc=1.3656 Ld=3.9518 Lcons=0.0261 keep=0.785/0.785 lr=6.828e-06 gate_lr=6.828e-06 alpha=0.500+/-0.000 peak_mem=10.40GiB
epoch=5 step=12560/29520 loss=28.0128 Le=0.1024 Lc=1.4064 Ld=3.6910 Lcons=0.0225 keep=0.794/0.794 lr=6.819e-06 gate_lr=6.819e-06 alpha=0.500+/-0.000 peak_mem=10.40GiB
epoch=5 step=12580/29520 loss=31.8273 Le=0.1439 Lc=1.3676 Ld=3.7276 Lcons=0.0294 keep=0.791/0.791 lr=6.809e-06 gate_lr=6.809e-06 alpha=0.500+/-0.000 peak_mem=10.40GiB
epoch=5 step=12600/29520 loss=35.1173 Le=0.1695 Lc=1.4349 Ld=3.7870 Lcons=0.0291 keep=0.808/0.808 lr=6.800e-06 gate_lr=6.800e-06 alpha=0.500+/-0.000 peak_mem=10.40GiB
epoch=5 step=12620/29520 loss=27.7983 Le=0.1156 Lc=1.2437 Ld=3.7727 Lcons=0.0276 keep=0.806/0.806 lr=6.790e-06 gate_lr=6.790e-06 alpha=0.500+/-0.000 peak_mem=10.40GiB
epoch=5 step=12640/29520 loss=43.9972 Le=0.2600 Lc=1.4130 Ld=3.8429 Lcons=0.0292 keep=0.790/0.790 lr=6.781e-06 gate_lr=6.781e-06 alpha=0.500+/-0.000 peak_mem=10.40GiB
epoch=5 step=12660/29520 loss=32.4673 Le=0.1403 Lc=1.4414 Ld=3.9976 Lcons=0.0235 keep=0.807/0.807 lr=6.771e-06 gate_lr=6.771e-06 alpha=0.500+/-0.000 peak_mem=10.40GiB
epoch=5 step=12680/29520 loss=32.5193 Le=0.1558 Lc=1.2982 Ld=3.9301 Lcons=0.0304 keep=0.777/0.777 lr=6.762e-06 gate_lr=6.762e-06 alpha=0.500+/-0.000 peak_mem=10.40GiB
epoch=5 step=12700/29520 loss=28.8945 Le=0.1006 Lc=1.5181 Ld=3.6219 Lcons=0.0334 keep=0.790/0.790 lr=6.752e-06 gate_lr=6.752e-06 alpha=0.500+/-0.000 peak_mem=10.40GiB
epoch=5 step=12720/29520 loss=25.9705 Le=0.0792 Lc=1.4361 Ld=3.6582 Lcons=0.0275 keep=0.795/0.795 lr=6.743e-06 gate_lr=6.743e-06 alpha=0.500+/-0.000 peak_mem=10.40GiB
epoch=5 step=12740/29520 loss=38.0925 Le=0.2097 Lc=1.3710 Ld=3.3864 Lcons=0.0271 keep=0.821/0.821 lr=6.733e-06 gate_lr=6.733e-06 alpha=0.500+/-0.000 peak_mem=10.40GiB
epoch=5 step=12760/29520 loss=32.4361 Le=0.1626 Lc=1.2324 Ld=3.8266 Lcons=0.0294 keep=0.799/0.799 lr=6.724e-06 gate_lr=6.724e-06 alpha=0.500+/-0.000 peak_mem=10.40GiB
epoch=5 step=12780/29520 loss=40.7474 Le=0.2206 Lc=1.4905 Ld=3.7496 Lcons=0.0286 keep=0.802/0.802 lr=6.714e-06 gate_lr=6.714e-06 alpha=0.500+/-0.000 peak_mem=10.40GiB
epoch=5 step=12800/29520 loss=38.4619 Le=0.2141 Lc=1.3079 Ld=3.9391 Lcons=0.0342 keep=0.791/0.791 lr=6.705e-06 gate_lr=6.705e-06 alpha=0.500+/-0.000 peak_mem=10.40GiB
epoch=5 step=12820/29520 loss=33.4212 Le=0.1633 Lc=1.3349 Ld=3.7132 Lcons=0.0293 keep=0.759/0.759 lr=6.695e-06 gate_lr=6.695e-06 alpha=0.500+/-0.000 peak_mem=10.40GiB
epoch=5 step=12840/29520 loss=42.3559 Le=0.2448 Lc=1.3804 Ld=4.0450 Lcons=0.0258 keep=0.802/0.802 lr=6.685e-06 gate_lr=6.685e-06 alpha=0.500+/-0.000 peak_mem=10.40GiB
epoch=5 step=12860/29520 loss=24.6151 Le=0.0756 Lc=1.3282 Ld=3.7390 Lcons=0.0337 keep=0.792/0.792 lr=6.676e-06 gate_lr=6.676e-06 alpha=0.500+/-0.000 peak_mem=10.40GiB
epoch=5 step=12880/29520 loss=49.2424 Le=0.3089 Lc=1.4561 Ld=3.7651 Lcons=0.0298 keep=0.780/0.780 lr=6.666e-06 gate_lr=6.666e-06 alpha=0.500+/-0.000 peak_mem=10.40GiB
epoch=5 step=12900/29520 loss=23.2221 Le=0.0610 Lc=1.3559 Ld=3.5327 Lcons=0.0280 keep=0.813/0.813 lr=6.657e-06 gate_lr=6.657e-06 alpha=0.500+/-0.000 peak_mem=10.40GiB
epoch=5 step=12920/29520 loss=31.5686 Le=0.1321 Lc=1.4575 Ld=3.7485 Lcons=0.0308 keep=0.812/0.812 lr=6.647e-06 gate_lr=6.647e-06 alpha=0.500+/-0.000 peak_mem=10.40GiB
epoch=5 step=12940/29520 loss=31.5323 Le=0.1316 Lc=1.4552 Ld=3.7899 Lcons=0.0304 keep=0.814/0.814 lr=6.638e-06 gate_lr=6.638e-06 alpha=0.500+/-0.000 peak_mem=10.40GiB
epoch=5 step=12960/29520 loss=32.1780 Le=0.1565 Lc=1.2806 Ld=3.6908 Lcons=0.0317 keep=0.793/0.793 lr=6.628e-06 gate_lr=6.628e-06 alpha=0.500+/-0.000 peak_mem=10.40GiB
epoch=5 step=12980/29520 loss=38.5468 Le=0.2105 Lc=1.3889 Ld=3.5784 Lcons=0.0283 keep=0.807/0.807 lr=6.618e-06 gate_lr=6.618e-06 alpha=0.500+/-0.000 peak_mem=10.40GiB
epoch=5 step=13000/29520 loss=26.6831 Le=0.0953 Lc=1.3395 Ld=3.7311 Lcons=0.0270 keep=0.793/0.793 lr=6.609e-06 gate_lr=6.609e-06 alpha=0.500+/-0.000 peak_mem=10.40GiB
epoch=5 step=13020/29520 loss=32.5223 Le=0.1392 Lc=1.4948 Ld=3.6286 Lcons=0.0295 keep=0.803/0.803 lr=6.599e-06 gate_lr=6.599e-06 alpha=0.500+/-0.000 peak_mem=10.40GiB
epoch=5 step=13040/29520 loss=50.7107 Le=0.3324 Lc=1.3599 Ld=3.8469 Lcons=0.0292 keep=0.812/0.812 lr=6.590e-06 gate_lr=6.590e-06 alpha=0.500+/-0.000 peak_mem=10.40GiB
epoch=5 step=13060/29520 loss=34.5755 Le=0.1694 Lc=1.3667 Ld=3.9421 Lcons=0.0262 keep=0.800/0.800 lr=6.580e-06 gate_lr=6.580e-06 alpha=0.500+/-0.000 peak_mem=10.40GiB
epoch=5 step=13080/29520 loss=36.8790 Le=0.2006 Lc=1.3301 Ld=3.4944 Lcons=0.0263 keep=0.800/0.800 lr=6.570e-06 gate_lr=6.570e-06 alpha=0.500+/-0.000 peak_mem=10.40GiB
epoch=5 step=13100/29520 loss=36.3268 Le=0.1947 Lc=1.2959 Ld=3.8677 Lcons=0.0261 keep=0.800/0.800 lr=6.561e-06 gate_lr=6.561e-06 alpha=0.500+/-0.000 peak_mem=10.40GiB
epoch=5 step=13120/29520 loss=34.9983 Le=0.1735 Lc=1.3848 Ld=3.7781 Lcons=0.0248 keep=0.808/0.808 lr=6.551e-06 gate_lr=6.551e-06 alpha=0.500+/-0.000 peak_mem=10.40GiB
epoch=5 step=13140/29520 loss=34.6180 Le=0.1766 Lc=1.3358 Ld=3.5721 Lcons=0.0266 keep=0.796/0.796 lr=6.541e-06 gate_lr=6.541e-06 alpha=0.500+/-0.000 peak_mem=10.40GiB
epoch=5 step=13160/29520 loss=32.5662 Le=0.1623 Lc=1.2647 Ld=3.6601 Lcons=0.0291 keep=0.820/0.820 lr=6.532e-06 gate_lr=6.532e-06 alpha=0.500+/-0.000 peak_mem=10.40GiB
epoch=5 step=13180/29520 loss=34.5027 Le=0.1608 Lc=1.4732 Ld=3.6589 Lcons=0.0287 keep=0.811/0.811 lr=6.522e-06 gate_lr=6.522e-06 alpha=0.500+/-0.000 peak_mem=10.40GiB
epoch=5 step=13200/29520 loss=29.1685 Le=0.1146 Lc=1.3845 Ld=3.8336 Lcons=0.0259 keep=0.812/0.812 lr=6.512e-06 gate_lr=6.512e-06 alpha=0.500+/-0.000 peak_mem=10.40GiB
epoch=5 step=13220/29520 loss=27.1391 Le=0.0989 Lc=1.3309 Ld=3.9134 Lcons=0.0317 keep=0.776/0.776 lr=6.503e-06 gate_lr=6.503e-06 alpha=0.500+/-0.000 peak_mem=10.40GiB
epoch=5 step=13240/29520 loss=33.0120 Le=0.1428 Lc=1.4880 Ld=3.8276 Lcons=0.0292 keep=0.815/0.815 lr=6.493e-06 gate_lr=6.493e-06 alpha=0.500+/-0.000 peak_mem=10.40GiB
epoch=5 step=13260/29520 loss=47.9846 Le=0.2908 Lc=1.5111 Ld=3.7633 Lcons=0.0275 keep=0.800/0.800 lr=6.483e-06 gate_lr=6.483e-06 alpha=0.500+/-0.000 peak_mem=10.40GiB
epoch=5 step=13280/29520 loss=33.4643 Le=0.1589 Lc=1.3836 Ld=3.7166 Lcons=0.0226 keep=0.807/0.807 lr=6.474e-06 gate_lr=6.474e-06 alpha=0.500+/-0.000 peak_mem=10.40GiB
epoch=5 step=13300/29520 loss=35.7117 Le=0.1772 Lc=1.4315 Ld=3.6548 Lcons=0.0266 keep=0.796/0.796 lr=6.464e-06 gate_lr=6.464e-06 alpha=0.500+/-0.000 peak_mem=10.40GiB
epoch=5 step=13320/29520 loss=36.0157 Le=0.1833 Lc=1.3973 Ld=3.6912 Lcons=0.0258 keep=0.810/0.810 lr=6.454e-06 gate_lr=6.454e-06 alpha=0.500+/-0.000 peak_mem=10.40GiB
epoch=5 step=13340/29520 loss=31.2189 Le=0.1475 Lc=1.2868 Ld=3.5679 Lcons=0.0302 keep=0.804/0.804 lr=6.445e-06 gate_lr=6.445e-06 alpha=0.500+/-0.000 peak_mem=10.40GiB
epoch=5 step=13360/29520 loss=37.3860 Le=0.2101 Lc=1.2829 Ld=3.5250 Lcons=0.0268 keep=0.807/0.807 lr=6.435e-06 gate_lr=6.435e-06 alpha=0.500+/-0.000 peak_mem=10.40GiB
epoch=5 step=13380/29520 loss=27.1011 Le=0.1001 Lc=1.3352 Ld=3.7075 Lcons=0.0319 keep=0.782/0.782 lr=6.425e-06 gate_lr=6.425e-06 alpha=0.500+/-0.000 peak_mem=10.40GiB
epoch=5 step=13400/29520 loss=34.1990 Le=0.1714 Lc=1.3090 Ld=3.9386 Lcons=0.0267 keep=0.807/0.807 lr=6.416e-06 gate_lr=6.416e-06 alpha=0.500+/-0.000 peak_mem=10.40GiB
epoch=5 step=13420/29520 loss=27.2831 Le=0.0921 Lc=1.4413 Ld=3.6327 Lcons=0.0284 keep=0.796/0.796 lr=6.406e-06 gate_lr=6.406e-06 alpha=0.500+/-0.000 peak_mem=10.40GiB
epoch=5 step=13440/29520 loss=30.9979 Le=0.1472 Lc=1.2649 Ld=3.5958 Lcons=0.0329 keep=0.775/0.775 lr=6.396e-06 gate_lr=6.396e-06 alpha=0.500+/-0.000 peak_mem=10.40GiB
epoch=5 step=13460/29520 loss=32.1803 Le=0.1429 Lc=1.4543 Ld=3.3146 Lcons=0.0288 keep=0.809/0.809 lr=6.386e-06 gate_lr=6.386e-06 alpha=0.500+/-0.000 peak_mem=10.40GiB
epoch=5 step=13480/29520 loss=34.8334 Le=0.1671 Lc=1.4301 Ld=3.7894 Lcons=0.0282 keep=0.805/0.805 lr=6.377e-06 gate_lr=6.377e-06 alpha=0.500+/-0.000 peak_mem=10.40GiB
epoch=5 step=13500/29520 loss=24.2516 Le=0.0917 Lc=1.1410 Ld=3.6411 Lcons=0.0299 keep=0.792/0.792 lr=6.367e-06 gate_lr=6.367e-06 alpha=0.500+/-0.000 peak_mem=10.40GiB
epoch=5 step=13520/29520 loss=40.7373 Le=0.2350 Lc=1.3668 Ld=3.5445 Lcons=0.0280 keep=0.801/0.801 lr=6.357e-06 gate_lr=6.357e-06 alpha=0.500+/-0.000 peak_mem=10.40GiB
epoch=5 step=13540/29520 loss=27.5880 Le=0.1004 Lc=1.3838 Ld=3.6811 Lcons=0.0284 keep=0.802/0.802 lr=6.348e-06 gate_lr=6.348e-06 alpha=0.500+/-0.000 peak_mem=10.40GiB
epoch=5 step=13560/29520 loss=38.3967 Le=0.2256 Lc=1.1986 Ld=3.8208 Lcons=0.0333 keep=0.800/0.800 lr=6.338e-06 gate_lr=6.338e-06 alpha=0.500+/-0.000 peak_mem=10.40GiB
epoch=5 step=13580/29520 loss=40.4365 Le=0.2289 Lc=1.3886 Ld=3.6297 Lcons=0.0286 keep=0.810/0.810 lr=6.328e-06 gate_lr=6.328e-06 alpha=0.500+/-0.000 peak_mem=10.40GiB
epoch=5 step=13600/29520 loss=38.7021 Le=0.2179 Lc=1.3126 Ld=3.7579 Lcons=0.0294 keep=0.806/0.806 lr=6.318e-06 gate_lr=6.318e-06 alpha=0.500+/-0.000 peak_mem=10.40GiB
epoch=5 step=13620/29520 loss=44.5050 Le=0.2718 Lc=1.3670 Ld=3.6318 Lcons=0.0262 keep=0.785/0.785 lr=6.309e-06 gate_lr=6.309e-06 alpha=0.500+/-0.000 peak_mem=10.40GiB
epoch=5 step=13640/29520 loss=36.7469 Le=0.1850 Lc=1.4519 Ld=3.7011 Lcons=0.0251 keep=0.798/0.798 lr=6.299e-06 gate_lr=6.299e-06 alpha=0.500+/-0.000 peak_mem=10.40GiB
epoch=5 step=13660/29520 loss=41.3875 Le=0.2430 Lc=1.3437 Ld=3.6234 Lcons=0.0281 keep=0.775/0.775 lr=6.289e-06 gate_lr=6.289e-06 alpha=0.500+/-0.000 peak_mem=10.40GiB
epoch=5 step=13680/29520 loss=20.4828 Le=0.0356 Lc=1.3276 Ld=3.6154 Lcons=0.0279 keep=0.794/0.794 lr=6.279e-06 gate_lr=6.279e-06 alpha=0.500+/-0.000 peak_mem=10.40GiB
epoch=5 step=13700/29520 loss=27.7540 Le=0.1029 Lc=1.3770 Ld=3.6633 Lcons=0.0297 keep=0.795/0.795 lr=6.269e-06 gate_lr=6.269e-06 alpha=0.500+/-0.000 peak_mem=10.40GiB
epoch=5 step=13720/29520 loss=39.9822 Le=0.2141 Lc=1.5194 Ld=3.3553 Lcons=0.0267 keep=0.822/0.822 lr=6.260e-06 gate_lr=6.260e-06 alpha=0.500+/-0.000 peak_mem=10.40GiB
epoch=5 step=13740/29520 loss=26.4103 Le=0.0957 Lc=1.3173 Ld=3.6401 Lcons=0.0293 keep=0.806/0.806 lr=6.250e-06 gate_lr=6.250e-06 alpha=0.500+/-0.000 peak_mem=10.40GiB
epoch=5 step=13760/29520 loss=47.9401 Le=0.2974 Lc=1.4438 Ld=3.7330 Lcons=0.0274 keep=0.796/0.796 lr=6.240e-06 gate_lr=6.240e-06 alpha=0.500+/-0.000 peak_mem=10.40GiB
epoch=5 step=13780/29520 loss=35.5222 Le=0.1774 Lc=1.3955 Ld=3.7988 Lcons=0.0268 keep=0.794/0.794 lr=6.230e-06 gate_lr=6.230e-06 alpha=0.500+/-0.000 peak_mem=10.40GiB
epoch=5 step=13800/29520 loss=28.2970 Le=0.1145 Lc=1.3047 Ld=3.7663 Lcons=0.0303 keep=0.783/0.783 lr=6.221e-06 gate_lr=6.221e-06 alpha=0.500+/-0.000 peak_mem=10.40GiB
epoch=5 step=13820/29520 loss=28.4854 Le=0.1150 Lc=1.3055 Ld=3.8968 Lcons=0.0335 keep=0.776/0.776 lr=6.211e-06 gate_lr=6.211e-06 alpha=0.500+/-0.000 peak_mem=10.40GiB
epoch=5 step=13840/29520 loss=28.0634 Le=0.1141 Lc=1.2989 Ld=3.6392 Lcons=0.0280 keep=0.799/0.799 lr=6.201e-06 gate_lr=6.201e-06 alpha=0.500+/-0.000 peak_mem=10.40GiB
epoch=5 step=13860/29520 loss=30.1015 Le=0.1343 Lc=1.3110 Ld=3.5328 Lcons=0.0255 keep=0.792/0.792 lr=6.191e-06 gate_lr=6.191e-06 alpha=0.500+/-0.000 peak_mem=10.40GiB
epoch=5 step=13880/29520 loss=34.7660 Le=0.1718 Lc=1.3832 Ld=3.7201 Lcons=0.0299 keep=0.798/0.798 lr=6.181e-06 gate_lr=6.181e-06 alpha=0.500+/-0.000 peak_mem=10.40GiB
epoch=5 step=13900/29520 loss=30.7516 Le=0.1357 Lc=1.3607 Ld=3.5426 Lcons=0.0302 keep=0.786/0.786 lr=6.172e-06 gate_lr=6.172e-06 alpha=0.500+/-0.000 peak_mem=10.40GiB
epoch=5 step=13920/29520 loss=35.8841 Le=0.1827 Lc=1.4125 Ld=3.4543 Lcons=0.0322 keep=0.788/0.788 lr=6.162e-06 gate_lr=6.162e-06 alpha=0.500+/-0.000 peak_mem=10.40GiB
epoch=5 step=13940/29520 loss=28.7360 Le=0.1253 Lc=1.2662 Ld=3.5115 Lcons=0.0323 keep=0.796/0.796 lr=6.152e-06 gate_lr=6.152e-06 alpha=0.500+/-0.000 peak_mem=10.40GiB
epoch=5 step=13960/29520 loss=32.8555 Le=0.1523 Lc=1.4046 Ld=3.5435 Lcons=0.0339 keep=0.803/0.803 lr=6.142e-06 gate_lr=6.142e-06 alpha=0.500+/-0.000 peak_mem=10.40GiB
epoch=5 step=13980/29520 loss=39.0312 Le=0.2205 Lc=1.3278 Ld=3.6777 Lcons=0.0299 keep=0.806/0.806 lr=6.132e-06 gate_lr=6.132e-06 alpha=0.500+/-0.000 peak_mem=10.40GiB
epoch=5 step=14000/29520 loss=28.5804 Le=0.1173 Lc=1.3362 Ld=3.4606 Lcons=0.0269 keep=0.820/0.820 lr=6.123e-06 gate_lr=6.123e-06 alpha=0.500+/-0.000 peak_mem=10.40GiB
epoch=5 step=14020/29520 loss=35.6968 Le=0.1924 Lc=1.2757 Ld=3.6721 Lcons=0.0302 keep=0.826/0.826 lr=6.113e-06 gate_lr=6.113e-06 alpha=0.500+/-0.000 peak_mem=10.40GiB
epoch=5 step=14040/29520 loss=39.4573 Le=0.2324 Lc=1.2682 Ld=3.5078 Lcons=0.0276 keep=0.779/0.779 lr=6.103e-06 gate_lr=6.103e-06 alpha=0.500+/-0.000 peak_mem=10.40GiB
epoch=5 step=14060/29520 loss=30.7802 Le=0.1458 Lc=1.2497 Ld=3.6782 Lcons=0.0249 keep=0.806/0.806 lr=6.093e-06 gate_lr=6.093e-06 alpha=0.500+/-0.000 peak_mem=10.40GiB
epoch=5 step=14080/29520 loss=40.0719 Le=0.2229 Lc=1.4339 Ld=3.4088 Lcons=0.0304 keep=0.803/0.803 lr=6.083e-06 gate_lr=6.083e-06 alpha=0.500+/-0.000 peak_mem=10.40GiB
epoch=5 step=14100/29520 loss=39.7066 Le=0.2272 Lc=1.3138 Ld=3.8242 Lcons=0.0293 keep=0.782/0.782 lr=6.073e-06 gate_lr=6.073e-06 alpha=0.500+/-0.000 peak_mem=10.40GiB
epoch=5 step=14120/29520 loss=42.4972 Le=0.2437 Lc=1.4440 Ld=3.6496 Lcons=0.0347 keep=0.803/0.803 lr=6.064e-06 gate_lr=6.064e-06 alpha=0.500+/-0.000 peak_mem=10.40GiB
epoch=5 step=14140/29520 loss=39.2892 Le=0.2304 Lc=1.2757 Ld=3.4634 Lcons=0.0282 keep=0.817/0.817 lr=6.054e-06 gate_lr=6.054e-06 alpha=0.500+/-0.000 peak_mem=10.40GiB
epoch=5 step=14160/29520 loss=30.2451 Le=0.1296 Lc=1.3807 Ld=3.4554 Lcons=0.0269 keep=0.840/0.840 lr=6.044e-06 gate_lr=6.044e-06 alpha=0.500+/-0.000 peak_mem=10.40GiB
epoch=5 step=14180/29520 loss=46.2982 Le=0.2941 Lc=1.3278 Ld=3.5827 Lcons=0.0283 keep=0.805/0.806 lr=6.034e-06 gate_lr=6.034e-06 alpha=0.500+/-0.000 peak_mem=10.40GiB
epoch=5 step=14200/29520 loss=27.6177 Le=0.1040 Lc=1.3280 Ld=3.9154 Lcons=0.0275 keep=0.809/0.809 lr=6.024e-06 gate_lr=6.024e-06 alpha=0.500+/-0.000 peak_mem=10.40GiB
epoch=5 step=14220/29520 loss=37.1241 Le=0.1983 Lc=1.3991 Ld=3.2739 Lcons=0.0332 keep=0.772/0.772 lr=6.014e-06 gate_lr=6.014e-06 alpha=0.500+/-0.000 peak_mem=10.40GiB
epoch=5 step=14240/29520 loss=25.5782 Le=0.0818 Lc=1.3588 Ld=3.7796 Lcons=0.0267 keep=0.814/0.814 lr=6.005e-06 gate_lr=6.005e-06 alpha=0.500+/-0.000 peak_mem=10.40GiB
epoch=5 step=14260/29520 loss=34.4230 Le=0.1710 Lc=1.3583 Ld=3.7062 Lcons=0.0292 keep=0.799/0.799 lr=5.995e-06 gate_lr=5.995e-06 alpha=0.500+/-0.000 peak_mem=10.40GiB
epoch=5 step=14280/29520 loss=26.5505 Le=0.0903 Lc=1.3838 Ld=3.6561 Lcons=0.0288 keep=0.812/0.812 lr=5.985e-06 gate_lr=5.985e-06 alpha=0.500+/-0.000 peak_mem=10.40GiB
epoch=5 step=14300/29520 loss=37.7941 Le=0.2042 Lc=1.3768 Ld=3.5731 Lcons=0.0349 keep=0.779/0.779 lr=5.975e-06 gate_lr=5.975e-06 alpha=0.500+/-0.000 peak_mem=10.40GiB
epoch=5 step=14320/29520 loss=48.6863 Le=0.2933 Lc=1.5472 Ld=3.8603 Lcons=0.0265 keep=0.801/0.801 lr=5.965e-06 gate_lr=5.965e-06 alpha=0.500+/-0.000 peak_mem=10.40GiB
epoch=5 step=14340/29520 loss=32.0103 Le=0.1512 Lc=1.3110 Ld=3.7542 Lcons=0.0294 keep=0.792/0.792 lr=5.955e-06 gate_lr=5.955e-06 alpha=0.500+/-0.000 peak_mem=10.40GiB
epoch=5 step=14360/29520 loss=24.9317 Le=0.0795 Lc=1.3395 Ld=3.5547 Lcons=0.0309 keep=0.794/0.794 lr=5.945e-06 gate_lr=5.945e-06 alpha=0.500+/-0.000 peak_mem=10.40GiB
epoch=5 step=14380/29520 loss=32.6722 Le=0.1520 Lc=1.3605 Ld=3.8376 Lcons=0.0272 keep=0.792/0.792 lr=5.936e-06 gate_lr=5.936e-06 alpha=0.500+/-0.000 peak_mem=10.40GiB
epoch=5 step=14400/29520 loss=33.1491 Le=0.1586 Lc=1.3682 Ld=3.5749 Lcons=0.0343 keep=0.780/0.780 lr=5.926e-06 gate_lr=5.926e-06 alpha=0.500+/-0.000 peak_mem=10.40GiB
epoch=5 step=14420/29520 loss=27.4570 Le=0.1084 Lc=1.3029 Ld=3.5648 Lcons=0.0281 keep=0.812/0.812 lr=5.916e-06 gate_lr=5.916e-06 alpha=0.500+/-0.000 peak_mem=10.40GiB
epoch=5 step=14440/29520 loss=29.9498 Le=0.1194 Lc=1.4383 Ld=3.5959 Lcons=0.0283 keep=0.809/0.809 lr=5.906e-06 gate_lr=5.906e-06 alpha=0.500+/-0.000 peak_mem=10.40GiB
epoch=5 step=14460/29520 loss=25.4956 Le=0.0923 Lc=1.2529 Ld=3.7076 Lcons=0.0288 keep=0.811/0.811 lr=5.896e-06 gate_lr=5.896e-06 alpha=0.500+/-0.000 peak_mem=10.40GiB
epoch=5 step=14480/29520 loss=39.0438 Le=0.2194 Lc=1.3349 Ld=3.7299 Lcons=0.0290 keep=0.794/0.794 lr=5.886e-06 gate_lr=5.886e-06 alpha=0.500+/-0.000 peak_mem=10.40GiB
epoch=5 step=14500/29520 loss=25.7312 Le=0.0914 Lc=1.3107 Ld=3.4511 Lcons=0.0298 keep=0.807/0.807 lr=5.876e-06 gate_lr=5.876e-06 alpha=0.500+/-0.000 peak_mem=10.40GiB
epoch=5 step=14520/29520 loss=33.3932 Le=0.1620 Lc=1.3515 Ld=3.6455 Lcons=0.0297 keep=0.800/0.800 lr=5.866e-06 gate_lr=5.866e-06 alpha=0.500+/-0.000 peak_mem=10.40GiB
epoch=5 step=14540/29520 loss=27.6964 Le=0.1044 Lc=1.3527 Ld=3.7064 Lcons=0.0264 keep=0.791/0.791 lr=5.857e-06 gate_lr=5.857e-06 alpha=0.500+/-0.000 peak_mem=10.40GiB
epoch=5 step=14560/29520 loss=27.1818 Le=0.0807 Lc=1.5444 Ld=3.6423 Lcons=0.0271 keep=0.827/0.827 lr=5.847e-06 gate_lr=5.847e-06 alpha=0.500+/-0.000 peak_mem=10.40GiB
epoch=5 step=14580/29520 loss=30.0212 Le=0.1351 Lc=1.2640 Ld=3.8394 Lcons=0.0303 keep=0.811/0.811 lr=5.837e-06 gate_lr=5.837e-06 alpha=0.500+/-0.000 peak_mem=10.40GiB
epoch=5 step=14600/29520 loss=24.0595 Le=0.0743 Lc=1.2710 Ld=3.8853 Lcons=0.0305 keep=0.793/0.793 lr=5.827e-06 gate_lr=5.827e-06 alpha=0.500+/-0.000 peak_mem=10.40GiB
epoch=5 step=14620/29520 loss=37.9103 Le=0.1992 Lc=1.4411 Ld=3.5476 Lcons=0.0312 keep=0.796/0.796 lr=5.817e-06 gate_lr=5.817e-06 alpha=0.500+/-0.000 peak_mem=10.40GiB
epoch=5 step=14640/29520 loss=34.5630 Le=0.1896 Lc=1.1896 Ld=3.6826 Lcons=0.0281 keep=0.799/0.799 lr=5.807e-06 gate_lr=5.807e-06 alpha=0.500+/-0.000 peak_mem=10.40GiB
epoch=5 step=14660/29520 loss=21.9976 Le=0.0628 Lc=1.1935 Ld=3.7536 Lcons=0.0273 keep=0.794/0.794 lr=5.797e-06 gate_lr=5.797e-06 alpha=0.500+/-0.000 peak_mem=10.40GiB
epoch=5 step=14680/29520 loss=26.1865 Le=0.0939 Lc=1.3356 Ld=3.4112 Lcons=0.0283 keep=0.817/0.817 lr=5.787e-06 gate_lr=5.787e-06 alpha=0.500+/-0.000 peak_mem=10.40GiB
epoch=5 step=14700/29520 loss=21.6649 Le=0.0451 Lc=1.3239 Ld=3.8894 Lcons=0.0284 keep=0.788/0.788 lr=5.777e-06 gate_lr=5.777e-06 alpha=0.500+/-0.000 peak_mem=10.40GiB
epoch=5 step=14720/29520 loss=25.9193 Le=0.0898 Lc=1.3078 Ld=3.8325 Lcons=0.0302 keep=0.785/0.785 lr=5.768e-06 gate_lr=5.768e-06 alpha=0.500+/-0.000 peak_mem=10.40GiB
epoch=5 step=14740/29520 loss=27.2927 Le=0.1121 Lc=1.2453 Ld=3.6029 Lcons=0.0302 keep=0.817/0.817 lr=5.758e-06 gate_lr=5.758e-06 alpha=0.500+/-0.000 peak_mem=10.40GiB
epoch=5 step=14760/29520 loss=30.6390 Le=0.1361 Lc=1.3480 Ld=3.5122 Lcons=0.0338 keep=0.789/0.789 lr=5.748e-06 gate_lr=5.748e-06 alpha=0.500+/-0.000 peak_mem=10.40GiB
epoch=5 checkpoints saved
epoch=6 step=14780/29520 loss=34.0895 Le=0.1695 Lc=1.3652 Ld=3.4541 Lcons=0.0301 keep=0.787/0.787 lr=5.738e-06 gate_lr=5.738e-06 alpha=0.500+/-0.000 peak_mem=10.40GiB
epoch=6 step=14800/29520 loss=28.9257 Le=0.1126 Lc=1.3756 Ld=3.8879 Lcons=0.0263 keep=0.819/0.819 lr=5.728e-06 gate_lr=5.728e-06 alpha=0.500+/-0.000 peak_mem=10.40GiB
epoch=6 step=14820/29520 loss=30.4584 Le=0.1276 Lc=1.4059 Ld=3.6064 Lcons=0.0320 keep=0.789/0.789 lr=5.718e-06 gate_lr=5.718e-06 alpha=0.500+/-0.000 peak_mem=10.40GiB
epoch=6 step=14840/29520 loss=35.8915 Le=0.1834 Lc=1.3822 Ld=3.7010 Lcons=0.0292 keep=0.793/0.793 lr=5.708e-06 gate_lr=5.708e-06 alpha=0.500+/-0.000 peak_mem=10.40GiB
epoch=6 step=14860/29520 loss=37.8054 Le=0.2069 Lc=1.3308 Ld=3.7736 Lcons=0.0340 keep=0.777/0.777 lr=5.698e-06 gate_lr=5.698e-06 alpha=0.500+/-0.000 peak_mem=10.40GiB
epoch=6 step=14880/29520 loss=30.0255 Le=0.1278 Lc=1.3656 Ld=3.5534 Lcons=0.0312 keep=0.805/0.805 lr=5.688e-06 gate_lr=5.688e-06 alpha=0.500+/-0.000 peak_mem=10.40GiB
epoch=6 step=14900/29520 loss=26.7988 Le=0.0877 Lc=1.4265 Ld=3.7317 Lcons=0.0287 keep=0.789/0.789 lr=5.678e-06 gate_lr=5.678e-06 alpha=0.500+/-0.000 peak_mem=10.40GiB
epoch=6 step=14920/29520 loss=27.8417 Le=0.1184 Lc=1.2614 Ld=3.3631 Lcons=0.0284 keep=0.809/0.809 lr=5.668e-06 gate_lr=5.668e-06 alpha=0.500+/-0.000 peak_mem=10.40GiB
epoch=6 step=14940/29520 loss=27.7030 Le=0.1033 Lc=1.3529 Ld=3.8181 Lcons=0.0288 keep=0.795/0.795 lr=5.659e-06 gate_lr=5.659e-06 alpha=0.500+/-0.000 peak_mem=10.40GiB
epoch=6 step=14960/29520 loss=23.7070 Le=0.0764 Lc=1.2605 Ld=3.4344 Lcons=0.0292 keep=0.822/0.822 lr=5.649e-06 gate_lr=5.649e-06 alpha=0.500+/-0.000 peak_mem=10.40GiB
epoch=6 step=14980/29520 loss=31.1054 Le=0.1382 Lc=1.3636 Ld=3.6183 Lcons=0.0277 keep=0.800/0.800 lr=5.639e-06 gate_lr=5.639e-06 alpha=0.500+/-0.000 peak_mem=10.40GiB
epoch=6 step=15000/29520 loss=45.7770 Le=0.2875 Lc=1.3204 Ld=3.7960 Lcons=0.0270 keep=0.803/0.803 lr=5.629e-06 gate_lr=5.629e-06 alpha=0.500+/-0.000 peak_mem=10.40GiB
epoch=6 step=15020/29520 loss=34.6451 Le=0.1773 Lc=1.3334 Ld=3.5520 Lcons=0.0316 keep=0.797/0.797 lr=5.619e-06 gate_lr=5.619e-06 alpha=0.500+/-0.000 peak_mem=10.40GiB
epoch=6 step=15040/29520 loss=23.0145 Le=0.0714 Lc=1.2366 Ld=3.4746 Lcons=0.0302 keep=0.811/0.811 lr=5.609e-06 gate_lr=5.609e-06 alpha=0.500+/-0.000 peak_mem=10.40GiB
epoch=6 step=15060/29520 loss=35.2991 Le=0.1804 Lc=1.3720 Ld=3.5108 Lcons=0.0325 keep=0.797/0.797 lr=5.599e-06 gate_lr=5.599e-06 alpha=0.500+/-0.000 peak_mem=10.40GiB
epoch=6 step=15080/29520 loss=37.2953 Le=0.1982 Lc=1.3674 Ld=3.7736 Lcons=0.0284 keep=0.786/0.786 lr=5.589e-06 gate_lr=5.589e-06 alpha=0.500+/-0.000 peak_mem=10.40GiB
epoch=6 step=15100/29520 loss=37.9387 Le=0.2083 Lc=1.3337 Ld=3.7410 Lcons=0.0283 keep=0.811/0.811 lr=5.579e-06 gate_lr=5.579e-06 alpha=0.500+/-0.000 peak_mem=10.40GiB
epoch=6 step=15120/29520 loss=35.4339 Le=0.1929 Lc=1.2360 Ld=3.7577 Lcons=0.0259 keep=0.798/0.798 lr=5.569e-06 gate_lr=5.569e-06 alpha=0.500+/-0.000 peak_mem=10.40GiB
epoch=6 step=15140/29520 loss=30.7569 Le=0.1236 Lc=1.4824 Ld=3.5466 Lcons=0.0301 keep=0.800/0.800 lr=5.559e-06 gate_lr=5.559e-06 alpha=0.500+/-0.000 peak_mem=10.40GiB
epoch=6 step=15160/29520 loss=37.3614 Le=0.1979 Lc=1.3895 Ld=3.6448 Lcons=0.0290 keep=0.797/0.797 lr=5.550e-06 gate_lr=5.550e-06 alpha=0.500+/-0.000 peak_mem=10.40GiB
epoch=6 step=15180/29520 loss=28.7088 Le=0.1207 Lc=1.2716 Ld=3.8956 Lcons=0.0322 keep=0.787/0.787 lr=5.540e-06 gate_lr=5.540e-06 alpha=0.500+/-0.000 peak_mem=10.40GiB
epoch=6 step=15200/29520 loss=29.4139 Le=0.1194 Lc=1.3967 Ld=3.4778 Lcons=0.0295 keep=0.825/0.825 lr=5.530e-06 gate_lr=5.530e-06 alpha=0.500+/-0.000 peak_mem=10.40GiB
epoch=6 step=15220/29520 loss=27.9439 Le=0.1101 Lc=1.3458 Ld=3.4445 Lcons=0.0292 keep=0.804/0.804 lr=5.520e-06 gate_lr=5.520e-06 alpha=0.500+/-0.000 peak_mem=10.40GiB
epoch=6 step=15240/29520 loss=27.7056 Le=0.1169 Lc=1.2427 Ld=3.5572 Lcons=0.0300 keep=0.802/0.802 lr=5.510e-06 gate_lr=5.510e-06 alpha=0.500+/-0.000 peak_mem=10.40GiB
epoch=6 step=15260/29520 loss=36.8393 Le=0.1994 Lc=1.3321 Ld=3.5436 Lcons=0.0318 keep=0.799/0.799 lr=5.500e-06 gate_lr=5.500e-06 alpha=0.500+/-0.000 peak_mem=10.40GiB
epoch=6 step=15280/29520 loss=25.1531 Le=0.0864 Lc=1.2625 Ld=3.8605 Lcons=0.0305 keep=0.790/0.790 lr=5.490e-06 gate_lr=5.490e-06 alpha=0.500+/-0.000 peak_mem=10.40GiB
epoch=6 step=15300/29520 loss=33.0188 Le=0.1571 Lc=1.3408 Ld=3.8709 Lcons=0.0257 keep=0.799/0.799 lr=5.480e-06 gate_lr=5.480e-06 alpha=0.500+/-0.000 peak_mem=10.40GiB
epoch=6 step=15320/29520 loss=29.7866 Le=0.1454 Lc=1.1785 Ld=3.4330 Lcons=0.0308 keep=0.784/0.784 lr=5.470e-06 gate_lr=5.470e-06 alpha=0.500+/-0.000 peak_mem=10.40GiB
epoch=6 step=15340/29520 loss=26.2379 Le=0.0985 Lc=1.2721 Ld=3.6374 Lcons=0.0288 keep=0.806/0.806 lr=5.460e-06 gate_lr=5.460e-06 alpha=0.500+/-0.000 peak_mem=10.40GiB
epoch=6 step=15360/29520 loss=28.2949 Le=0.1219 Lc=1.2687 Ld=3.3837 Lcons=0.0299 keep=0.770/0.770 lr=5.450e-06 gate_lr=5.450e-06 alpha=0.500+/-0.000 peak_mem=10.40GiB
epoch=6 step=15380/29520 loss=35.5073 Le=0.1892 Lc=1.3038 Ld=3.5197 Lcons=0.0296 keep=0.810/0.810 lr=5.441e-06 gate_lr=5.441e-06 alpha=0.500+/-0.000 peak_mem=10.40GiB
epoch=6 step=15400/29520 loss=28.0185 Le=0.1195 Lc=1.2505 Ld=3.5386 Lcons=0.0288 keep=0.796/0.796 lr=5.431e-06 gate_lr=5.431e-06 alpha=0.500+/-0.000 peak_mem=10.40GiB
epoch=6 step=15420/29520 loss=43.6407 Le=0.2624 Lc=1.3785 Ld=3.5851 Lcons=0.0270 keep=0.810/0.810 lr=5.421e-06 gate_lr=5.421e-06 alpha=0.500+/-0.000 peak_mem=10.40GiB
epoch=6 step=15440/29520 loss=25.3206 Le=0.0761 Lc=1.4025 Ld=3.6564 Lcons=0.0265 keep=0.786/0.786 lr=5.411e-06 gate_lr=5.411e-06 alpha=0.500+/-0.000 peak_mem=10.40GiB
epoch=6 step=15460/29520 loss=28.6764 Le=0.1143 Lc=1.3549 Ld=3.6709 Lcons=0.0295 keep=0.796/0.796 lr=5.401e-06 gate_lr=5.401e-06 alpha=0.500+/-0.000 peak_mem=10.40GiB
epoch=6 step=15480/29520 loss=24.1865 Le=0.0705 Lc=1.3301 Ld=3.8110 Lcons=0.0290 keep=0.808/0.808 lr=5.391e-06 gate_lr=5.391e-06 alpha=0.500+/-0.000 peak_mem=10.40GiB
epoch=6 step=15500/29520 loss=41.8380 Le=0.2466 Lc=1.3453 Ld=3.6952 Lcons=0.0323 keep=0.791/0.791 lr=5.381e-06 gate_lr=5.381e-06 alpha=0.500+/-0.000 peak_mem=10.40GiB
epoch=6 step=15520/29520 loss=39.3981 Le=0.2304 Lc=1.2548 Ld=3.7751 Lcons=0.0307 keep=0.808/0.808 lr=5.371e-06 gate_lr=5.371e-06 alpha=0.500+/-0.000 peak_mem=10.40GiB
epoch=6 step=15540/29520 loss=33.0326 Le=0.1671 Lc=1.2757 Ld=3.5403 Lcons=0.0265 keep=0.810/0.810 lr=5.361e-06 gate_lr=5.361e-06 alpha=0.500+/-0.000 peak_mem=10.40GiB
epoch=6 step=15560/29520 loss=24.1578 Le=0.0790 Lc=1.2902 Ld=3.3292 Lcons=0.0247 keep=0.820/0.820 lr=5.351e-06 gate_lr=5.351e-06 alpha=0.500+/-0.000 peak_mem=10.40GiB
epoch=6 step=15580/29520 loss=36.8662 Le=0.2105 Lc=1.2194 Ld=3.5977 Lcons=0.0266 keep=0.789/0.789 lr=5.341e-06 gate_lr=5.341e-06 alpha=0.500+/-0.000 peak_mem=10.40GiB
epoch=6 step=15600/29520 loss=28.9442 Le=0.1268 Lc=1.2769 Ld=3.4596 Lcons=0.0330 keep=0.779/0.779 lr=5.332e-06 gate_lr=5.332e-06 alpha=0.500+/-0.000 peak_mem=10.40GiB
epoch=6 step=15620/29520 loss=25.0611 Le=0.0707 Lc=1.4308 Ld=3.6487 Lcons=0.0300 keep=0.802/0.802 lr=5.322e-06 gate_lr=5.322e-06 alpha=0.500+/-0.000 peak_mem=10.40GiB
epoch=6 step=15640/29520 loss=35.0154 Le=0.1874 Lc=1.2615 Ld=3.6280 Lcons=0.0327 keep=0.798/0.798 lr=5.312e-06 gate_lr=5.312e-06 alpha=0.500+/-0.000 peak_mem=10.40GiB
epoch=6 step=15660/29520 loss=32.1713 Le=0.1489 Lc=1.3573 Ld=3.6737 Lcons=0.0298 keep=0.801/0.801 lr=5.302e-06 gate_lr=5.302e-06 alpha=0.500+/-0.000 peak_mem=10.40GiB
epoch=6 step=15680/29520 loss=29.8870 Le=0.1386 Lc=1.2495 Ld=3.4983 Lcons=0.0294 keep=0.806/0.806 lr=5.292e-06 gate_lr=5.292e-06 alpha=0.500+/-0.000 peak_mem=10.40GiB
epoch=6 step=15700/29520 loss=40.8465 Le=0.2403 Lc=1.3086 Ld=3.6972 Lcons=0.0305 keep=0.795/0.795 lr=5.282e-06 gate_lr=5.282e-06 alpha=0.500+/-0.000 peak_mem=10.40GiB
epoch=6 step=15720/29520 loss=27.5102 Le=0.1036 Lc=1.3465 Ld=3.6622 Lcons=0.0260 keep=0.807/0.807 lr=5.272e-06 gate_lr=5.272e-06 alpha=0.500+/-0.000 peak_mem=10.40GiB
epoch=6 step=15740/29520 loss=31.8484 Le=0.1539 Lc=1.2770 Ld=3.6563 Lcons=0.0294 keep=0.793/0.793 lr=5.262e-06 gate_lr=5.262e-06 alpha=0.500+/-0.000 peak_mem=10.40GiB
epoch=6 step=15760/29520 loss=28.1085 Le=0.1094 Lc=1.3513 Ld=3.6304 Lcons=0.0284 keep=0.809/0.809 lr=5.252e-06 gate_lr=5.252e-06 alpha=0.500+/-0.000 peak_mem=10.40GiB
epoch=6 step=15780/29520 loss=36.2680 Le=0.2013 Lc=1.2503 Ld=3.6043 Lcons=0.0288 keep=0.812/0.812 lr=5.242e-06 gate_lr=5.242e-06 alpha=0.500+/-0.000 peak_mem=10.40GiB
epoch=6 step=15800/29520 loss=26.5851 Le=0.1016 Lc=1.2993 Ld=3.4058 Lcons=0.0307 keep=0.797/0.797 lr=5.232e-06 gate_lr=5.232e-06 alpha=0.500+/-0.000 peak_mem=10.40GiB
epoch=6 step=15820/29520 loss=36.9936 Le=0.2045 Lc=1.2951 Ld=3.5672 Lcons=0.0295 keep=0.791/0.791 lr=5.223e-06 gate_lr=5.223e-06 alpha=0.500+/-0.000 peak_mem=10.40GiB
epoch=6 step=15840/29520 loss=33.8009 Le=0.1741 Lc=1.2643 Ld=3.7210 Lcons=0.0285 keep=0.797/0.797 lr=5.213e-06 gate_lr=5.213e-06 alpha=0.500+/-0.000 peak_mem=10.40GiB
epoch=6 step=15860/29520 loss=33.0316 Le=0.1578 Lc=1.3616 Ld=3.6027 Lcons=0.0322 keep=0.808/0.808 lr=5.203e-06 gate_lr=5.203e-06 alpha=0.500+/-0.000 peak_mem=10.40GiB
epoch=6 step=15880/29520 loss=24.9199 Le=0.0823 Lc=1.3216 Ld=3.4398 Lcons=0.0324 keep=0.811/0.811 lr=5.193e-06 gate_lr=5.193e-06 alpha=0.500+/-0.000 peak_mem=10.40GiB
epoch=6 step=15900/29520 loss=28.6155 Le=0.1260 Lc=1.2618 Ld=3.3661 Lcons=0.0288 keep=0.803/0.803 lr=5.183e-06 gate_lr=5.183e-06 alpha=0.500+/-0.000 peak_mem=10.40GiB
epoch=6 step=15920/29520 loss=37.5260 Le=0.2140 Lc=1.2552 Ld=3.5466 Lcons=0.0289 keep=0.825/0.825 lr=5.173e-06 gate_lr=5.173e-06 alpha=0.500+/-0.000 peak_mem=10.40GiB
epoch=6 step=15940/29520 loss=23.3795 Le=0.0680 Lc=1.3230 Ld=3.3220 Lcons=0.0320 keep=0.789/0.789 lr=5.163e-06 gate_lr=5.163e-06 alpha=0.500+/-0.000 peak_mem=10.40GiB
epoch=6 step=15960/29520 loss=29.5133 Le=0.1360 Lc=1.2444 Ld=3.4338 Lcons=0.0326 keep=0.805/0.805 lr=5.153e-06 gate_lr=5.153e-06 alpha=0.500+/-0.000 peak_mem=10.40GiB
epoch=6 step=15980/29520 loss=30.9565 Le=0.1358 Lc=1.3918 Ld=3.4299 Lcons=0.0270 keep=0.825/0.825 lr=5.143e-06 gate_lr=5.143e-06 alpha=0.500+/-0.000 peak_mem=10.40GiB
epoch=6 step=16000/29520 loss=34.1341 Le=0.1671 Lc=1.3754 Ld=3.6352 Lcons=0.0299 keep=0.804/0.804 lr=5.134e-06 gate_lr=5.134e-06 alpha=0.500+/-0.000 peak_mem=10.40GiB
epoch=6 step=16020/29520 loss=23.1001 Le=0.0611 Lc=1.3101 Ld=3.8553 Lcons=0.0306 keep=0.794/0.794 lr=5.124e-06 gate_lr=5.124e-06 alpha=0.500+/-0.000 peak_mem=10.40GiB
epoch=6 step=16040/29520 loss=30.1565 Le=0.1390 Lc=1.2601 Ld=3.6283 Lcons=0.0262 keep=0.807/0.807 lr=5.114e-06 gate_lr=5.114e-06 alpha=0.500+/-0.000 peak_mem=10.40GiB
epoch=6 step=16060/29520 loss=33.2556 Le=0.1649 Lc=1.2861 Ld=3.8699 Lcons=0.0303 keep=0.801/0.801 lr=5.104e-06 gate_lr=5.104e-06 alpha=0.500+/-0.000 peak_mem=10.40GiB
epoch=6 step=16080/29520 loss=24.3687 Le=0.0677 Lc=1.4327 Ld=3.2413 Lcons=0.0294 keep=0.803/0.803 lr=5.094e-06 gate_lr=5.094e-06 alpha=0.500+/-0.000 peak_mem=10.40GiB
epoch=6 step=16100/29520 loss=29.9027 Le=0.1305 Lc=1.3384 Ld=3.4465 Lcons=0.0272 keep=0.804/0.804 lr=5.084e-06 gate_lr=5.084e-06 alpha=0.500+/-0.000 peak_mem=10.40GiB
epoch=6 step=16120/29520 loss=25.1208 Le=0.0898 Lc=1.2432 Ld=3.6796 Lcons=0.0287 keep=0.826/0.826 lr=5.074e-06 gate_lr=5.074e-06 alpha=0.500+/-0.000 peak_mem=10.40GiB
epoch=6 step=16140/29520 loss=34.0030 Le=0.1661 Lc=1.3892 Ld=3.4745 Lcons=0.0288 keep=0.805/0.805 lr=5.064e-06 gate_lr=5.064e-06 alpha=0.500+/-0.000 peak_mem=10.40GiB
epoch=6 step=16160/29520 loss=25.4980 Le=0.0923 Lc=1.2541 Ld=3.6918 Lcons=0.0313 keep=0.785/0.785 lr=5.055e-06 gate_lr=5.055e-06 alpha=0.500+/-0.000 peak_mem=10.40GiB
epoch=6 step=16180/29520 loss=22.2328 Le=0.0508 Lc=1.3675 Ld=3.4500 Lcons=0.0315 keep=0.796/0.796 lr=5.045e-06 gate_lr=5.045e-06 alpha=0.500+/-0.000 peak_mem=10.40GiB
epoch=6 step=16200/29520 loss=71.6080 Le=0.5546 Lc=1.2711 Ld=3.4077 Lcons=0.0287 keep=0.815/0.815 lr=5.035e-06 gate_lr=5.035e-06 alpha=0.500+/-0.000 peak_mem=10.40GiB
epoch=6 step=16220/29520 loss=26.1769 Le=0.1093 Lc=1.1552 Ld=3.6636 Lcons=0.0290 keep=0.807/0.807 lr=5.025e-06 gate_lr=5.025e-06 alpha=0.500+/-0.000 peak_mem=10.40GiB
epoch=6 step=16240/29520 loss=26.5910 Le=0.1033 Lc=1.2745 Ld=3.4880 Lcons=0.0257 keep=0.816/0.816 lr=5.015e-06 gate_lr=5.015e-06 alpha=0.500+/-0.000 peak_mem=10.40GiB
epoch=6 step=16260/29520 loss=33.7482 Le=0.1786 Lc=1.2463 Ld=3.3926 Lcons=0.0286 keep=0.811/0.811 lr=5.005e-06 gate_lr=5.005e-06 alpha=0.500+/-0.000 peak_mem=10.40GiB
epoch=6 step=16280/29520 loss=24.0600 Le=0.0678 Lc=1.3575 Ld=3.6708 Lcons=0.0327 keep=0.804/0.804 lr=4.995e-06 gate_lr=4.995e-06 alpha=0.500+/-0.000 peak_mem=10.40GiB
epoch=6 step=16300/29520 loss=23.0297 Le=0.0653 Lc=1.2757 Ld=3.7134 Lcons=0.0317 keep=0.793/0.793 lr=4.986e-06 gate_lr=4.986e-06 alpha=0.500+/-0.000 peak_mem=10.40GiB
epoch=6 step=16320/29520 loss=35.6549 Le=0.2031 Lc=1.1800 Ld=3.5176 Lcons=0.0320 keep=0.805/0.805 lr=4.976e-06 gate_lr=4.976e-06 alpha=0.500+/-0.000 peak_mem=10.40GiB
epoch=6 step=16340/29520 loss=27.8847 Le=0.1019 Lc=1.4198 Ld=3.4646 Lcons=0.0278 keep=0.804/0.804 lr=4.966e-06 gate_lr=4.966e-06 alpha=0.500+/-0.000 peak_mem=10.40GiB
epoch=6 step=16360/29520 loss=22.3503 Le=0.0549 Lc=1.3562 Ld=3.2694 Lcons=0.0288 keep=0.810/0.810 lr=4.956e-06 gate_lr=4.956e-06 alpha=0.500+/-0.000 peak_mem=10.40GiB
epoch=6 step=16380/29520 loss=32.6705 Le=0.1544 Lc=1.3282 Ld=3.9187 Lcons=0.0325 keep=0.779/0.779 lr=4.946e-06 gate_lr=4.946e-06 alpha=0.500+/-0.000 peak_mem=10.40GiB
epoch=6 step=16400/29520 loss=26.8825 Le=0.1116 Lc=1.2266 Ld=3.4310 Lcons=0.0289 keep=0.791/0.791 lr=4.936e-06 gate_lr=4.936e-06 alpha=0.500+/-0.000 peak_mem=10.40GiB
epoch=6 step=16420/29520 loss=22.9961 Le=0.0579 Lc=1.3308 Ld=3.8720 Lcons=0.0305 keep=0.814/0.814 lr=4.927e-06 gate_lr=4.927e-06 alpha=0.500+/-0.000 peak_mem=10.40GiB
epoch=6 step=16440/29520 loss=34.4539 Le=0.1816 Lc=1.2774 Ld=3.4975 Lcons=0.0260 keep=0.804/0.804 lr=4.917e-06 gate_lr=4.917e-06 alpha=0.500+/-0.000 peak_mem=10.40GiB
epoch=6 step=16460/29520 loss=27.0831 Le=0.0883 Lc=1.4655 Ld=3.5656 Lcons=0.0314 keep=0.806/0.806 lr=4.907e-06 gate_lr=4.907e-06 alpha=0.500+/-0.000 peak_mem=10.40GiB
epoch=6 step=16480/29520 loss=31.3040 Le=0.1422 Lc=1.3438 Ld=3.6163 Lcons=0.0300 keep=0.778/0.778 lr=4.897e-06 gate_lr=4.897e-06 alpha=0.500+/-0.000 peak_mem=10.40GiB
epoch=6 step=16500/29520 loss=26.7632 Le=0.0922 Lc=1.3913 Ld=3.5971 Lcons=0.0306 keep=0.801/0.801 lr=4.887e-06 gate_lr=4.887e-06 alpha=0.500+/-0.000 peak_mem=10.40GiB
epoch=6 step=16520/29520 loss=28.9614 Le=0.1195 Lc=1.3417 Ld=3.5630 Lcons=0.0324 keep=0.790/0.790 lr=4.877e-06 gate_lr=4.877e-06 alpha=0.500+/-0.000 peak_mem=10.40GiB
epoch=6 step=16540/29520 loss=29.2556 Le=0.1163 Lc=1.3825 Ld=3.7672 Lcons=0.0334 keep=0.802/0.802 lr=4.868e-06 gate_lr=4.868e-06 alpha=0.500+/-0.000 peak_mem=10.40GiB
epoch=6 step=16560/29520 loss=24.6947 Le=0.0836 Lc=1.2713 Ld=3.5929 Lcons=0.0291 keep=0.805/0.805 lr=4.858e-06 gate_lr=4.858e-06 alpha=0.500+/-0.000 peak_mem=10.40GiB
epoch=6 step=16580/29520 loss=27.9253 Le=0.1064 Lc=1.3581 Ld=3.6741 Lcons=0.0307 keep=0.817/0.817 lr=4.848e-06 gate_lr=4.848e-06 alpha=0.500+/-0.000 peak_mem=10.40GiB
epoch=6 step=16600/29520 loss=24.0681 Le=0.0829 Lc=1.1978 Ld=3.7626 Lcons=0.0330 keep=0.789/0.789 lr=4.838e-06 gate_lr=4.838e-06 alpha=0.500+/-0.000 peak_mem=10.40GiB
epoch=6 step=16620/29520 loss=25.9184 Le=0.0754 Lc=1.4593 Ld=3.7538 Lcons=0.0286 keep=0.803/0.803 lr=4.828e-06 gate_lr=4.828e-06 alpha=0.500+/-0.000 peak_mem=10.40GiB
epoch=6 step=16640/29520 loss=29.0648 Le=0.1213 Lc=1.3457 Ld=3.4518 Lcons=0.0300 keep=0.813/0.813 lr=4.819e-06 gate_lr=4.819e-06 alpha=0.500+/-0.000 peak_mem=10.40GiB
epoch=6 step=16660/29520 loss=22.8725 Le=0.0580 Lc=1.3436 Ld=3.6099 Lcons=0.0273 keep=0.800/0.800 lr=4.809e-06 gate_lr=4.809e-06 alpha=0.500+/-0.000 peak_mem=10.40GiB
epoch=6 step=16680/29520 loss=30.8367 Le=0.1411 Lc=1.3093 Ld=3.5994 Lcons=0.0323 keep=0.791/0.791 lr=4.799e-06 gate_lr=4.799e-06 alpha=0.500+/-0.000 peak_mem=10.40GiB
epoch=6 step=16700/29520 loss=31.4275 Le=0.1393 Lc=1.3934 Ld=3.5316 Lcons=0.0315 keep=0.786/0.786 lr=4.789e-06 gate_lr=4.789e-06 alpha=0.500+/-0.000 peak_mem=10.40GiB
epoch=6 step=16720/29520 loss=26.1099 Le=0.0947 Lc=1.3037 Ld=3.5772 Lcons=0.0284 keep=0.791/0.791 lr=4.779e-06 gate_lr=4.779e-06 alpha=0.500+/-0.000 peak_mem=10.40GiB
epoch=6 step=16740/29520 loss=28.6798 Le=0.1252 Lc=1.2464 Ld=3.6686 Lcons=0.0309 keep=0.781/0.781 lr=4.770e-06 gate_lr=4.770e-06 alpha=0.500+/-0.000 peak_mem=10.40GiB
epoch=6 step=16760/29520 loss=21.4157 Le=0.0385 Lc=1.3946 Ld=3.5900 Lcons=0.0316 keep=0.804/0.804 lr=4.760e-06 gate_lr=4.760e-06 alpha=0.500+/-0.000 peak_mem=10.40GiB
epoch=6 step=16780/29520 loss=35.5029 Le=0.1786 Lc=1.3903 Ld=3.7070 Lcons=0.0335 keep=0.814/0.814 lr=4.750e-06 gate_lr=4.750e-06 alpha=0.500+/-0.000 peak_mem=10.40GiB
epoch=6 step=16800/29520 loss=26.1863 Le=0.1013 Lc=1.2535 Ld=3.4848 Lcons=0.0338 keep=0.790/0.790 lr=4.740e-06 gate_lr=4.740e-06 alpha=0.500+/-0.000 peak_mem=10.40GiB
epoch=6 step=16820/29520 loss=31.9792 Le=0.1453 Lc=1.3795 Ld=3.6169 Lcons=0.0334 keep=0.791/0.791 lr=4.731e-06 gate_lr=4.731e-06 alpha=0.500+/-0.000 peak_mem=10.40GiB
epoch=6 step=16840/29520 loss=28.2689 Le=0.1198 Lc=1.2977 Ld=3.2804 Lcons=0.0315 keep=0.776/0.776 lr=4.721e-06 gate_lr=4.721e-06 alpha=0.500+/-0.000 peak_mem=10.40GiB
epoch=6 step=16860/29520 loss=26.5194 Le=0.0921 Lc=1.3785 Ld=3.4928 Lcons=0.0273 keep=0.793/0.793 lr=4.711e-06 gate_lr=4.711e-06 alpha=0.500+/-0.000 peak_mem=10.40GiB
epoch=6 step=16880/29520 loss=34.1441 Le=0.1692 Lc=1.3732 Ld=3.4555 Lcons=0.0369 keep=0.790/0.790 lr=4.701e-06 gate_lr=4.701e-06 alpha=0.500+/-0.000 peak_mem=10.40GiB
epoch=6 step=16900/29520 loss=31.5957 Le=0.1460 Lc=1.3321 Ld=3.6366 Lcons=0.0358 keep=0.806/0.806 lr=4.691e-06 gate_lr=4.691e-06 alpha=0.500+/-0.000 peak_mem=10.40GiB
epoch=6 step=16920/29520 loss=34.7412 Le=0.1836 Lc=1.2685 Ld=3.6629 Lcons=0.0331 keep=0.786/0.786 lr=4.682e-06 gate_lr=4.682e-06 alpha=0.500+/-0.000 peak_mem=10.40GiB
epoch=6 step=16940/29520 loss=26.0778 Le=0.0895 Lc=1.3685 Ld=3.4094 Lcons=0.0300 keep=0.827/0.827 lr=4.672e-06 gate_lr=4.672e-06 alpha=0.500+/-0.000 peak_mem=10.40GiB
epoch=6 step=16960/29520 loss=26.1135 Le=0.0890 Lc=1.3656 Ld=3.5238 Lcons=0.0321 keep=0.777/0.777 lr=4.662e-06 gate_lr=4.662e-06 alpha=0.500+/-0.000 peak_mem=10.40GiB
epoch=6 step=16980/29520 loss=25.6104 Le=0.0919 Lc=1.2757 Ld=3.6320 Lcons=0.0334 keep=0.790/0.790 lr=4.652e-06 gate_lr=4.652e-06 alpha=0.500+/-0.000 peak_mem=10.40GiB
epoch=6 step=17000/29520 loss=36.6769 Le=0.2019 Lc=1.2845 Ld=3.6164 Lcons=0.0308 keep=0.784/0.784 lr=4.643e-06 gate_lr=4.643e-06 alpha=0.500+/-0.000 peak_mem=10.40GiB
epoch=6 step=17020/29520 loss=46.4676 Le=0.3066 Lc=1.2400 Ld=3.3782 Lcons=0.0314 keep=0.798/0.798 lr=4.633e-06 gate_lr=4.633e-06 alpha=0.500+/-0.000 peak_mem=10.40GiB
epoch=6 step=17040/29520 loss=25.8275 Le=0.0989 Lc=1.2262 Ld=3.6464 Lcons=0.0304 keep=0.792/0.793 lr=4.623e-06 gate_lr=4.623e-06 alpha=0.500+/-0.000 peak_mem=10.40GiB
epoch=6 step=17060/29520 loss=31.6290 Le=0.1673 Lc=1.1458 Ld=3.4116 Lcons=0.0310 keep=0.787/0.788 lr=4.614e-06 gate_lr=4.614e-06 alpha=0.500+/-0.000 peak_mem=10.40GiB
epoch=6 step=17080/29520 loss=23.7997 Le=0.0872 Lc=1.1797 Ld=3.2475 Lcons=0.0343 keep=0.782/0.782 lr=4.604e-06 gate_lr=4.604e-06 alpha=0.500+/-0.000 peak_mem=10.40GiB
epoch=6 step=17100/29520 loss=30.4356 Le=0.1398 Lc=1.2982 Ld=3.4406 Lcons=0.0358 keep=0.788/0.788 lr=4.594e-06 gate_lr=4.594e-06 alpha=0.500+/-0.000 peak_mem=10.40GiB
epoch=6 step=17120/29520 loss=47.9235 Le=0.3124 Lc=1.3310 Ld=3.3413 Lcons=0.0327 keep=0.803/0.803 lr=4.584e-06 gate_lr=4.584e-06 alpha=0.500+/-0.000 peak_mem=10.40GiB
epoch=6 step=17140/29520 loss=27.0782 Le=0.1034 Lc=1.3252 Ld=3.4506 Lcons=0.0327 keep=0.810/0.810 lr=4.575e-06 gate_lr=4.575e-06 alpha=0.500+/-0.000 peak_mem=10.40GiB
epoch=6 step=17160/29520 loss=36.1189 Le=0.1960 Lc=1.2678 Ld=3.8061 Lcons=0.0307 keep=0.815/0.815 lr=4.565e-06 gate_lr=4.565e-06 alpha=0.500+/-0.000 peak_mem=10.40GiB
epoch=6 step=17180/29520 loss=29.6679 Le=0.1383 Lc=1.2251 Ld=3.5537 Lcons=0.0280 keep=0.788/0.788 lr=4.555e-06 gate_lr=4.555e-06 alpha=0.500+/-0.000 peak_mem=10.40GiB
epoch=6 step=17200/29520 loss=26.0306 Le=0.0800 Lc=1.4480 Ld=3.5142 Lcons=0.0310 keep=0.818/0.818 lr=4.546e-06 gate_lr=4.546e-06 alpha=0.500+/-0.000 peak_mem=10.40GiB
epoch=6 step=17220/29520 loss=30.9832 Le=0.1397 Lc=1.3603 Ld=3.3835 Lcons=0.0297 keep=0.804/0.804 lr=4.536e-06 gate_lr=4.536e-06 alpha=0.500+/-0.000 peak_mem=10.40GiB
epoch=6 step=17240/29520 loss=34.1000 Le=0.1841 Lc=1.2158 Ld=3.5070 Lcons=0.0293 keep=0.794/0.794 lr=4.526e-06 gate_lr=4.526e-06 alpha=0.500+/-0.000 peak_mem=10.40GiB
epoch=6 step=17260/29520 loss=33.7577 Le=0.1648 Lc=1.3646 Ld=3.6020 Lcons=0.0295 keep=0.815/0.815 lr=4.517e-06 gate_lr=4.517e-06 alpha=0.500+/-0.000 peak_mem=10.40GiB
epoch=6 step=17280/29520 loss=30.7188 Le=0.1275 Lc=1.4272 Ld=3.6709 Lcons=0.0300 keep=0.809/0.809 lr=4.507e-06 gate_lr=4.507e-06 alpha=0.500+/-0.000 peak_mem=10.40GiB
epoch=6 step=17300/29520 loss=35.5370 Le=0.1836 Lc=1.3712 Ld=3.4325 Lcons=0.0294 keep=0.806/0.806 lr=4.497e-06 gate_lr=4.497e-06 alpha=0.500+/-0.000 peak_mem=10.40GiB
epoch=6 step=17320/29520 loss=36.5443 Le=0.1926 Lc=1.3840 Ld=3.4093 Lcons=0.0320 keep=0.807/0.807 lr=4.488e-06 gate_lr=4.488e-06 alpha=0.500+/-0.000 peak_mem=10.40GiB
epoch=6 step=17340/29520 loss=31.9427 Le=0.1477 Lc=1.3784 Ld=3.3629 Lcons=0.0307 keep=0.791/0.791 lr=4.478e-06 gate_lr=4.478e-06 alpha=0.500+/-0.000 peak_mem=10.40GiB
epoch=6 step=17360/29520 loss=26.2335 Le=0.0936 Lc=1.3298 Ld=3.5400 Lcons=0.0327 keep=0.777/0.777 lr=4.468e-06 gate_lr=4.468e-06 alpha=0.500+/-0.000 peak_mem=10.40GiB
epoch=6 step=17380/29520 loss=44.3660 Le=0.2655 Lc=1.3950 Ld=3.8358 Lcons=0.0306 keep=0.809/0.809 lr=4.459e-06 gate_lr=4.459e-06 alpha=0.500+/-0.000 peak_mem=10.40GiB
epoch=6 step=17400/29520 loss=29.1144 Le=0.1210 Lc=1.3353 Ld=3.6352 Lcons=0.0308 keep=0.798/0.798 lr=4.449e-06 gate_lr=4.449e-06 alpha=0.500+/-0.000 peak_mem=10.40GiB
epoch=6 step=17420/29520 loss=24.1784 Le=0.0795 Lc=1.2410 Ld=3.7925 Lcons=0.0293 keep=0.792/0.792 lr=4.439e-06 gate_lr=4.439e-06 alpha=0.500+/-0.000 peak_mem=10.40GiB
epoch=6 step=17440/29520 loss=21.2931 Le=0.0512 Lc=1.2681 Ld=3.4544 Lcons=0.0342 keep=0.771/0.771 lr=4.430e-06 gate_lr=4.430e-06 alpha=0.500+/-0.000 peak_mem=10.40GiB
epoch=6 step=17460/29520 loss=30.0468 Le=0.1271 Lc=1.3712 Ld=3.5909 Lcons=0.0294 keep=0.789/0.789 lr=4.420e-06 gate_lr=4.420e-06 alpha=0.500+/-0.000 peak_mem=10.40GiB
epoch=6 step=17480/29520 loss=24.5978 Le=0.0819 Lc=1.2760 Ld=3.6180 Lcons=0.0285 keep=0.801/0.801 lr=4.410e-06 gate_lr=4.410e-06 alpha=0.500+/-0.000 peak_mem=10.40GiB
epoch=6 step=17500/29520 loss=41.4698 Le=0.2421 Lc=1.3649 Ld=3.5764 Lcons=0.0299 keep=0.822/0.822 lr=4.401e-06 gate_lr=4.401e-06 alpha=0.500+/-0.000 peak_mem=10.40GiB
epoch=6 step=17520/29520 loss=30.3638 Le=0.1504 Lc=1.1934 Ld=3.3579 Lcons=0.0312 keep=0.803/0.803 lr=4.391e-06 gate_lr=4.391e-06 alpha=0.500+/-0.000 peak_mem=10.40GiB
epoch=6 step=17540/29520 loss=24.8199 Le=0.0913 Lc=1.2222 Ld=3.4463 Lcons=0.0261 keep=0.817/0.817 lr=4.382e-06 gate_lr=4.382e-06 alpha=0.500+/-0.000 peak_mem=10.40GiB
epoch=6 step=17560/29520 loss=24.6422 Le=0.0898 Lc=1.2107 Ld=3.5294 Lcons=0.0307 keep=0.804/0.804 lr=4.372e-06 gate_lr=4.372e-06 alpha=0.500+/-0.000 peak_mem=10.40GiB
epoch=6 step=17580/29520 loss=27.4029 Le=0.0986 Lc=1.3895 Ld=3.6135 Lcons=0.0302 keep=0.789/0.789 lr=4.362e-06 gate_lr=4.362e-06 alpha=0.500+/-0.000 peak_mem=10.40GiB
epoch=6 step=17600/29520 loss=30.1177 Le=0.1371 Lc=1.2642 Ld=3.7352 Lcons=0.0303 keep=0.816/0.816 lr=4.353e-06 gate_lr=4.353e-06 alpha=0.500+/-0.000 peak_mem=10.40GiB
epoch=6 step=17620/29520 loss=32.4909 Le=0.1577 Lc=1.2934 Ld=3.7566 Lcons=0.0283 keep=0.791/0.791 lr=4.343e-06 gate_lr=4.343e-06 alpha=0.500+/-0.000 peak_mem=10.40GiB
epoch=6 step=17640/29520 loss=20.0315 Le=0.0396 Lc=1.2526 Ld=3.5119 Lcons=0.0310 keep=0.800/0.800 lr=4.334e-06 gate_lr=4.334e-06 alpha=0.500+/-0.000 peak_mem=10.40GiB
epoch=6 step=17660/29520 loss=34.1320 Le=0.1770 Lc=1.2925 Ld=3.4810 Lcons=0.0292 keep=0.809/0.809 lr=4.324e-06 gate_lr=4.324e-06 alpha=0.500+/-0.000 peak_mem=10.40GiB
epoch=6 step=17680/29520 loss=25.2304 Le=0.0839 Lc=1.3229 Ld=3.5891 Lcons=0.0261 keep=0.818/0.818 lr=4.315e-06 gate_lr=4.315e-06 alpha=0.500+/-0.000 peak_mem=10.40GiB
epoch=6 step=17700/29520 loss=27.8025 Le=0.1087 Lc=1.3368 Ld=3.5285 Lcons=0.0352 keep=0.815/0.815 lr=4.305e-06 gate_lr=4.305e-06 alpha=0.500+/-0.000 peak_mem=10.40GiB
epoch=6 checkpoints saved
epoch=7 step=17720/29520 loss=27.3303 Le=0.1175 Lc=1.1962 Ld=3.5793 Lcons=0.0346 keep=0.781/0.781 lr=4.295e-06 gate_lr=4.295e-06 alpha=0.500+/-0.000 peak_mem=10.40GiB
epoch=7 step=17740/29520 loss=39.8256 Le=0.2386 Lc=1.2376 Ld=3.5587 Lcons=0.0307 keep=0.801/0.801 lr=4.286e-06 gate_lr=4.286e-06 alpha=0.500+/-0.000 peak_mem=10.40GiB
epoch=7 step=17760/29520 loss=30.5601 Le=0.1323 Lc=1.3664 Ld=3.6338 Lcons=0.0330 keep=0.796/0.796 lr=4.276e-06 gate_lr=4.276e-06 alpha=0.500+/-0.000 peak_mem=10.40GiB
epoch=7 step=17780/29520 loss=37.8881 Le=0.1943 Lc=1.4916 Ld=3.5089 Lcons=0.0298 keep=0.781/0.781 lr=4.267e-06 gate_lr=4.267e-06 alpha=0.500+/-0.000 peak_mem=10.40GiB
epoch=7 step=17800/29520 loss=33.7038 Le=0.1560 Lc=1.4314 Ld=3.7624 Lcons=0.0315 keep=0.802/0.802 lr=4.257e-06 gate_lr=4.257e-06 alpha=0.500+/-0.000 peak_mem=10.40GiB
epoch=7 step=17820/29520 loss=31.0546 Le=0.1403 Lc=1.3411 Ld=3.5770 Lcons=0.0324 keep=0.793/0.793 lr=4.248e-06 gate_lr=4.248e-06 alpha=0.500+/-0.000 peak_mem=10.40GiB
epoch=7 step=17840/29520 loss=22.8486 Le=0.0495 Lc=1.4174 Ld=3.6963 Lcons=0.0329 keep=0.788/0.788 lr=4.238e-06 gate_lr=4.238e-06 alpha=0.500+/-0.000 peak_mem=10.40GiB
epoch=7 step=17860/29520 loss=48.2073 Le=0.3163 Lc=1.3079 Ld=3.4656 Lcons=0.0348 keep=0.799/0.799 lr=4.229e-06 gate_lr=4.229e-06 alpha=0.500+/-0.000 peak_mem=10.40GiB
epoch=7 step=17880/29520 loss=27.0720 Le=0.1084 Lc=1.2739 Ld=3.4640 Lcons=0.0316 keep=0.794/0.794 lr=4.219e-06 gate_lr=4.219e-06 alpha=0.500+/-0.000 peak_mem=10.40GiB
epoch=7 step=17900/29520 loss=25.8793 Le=0.0948 Lc=1.2760 Ld=3.6051 Lcons=0.0340 keep=0.786/0.786 lr=4.210e-06 gate_lr=4.210e-06 alpha=0.500+/-0.000 peak_mem=10.40GiB
epoch=7 step=17920/29520 loss=31.3903 Le=0.1412 Lc=1.3808 Ld=3.4234 Lcons=0.0355 keep=0.808/0.808 lr=4.200e-06 gate_lr=4.200e-06 alpha=0.500+/-0.000 peak_mem=10.40GiB
epoch=7 step=17940/29520 loss=37.0037 Le=0.1954 Lc=1.3783 Ld=3.6573 Lcons=0.0280 keep=0.806/0.806 lr=4.191e-06 gate_lr=4.191e-06 alpha=0.500+/-0.000 peak_mem=10.40GiB
epoch=7 step=17960/29520 loss=28.1874 Le=0.1041 Lc=1.4060 Ld=3.6914 Lcons=0.0280 keep=0.809/0.809 lr=4.181e-06 gate_lr=4.181e-06 alpha=0.500+/-0.000 peak_mem=10.40GiB
epoch=7 step=17980/29520 loss=30.4207 Le=0.1361 Lc=1.3337 Ld=3.4445 Lcons=0.0288 keep=0.801/0.801 lr=4.172e-06 gate_lr=4.172e-06 alpha=0.500+/-0.000 peak_mem=10.40GiB
epoch=7 step=18000/29520 loss=26.8252 Le=0.1152 Lc=1.1642 Ld=3.6321 Lcons=0.0312 keep=0.783/0.783 lr=4.162e-06 gate_lr=4.162e-06 alpha=0.500+/-0.000 peak_mem=10.40GiB
epoch=7 step=18020/29520 loss=29.6623 Le=0.1355 Lc=1.2217 Ld=3.8700 Lcons=0.0301 keep=0.816/0.816 lr=4.153e-06 gate_lr=4.153e-06 alpha=0.500+/-0.000 peak_mem=10.40GiB
epoch=7 step=18040/29520 loss=25.2993 Le=0.0875 Lc=1.3089 Ld=3.4274 Lcons=0.0340 keep=0.807/0.807 lr=4.143e-06 gate_lr=4.143e-06 alpha=0.500+/-0.000 peak_mem=10.40GiB
epoch=7 step=18060/29520 loss=40.9498 Le=0.2270 Lc=1.4648 Ld=3.5726 Lcons=0.0299 keep=0.802/0.802 lr=4.134e-06 gate_lr=4.134e-06 alpha=0.500+/-0.000 peak_mem=10.40GiB
epoch=7 step=18080/29520 loss=32.8497 Le=0.1585 Lc=1.3130 Ld=3.8361 Lcons=0.0310 keep=0.787/0.787 lr=4.125e-06 gate_lr=4.125e-06 alpha=0.500+/-0.000 peak_mem=10.40GiB
epoch=7 step=18100/29520 loss=30.2012 Le=0.1366 Lc=1.3216 Ld=3.2898 Lcons=0.0331 keep=0.793/0.793 lr=4.115e-06 gate_lr=4.115e-06 alpha=0.500+/-0.000 peak_mem=10.40GiB
epoch=7 step=18120/29520 loss=29.1971 Le=0.1187 Lc=1.3817 Ld=3.4800 Lcons=0.0310 keep=0.782/0.782 lr=4.106e-06 gate_lr=4.106e-06 alpha=0.500+/-0.000 peak_mem=10.40GiB
epoch=7 step=18140/29520 loss=34.3978 Le=0.1854 Lc=1.2193 Ld=3.6332 Lcons=0.0280 keep=0.784/0.784 lr=4.096e-06 gate_lr=4.096e-06 alpha=0.500+/-0.000 peak_mem=10.40GiB
epoch=7 step=18160/29520 loss=29.5449 Le=0.1304 Lc=1.3004 Ld=3.4745 Lcons=0.0280 keep=0.822/0.822 lr=4.087e-06 gate_lr=4.087e-06 alpha=0.500+/-0.000 peak_mem=10.40GiB
epoch=7 step=18180/29520 loss=31.1868 Le=0.1310 Lc=1.4418 Ld=3.6386 Lcons=0.0306 keep=0.820/0.820 lr=4.077e-06 gate_lr=4.077e-06 alpha=0.500+/-0.000 peak_mem=10.40GiB
epoch=7 step=18200/29520 loss=25.0615 Le=0.0784 Lc=1.3909 Ld=3.2813 Lcons=0.0350 keep=0.800/0.799 lr=4.068e-06 gate_lr=4.068e-06 alpha=0.500+/-0.000 peak_mem=10.40GiB
epoch=7 step=18220/29520 loss=30.5890 Le=0.1432 Lc=1.2468 Ld=3.7728 Lcons=0.0318 keep=0.801/0.801 lr=4.059e-06 gate_lr=4.059e-06 alpha=0.500+/-0.000 peak_mem=10.40GiB
epoch=7 step=18240/29520 loss=30.5421 Le=0.1434 Lc=1.2834 Ld=3.3372 Lcons=0.0353 keep=0.793/0.793 lr=4.049e-06 gate_lr=4.049e-06 alpha=0.500+/-0.000 peak_mem=10.40GiB
epoch=7 step=18260/29520 loss=21.7027 Le=0.0503 Lc=1.3213 Ld=3.4302 Lcons=0.0294 keep=0.793/0.793 lr=4.040e-06 gate_lr=4.040e-06 alpha=0.500+/-0.000 peak_mem=10.40GiB
epoch=7 step=18280/29520 loss=30.6685 Le=0.1367 Lc=1.3539 Ld=3.4336 Lcons=0.0302 keep=0.787/0.787 lr=4.030e-06 gate_lr=4.030e-06 alpha=0.500+/-0.000 peak_mem=10.40GiB
epoch=7 step=18300/29520 loss=32.6607 Le=0.1663 Lc=1.2569 Ld=3.4286 Lcons=0.0318 keep=0.792/0.792 lr=4.021e-06 gate_lr=4.021e-06 alpha=0.500+/-0.000 peak_mem=10.40GiB
epoch=7 step=18320/29520 loss=33.5390 Le=0.1515 Lc=1.4904 Ld=3.4536 Lcons=0.0302 keep=0.790/0.790 lr=4.012e-06 gate_lr=4.012e-06 alpha=0.500+/-0.000 peak_mem=10.40GiB
epoch=7 step=18340/29520 loss=22.4685 Le=0.0684 Lc=1.2308 Ld=3.2869 Lcons=0.0306 keep=0.805/0.805 lr=4.002e-06 gate_lr=4.002e-06 alpha=0.500+/-0.000 peak_mem=10.40GiB
epoch=7 step=18360/29520 loss=31.2593 Le=0.1443 Lc=1.3456 Ld=3.3452 Lcons=0.0312 keep=0.778/0.778 lr=3.993e-06 gate_lr=3.993e-06 alpha=0.500+/-0.000 peak_mem=10.40GiB
epoch=7 step=18380/29520 loss=31.1569 Le=0.1511 Lc=1.2365 Ld=3.6537 Lcons=0.0305 keep=0.784/0.784 lr=3.984e-06 gate_lr=3.984e-06 alpha=0.500+/-0.000 peak_mem=10.40GiB
epoch=7 step=18400/29520 loss=30.5837 Le=0.1315 Lc=1.3758 Ld=3.6452 Lcons=0.0285 keep=0.785/0.785 lr=3.974e-06 gate_lr=3.974e-06 alpha=0.500+/-0.000 peak_mem=10.40GiB
epoch=7 step=18420/29520 loss=27.2043 Le=0.0964 Lc=1.4049 Ld=3.4901 Lcons=0.0293 keep=0.827/0.827 lr=3.965e-06 gate_lr=3.965e-06 alpha=0.500+/-0.000 peak_mem=10.40GiB
epoch=7 step=18440/29520 loss=42.2850 Le=0.2449 Lc=1.4344 Ld=3.4198 Lcons=0.0319 keep=0.782/0.783 lr=3.956e-06 gate_lr=3.956e-06 alpha=0.500+/-0.000 peak_mem=10.40GiB
epoch=7 step=18460/29520 loss=26.9207 Le=0.1027 Lc=1.2857 Ld=3.7595 Lcons=0.0307 keep=0.798/0.798 lr=3.946e-06 gate_lr=3.946e-06 alpha=0.500+/-0.000 peak_mem=10.40GiB
epoch=7 step=18480/29520 loss=25.6438 Le=0.0966 Lc=1.2285 Ld=3.6642 Lcons=0.0307 keep=0.797/0.797 lr=3.937e-06 gate_lr=3.937e-06 alpha=0.500+/-0.000 peak_mem=10.40GiB
epoch=7 step=18500/29520 loss=26.7036 Le=0.1070 Lc=1.2578 Ld=3.3968 Lcons=0.0312 keep=0.807/0.807 lr=3.928e-06 gate_lr=3.928e-06 alpha=0.500+/-0.000 peak_mem=10.40GiB
epoch=7 step=18520/29520 loss=29.6727 Le=0.1314 Lc=1.3153 Ld=3.3498 Lcons=0.0281 keep=0.790/0.790 lr=3.919e-06 gate_lr=3.919e-06 alpha=0.500+/-0.000 peak_mem=10.40GiB
epoch=7 step=18540/29520 loss=30.1893 Le=0.1365 Lc=1.2990 Ld=3.5238 Lcons=0.0299 keep=0.791/0.791 lr=3.909e-06 gate_lr=3.909e-06 alpha=0.500+/-0.000 peak_mem=10.40GiB
epoch=7 step=18560/29520 loss=27.2556 Le=0.1101 Lc=1.2499 Ld=3.7141 Lcons=0.0298 keep=0.814/0.814 lr=3.900e-06 gate_lr=3.900e-06 alpha=0.500+/-0.000 peak_mem=10.40GiB
epoch=7 step=18580/29520 loss=30.1219 Le=0.1226 Lc=1.4575 Ld=3.2559 Lcons=0.0281 keep=0.798/0.798 lr=3.891e-06 gate_lr=3.891e-06 alpha=0.500+/-0.000 peak_mem=10.40GiB
epoch=7 step=18600/29520 loss=25.5619 Le=0.0838 Lc=1.3689 Ld=3.4592 Lcons=0.0300 keep=0.802/0.802 lr=3.881e-06 gate_lr=3.881e-06 alpha=0.500+/-0.000 peak_mem=10.40GiB
epoch=7 step=18620/29520 loss=36.1108 Le=0.1914 Lc=1.3299 Ld=3.6405 Lcons=0.0346 keep=0.800/0.800 lr=3.872e-06 gate_lr=3.872e-06 alpha=0.500+/-0.000 peak_mem=10.40GiB
epoch=7 step=18640/29520 loss=24.2635 Le=0.0825 Lc=1.2590 Ld=3.3925 Lcons=0.0292 keep=0.805/0.805 lr=3.863e-06 gate_lr=3.863e-06 alpha=0.500+/-0.000 peak_mem=10.40GiB
epoch=7 step=18660/29520 loss=33.8925 Le=0.1663 Lc=1.3603 Ld=3.6292 Lcons=0.0331 keep=0.814/0.814 lr=3.854e-06 gate_lr=3.854e-06 alpha=0.500+/-0.000 peak_mem=10.40GiB
epoch=7 step=18680/29520 loss=26.3068 Le=0.0877 Lc=1.4089 Ld=3.4193 Lcons=0.0300 keep=0.808/0.808 lr=3.845e-06 gate_lr=3.845e-06 alpha=0.500+/-0.000 peak_mem=10.40GiB
epoch=7 step=18700/29520 loss=41.3699 Le=0.2572 Lc=1.1960 Ld=3.6602 Lcons=0.0281 keep=0.808/0.808 lr=3.835e-06 gate_lr=3.835e-06 alpha=0.500+/-0.000 peak_mem=10.40GiB
epoch=7 step=18720/29520 loss=30.3685 Le=0.1380 Lc=1.2948 Ld=3.5920 Lcons=0.0303 keep=0.814/0.814 lr=3.826e-06 gate_lr=3.826e-06 alpha=0.500+/-0.000 peak_mem=10.40GiB
epoch=7 step=18740/29520 loss=36.4486 Le=0.2116 Lc=1.1915 Ld=3.3393 Lcons=0.0328 keep=0.797/0.797 lr=3.817e-06 gate_lr=3.817e-06 alpha=0.500+/-0.000 peak_mem=10.40GiB
epoch=7 step=18760/29520 loss=31.2261 Le=0.1565 Lc=1.2040 Ld=3.5034 Lcons=0.0321 keep=0.798/0.799 lr=3.808e-06 gate_lr=3.808e-06 alpha=0.500+/-0.000 peak_mem=10.40GiB
epoch=7 step=18780/29520 loss=27.7652 Le=0.1203 Lc=1.2110 Ld=3.5897 Lcons=0.0322 keep=0.783/0.783 lr=3.799e-06 gate_lr=3.799e-06 alpha=0.500+/-0.000 peak_mem=10.40GiB
epoch=7 step=18800/29520 loss=20.5537 Le=0.0477 Lc=1.2252 Ld=3.4992 Lcons=0.0314 keep=0.803/0.803 lr=3.789e-06 gate_lr=3.789e-06 alpha=0.500+/-0.000 peak_mem=10.40GiB
epoch=7 step=18820/29520 loss=23.3992 Le=0.0704 Lc=1.2879 Ld=3.4489 Lcons=0.0278 keep=0.796/0.796 lr=3.780e-06 gate_lr=3.780e-06 alpha=0.500+/-0.000 peak_mem=10.40GiB
epoch=7 step=18840/29520 loss=29.1227 Le=0.1271 Lc=1.2773 Ld=3.6079 Lcons=0.0343 keep=0.801/0.801 lr=3.771e-06 gate_lr=3.771e-06 alpha=0.500+/-0.000 peak_mem=10.40GiB
epoch=7 step=18860/29520 loss=31.3620 Le=0.1585 Lc=1.1653 Ld=3.8323 Lcons=0.0306 keep=0.792/0.792 lr=3.762e-06 gate_lr=3.762e-06 alpha=0.500+/-0.000 peak_mem=10.40GiB
epoch=7 step=18880/29520 loss=22.3636 Le=0.0475 Lc=1.4127 Ld=3.4527 Lcons=0.0295 keep=0.806/0.806 lr=3.753e-06 gate_lr=3.753e-06 alpha=0.500+/-0.000 peak_mem=10.40GiB
epoch=7 step=18900/29520 loss=28.3443 Le=0.1128 Lc=1.3763 Ld=3.2679 Lcons=0.0320 keep=0.787/0.787 lr=3.744e-06 gate_lr=3.744e-06 alpha=0.500+/-0.000 peak_mem=10.40GiB
epoch=7 step=18920/29520 loss=26.1579 Le=0.0903 Lc=1.3521 Ld=3.5753 Lcons=0.0288 keep=0.780/0.780 lr=3.735e-06 gate_lr=3.735e-06 alpha=0.500+/-0.000 peak_mem=10.40GiB
epoch=7 step=18940/29520 loss=34.2941 Le=0.1759 Lc=1.3030 Ld=3.6478 Lcons=0.0298 keep=0.814/0.814 lr=3.725e-06 gate_lr=3.725e-06 alpha=0.500+/-0.000 peak_mem=10.40GiB
epoch=7 step=18960/29520 loss=23.6640 Le=0.0592 Lc=1.4293 Ld=3.4192 Lcons=0.0305 keep=0.790/0.790 lr=3.716e-06 gate_lr=3.716e-06 alpha=0.500+/-0.000 peak_mem=10.40GiB
epoch=7 step=18980/29520 loss=32.9938 Le=0.1722 Lc=1.2180 Ld=3.5587 Lcons=0.0348 keep=0.810/0.810 lr=3.707e-06 gate_lr=3.707e-06 alpha=0.500+/-0.000 peak_mem=10.40GiB
epoch=7 step=19000/29520 loss=24.0795 Le=0.0742 Lc=1.3041 Ld=3.5872 Lcons=0.0330 keep=0.793/0.793 lr=3.698e-06 gate_lr=3.698e-06 alpha=0.500+/-0.000 peak_mem=10.40GiB
epoch=7 step=19020/29520 loss=33.5984 Le=0.1756 Lc=1.2433 Ld=3.5713 Lcons=0.0338 keep=0.809/0.809 lr=3.689e-06 gate_lr=3.689e-06 alpha=0.500+/-0.000 peak_mem=10.40GiB
epoch=7 step=19040/29520 loss=26.0569 Le=0.0985 Lc=1.2766 Ld=3.4103 Lcons=0.0320 keep=0.816/0.816 lr=3.680e-06 gate_lr=3.680e-06 alpha=0.500+/-0.000 peak_mem=10.40GiB
epoch=7 step=19060/29520 loss=25.6928 Le=0.0980 Lc=1.2299 Ld=3.5603 Lcons=0.0354 keep=0.794/0.794 lr=3.671e-06 gate_lr=3.671e-06 alpha=0.500+/-0.000 peak_mem=10.40GiB
epoch=7 step=19080/29520 loss=29.2935 Le=0.1145 Lc=1.4300 Ld=3.5174 Lcons=0.0296 keep=0.794/0.794 lr=3.662e-06 gate_lr=3.662e-06 alpha=0.500+/-0.000 peak_mem=10.40GiB
epoch=7 step=19100/29520 loss=33.3299 Le=0.1770 Lc=1.2353 Ld=3.2522 Lcons=0.0286 keep=0.796/0.796 lr=3.653e-06 gate_lr=3.653e-06 alpha=0.500+/-0.000 peak_mem=10.40GiB
epoch=7 step=19120/29520 loss=30.2471 Le=0.1497 Lc=1.1965 Ld=3.2795 Lcons=0.0306 keep=0.795/0.795 lr=3.644e-06 gate_lr=3.644e-06 alpha=0.500+/-0.000 peak_mem=10.40GiB
epoch=7 step=19140/29520 loss=21.4031 Le=0.0373 Lc=1.4146 Ld=3.4975 Lcons=0.0332 keep=0.800/0.800 lr=3.635e-06 gate_lr=3.635e-06 alpha=0.500+/-0.000 peak_mem=10.40GiB
epoch=7 step=19160/29520 loss=33.7628 Le=0.1623 Lc=1.4101 Ld=3.4003 Lcons=0.0340 keep=0.792/0.792 lr=3.626e-06 gate_lr=3.626e-06 alpha=0.500+/-0.000 peak_mem=10.40GiB
epoch=7 step=19180/29520 loss=24.8507 Le=0.0893 Lc=1.2698 Ld=3.1973 Lcons=0.0295 keep=0.783/0.783 lr=3.617e-06 gate_lr=3.617e-06 alpha=0.500+/-0.000 peak_mem=10.40GiB
epoch=7 step=19200/29520 loss=36.6410 Le=0.1950 Lc=1.3530 Ld=3.5849 Lcons=0.0299 keep=0.818/0.818 lr=3.608e-06 gate_lr=3.608e-06 alpha=0.500+/-0.000 peak_mem=10.40GiB
epoch=7 step=19220/29520 loss=18.9716 Le=0.0350 Lc=1.1819 Ld=3.6232 Lcons=0.0335 keep=0.807/0.807 lr=3.599e-06 gate_lr=3.599e-06 alpha=0.500+/-0.000 peak_mem=10.40GiB
epoch=7 step=19240/29520 loss=23.2121 Le=0.0712 Lc=1.2428 Ld=3.6342 Lcons=0.0325 keep=0.786/0.786 lr=3.590e-06 gate_lr=3.590e-06 alpha=0.500+/-0.000 peak_mem=10.40GiB
epoch=7 step=19260/29520 loss=28.5935 Le=0.1167 Lc=1.3311 Ld=3.5809 Lcons=0.0329 keep=0.801/0.801 lr=3.581e-06 gate_lr=3.581e-06 alpha=0.500+/-0.000 peak_mem=10.40GiB
epoch=7 step=19280/29520 loss=25.2250 Le=0.0836 Lc=1.3233 Ld=3.6007 Lcons=0.0303 keep=0.787/0.787 lr=3.572e-06 gate_lr=3.572e-06 alpha=0.500+/-0.000 peak_mem=10.40GiB
epoch=7 step=19300/29520 loss=31.0544 Le=0.1445 Lc=1.3170 Ld=3.4062 Lcons=0.0325 keep=0.801/0.801 lr=3.563e-06 gate_lr=3.563e-06 alpha=0.500+/-0.000 peak_mem=10.40GiB
epoch=7 step=19320/29520 loss=29.9546 Le=0.1422 Lc=1.2068 Ld=3.6332 Lcons=0.0329 keep=0.826/0.826 lr=3.554e-06 gate_lr=3.554e-06 alpha=0.500+/-0.000 peak_mem=10.40GiB
epoch=7 step=19340/29520 loss=34.3572 Le=0.1645 Lc=1.4336 Ld=3.5432 Lcons=0.0306 keep=0.779/0.779 lr=3.545e-06 gate_lr=3.545e-06 alpha=0.500+/-0.000 peak_mem=10.40GiB
epoch=7 step=19360/29520 loss=32.7984 Le=0.1604 Lc=1.3274 Ld=3.4540 Lcons=0.0306 keep=0.819/0.819 lr=3.536e-06 gate_lr=3.536e-06 alpha=0.500+/-0.000 peak_mem=10.40GiB
epoch=7 step=19380/29520 loss=32.7472 Le=0.1677 Lc=1.2203 Ld=3.7455 Lcons=0.0314 keep=0.805/0.805 lr=3.527e-06 gate_lr=3.527e-06 alpha=0.500+/-0.000 peak_mem=10.40GiB
epoch=7 step=19400/29520 loss=26.0169 Le=0.0921 Lc=1.3344 Ld=3.4310 Lcons=0.0318 keep=0.785/0.785 lr=3.518e-06 gate_lr=3.518e-06 alpha=0.500+/-0.000 peak_mem=10.40GiB
epoch=7 step=19420/29520 loss=26.7309 Le=0.0996 Lc=1.3088 Ld=3.6463 Lcons=0.0319 keep=0.810/0.810 lr=3.509e-06 gate_lr=3.509e-06 alpha=0.500+/-0.000 peak_mem=10.40GiB
epoch=7 step=19440/29520 loss=27.2960 Le=0.0989 Lc=1.4057 Ld=3.3188 Lcons=0.0336 keep=0.783/0.783 lr=3.500e-06 gate_lr=3.500e-06 alpha=0.500+/-0.000 peak_mem=10.40GiB
epoch=7 step=19460/29520 loss=25.2061 Le=0.0957 Lc=1.2074 Ld=3.5356 Lcons=0.0301 keep=0.786/0.786 lr=3.492e-06 gate_lr=3.492e-06 alpha=0.500+/-0.000 peak_mem=10.40GiB
epoch=7 step=19480/29520 loss=30.8626 Le=0.1427 Lc=1.2985 Ld=3.5775 Lcons=0.0319 keep=0.790/0.790 lr=3.483e-06 gate_lr=3.483e-06 alpha=0.500+/-0.000 peak_mem=10.40GiB
epoch=7 step=19500/29520 loss=25.3985 Le=0.0956 Lc=1.2468 Ld=3.3367 Lcons=0.0326 keep=0.804/0.804 lr=3.474e-06 gate_lr=3.474e-06 alpha=0.500+/-0.000 peak_mem=10.40GiB
epoch=7 step=19520/29520 loss=31.5478 Le=0.1396 Lc=1.3798 Ld=3.7542 Lcons=0.0330 keep=0.813/0.813 lr=3.465e-06 gate_lr=3.465e-06 alpha=0.500+/-0.000 peak_mem=10.40GiB
epoch=7 step=19540/29520 loss=28.1954 Le=0.1156 Lc=1.3285 Ld=3.3184 Lcons=0.0306 keep=0.798/0.798 lr=3.456e-06 gate_lr=3.456e-06 alpha=0.500+/-0.000 peak_mem=10.40GiB
epoch=7 step=19560/29520 loss=26.7178 Le=0.0981 Lc=1.3502 Ld=3.3743 Lcons=0.0299 keep=0.790/0.790 lr=3.447e-06 gate_lr=3.447e-06 alpha=0.500+/-0.000 peak_mem=10.40GiB
epoch=7 step=19580/29520 loss=34.8887 Le=0.1715 Lc=1.4230 Ld=3.4796 Lcons=0.0284 keep=0.801/0.801 lr=3.439e-06 gate_lr=3.439e-06 alpha=0.500+/-0.000 peak_mem=10.40GiB
epoch=7 step=19600/29520 loss=30.1428 Le=0.1332 Lc=1.3298 Ld=3.4914 Lcons=0.0313 keep=0.817/0.817 lr=3.430e-06 gate_lr=3.430e-06 alpha=0.500+/-0.000 peak_mem=10.40GiB
epoch=7 step=19620/29520 loss=20.9789 Le=0.0565 Lc=1.1845 Ld=3.4435 Lcons=0.0379 keep=0.805/0.805 lr=3.421e-06 gate_lr=3.421e-06 alpha=0.500+/-0.000 peak_mem=10.40GiB
epoch=7 step=19640/29520 loss=29.4700 Le=0.1261 Lc=1.3400 Ld=3.4270 Lcons=0.0304 keep=0.794/0.794 lr=3.412e-06 gate_lr=3.412e-06 alpha=0.500+/-0.000 peak_mem=10.40GiB
epoch=7 step=19660/29520 loss=25.1547 Le=0.0979 Lc=1.1943 Ld=3.3901 Lcons=0.0339 keep=0.793/0.793 lr=3.403e-06 gate_lr=3.403e-06 alpha=0.500+/-0.000 peak_mem=10.40GiB
epoch=7 step=19680/29520 loss=25.7442 Le=0.0982 Lc=1.2455 Ld=3.4424 Lcons=0.0308 keep=0.812/0.812 lr=3.395e-06 gate_lr=3.395e-06 alpha=0.500+/-0.000 peak_mem=10.40GiB
epoch=7 step=19700/29520 loss=26.2113 Le=0.0959 Lc=1.3098 Ld=3.4853 Lcons=0.0365 keep=0.806/0.806 lr=3.386e-06 gate_lr=3.386e-06 alpha=0.500+/-0.000 peak_mem=10.40GiB
epoch=7 step=19720/29520 loss=21.0215 Le=0.0491 Lc=1.2860 Ld=3.2180 Lcons=0.0301 keep=0.798/0.798 lr=3.377e-06 gate_lr=3.377e-06 alpha=0.500+/-0.000 peak_mem=10.40GiB
epoch=7 step=19740/29520 loss=23.9843 Le=0.0731 Lc=1.2984 Ld=3.6593 Lcons=0.0340 keep=0.795/0.795 lr=3.368e-06 gate_lr=3.368e-06 alpha=0.500+/-0.000 peak_mem=10.40GiB
epoch=7 step=19760/29520 loss=28.3292 Le=0.1193 Lc=1.3073 Ld=3.2964 Lcons=0.0325 keep=0.805/0.805 lr=3.360e-06 gate_lr=3.360e-06 alpha=0.500+/-0.000 peak_mem=10.40GiB
epoch=7 step=19780/29520 loss=30.1704 Le=0.1396 Lc=1.2934 Ld=3.2480 Lcons=0.0300 keep=0.828/0.828 lr=3.351e-06 gate_lr=3.351e-06 alpha=0.500+/-0.000 peak_mem=10.40GiB
epoch=7 step=19800/29520 loss=27.8308 Le=0.1057 Lc=1.3931 Ld=3.2951 Lcons=0.0329 keep=0.799/0.799 lr=3.342e-06 gate_lr=3.342e-06 alpha=0.500+/-0.000 peak_mem=10.40GiB
epoch=7 step=19820/29520 loss=34.7656 Le=0.1798 Lc=1.3283 Ld=3.4678 Lcons=0.0316 keep=0.812/0.812 lr=3.333e-06 gate_lr=3.333e-06 alpha=0.500+/-0.000 peak_mem=10.40GiB
epoch=7 step=19840/29520 loss=27.7826 Le=0.1203 Lc=1.2195 Ld=3.5308 Lcons=0.0310 keep=0.798/0.798 lr=3.325e-06 gate_lr=3.325e-06 alpha=0.500+/-0.000 peak_mem=10.40GiB
epoch=7 step=19860/29520 loss=28.9630 Le=0.1150 Lc=1.3991 Ld=3.4473 Lcons=0.0289 keep=0.795/0.795 lr=3.316e-06 gate_lr=3.316e-06 alpha=0.500+/-0.000 peak_mem=10.40GiB
epoch=7 step=19880/29520 loss=34.7398 Le=0.1763 Lc=1.3707 Ld=3.3737 Lcons=0.0335 keep=0.809/0.809 lr=3.307e-06 gate_lr=3.307e-06 alpha=0.500+/-0.000 peak_mem=10.40GiB
epoch=7 step=19900/29520 loss=34.7495 Le=0.1978 Lc=1.1559 Ld=3.3727 Lcons=0.0374 keep=0.808/0.808 lr=3.299e-06 gate_lr=3.299e-06 alpha=0.500+/-0.000 peak_mem=10.40GiB
epoch=7 step=19920/29520 loss=32.8241 Le=0.1647 Lc=1.2831 Ld=3.4920 Lcons=0.0283 keep=0.788/0.788 lr=3.290e-06 gate_lr=3.290e-06 alpha=0.500+/-0.000 peak_mem=10.40GiB
epoch=7 step=19940/29520 loss=32.7103 Le=0.1607 Lc=1.3191 Ld=3.4138 Lcons=0.0316 keep=0.800/0.800 lr=3.282e-06 gate_lr=3.282e-06 alpha=0.500+/-0.000 peak_mem=10.40GiB
epoch=7 step=19960/29520 loss=31.9654 Le=0.1545 Lc=1.3398 Ld=3.0862 Lcons=0.0338 keep=0.776/0.776 lr=3.273e-06 gate_lr=3.273e-06 alpha=0.500+/-0.000 peak_mem=10.40GiB
epoch=7 step=19980/29520 loss=32.0847 Le=0.1547 Lc=1.2919 Ld=3.6640 Lcons=0.0310 keep=0.793/0.793 lr=3.264e-06 gate_lr=3.264e-06 alpha=0.500+/-0.000 peak_mem=10.40GiB
epoch=7 step=20000/29520 loss=30.7707 Le=0.1426 Lc=1.3101 Ld=3.3782 Lcons=0.0345 keep=0.787/0.787 lr=3.256e-06 gate_lr=3.256e-06 alpha=0.500+/-0.000 peak_mem=10.40GiB
epoch=7 step=20020/29520 loss=28.5972 Le=0.1163 Lc=1.3544 Ld=3.3925 Lcons=0.0307 keep=0.783/0.783 lr=3.247e-06 gate_lr=3.247e-06 alpha=0.500+/-0.000 peak_mem=10.40GiB
epoch=7 step=20040/29520 loss=33.0349 Le=0.1722 Lc=1.2344 Ld=3.4418 Lcons=0.0294 keep=0.778/0.778 lr=3.239e-06 gate_lr=3.239e-06 alpha=0.500+/-0.000 peak_mem=10.40GiB
epoch=7 step=20060/29520 loss=37.6139 Le=0.2083 Lc=1.3457 Ld=3.2960 Lcons=0.0316 keep=0.810/0.810 lr=3.230e-06 gate_lr=3.230e-06 alpha=0.500+/-0.000 peak_mem=10.40GiB
epoch=7 step=20080/29520 loss=18.2727 Le=0.0243 Lc=1.2742 Ld=3.0683 Lcons=0.0335 keep=0.782/0.782 lr=3.221e-06 gate_lr=3.221e-06 alpha=0.500+/-0.000 peak_mem=10.40GiB
epoch=7 step=20100/29520 loss=32.4444 Le=0.1758 Lc=1.1378 Ld=3.4572 Lcons=0.0292 keep=0.806/0.806 lr=3.213e-06 gate_lr=3.213e-06 alpha=0.500+/-0.000 peak_mem=10.40GiB
epoch=7 step=20120/29520 loss=25.7027 Le=0.0987 Lc=1.2263 Ld=3.5457 Lcons=0.0278 keep=0.796/0.796 lr=3.204e-06 gate_lr=3.204e-06 alpha=0.500+/-0.000 peak_mem=10.40GiB
epoch=7 step=20140/29520 loss=29.8341 Le=0.1273 Lc=1.3554 Ld=3.5205 Lcons=0.0311 keep=0.810/0.810 lr=3.196e-06 gate_lr=3.196e-06 alpha=0.500+/-0.000 peak_mem=10.40GiB
epoch=7 step=20160/29520 loss=28.0851 Le=0.1186 Lc=1.2670 Ld=3.5212 Lcons=0.0305 keep=0.811/0.811 lr=3.187e-06 gate_lr=3.187e-06 alpha=0.500+/-0.000 peak_mem=10.40GiB
epoch=7 step=20180/29520 loss=28.1769 Le=0.1231 Lc=1.2359 Ld=3.4800 Lcons=0.0316 keep=0.796/0.796 lr=3.179e-06 gate_lr=3.179e-06 alpha=0.500+/-0.000 peak_mem=10.40GiB
epoch=7 step=20200/29520 loss=23.4587 Le=0.0735 Lc=1.2447 Ld=3.6192 Lcons=0.0377 keep=0.785/0.785 lr=3.170e-06 gate_lr=3.170e-06 alpha=0.500+/-0.000 peak_mem=10.40GiB
epoch=7 step=20220/29520 loss=28.6800 Le=0.1062 Lc=1.4712 Ld=3.3160 Lcons=0.0314 keep=0.786/0.786 lr=3.162e-06 gate_lr=3.162e-06 alpha=0.500+/-0.000 peak_mem=10.40GiB
epoch=7 step=20240/29520 loss=32.0340 Le=0.1628 Lc=1.2437 Ld=3.2850 Lcons=0.0315 keep=0.780/0.780 lr=3.153e-06 gate_lr=3.153e-06 alpha=0.500+/-0.000 peak_mem=10.40GiB
epoch=7 step=20260/29520 loss=32.3486 Le=0.1631 Lc=1.2436 Ld=3.5661 Lcons=0.0332 keep=0.798/0.798 lr=3.145e-06 gate_lr=3.145e-06 alpha=0.500+/-0.000 peak_mem=10.40GiB
epoch=7 step=20280/29520 loss=20.2712 Le=0.0505 Lc=1.1898 Ld=3.2882 Lcons=0.0352 keep=0.811/0.811 lr=3.137e-06 gate_lr=3.137e-06 alpha=0.500+/-0.000 peak_mem=10.40GiB
epoch=7 step=20300/29520 loss=21.7550 Le=0.0570 Lc=1.2669 Ld=3.3490 Lcons=0.0368 keep=0.799/0.799 lr=3.128e-06 gate_lr=3.128e-06 alpha=0.500+/-0.000 peak_mem=10.40GiB
epoch=7 step=20320/29520 loss=25.2894 Le=0.0920 Lc=1.2698 Ld=3.3542 Lcons=0.0341 keep=0.817/0.817 lr=3.120e-06 gate_lr=3.120e-06 alpha=0.500+/-0.000 peak_mem=10.40GiB
epoch=7 step=20340/29520 loss=42.8490 Le=0.2525 Lc=1.4139 Ld=3.4329 Lcons=0.0323 keep=0.809/0.809 lr=3.111e-06 gate_lr=3.111e-06 alpha=0.500+/-0.000 peak_mem=10.40GiB
epoch=7 step=20360/29520 loss=29.3071 Le=0.1277 Lc=1.2859 Ld=3.6426 Lcons=0.0317 keep=0.789/0.789 lr=3.103e-06 gate_lr=3.103e-06 alpha=0.500+/-0.000 peak_mem=10.40GiB
epoch=7 step=20380/29520 loss=27.0389 Le=0.0988 Lc=1.3515 Ld=3.6124 Lcons=0.0356 keep=0.781/0.781 lr=3.094e-06 gate_lr=3.094e-06 alpha=0.500+/-0.000 peak_mem=10.40GiB
epoch=7 step=20400/29520 loss=27.7718 Le=0.1176 Lc=1.2772 Ld=3.2017 Lcons=0.0350 keep=0.794/0.794 lr=3.086e-06 gate_lr=3.086e-06 alpha=0.500+/-0.000 peak_mem=10.40GiB
epoch=7 step=20420/29520 loss=30.7630 Le=0.1332 Lc=1.3921 Ld=3.4949 Lcons=0.0268 keep=0.802/0.802 lr=3.078e-06 gate_lr=3.078e-06 alpha=0.500+/-0.000 peak_mem=10.40GiB
epoch=7 step=20440/29520 loss=24.5327 Le=0.0806 Lc=1.3340 Ld=3.0993 Lcons=0.0348 keep=0.803/0.803 lr=3.069e-06 gate_lr=3.069e-06 alpha=0.500+/-0.000 peak_mem=10.40GiB
epoch=7 step=20460/29520 loss=30.7292 Le=0.1516 Lc=1.2057 Ld=3.4700 Lcons=0.0376 keep=0.796/0.796 lr=3.061e-06 gate_lr=3.061e-06 alpha=0.500+/-0.000 peak_mem=10.40GiB
epoch=7 step=20480/29520 loss=20.2845 Le=0.0435 Lc=1.2269 Ld=3.6373 Lcons=0.0306 keep=0.786/0.786 lr=3.053e-06 gate_lr=3.053e-06 alpha=0.500+/-0.000 peak_mem=10.40GiB
epoch=7 step=20500/29520 loss=26.0052 Le=0.0898 Lc=1.3740 Ld=3.2562 Lcons=0.0325 keep=0.796/0.796 lr=3.044e-06 gate_lr=3.044e-06 alpha=0.500+/-0.000 peak_mem=10.40GiB
epoch=7 step=20520/29520 loss=34.3301 Le=0.1861 Lc=1.2355 Ld=3.3276 Lcons=0.0359 keep=0.796/0.796 lr=3.036e-06 gate_lr=3.036e-06 alpha=0.500+/-0.000 peak_mem=10.40GiB
epoch=7 step=20540/29520 loss=28.5733 Le=0.1202 Lc=1.3141 Ld=3.3839 Lcons=0.0326 keep=0.810/0.810 lr=3.028e-06 gate_lr=3.028e-06 alpha=0.500+/-0.000 peak_mem=10.40GiB
epoch=7 step=20560/29520 loss=23.1130 Le=0.0600 Lc=1.3709 Ld=3.3765 Lcons=0.0312 keep=0.816/0.816 lr=3.020e-06 gate_lr=3.020e-06 alpha=0.500+/-0.000 peak_mem=10.40GiB
epoch=7 step=20580/29520 loss=24.2928 Le=0.0672 Lc=1.3820 Ld=3.7162 Lcons=0.0384 keep=0.801/0.801 lr=3.011e-06 gate_lr=3.011e-06 alpha=0.500+/-0.000 peak_mem=10.40GiB
epoch=7 step=20600/29520 loss=23.0514 Le=0.0655 Lc=1.3172 Ld=3.2976 Lcons=0.0307 keep=0.779/0.779 lr=3.003e-06 gate_lr=3.003e-06 alpha=0.500+/-0.000 peak_mem=10.40GiB
epoch=7 step=20620/29520 loss=29.6597 Le=0.1355 Lc=1.2663 Ld=3.4129 Lcons=0.0308 keep=0.808/0.808 lr=2.995e-06 gate_lr=2.995e-06 alpha=0.500+/-0.000 peak_mem=10.40GiB
epoch=7 step=20640/29520 loss=26.4250 Le=0.0929 Lc=1.3415 Ld=3.6869 Lcons=0.0299 keep=0.811/0.811 lr=2.987e-06 gate_lr=2.987e-06 alpha=0.500+/-0.000 peak_mem=10.40GiB
epoch=7 step=20660/29520 loss=26.9253 Le=0.1186 Lc=1.1556 Ld=3.4808 Lcons=0.0307 keep=0.802/0.802 lr=2.978e-06 gate_lr=2.978e-06 alpha=0.500+/-0.000 peak_mem=10.40GiB
epoch=7 checkpoints saved
epoch=8 step=20680/29520 loss=32.2145 Le=0.1577 Lc=1.2974 Ld=3.4396 Lcons=0.0321 keep=0.818/0.818 lr=2.970e-06 gate_lr=2.970e-06 alpha=0.500+/-0.000 peak_mem=10.40GiB
epoch=8 step=20700/29520 loss=28.9083 Le=0.1240 Lc=1.3348 Ld=3.1241 Lcons=0.0332 keep=0.782/0.782 lr=2.962e-06 gate_lr=2.962e-06 alpha=0.500+/-0.000 peak_mem=10.40GiB
epoch=8 step=20720/29520 loss=23.0971 Le=0.0823 Lc=1.1594 Ld=3.2411 Lcons=0.0339 keep=0.791/0.791 lr=2.954e-06 gate_lr=2.954e-06 alpha=0.500+/-0.000 peak_mem=10.40GiB
epoch=8 step=20740/29520 loss=28.8471 Le=0.1336 Lc=1.1988 Ld=3.4654 Lcons=0.0314 keep=0.777/0.777 lr=2.946e-06 gate_lr=2.946e-06 alpha=0.500+/-0.000 peak_mem=10.40GiB
epoch=8 step=20760/29520 loss=20.7631 Le=0.0454 Lc=1.2876 Ld=3.3191 Lcons=0.0301 keep=0.820/0.820 lr=2.937e-06 gate_lr=2.937e-06 alpha=0.500+/-0.000 peak_mem=10.40GiB
epoch=8 step=20780/29520 loss=27.7636 Le=0.1018 Lc=1.3995 Ld=3.5544 Lcons=0.0311 keep=0.792/0.792 lr=2.929e-06 gate_lr=2.929e-06 alpha=0.500+/-0.000 peak_mem=10.40GiB
epoch=8 step=20800/29520 loss=25.6594 Le=0.0964 Lc=1.2589 Ld=3.3941 Lcons=0.0317 keep=0.798/0.798 lr=2.921e-06 gate_lr=2.921e-06 alpha=0.500+/-0.000 peak_mem=10.40GiB
epoch=8 step=20820/29520 loss=27.8147 Le=0.1236 Lc=1.2124 Ld=3.3027 Lcons=0.0293 keep=0.795/0.795 lr=2.913e-06 gate_lr=2.913e-06 alpha=0.500+/-0.000 peak_mem=10.40GiB
epoch=8 step=20840/29520 loss=24.5727 Le=0.0751 Lc=1.3437 Ld=3.5934 Lcons=0.0279 keep=0.805/0.805 lr=2.905e-06 gate_lr=2.905e-06 alpha=0.500+/-0.000 peak_mem=10.40GiB
epoch=8 step=20860/29520 loss=27.0968 Le=0.1152 Lc=1.2143 Ld=3.4009 Lcons=0.0314 keep=0.806/0.806 lr=2.897e-06 gate_lr=2.897e-06 alpha=0.500+/-0.000 peak_mem=10.40GiB
epoch=8 step=20880/29520 loss=28.3351 Le=0.1268 Lc=1.2129 Ld=3.4975 Lcons=0.0326 keep=0.778/0.778 lr=2.889e-06 gate_lr=2.889e-06 alpha=0.500+/-0.000 peak_mem=10.40GiB
epoch=8 step=20900/29520 loss=30.4426 Le=0.1353 Lc=1.3628 Ld=3.2541 Lcons=0.0356 keep=0.783/0.783 lr=2.881e-06 gate_lr=2.881e-06 alpha=0.500+/-0.000 peak_mem=10.40GiB
epoch=8 step=20920/29520 loss=29.4652 Le=0.1255 Lc=1.3362 Ld=3.5277 Lcons=0.0277 keep=0.804/0.804 lr=2.873e-06 gate_lr=2.873e-06 alpha=0.500+/-0.000 peak_mem=10.40GiB
epoch=8 step=20940/29520 loss=30.2253 Le=0.1348 Lc=1.3322 Ld=3.3895 Lcons=0.0312 keep=0.778/0.778 lr=2.865e-06 gate_lr=2.865e-06 alpha=0.500+/-0.000 peak_mem=10.40GiB
epoch=8 step=20960/29520 loss=20.4999 Le=0.0440 Lc=1.2644 Ld=3.4237 Lcons=0.0302 keep=0.811/0.811 lr=2.857e-06 gate_lr=2.857e-06 alpha=0.500+/-0.000 peak_mem=10.40GiB
epoch=8 step=20980/29520 loss=26.6489 Le=0.0997 Lc=1.3393 Ld=3.2489 Lcons=0.0332 keep=0.792/0.792 lr=2.849e-06 gate_lr=2.849e-06 alpha=0.500+/-0.000 peak_mem=10.40GiB
epoch=8 step=21000/29520 loss=35.5082 Le=0.1950 Lc=1.2576 Ld=3.3975 Lcons=0.0306 keep=0.799/0.799 lr=2.841e-06 gate_lr=2.841e-06 alpha=0.500+/-0.000 peak_mem=10.40GiB
epoch=8 step=21020/29520 loss=27.6884 Le=0.1051 Lc=1.3573 Ld=3.5774 Lcons=0.0290 keep=0.797/0.797 lr=2.833e-06 gate_lr=2.833e-06 alpha=0.500+/-0.000 peak_mem=10.40GiB
epoch=8 step=21040/29520 loss=27.2337 Le=0.1111 Lc=1.2738 Ld=3.3573 Lcons=0.0315 keep=0.805/0.805 lr=2.825e-06 gate_lr=2.825e-06 alpha=0.500+/-0.000 peak_mem=10.40GiB
epoch=8 step=21060/29520 loss=28.1729 Le=0.1102 Lc=1.3952 Ld=3.1749 Lcons=0.0291 keep=0.814/0.814 lr=2.817e-06 gate_lr=2.817e-06 alpha=0.500+/-0.000 peak_mem=10.40GiB
epoch=8 step=21080/29520 loss=32.4937 Le=0.1622 Lc=1.2857 Ld=3.3800 Lcons=0.0336 keep=0.801/0.801 lr=2.809e-06 gate_lr=2.809e-06 alpha=0.500+/-0.000 peak_mem=10.40GiB
epoch=8 step=21100/29520 loss=41.3616 Le=0.2494 Lc=1.3138 Ld=3.2520 Lcons=0.0297 keep=0.820/0.820 lr=2.801e-06 gate_lr=2.801e-06 alpha=0.500+/-0.000 peak_mem=10.40GiB
epoch=8 step=21120/29520 loss=28.8151 Le=0.1269 Lc=1.2755 Ld=3.3404 Lcons=0.0345 keep=0.792/0.792 lr=2.793e-06 gate_lr=2.793e-06 alpha=0.500+/-0.000 peak_mem=10.40GiB
epoch=8 step=21140/29520 loss=26.7286 Le=0.1015 Lc=1.3028 Ld=3.5119 Lcons=0.0354 keep=0.781/0.781 lr=2.785e-06 gate_lr=2.785e-06 alpha=0.500+/-0.000 peak_mem=10.40GiB
epoch=8 step=21160/29520 loss=29.9873 Le=0.1315 Lc=1.3155 Ld=3.6474 Lcons=0.0318 keep=0.798/0.798 lr=2.777e-06 gate_lr=2.777e-06 alpha=0.500+/-0.000 peak_mem=10.40GiB
epoch=8 step=21180/29520 loss=31.5073 Le=0.1555 Lc=1.2563 Ld=3.3609 Lcons=0.0313 keep=0.814/0.814 lr=2.769e-06 gate_lr=2.769e-06 alpha=0.500+/-0.000 peak_mem=10.40GiB
epoch=8 step=21200/29520 loss=22.4412 Le=0.0556 Lc=1.3601 Ld=3.2497 Lcons=0.0334 keep=0.806/0.806 lr=2.761e-06 gate_lr=2.761e-06 alpha=0.500+/-0.000 peak_mem=10.40GiB
epoch=8 step=21220/29520 loss=24.8535 Le=0.0880 Lc=1.2508 Ld=3.5127 Lcons=0.0311 keep=0.795/0.795 lr=2.753e-06 gate_lr=2.753e-06 alpha=0.500+/-0.000 peak_mem=10.40GiB
epoch=8 step=21240/29520 loss=19.1580 Le=0.0244 Lc=1.3316 Ld=3.3657 Lcons=0.0316 keep=0.798/0.798 lr=2.746e-06 gate_lr=2.746e-06 alpha=0.500+/-0.000 peak_mem=10.40GiB
epoch=8 step=21260/29520 loss=27.9063 Le=0.1245 Lc=1.2190 Ld=3.2359 Lcons=0.0298 keep=0.787/0.787 lr=2.738e-06 gate_lr=2.738e-06 alpha=0.500+/-0.000 peak_mem=10.40GiB
epoch=8 step=21280/29520 loss=30.5335 Le=0.1357 Lc=1.3290 Ld=3.6417 Lcons=0.0361 keep=0.816/0.816 lr=2.730e-06 gate_lr=2.730e-06 alpha=0.500+/-0.000 peak_mem=10.40GiB
epoch=8 step=21300/29520 loss=20.9332 Le=0.0494 Lc=1.2385 Ld=3.5742 Lcons=0.0322 keep=0.789/0.789 lr=2.722e-06 gate_lr=2.722e-06 alpha=0.500+/-0.000 peak_mem=10.40GiB
epoch=8 step=21320/29520 loss=21.1669 Le=0.0517 Lc=1.2311 Ld=3.6440 Lcons=0.0372 keep=0.767/0.767 lr=2.714e-06 gate_lr=2.714e-06 alpha=0.500+/-0.000 peak_mem=10.40GiB
epoch=8 step=21340/29520 loss=22.8829 Le=0.0669 Lc=1.2774 Ld=3.3838 Lcons=0.0381 keep=0.807/0.807 lr=2.706e-06 gate_lr=2.706e-06 alpha=0.500+/-0.000 peak_mem=10.40GiB
epoch=8 step=21360/29520 loss=21.5420 Le=0.0545 Lc=1.2800 Ld=3.2572 Lcons=0.0346 keep=0.817/0.817 lr=2.699e-06 gate_lr=2.699e-06 alpha=0.500+/-0.000 peak_mem=10.40GiB
epoch=8 step=21380/29520 loss=26.0730 Le=0.0945 Lc=1.3175 Ld=3.4161 Lcons=0.0347 keep=0.804/0.804 lr=2.691e-06 gate_lr=2.691e-06 alpha=0.500+/-0.000 peak_mem=10.40GiB
epoch=8 step=21400/29520 loss=24.0889 Le=0.0831 Lc=1.2529 Ld=3.2171 Lcons=0.0277 keep=0.799/0.799 lr=2.683e-06 gate_lr=2.683e-06 alpha=0.500+/-0.000 peak_mem=10.40GiB
epoch=8 step=21420/29520 loss=29.2818 Le=0.1212 Lc=1.3550 Ld=3.5830 Lcons=0.0340 keep=0.804/0.804 lr=2.676e-06 gate_lr=2.676e-06 alpha=0.500+/-0.000 peak_mem=10.40GiB
epoch=8 step=21440/29520 loss=20.5283 Le=0.0416 Lc=1.2918 Ld=3.4172 Lcons=0.0332 keep=0.809/0.809 lr=2.668e-06 gate_lr=2.668e-06 alpha=0.500+/-0.000 peak_mem=10.40GiB
epoch=8 step=21460/29520 loss=30.2935 Le=0.1386 Lc=1.2926 Ld=3.4704 Lcons=0.0338 keep=0.811/0.811 lr=2.660e-06 gate_lr=2.660e-06 alpha=0.500+/-0.000 peak_mem=10.40GiB
epoch=8 step=21480/29520 loss=27.0055 Le=0.0963 Lc=1.3863 Ld=3.4766 Lcons=0.0324 keep=0.789/0.789 lr=2.652e-06 gate_lr=2.652e-06 alpha=0.500+/-0.000 peak_mem=10.40GiB
epoch=8 step=21500/29520 loss=26.7527 Le=0.0991 Lc=1.3383 Ld=3.4237 Lcons=0.0348 keep=0.786/0.786 lr=2.645e-06 gate_lr=2.645e-06 alpha=0.500+/-0.000 peak_mem=10.40GiB
epoch=8 step=21520/29520 loss=28.1070 Le=0.1056 Lc=1.4160 Ld=3.3470 Lcons=0.0354 keep=0.786/0.786 lr=2.637e-06 gate_lr=2.637e-06 alpha=0.500+/-0.000 peak_mem=10.40GiB
epoch=8 step=21540/29520 loss=19.3205 Le=0.0346 Lc=1.2437 Ld=3.3882 Lcons=0.0360 keep=0.778/0.778 lr=2.629e-06 gate_lr=2.629e-06 alpha=0.500+/-0.000 peak_mem=10.40GiB
epoch=8 step=21560/29520 loss=25.1102 Le=0.0883 Lc=1.2868 Ld=3.3736 Lcons=0.0340 keep=0.803/0.803 lr=2.622e-06 gate_lr=2.622e-06 alpha=0.500+/-0.000 peak_mem=10.40GiB
epoch=8 step=21580/29520 loss=26.2208 Le=0.1007 Lc=1.2633 Ld=3.4827 Lcons=0.0380 keep=0.800/0.800 lr=2.614e-06 gate_lr=2.614e-06 alpha=0.500+/-0.000 peak_mem=10.40GiB
epoch=8 step=21600/29520 loss=23.8058 Le=0.0753 Lc=1.2667 Ld=3.5822 Lcons=0.0313 keep=0.806/0.806 lr=2.607e-06 gate_lr=2.607e-06 alpha=0.500+/-0.000 peak_mem=10.40GiB
epoch=8 step=21620/29520 loss=37.6864 Le=0.2161 Lc=1.2774 Ld=3.2715 Lcons=0.0343 keep=0.796/0.796 lr=2.599e-06 gate_lr=2.599e-06 alpha=0.500+/-0.000 peak_mem=10.40GiB
epoch=8 step=21640/29520 loss=27.7709 Le=0.1053 Lc=1.3787 Ld=3.4101 Lcons=0.0405 keep=0.797/0.797 lr=2.591e-06 gate_lr=2.591e-06 alpha=0.500+/-0.000 peak_mem=10.40GiB
epoch=8 step=21660/29520 loss=25.8535 Le=0.0969 Lc=1.2594 Ld=3.5415 Lcons=0.0323 keep=0.817/0.817 lr=2.584e-06 gate_lr=2.584e-06 alpha=0.500+/-0.000 peak_mem=10.40GiB
epoch=8 step=21680/29520 loss=32.9444 Le=0.1581 Lc=1.3802 Ld=3.3033 Lcons=0.0327 keep=0.799/0.799 lr=2.576e-06 gate_lr=2.576e-06 alpha=0.500+/-0.000 peak_mem=10.40GiB
epoch=8 step=21700/29520 loss=31.1130 Le=0.1401 Lc=1.3554 Ld=3.5146 Lcons=0.0324 keep=0.796/0.796 lr=2.569e-06 gate_lr=2.569e-06 alpha=0.500+/-0.000 peak_mem=10.40GiB
epoch=8 step=21720/29520 loss=27.1076 Le=0.1119 Lc=1.2393 Ld=3.4846 Lcons=0.0383 keep=0.801/0.801 lr=2.561e-06 gate_lr=2.561e-06 alpha=0.500+/-0.000 peak_mem=10.40GiB
epoch=8 step=21740/29520 loss=22.6635 Le=0.0711 Lc=1.2108 Ld=3.4079 Lcons=0.0345 keep=0.810/0.810 lr=2.554e-06 gate_lr=2.554e-06 alpha=0.500+/-0.000 peak_mem=10.40GiB
epoch=8 step=21760/29520 loss=36.6783 Le=0.2020 Lc=1.3100 Ld=3.3490 Lcons=0.0320 keep=0.804/0.804 lr=2.546e-06 gate_lr=2.546e-06 alpha=0.500+/-0.000 peak_mem=10.40GiB
epoch=8 step=21780/29520 loss=26.8938 Le=0.1150 Lc=1.1943 Ld=3.4134 Lcons=0.0363 keep=0.807/0.807 lr=2.539e-06 gate_lr=2.539e-06 alpha=0.500+/-0.000 peak_mem=10.40GiB
epoch=8 step=21800/29520 loss=26.5747 Le=0.1083 Lc=1.1934 Ld=3.7716 Lcons=0.0360 keep=0.800/0.800 lr=2.531e-06 gate_lr=2.531e-06 alpha=0.500+/-0.000 peak_mem=10.40GiB
epoch=8 step=21820/29520 loss=32.8138 Le=0.1600 Lc=1.3169 Ld=3.6154 Lcons=0.0331 keep=0.808/0.808 lr=2.524e-06 gate_lr=2.524e-06 alpha=0.500+/-0.000 peak_mem=10.40GiB
epoch=8 step=21840/29520 loss=23.7616 Le=0.0763 Lc=1.2766 Ld=3.3278 Lcons=0.0342 keep=0.799/0.799 lr=2.517e-06 gate_lr=2.517e-06 alpha=0.500+/-0.000 peak_mem=10.40GiB
epoch=8 step=21860/29520 loss=27.3616 Le=0.1031 Lc=1.3791 Ld=3.2285 Lcons=0.0331 keep=0.789/0.789 lr=2.509e-06 gate_lr=2.509e-06 alpha=0.500+/-0.000 peak_mem=10.40GiB
epoch=8 step=21880/29520 loss=23.3595 Le=0.0707 Lc=1.2874 Ld=3.3874 Lcons=0.0295 keep=0.809/0.809 lr=2.502e-06 gate_lr=2.502e-06 alpha=0.500+/-0.000 peak_mem=10.40GiB
epoch=8 step=21900/29520 loss=30.9972 Le=0.1475 Lc=1.2687 Ld=3.5281 Lcons=0.0306 keep=0.811/0.811 lr=2.494e-06 gate_lr=2.494e-06 alpha=0.500+/-0.000 peak_mem=10.40GiB
epoch=8 step=21920/29520 loss=23.0589 Le=0.0781 Lc=1.1858 Ld=3.3557 Lcons=0.0357 keep=0.782/0.782 lr=2.487e-06 gate_lr=2.487e-06 alpha=0.500+/-0.000 peak_mem=10.40GiB
epoch=8 step=21940/29520 loss=26.0710 Le=0.1013 Lc=1.2414 Ld=3.4936 Lcons=0.0324 keep=0.793/0.793 lr=2.480e-06 gate_lr=2.480e-06 alpha=0.500+/-0.000 peak_mem=10.40GiB
epoch=8 step=21960/29520 loss=18.8389 Le=0.0309 Lc=1.2442 Ld=3.2744 Lcons=0.0291 keep=0.785/0.785 lr=2.472e-06 gate_lr=2.472e-06 alpha=0.500+/-0.000 peak_mem=10.40GiB
epoch=8 step=21980/29520 loss=20.8055 Le=0.0410 Lc=1.3229 Ld=3.4452 Lcons=0.0303 keep=0.822/0.822 lr=2.465e-06 gate_lr=2.465e-06 alpha=0.500+/-0.000 peak_mem=10.40GiB
epoch=8 step=22000/29520 loss=30.7595 Le=0.1431 Lc=1.2745 Ld=3.6718 Lcons=0.0328 keep=0.806/0.806 lr=2.458e-06 gate_lr=2.458e-06 alpha=0.500+/-0.000 peak_mem=10.40GiB
epoch=8 step=22020/29520 loss=24.2636 Le=0.0791 Lc=1.2746 Ld=3.5794 Lcons=0.0310 keep=0.796/0.796 lr=2.450e-06 gate_lr=2.450e-06 alpha=0.500+/-0.000 peak_mem=10.40GiB
epoch=8 step=22040/29520 loss=19.5676 Le=0.0314 Lc=1.2888 Ld=3.5053 Lcons=0.0305 keep=0.815/0.815 lr=2.443e-06 gate_lr=2.443e-06 alpha=0.500+/-0.000 peak_mem=10.40GiB
epoch=8 step=22060/29520 loss=21.3336 Le=0.0556 Lc=1.2302 Ld=3.4386 Lcons=0.0312 keep=0.794/0.794 lr=2.436e-06 gate_lr=2.436e-06 alpha=0.500+/-0.000 peak_mem=10.40GiB
epoch=8 step=22080/29520 loss=28.5450 Le=0.1304 Lc=1.2318 Ld=3.1531 Lcons=0.0340 keep=0.808/0.808 lr=2.429e-06 gate_lr=2.429e-06 alpha=0.500+/-0.000 peak_mem=10.40GiB
epoch=8 step=22100/29520 loss=35.5670 Le=0.1827 Lc=1.3634 Ld=3.6329 Lcons=0.0298 keep=0.801/0.801 lr=2.421e-06 gate_lr=2.421e-06 alpha=0.500+/-0.000 peak_mem=10.40GiB
epoch=8 step=22120/29520 loss=34.2607 Le=0.1602 Lc=1.4614 Ld=3.5884 Lcons=0.0361 keep=0.798/0.798 lr=2.414e-06 gate_lr=2.414e-06 alpha=0.500+/-0.000 peak_mem=10.40GiB
epoch=8 step=22140/29520 loss=22.3698 Le=0.0630 Lc=1.2555 Ld=3.4777 Lcons=0.0363 keep=0.818/0.818 lr=2.407e-06 gate_lr=2.407e-06 alpha=0.500+/-0.000 peak_mem=10.40GiB
epoch=8 step=22160/29520 loss=36.7672 Le=0.2024 Lc=1.3254 Ld=3.2430 Lcons=0.0329 keep=0.794/0.794 lr=2.400e-06 gate_lr=2.400e-06 alpha=0.500+/-0.000 peak_mem=10.40GiB
epoch=8 step=22180/29520 loss=33.8397 Le=0.1864 Lc=1.1791 Ld=3.3763 Lcons=0.0317 keep=0.795/0.795 lr=2.392e-06 gate_lr=2.392e-06 alpha=0.500+/-0.000 peak_mem=10.40GiB
epoch=8 step=22200/29520 loss=28.9454 Le=0.1251 Lc=1.2881 Ld=3.5216 Lcons=0.0345 keep=0.821/0.821 lr=2.385e-06 gate_lr=2.385e-06 alpha=0.500+/-0.000 peak_mem=10.40GiB
epoch=8 step=22220/29520 loss=37.1353 Le=0.2193 Lc=1.1797 Ld=3.3814 Lcons=0.0296 keep=0.828/0.828 lr=2.378e-06 gate_lr=2.378e-06 alpha=0.500+/-0.000 peak_mem=10.40GiB
epoch=8 step=22240/29520 loss=27.4234 Le=0.1085 Lc=1.2965 Ld=3.5806 Lcons=0.0260 keep=0.815/0.815 lr=2.371e-06 gate_lr=2.371e-06 alpha=0.500+/-0.000 peak_mem=10.40GiB
epoch=8 step=22260/29520 loss=27.8188 Le=0.1258 Lc=1.2100 Ld=3.1088 Lcons=0.0348 keep=0.785/0.786 lr=2.364e-06 gate_lr=2.364e-06 alpha=0.500+/-0.000 peak_mem=10.40GiB
epoch=8 step=22280/29520 loss=27.1218 Le=0.1038 Lc=1.3482 Ld=3.2323 Lcons=0.0310 keep=0.807/0.807 lr=2.357e-06 gate_lr=2.357e-06 alpha=0.500+/-0.000 peak_mem=10.40GiB
epoch=8 step=22300/29520 loss=29.2921 Le=0.1244 Lc=1.3348 Ld=3.4737 Lcons=0.0321 keep=0.783/0.783 lr=2.350e-06 gate_lr=2.350e-06 alpha=0.500+/-0.000 peak_mem=10.40GiB
epoch=8 step=22320/29520 loss=22.4158 Le=0.0591 Lc=1.2964 Ld=3.5046 Lcons=0.0339 keep=0.805/0.805 lr=2.343e-06 gate_lr=2.343e-06 alpha=0.500+/-0.000 peak_mem=10.40GiB
epoch=8 step=22340/29520 loss=24.8138 Le=0.0847 Lc=1.2953 Ld=3.3594 Lcons=0.0304 keep=0.798/0.798 lr=2.336e-06 gate_lr=2.336e-06 alpha=0.500+/-0.000 peak_mem=10.40GiB
epoch=8 step=22360/29520 loss=21.4563 Le=0.0557 Lc=1.2215 Ld=3.6298 Lcons=0.0369 keep=0.806/0.806 lr=2.329e-06 gate_lr=2.329e-06 alpha=0.500+/-0.000 peak_mem=10.40GiB
epoch=8 step=22380/29520 loss=27.2987 Le=0.0950 Lc=1.4227 Ld=3.5428 Lcons=0.0332 keep=0.799/0.799 lr=2.322e-06 gate_lr=2.322e-06 alpha=0.500+/-0.000 peak_mem=10.40GiB
epoch=8 step=22400/29520 loss=34.3037 Le=0.1758 Lc=1.3148 Ld=3.5395 Lcons=0.0339 keep=0.805/0.805 lr=2.315e-06 gate_lr=2.315e-06 alpha=0.500+/-0.000 peak_mem=10.40GiB
epoch=8 step=22420/29520 loss=26.2985 Le=0.1083 Lc=1.1998 Ld=3.4324 Lcons=0.0337 keep=0.795/0.795 lr=2.308e-06 gate_lr=2.308e-06 alpha=0.500+/-0.000 peak_mem=10.40GiB
epoch=8 step=22440/29520 loss=29.7750 Le=0.1233 Lc=1.3992 Ld=3.4180 Lcons=0.0312 keep=0.798/0.798 lr=2.301e-06 gate_lr=2.301e-06 alpha=0.500+/-0.000 peak_mem=10.40GiB
epoch=8 step=22460/29520 loss=23.0882 Le=0.0787 Lc=1.1873 Ld=3.3077 Lcons=0.0349 keep=0.808/0.808 lr=2.294e-06 gate_lr=2.294e-06 alpha=0.500+/-0.000 peak_mem=10.40GiB
epoch=8 step=22480/29520 loss=21.9368 Le=0.0560 Lc=1.2862 Ld=3.4429 Lcons=0.0333 keep=0.819/0.819 lr=2.287e-06 gate_lr=2.287e-06 alpha=0.500+/-0.000 peak_mem=10.40GiB
epoch=8 step=22500/29520 loss=19.0661 Le=0.0416 Lc=1.1534 Ld=3.3387 Lcons=0.0284 keep=0.804/0.804 lr=2.280e-06 gate_lr=2.280e-06 alpha=0.500+/-0.000 peak_mem=10.40GiB
epoch=8 step=22520/29520 loss=25.6060 Le=0.0943 Lc=1.2535 Ld=3.6082 Lcons=0.0291 keep=0.802/0.802 lr=2.273e-06 gate_lr=2.273e-06 alpha=0.500+/-0.000 peak_mem=10.40GiB
epoch=8 step=22540/29520 loss=19.2558 Le=0.0338 Lc=1.2481 Ld=3.3621 Lcons=0.0330 keep=0.791/0.791 lr=2.266e-06 gate_lr=2.266e-06 alpha=0.500+/-0.000 peak_mem=10.40GiB
epoch=8 step=22560/29520 loss=26.0951 Le=0.1098 Lc=1.1543 Ld=3.5372 Lcons=0.0329 keep=0.768/0.768 lr=2.259e-06 gate_lr=2.259e-06 alpha=0.500+/-0.000 peak_mem=10.40GiB
epoch=8 step=22580/29520 loss=27.3869 Le=0.1027 Lc=1.3478 Ld=3.6063 Lcons=0.0353 keep=0.791/0.791 lr=2.252e-06 gate_lr=2.252e-06 alpha=0.500+/-0.000 peak_mem=10.40GiB
epoch=8 step=22600/29520 loss=25.3986 Le=0.0916 Lc=1.2889 Ld=3.3173 Lcons=0.0355 keep=0.787/0.787 lr=2.245e-06 gate_lr=2.245e-06 alpha=0.500+/-0.000 peak_mem=10.40GiB
epoch=8 step=22620/29520 loss=24.3827 Le=0.0838 Lc=1.2433 Ld=3.5439 Lcons=0.0304 keep=0.799/0.799 lr=2.238e-06 gate_lr=2.238e-06 alpha=0.500+/-0.000 peak_mem=10.40GiB
epoch=8 step=22640/29520 loss=32.6418 Le=0.1643 Lc=1.2807 Ld=3.3745 Lcons=0.0339 keep=0.804/0.804 lr=2.232e-06 gate_lr=2.232e-06 alpha=0.500+/-0.000 peak_mem=10.40GiB
epoch=8 step=22660/29520 loss=31.0956 Le=0.1447 Lc=1.3356 Ld=3.2395 Lcons=0.0342 keep=0.815/0.815 lr=2.225e-06 gate_lr=2.225e-06 alpha=0.500+/-0.000 peak_mem=10.40GiB
epoch=8 step=22680/29520 loss=21.0764 Le=0.0440 Lc=1.3172 Ld=3.4680 Lcons=0.0325 keep=0.788/0.788 lr=2.218e-06 gate_lr=2.218e-06 alpha=0.500+/-0.000 peak_mem=10.40GiB
epoch=8 step=22700/29520 loss=24.4657 Le=0.0851 Lc=1.2456 Ld=3.4641 Lcons=0.0321 keep=0.820/0.820 lr=2.211e-06 gate_lr=2.211e-06 alpha=0.500+/-0.000 peak_mem=10.40GiB
epoch=8 step=22720/29520 loss=26.8557 Le=0.1043 Lc=1.3094 Ld=3.3041 Lcons=0.0306 keep=0.810/0.810 lr=2.204e-06 gate_lr=2.204e-06 alpha=0.500+/-0.000 peak_mem=10.40GiB
epoch=8 step=22740/29520 loss=22.3641 Le=0.0682 Lc=1.1812 Ld=3.7000 Lcons=0.0322 keep=0.786/0.786 lr=2.198e-06 gate_lr=2.198e-06 alpha=0.500+/-0.000 peak_mem=10.40GiB
epoch=8 step=22760/29520 loss=31.9159 Le=0.1553 Lc=1.2843 Ld=3.5165 Lcons=0.0311 keep=0.820/0.820 lr=2.191e-06 gate_lr=2.191e-06 alpha=0.500+/-0.000 peak_mem=10.40GiB
epoch=8 step=22780/29520 loss=19.3773 Le=0.0263 Lc=1.3391 Ld=3.3197 Lcons=0.0330 keep=0.801/0.801 lr=2.184e-06 gate_lr=2.184e-06 alpha=0.500+/-0.000 peak_mem=10.40GiB
epoch=8 step=22800/29520 loss=29.4152 Le=0.1256 Lc=1.3524 Ld=3.2970 Lcons=0.0361 keep=0.778/0.778 lr=2.178e-06 gate_lr=2.178e-06 alpha=0.500+/-0.000 peak_mem=10.40GiB
epoch=8 step=22820/29520 loss=20.8904 Le=0.0508 Lc=1.2453 Ld=3.3205 Lcons=0.0390 keep=0.786/0.786 lr=2.171e-06 gate_lr=2.171e-06 alpha=0.500+/-0.000 peak_mem=10.40GiB
epoch=8 step=22840/29520 loss=20.9257 Le=0.0413 Lc=1.3471 Ld=3.2979 Lcons=0.0289 keep=0.783/0.783 lr=2.164e-06 gate_lr=2.164e-06 alpha=0.500+/-0.000 peak_mem=10.40GiB
epoch=8 step=22860/29520 loss=25.6848 Le=0.0927 Lc=1.3165 Ld=3.2114 Lcons=0.0362 keep=0.804/0.803 lr=2.158e-06 gate_lr=2.158e-06 alpha=0.500+/-0.000 peak_mem=10.40GiB
epoch=8 step=22880/29520 loss=25.6825 Le=0.1125 Lc=1.1224 Ld=3.1802 Lcons=0.0310 keep=0.818/0.818 lr=2.151e-06 gate_lr=2.151e-06 alpha=0.500+/-0.000 peak_mem=10.40GiB
epoch=8 step=22900/29520 loss=20.8102 Le=0.0542 Lc=1.2005 Ld=3.3549 Lcons=0.0326 keep=0.783/0.783 lr=2.144e-06 gate_lr=2.144e-06 alpha=0.500+/-0.000 peak_mem=10.40GiB
epoch=8 step=22920/29520 loss=32.8276 Le=0.1520 Lc=1.4134 Ld=3.4585 Lcons=0.0328 keep=0.789/0.789 lr=2.138e-06 gate_lr=2.138e-06 alpha=0.500+/-0.000 peak_mem=10.40GiB
epoch=8 step=22940/29520 loss=22.3546 Le=0.0592 Lc=1.3101 Ld=3.3002 Lcons=0.0333 keep=0.801/0.801 lr=2.131e-06 gate_lr=2.131e-06 alpha=0.500+/-0.000 peak_mem=10.40GiB
epoch=8 step=22960/29520 loss=28.9011 Le=0.1351 Lc=1.1889 Ld=3.4619 Lcons=0.0358 keep=0.789/0.789 lr=2.125e-06 gate_lr=2.125e-06 alpha=0.500+/-0.000 peak_mem=10.40GiB
epoch=8 step=22980/29520 loss=22.3058 Le=0.0756 Lc=1.1094 Ld=3.6196 Lcons=0.0360 keep=0.814/0.814 lr=2.118e-06 gate_lr=2.118e-06 alpha=0.500+/-0.000 peak_mem=10.40GiB
epoch=8 step=23000/29520 loss=29.2763 Le=0.1233 Lc=1.3422 Ld=3.4849 Lcons=0.0355 keep=0.800/0.800 lr=2.112e-06 gate_lr=2.112e-06 alpha=0.500+/-0.000 peak_mem=10.40GiB
epoch=8 step=23020/29520 loss=27.2449 Le=0.1071 Lc=1.3014 Ld=3.4899 Lcons=0.0319 keep=0.795/0.795 lr=2.105e-06 gate_lr=2.105e-06 alpha=0.500+/-0.000 peak_mem=10.40GiB
epoch=8 step=23040/29520 loss=27.9303 Le=0.1286 Lc=1.1638 Ld=3.3991 Lcons=0.0302 keep=0.795/0.796 lr=2.099e-06 gate_lr=2.099e-06 alpha=0.500+/-0.000 peak_mem=10.40GiB
epoch=8 step=23060/29520 loss=35.1640 Le=0.1915 Lc=1.2714 Ld=3.2637 Lcons=0.0381 keep=0.780/0.780 lr=2.092e-06 gate_lr=2.092e-06 alpha=0.500+/-0.000 peak_mem=10.40GiB
epoch=8 step=23080/29520 loss=22.8742 Le=0.0578 Lc=1.3601 Ld=3.4579 Lcons=0.0385 keep=0.807/0.807 lr=2.086e-06 gate_lr=2.086e-06 alpha=0.500+/-0.000 peak_mem=10.40GiB
epoch=8 step=23100/29520 loss=23.5684 Le=0.0733 Lc=1.2794 Ld=3.4094 Lcons=0.0340 keep=0.794/0.794 lr=2.079e-06 gate_lr=2.079e-06 alpha=0.500+/-0.000 peak_mem=10.40GiB
epoch=8 step=23120/29520 loss=19.5098 Le=0.0406 Lc=1.1950 Ld=3.4628 Lcons=0.0366 keep=0.795/0.795 lr=2.073e-06 gate_lr=2.073e-06 alpha=0.500+/-0.000 peak_mem=10.40GiB
epoch=8 step=23140/29520 loss=24.4752 Le=0.0930 Lc=1.1725 Ld=3.4101 Lcons=0.0355 keep=0.819/0.819 lr=2.066e-06 gate_lr=2.066e-06 alpha=0.500+/-0.000 peak_mem=10.40GiB
epoch=8 step=23160/29520 loss=19.7772 Le=0.0436 Lc=1.2290 Ld=3.0917 Lcons=0.0365 keep=0.803/0.803 lr=2.060e-06 gate_lr=2.060e-06 alpha=0.500+/-0.000 peak_mem=10.40GiB
epoch=8 step=23180/29520 loss=24.4318 Le=0.0880 Lc=1.2098 Ld=3.4973 Lcons=0.0347 keep=0.789/0.789 lr=2.054e-06 gate_lr=2.054e-06 alpha=0.500+/-0.000 peak_mem=10.40GiB
epoch=8 step=23200/29520 loss=22.6083 Le=0.0671 Lc=1.2363 Ld=3.5004 Lcons=0.0343 keep=0.791/0.791 lr=2.047e-06 gate_lr=2.047e-06 alpha=0.500+/-0.000 peak_mem=10.40GiB
epoch=8 step=23220/29520 loss=22.3653 Le=0.0693 Lc=1.1882 Ld=3.5189 Lcons=0.0314 keep=0.802/0.802 lr=2.041e-06 gate_lr=2.041e-06 alpha=0.500+/-0.000 peak_mem=10.40GiB
epoch=8 step=23240/29520 loss=28.0879 Le=0.1127 Lc=1.3367 Ld=3.4187 Lcons=0.0333 keep=0.808/0.808 lr=2.034e-06 gate_lr=2.034e-06 alpha=0.500+/-0.000 peak_mem=10.40GiB
epoch=8 step=23260/29520 loss=22.8902 Le=0.0768 Lc=1.1818 Ld=3.3683 Lcons=0.0286 keep=0.801/0.801 lr=2.028e-06 gate_lr=2.028e-06 alpha=0.500+/-0.000 peak_mem=10.40GiB
epoch=8 step=23280/29520 loss=31.4306 Le=0.1501 Lc=1.2941 Ld=3.4424 Lcons=0.0325 keep=0.817/0.817 lr=2.022e-06 gate_lr=2.022e-06 alpha=0.500+/-0.000 peak_mem=10.40GiB
epoch=8 step=23300/29520 loss=27.2219 Le=0.1098 Lc=1.2930 Ld=3.2827 Lcons=0.0305 keep=0.798/0.798 lr=2.016e-06 gate_lr=2.016e-06 alpha=0.500+/-0.000 peak_mem=10.40GiB
epoch=8 step=23320/29520 loss=19.9896 Le=0.0438 Lc=1.2264 Ld=3.3155 Lcons=0.0311 keep=0.799/0.799 lr=2.009e-06 gate_lr=2.009e-06 alpha=0.500+/-0.000 peak_mem=10.40GiB
epoch=8 step=23340/29520 loss=20.6939 Le=0.0470 Lc=1.2574 Ld=3.3907 Lcons=0.0304 keep=0.796/0.796 lr=2.003e-06 gate_lr=2.003e-06 alpha=0.500+/-0.000 peak_mem=10.40GiB
epoch=8 step=23360/29520 loss=26.2241 Le=0.0962 Lc=1.3117 Ld=3.4580 Lcons=0.0328 keep=0.784/0.784 lr=1.997e-06 gate_lr=1.997e-06 alpha=0.500+/-0.000 peak_mem=10.40GiB
epoch=8 step=23380/29520 loss=23.0155 Le=0.0755 Lc=1.1966 Ld=3.4654 Lcons=0.0321 keep=0.811/0.811 lr=1.991e-06 gate_lr=1.991e-06 alpha=0.500+/-0.000 peak_mem=10.40GiB
epoch=8 step=23400/29520 loss=22.0152 Le=0.0608 Lc=1.2424 Ld=3.4786 Lcons=0.0309 keep=0.820/0.820 lr=1.984e-06 gate_lr=1.984e-06 alpha=0.500+/-0.000 peak_mem=10.40GiB
epoch=8 step=23420/29520 loss=30.6367 Le=0.1418 Lc=1.2845 Ld=3.5802 Lcons=0.0345 keep=0.802/0.802 lr=1.978e-06 gate_lr=1.978e-06 alpha=0.500+/-0.000 peak_mem=10.40GiB
epoch=8 step=23440/29520 loss=22.4009 Le=0.0566 Lc=1.3172 Ld=3.5363 Lcons=0.0330 keep=0.813/0.813 lr=1.972e-06 gate_lr=1.972e-06 alpha=0.500+/-0.000 peak_mem=10.40GiB
epoch=8 step=23460/29520 loss=31.7065 Le=0.1542 Lc=1.3052 Ld=3.2018 Lcons=0.0307 keep=0.806/0.806 lr=1.966e-06 gate_lr=1.966e-06 alpha=0.500+/-0.000 peak_mem=10.40GiB
epoch=8 step=23480/29520 loss=24.6337 Le=0.0867 Lc=1.2365 Ld=3.5632 Lcons=0.0337 keep=0.809/0.808 lr=1.960e-06 gate_lr=1.960e-06 alpha=0.500+/-0.000 peak_mem=10.40GiB
epoch=8 step=23500/29520 loss=29.9514 Le=0.1278 Lc=1.3726 Ld=3.4102 Lcons=0.0327 keep=0.807/0.807 lr=1.954e-06 gate_lr=1.954e-06 alpha=0.500+/-0.000 peak_mem=10.40GiB
epoch=8 step=23520/29520 loss=21.8295 Le=0.0598 Lc=1.2351 Ld=3.4671 Lcons=0.0315 keep=0.807/0.807 lr=1.948e-06 gate_lr=1.948e-06 alpha=0.500+/-0.000 peak_mem=10.40GiB
epoch=8 step=23540/29520 loss=26.2516 Le=0.0908 Lc=1.3780 Ld=3.3538 Lcons=0.0410 keep=0.791/0.791 lr=1.942e-06 gate_lr=1.942e-06 alpha=0.500+/-0.000 peak_mem=10.40GiB
epoch=8 step=23560/29520 loss=20.8073 Le=0.0545 Lc=1.2127 Ld=3.1990 Lcons=0.0350 keep=0.776/0.776 lr=1.935e-06 gate_lr=1.935e-06 alpha=0.500+/-0.000 peak_mem=10.40GiB
epoch=8 step=23580/29520 loss=40.5004 Le=0.2376 Lc=1.3611 Ld=3.0925 Lcons=0.0328 keep=0.811/0.811 lr=1.929e-06 gate_lr=1.929e-06 alpha=0.500+/-0.000 peak_mem=10.40GiB
epoch=8 step=23600/29520 loss=32.6568 Le=0.1548 Lc=1.3807 Ld=3.3383 Lcons=0.0307 keep=0.800/0.800 lr=1.923e-06 gate_lr=1.923e-06 alpha=0.500+/-0.000 peak_mem=10.40GiB
epoch=8 checkpoints saved
epoch=9 step=23620/29520 loss=24.8568 Le=0.0803 Lc=1.3433 Ld=3.3529 Lcons=0.0372 keep=0.805/0.805 lr=1.917e-06 gate_lr=1.917e-06 alpha=0.500+/-0.000 peak_mem=10.40GiB
epoch=9 step=23640/29520 loss=23.3764 Le=0.0698 Lc=1.3064 Ld=3.2975 Lcons=0.0307 keep=0.795/0.795 lr=1.911e-06 gate_lr=1.911e-06 alpha=0.500+/-0.000 peak_mem=10.40GiB
epoch=9 step=23660/29520 loss=31.5316 Le=0.1558 Lc=1.2632 Ld=3.2889 Lcons=0.0343 keep=0.788/0.788 lr=1.905e-06 gate_lr=1.905e-06 alpha=0.500+/-0.000 peak_mem=10.40GiB
epoch=9 step=23680/29520 loss=20.9594 Le=0.0397 Lc=1.3551 Ld=3.4064 Lcons=0.0335 keep=0.791/0.791 lr=1.899e-06 gate_lr=1.899e-06 alpha=0.500+/-0.000 peak_mem=10.40GiB
epoch=9 step=23700/29520 loss=24.0647 Le=0.0760 Lc=1.3145 Ld=3.2864 Lcons=0.0322 keep=0.804/0.804 lr=1.894e-06 gate_lr=1.894e-06 alpha=0.500+/-0.000 peak_mem=10.40GiB
epoch=9 step=23720/29520 loss=25.6471 Le=0.0892 Lc=1.3286 Ld=3.4104 Lcons=0.0313 keep=0.787/0.787 lr=1.888e-06 gate_lr=1.888e-06 alpha=0.500+/-0.000 peak_mem=10.40GiB
epoch=9 step=23740/29520 loss=24.5849 Le=0.0870 Lc=1.2489 Ld=3.3651 Lcons=0.0336 keep=0.804/0.804 lr=1.882e-06 gate_lr=1.882e-06 alpha=0.500+/-0.000 peak_mem=10.40GiB
epoch=9 step=23760/29520 loss=29.5570 Le=0.1463 Lc=1.1381 Ld=3.5153 Lcons=0.0332 keep=0.806/0.806 lr=1.876e-06 gate_lr=1.876e-06 alpha=0.500+/-0.000 peak_mem=10.40GiB
epoch=9 step=23780/29520 loss=31.8613 Le=0.1570 Lc=1.2562 Ld=3.5695 Lcons=0.0342 keep=0.810/0.810 lr=1.870e-06 gate_lr=1.870e-06 alpha=0.500+/-0.000 peak_mem=10.40GiB
epoch=9 step=23800/29520 loss=26.5826 Le=0.1158 Lc=1.1511 Ld=3.4591 Lcons=0.0361 keep=0.804/0.804 lr=1.864e-06 gate_lr=1.864e-06 alpha=0.500+/-0.000 peak_mem=10.40GiB
epoch=9 step=23820/29520 loss=21.5130 Le=0.0571 Lc=1.2491 Ld=3.2808 Lcons=0.0341 keep=0.799/0.799 lr=1.858e-06 gate_lr=1.858e-06 alpha=0.500+/-0.000 peak_mem=10.40GiB
epoch=9 step=23840/29520 loss=23.7283 Le=0.0763 Lc=1.2743 Ld=3.3273 Lcons=0.0282 keep=0.811/0.811 lr=1.852e-06 gate_lr=1.852e-06 alpha=0.500+/-0.000 peak_mem=10.40GiB
epoch=9 step=23860/29520 loss=31.7237 Le=0.1595 Lc=1.2434 Ld=3.3066 Lcons=0.0329 keep=0.815/0.815 lr=1.847e-06 gate_lr=1.847e-06 alpha=0.500+/-0.000 peak_mem=10.40GiB
epoch=9 step=23880/29520 loss=25.3780 Le=0.0994 Lc=1.1928 Ld=3.4795 Lcons=0.0332 keep=0.811/0.811 lr=1.841e-06 gate_lr=1.841e-06 alpha=0.500+/-0.000 peak_mem=10.40GiB
epoch=9 step=23900/29520 loss=21.7195 Le=0.0563 Lc=1.2701 Ld=3.3521 Lcons=0.0317 keep=0.818/0.818 lr=1.835e-06 gate_lr=1.835e-06 alpha=0.500+/-0.000 peak_mem=10.40GiB
epoch=9 step=23920/29520 loss=31.2145 Le=0.1544 Lc=1.2381 Ld=3.3615 Lcons=0.0367 keep=0.818/0.818 lr=1.829e-06 gate_lr=1.829e-06 alpha=0.500+/-0.000 peak_mem=10.40GiB
epoch=9 step=23940/29520 loss=29.2786 Le=0.1255 Lc=1.3203 Ld=3.4983 Lcons=0.0305 keep=0.817/0.817 lr=1.824e-06 gate_lr=1.824e-06 alpha=0.500+/-0.000 peak_mem=10.40GiB
epoch=9 step=23960/29520 loss=23.5705 Le=0.0713 Lc=1.2998 Ld=3.4065 Lcons=0.0343 keep=0.829/0.829 lr=1.818e-06 gate_lr=1.818e-06 alpha=0.500+/-0.000 peak_mem=10.40GiB
epoch=9 step=23980/29520 loss=25.1659 Le=0.0939 Lc=1.2463 Ld=3.2730 Lcons=0.0360 keep=0.777/0.777 lr=1.812e-06 gate_lr=1.812e-06 alpha=0.500+/-0.000 peak_mem=10.40GiB
epoch=9 step=24000/29520 loss=27.5688 Le=0.1190 Lc=1.2352 Ld=3.2797 Lcons=0.0363 keep=0.810/0.810 lr=1.807e-06 gate_lr=1.807e-06 alpha=0.500+/-0.000 peak_mem=10.40GiB
epoch=9 step=24020/29520 loss=25.3853 Le=0.0818 Lc=1.3720 Ld=3.4515 Lcons=0.0333 keep=0.783/0.783 lr=1.801e-06 gate_lr=1.801e-06 alpha=0.500+/-0.000 peak_mem=10.40GiB
epoch=9 step=24040/29520 loss=22.6667 Le=0.0609 Lc=1.3056 Ld=3.4945 Lcons=0.0310 keep=0.810/0.810 lr=1.795e-06 gate_lr=1.795e-06 alpha=0.500+/-0.000 peak_mem=10.40GiB
epoch=9 step=24060/29520 loss=30.3235 Le=0.1535 Lc=1.1731 Ld=3.2012 Lcons=0.0369 keep=0.787/0.787 lr=1.790e-06 gate_lr=1.790e-06 alpha=0.500+/-0.000 peak_mem=10.40GiB
epoch=9 step=24080/29520 loss=31.1329 Le=0.1378 Lc=1.3895 Ld=3.4198 Lcons=0.0366 keep=0.782/0.782 lr=1.784e-06 gate_lr=1.784e-06 alpha=0.500+/-0.000 peak_mem=10.40GiB
epoch=9 step=24100/29520 loss=24.3077 Le=0.0893 Lc=1.2011 Ld=3.3331 Lcons=0.0333 keep=0.803/0.803 lr=1.778e-06 gate_lr=1.778e-06 alpha=0.500+/-0.000 peak_mem=10.40GiB
epoch=9 step=24120/29520 loss=23.8896 Le=0.0735 Lc=1.3145 Ld=3.3557 Lcons=0.0346 keep=0.801/0.801 lr=1.773e-06 gate_lr=1.773e-06 alpha=0.500+/-0.000 peak_mem=10.40GiB
epoch=9 step=24140/29520 loss=34.5959 Le=0.1903 Lc=1.2225 Ld=3.3052 Lcons=0.0329 keep=0.792/0.792 lr=1.767e-06 gate_lr=1.767e-06 alpha=0.500+/-0.000 peak_mem=10.40GiB
epoch=9 step=24160/29520 loss=29.7174 Le=0.1314 Lc=1.2922 Ld=3.6204 Lcons=0.0307 keep=0.788/0.788 lr=1.762e-06 gate_lr=1.762e-06 alpha=0.500+/-0.000 peak_mem=10.40GiB
epoch=9 step=24180/29520 loss=24.2160 Le=0.0699 Lc=1.3477 Ld=3.7154 Lcons=0.0321 keep=0.804/0.804 lr=1.756e-06 gate_lr=1.756e-06 alpha=0.500+/-0.000 peak_mem=10.40GiB
epoch=9 step=24200/29520 loss=22.2827 Le=0.0647 Lc=1.2478 Ld=3.3047 Lcons=0.0344 keep=0.811/0.811 lr=1.751e-06 gate_lr=1.751e-06 alpha=0.500+/-0.000 peak_mem=10.40GiB
epoch=9 step=24220/29520 loss=26.0801 Le=0.1007 Lc=1.2678 Ld=3.3044 Lcons=0.0306 keep=0.798/0.798 lr=1.745e-06 gate_lr=1.745e-06 alpha=0.500+/-0.000 peak_mem=10.40GiB
epoch=9 step=24240/29520 loss=20.5309 Le=0.0479 Lc=1.2586 Ld=3.1208 Lcons=0.0324 keep=0.791/0.791 lr=1.740e-06 gate_lr=1.740e-06 alpha=0.500+/-0.000 peak_mem=10.40GiB
epoch=9 step=24260/29520 loss=28.0589 Le=0.1102 Lc=1.3615 Ld=3.3879 Lcons=0.0330 keep=0.822/0.822 lr=1.734e-06 gate_lr=1.734e-06 alpha=0.500+/-0.000 peak_mem=10.40GiB
epoch=9 step=24280/29520 loss=23.9258 Le=0.0739 Lc=1.3126 Ld=3.3748 Lcons=0.0364 keep=0.793/0.793 lr=1.729e-06 gate_lr=1.729e-06 alpha=0.500+/-0.000 peak_mem=10.40GiB
epoch=9 step=24300/29520 loss=24.9117 Le=0.0898 Lc=1.2334 Ld=3.5552 Lcons=0.0381 keep=0.792/0.792 lr=1.724e-06 gate_lr=1.724e-06 alpha=0.500+/-0.000 peak_mem=10.40GiB
epoch=9 step=24320/29520 loss=34.2304 Le=0.1691 Lc=1.3690 Ld=3.5952 Lcons=0.0358 keep=0.801/0.801 lr=1.718e-06 gate_lr=1.718e-06 alpha=0.500+/-0.000 peak_mem=10.40GiB
epoch=9 step=24340/29520 loss=32.0088 Le=0.1507 Lc=1.3515 Ld=3.3913 Lcons=0.0321 keep=0.813/0.813 lr=1.713e-06 gate_lr=1.713e-06 alpha=0.500+/-0.000 peak_mem=10.40GiB
epoch=9 step=24360/29520 loss=30.0416 Le=0.1490 Lc=1.1730 Ld=3.3752 Lcons=0.0325 keep=0.813/0.813 lr=1.708e-06 gate_lr=1.708e-06 alpha=0.500+/-0.000 peak_mem=10.40GiB
epoch=9 step=24380/29520 loss=22.8070 Le=0.0543 Lc=1.3848 Ld=3.4975 Lcons=0.0316 keep=0.802/0.802 lr=1.702e-06 gate_lr=1.702e-06 alpha=0.500+/-0.000 peak_mem=10.40GiB
epoch=9 step=24400/29520 loss=29.4481 Le=0.1393 Lc=1.2052 Ld=3.4359 Lcons=0.0312 keep=0.781/0.781 lr=1.697e-06 gate_lr=1.697e-06 alpha=0.500+/-0.000 peak_mem=10.40GiB
epoch=9 step=24420/29520 loss=23.8901 Le=0.0899 Lc=1.1658 Ld=3.2158 Lcons=0.0311 keep=0.799/0.799 lr=1.692e-06 gate_lr=1.692e-06 alpha=0.500+/-0.000 peak_mem=10.40GiB
epoch=9 step=24440/29520 loss=20.3871 Le=0.0497 Lc=1.1795 Ld=3.5921 Lcons=0.0327 keep=0.805/0.805 lr=1.686e-06 gate_lr=1.686e-06 alpha=0.500+/-0.000 peak_mem=10.40GiB
epoch=9 step=24460/29520 loss=24.7662 Le=0.0869 Lc=1.2626 Ld=3.4107 Lcons=0.0358 keep=0.785/0.785 lr=1.681e-06 gate_lr=1.681e-06 alpha=0.500+/-0.000 peak_mem=10.40GiB
epoch=9 step=24480/29520 loss=21.5327 Le=0.0599 Lc=1.1934 Ld=3.5738 Lcons=0.0355 keep=0.803/0.803 lr=1.676e-06 gate_lr=1.676e-06 alpha=0.500+/-0.000 peak_mem=10.40GiB
epoch=9 step=24500/29520 loss=33.5405 Le=0.1598 Lc=1.4088 Ld=3.4325 Lcons=0.0360 keep=0.786/0.786 lr=1.671e-06 gate_lr=1.671e-06 alpha=0.500+/-0.000 peak_mem=10.40GiB
epoch=9 step=24520/29520 loss=22.6434 Le=0.0531 Lc=1.4058 Ld=3.2440 Lcons=0.0339 keep=0.803/0.803 lr=1.665e-06 gate_lr=1.665e-06 alpha=0.500+/-0.000 peak_mem=10.40GiB
epoch=9 step=24540/29520 loss=27.5235 Le=0.1012 Lc=1.4089 Ld=3.2740 Lcons=0.0401 keep=0.789/0.789 lr=1.660e-06 gate_lr=1.660e-06 alpha=0.500+/-0.000 peak_mem=10.40GiB
epoch=9 step=24560/29520 loss=22.5529 Le=0.0641 Lc=1.2810 Ld=3.2963 Lcons=0.0337 keep=0.813/0.813 lr=1.655e-06 gate_lr=1.655e-06 alpha=0.500+/-0.000 peak_mem=10.40GiB
epoch=9 step=24580/29520 loss=28.1119 Le=0.1274 Lc=1.1873 Ld=3.4657 Lcons=0.0339 keep=0.820/0.820 lr=1.650e-06 gate_lr=1.650e-06 alpha=0.500+/-0.000 peak_mem=10.40GiB
epoch=9 step=24600/29520 loss=21.4827 Le=0.0467 Lc=1.3232 Ld=3.5461 Lcons=0.0356 keep=0.805/0.806 lr=1.645e-06 gate_lr=1.645e-06 alpha=0.500+/-0.000 peak_mem=10.40GiB
epoch=9 step=24620/29520 loss=25.3443 Le=0.0988 Lc=1.2126 Ld=3.3044 Lcons=0.0365 keep=0.791/0.791 lr=1.640e-06 gate_lr=1.640e-06 alpha=0.500+/-0.000 peak_mem=10.40GiB
epoch=9 step=24640/29520 loss=24.3056 Le=0.0690 Lc=1.3973 Ld=3.3970 Lcons=0.0333 keep=0.803/0.803 lr=1.635e-06 gate_lr=1.635e-06 alpha=0.500+/-0.000 peak_mem=10.40GiB
epoch=9 step=24660/29520 loss=39.9872 Le=0.2299 Lc=1.3668 Ld=3.3036 Lcons=0.0305 keep=0.785/0.785 lr=1.630e-06 gate_lr=1.630e-06 alpha=0.500+/-0.000 peak_mem=10.40GiB
epoch=9 step=24680/29520 loss=21.1176 Le=0.0382 Lc=1.3803 Ld=3.4606 Lcons=0.0332 keep=0.794/0.794 lr=1.625e-06 gate_lr=1.625e-06 alpha=0.500+/-0.000 peak_mem=10.40GiB
epoch=9 step=24700/29520 loss=29.9793 Le=0.1370 Lc=1.3045 Ld=3.1962 Lcons=0.0350 keep=0.813/0.813 lr=1.620e-06 gate_lr=1.620e-06 alpha=0.500+/-0.000 peak_mem=10.40GiB
epoch=9 step=24720/29520 loss=23.2001 Le=0.0626 Lc=1.3601 Ld=3.3080 Lcons=0.0327 keep=0.773/0.774 lr=1.615e-06 gate_lr=1.615e-06 alpha=0.500+/-0.000 peak_mem=10.40GiB
epoch=9 step=24740/29520 loss=24.0798 Le=0.0734 Lc=1.3162 Ld=3.5504 Lcons=0.0303 keep=0.798/0.798 lr=1.610e-06 gate_lr=1.610e-06 alpha=0.500+/-0.000 peak_mem=10.40GiB
epoch=9 step=24760/29520 loss=23.9954 Le=0.0752 Lc=1.3132 Ld=3.3075 Lcons=0.0337 keep=0.802/0.802 lr=1.605e-06 gate_lr=1.605e-06 alpha=0.500+/-0.000 peak_mem=10.40GiB
epoch=9 step=24780/29520 loss=21.4671 Le=0.0563 Lc=1.2402 Ld=3.4059 Lcons=0.0326 keep=0.804/0.804 lr=1.600e-06 gate_lr=1.600e-06 alpha=0.500+/-0.000 peak_mem=10.40GiB
epoch=9 step=24800/29520 loss=25.9097 Le=0.1066 Lc=1.1760 Ld=3.4530 Lcons=0.0334 keep=0.798/0.798 lr=1.595e-06 gate_lr=1.595e-06 alpha=0.500+/-0.000 peak_mem=10.40GiB
epoch=9 step=24820/29520 loss=30.0802 Le=0.1328 Lc=1.3532 Ld=3.2343 Lcons=0.0328 keep=0.818/0.818 lr=1.590e-06 gate_lr=1.590e-06 alpha=0.500+/-0.000 peak_mem=10.40GiB
epoch=9 step=24840/29520 loss=20.0213 Le=0.0454 Lc=1.2017 Ld=3.4246 Lcons=0.0369 keep=0.816/0.816 lr=1.585e-06 gate_lr=1.585e-06 alpha=0.500+/-0.000 peak_mem=10.40GiB
epoch=9 step=24860/29520 loss=36.7007 Le=0.2084 Lc=1.2397 Ld=3.4309 Lcons=0.0336 keep=0.785/0.785 lr=1.580e-06 gate_lr=1.580e-06 alpha=0.500+/-0.000 peak_mem=10.40GiB
epoch=9 step=24880/29520 loss=19.5160 Le=0.0482 Lc=1.1114 Ld=3.5486 Lcons=0.0351 keep=0.794/0.794 lr=1.575e-06 gate_lr=1.575e-06 alpha=0.500+/-0.000 peak_mem=10.40GiB
epoch=9 step=24900/29520 loss=19.1607 Le=0.0271 Lc=1.3048 Ld=3.3713 Lcons=0.0340 keep=0.807/0.807 lr=1.570e-06 gate_lr=1.570e-06 alpha=0.500+/-0.000 peak_mem=10.40GiB
epoch=9 step=24920/29520 loss=27.4162 Le=0.1111 Lc=1.2862 Ld=3.4129 Lcons=0.0351 keep=0.804/0.804 lr=1.565e-06 gate_lr=1.565e-06 alpha=0.500+/-0.000 peak_mem=10.40GiB
epoch=9 step=24940/29520 loss=38.1497 Le=0.2216 Lc=1.2353 Ld=3.6072 Lcons=0.0339 keep=0.830/0.830 lr=1.561e-06 gate_lr=1.561e-06 alpha=0.500+/-0.000 peak_mem=10.40GiB
epoch=9 step=24960/29520 loss=22.8079 Le=0.0692 Lc=1.2610 Ld=3.2381 Lcons=0.0350 keep=0.803/0.803 lr=1.556e-06 gate_lr=1.556e-06 alpha=0.500+/-0.000 peak_mem=10.40GiB
epoch=9 step=24980/29520 loss=22.9687 Le=0.0756 Lc=1.2088 Ld=3.2937 Lcons=0.0310 keep=0.771/0.771 lr=1.551e-06 gate_lr=1.551e-06 alpha=0.500+/-0.000 peak_mem=10.40GiB
epoch=9 step=25000/29520 loss=23.4078 Le=0.0822 Lc=1.1660 Ld=3.4932 Lcons=0.0357 keep=0.808/0.808 lr=1.546e-06 gate_lr=1.546e-06 alpha=0.500+/-0.000 peak_mem=10.40GiB
epoch=9 step=25020/29520 loss=22.4104 Le=0.0491 Lc=1.3945 Ld=3.5217 Lcons=0.0327 keep=0.787/0.787 lr=1.542e-06 gate_lr=1.542e-06 alpha=0.500+/-0.000 peak_mem=10.40GiB
epoch=9 step=25040/29520 loss=30.6588 Le=0.1364 Lc=1.3524 Ld=3.4571 Lcons=0.0364 keep=0.782/0.782 lr=1.537e-06 gate_lr=1.537e-06 alpha=0.500+/-0.000 peak_mem=10.40GiB
epoch=9 step=25060/29520 loss=33.2169 Le=0.1705 Lc=1.2962 Ld=3.1784 Lcons=0.0308 keep=0.816/0.816 lr=1.532e-06 gate_lr=1.532e-06 alpha=0.500+/-0.000 peak_mem=10.40GiB
epoch=9 step=25080/29520 loss=23.6401 Le=0.0782 Lc=1.2311 Ld=3.4788 Lcons=0.0321 keep=0.808/0.808 lr=1.528e-06 gate_lr=1.528e-06 alpha=0.500+/-0.000 peak_mem=10.40GiB
epoch=9 step=25100/29520 loss=23.0675 Le=0.0623 Lc=1.3141 Ld=3.6662 Lcons=0.0351 keep=0.818/0.818 lr=1.523e-06 gate_lr=1.523e-06 alpha=0.500+/-0.000 peak_mem=10.40GiB
epoch=9 step=25120/29520 loss=25.8002 Le=0.0980 Lc=1.2696 Ld=3.2705 Lcons=0.0369 keep=0.807/0.807 lr=1.518e-06 gate_lr=1.518e-06 alpha=0.500+/-0.000 peak_mem=10.40GiB
epoch=9 step=25140/29520 loss=26.3366 Le=0.1064 Lc=1.2158 Ld=3.5013 Lcons=0.0330 keep=0.796/0.796 lr=1.514e-06 gate_lr=1.514e-06 alpha=0.500+/-0.000 peak_mem=10.40GiB
epoch=9 step=25160/29520 loss=32.6796 Le=0.1634 Lc=1.2799 Ld=3.5089 Lcons=0.0355 keep=0.811/0.811 lr=1.509e-06 gate_lr=1.509e-06 alpha=0.500+/-0.000 peak_mem=10.40GiB
epoch=9 step=25180/29520 loss=27.9947 Le=0.1132 Lc=1.3194 Ld=3.4410 Lcons=0.0411 keep=0.786/0.786 lr=1.505e-06 gate_lr=1.505e-06 alpha=0.500+/-0.000 peak_mem=10.40GiB
epoch=9 step=25200/29520 loss=26.6201 Le=0.0896 Lc=1.4196 Ld=3.4264 Lcons=0.0377 keep=0.802/0.802 lr=1.500e-06 gate_lr=1.500e-06 alpha=0.500+/-0.000 peak_mem=10.40GiB
epoch=9 step=25220/29520 loss=24.0932 Le=0.0892 Lc=1.1732 Ld=3.4118 Lcons=0.0327 keep=0.835/0.835 lr=1.495e-06 gate_lr=1.495e-06 alpha=0.500+/-0.000 peak_mem=10.40GiB
epoch=9 step=25240/29520 loss=17.5529 Le=0.0124 Lc=1.2951 Ld=3.3200 Lcons=0.0380 keep=0.807/0.807 lr=1.491e-06 gate_lr=1.491e-06 alpha=0.500+/-0.000 peak_mem=10.40GiB
epoch=9 step=25260/29520 loss=22.6195 Le=0.0678 Lc=1.2482 Ld=3.3227 Lcons=0.0320 keep=0.812/0.812 lr=1.486e-06 gate_lr=1.486e-06 alpha=0.500+/-0.000 peak_mem=10.40GiB
epoch=9 step=25280/29520 loss=24.9551 Le=0.1008 Lc=1.1704 Ld=3.1401 Lcons=0.0334 keep=0.795/0.795 lr=1.482e-06 gate_lr=1.482e-06 alpha=0.500+/-0.000 peak_mem=10.40GiB
epoch=9 step=25300/29520 loss=31.2725 Le=0.1498 Lc=1.2858 Ld=3.3924 Lcons=0.0383 keep=0.799/0.799 lr=1.478e-06 gate_lr=1.478e-06 alpha=0.500+/-0.000 peak_mem=10.40GiB
epoch=9 step=25320/29520 loss=22.6580 Le=0.0770 Lc=1.1529 Ld=3.3953 Lcons=0.0325 keep=0.812/0.812 lr=1.473e-06 gate_lr=1.473e-06 alpha=0.500+/-0.000 peak_mem=10.40GiB
epoch=9 step=25340/29520 loss=19.3429 Le=0.0352 Lc=1.2452 Ld=3.3353 Lcons=0.0335 keep=0.776/0.776 lr=1.469e-06 gate_lr=1.469e-06 alpha=0.500+/-0.000 peak_mem=10.40GiB
epoch=9 step=25360/29520 loss=24.3955 Le=0.0874 Lc=1.2026 Ld=3.5918 Lcons=0.0350 keep=0.819/0.819 lr=1.464e-06 gate_lr=1.464e-06 alpha=0.500+/-0.000 peak_mem=10.40GiB
epoch=9 step=25380/29520 loss=27.0225 Le=0.1212 Lc=1.1831 Ld=3.0322 Lcons=0.0350 keep=0.801/0.801 lr=1.460e-06 gate_lr=1.460e-06 alpha=0.500+/-0.000 peak_mem=10.40GiB
epoch=9 step=25400/29520 loss=30.8540 Le=0.1403 Lc=1.3440 Ld=3.3499 Lcons=0.0330 keep=0.798/0.798 lr=1.456e-06 gate_lr=1.456e-06 alpha=0.500+/-0.000 peak_mem=10.40GiB
epoch=9 step=25420/29520 loss=27.7408 Le=0.1209 Lc=1.2208 Ld=3.4068 Lcons=0.0339 keep=0.818/0.818 lr=1.451e-06 gate_lr=1.451e-06 alpha=0.500+/-0.000 peak_mem=10.40GiB
epoch=9 step=25440/29520 loss=21.8861 Le=0.0474 Lc=1.3823 Ld=3.2936 Lcons=0.0309 keep=0.801/0.801 lr=1.447e-06 gate_lr=1.447e-06 alpha=0.500+/-0.000 peak_mem=10.40GiB
epoch=9 step=25460/29520 loss=22.3767 Le=0.0649 Lc=1.2480 Ld=3.3699 Lcons=0.0325 keep=0.797/0.797 lr=1.443e-06 gate_lr=1.443e-06 alpha=0.500+/-0.000 peak_mem=10.40GiB
epoch=9 step=25480/29520 loss=22.9443 Le=0.0711 Lc=1.2268 Ld=3.5362 Lcons=0.0333 keep=0.785/0.785 lr=1.438e-06 gate_lr=1.438e-06 alpha=0.500+/-0.000 peak_mem=10.40GiB
epoch=9 step=25500/29520 loss=19.4736 Le=0.0285 Lc=1.3267 Ld=3.3215 Lcons=0.0320 keep=0.801/0.801 lr=1.434e-06 gate_lr=1.434e-06 alpha=0.500+/-0.000 peak_mem=10.40GiB
epoch=9 step=25520/29520 loss=21.9300 Le=0.0600 Lc=1.2686 Ld=3.2092 Lcons=0.0329 keep=0.807/0.807 lr=1.430e-06 gate_lr=1.430e-06 alpha=0.500+/-0.000 peak_mem=10.40GiB
epoch=9 step=25540/29520 loss=23.6702 Le=0.0667 Lc=1.3529 Ld=3.4365 Lcons=0.0329 keep=0.769/0.769 lr=1.426e-06 gate_lr=1.426e-06 alpha=0.500+/-0.000 peak_mem=10.40GiB
epoch=9 step=25560/29520 loss=22.1360 Le=0.0577 Lc=1.3071 Ld=3.2649 Lcons=0.0340 keep=0.779/0.779 lr=1.421e-06 gate_lr=1.421e-06 alpha=0.500+/-0.000 peak_mem=10.40GiB
epoch=9 step=25580/29520 loss=22.2778 Le=0.0599 Lc=1.2735 Ld=3.5181 Lcons=0.0340 keep=0.784/0.784 lr=1.417e-06 gate_lr=1.417e-06 alpha=0.500+/-0.000 peak_mem=10.40GiB
epoch=9 step=25600/29520 loss=23.3751 Le=0.0801 Lc=1.2198 Ld=3.1352 Lcons=0.0357 keep=0.799/0.799 lr=1.413e-06 gate_lr=1.413e-06 alpha=0.500+/-0.000 peak_mem=10.40GiB
epoch=9 step=25620/29520 loss=21.5692 Le=0.0543 Lc=1.2899 Ld=3.2086 Lcons=0.0331 keep=0.810/0.810 lr=1.409e-06 gate_lr=1.409e-06 alpha=0.500+/-0.000 peak_mem=10.40GiB
epoch=9 step=25640/29520 loss=30.5139 Le=0.1551 Lc=1.1621 Ld=3.3446 Lcons=0.0344 keep=0.816/0.816 lr=1.405e-06 gate_lr=1.405e-06 alpha=0.500+/-0.000 peak_mem=10.40GiB
epoch=9 step=25660/29520 loss=28.1309 Le=0.1153 Lc=1.3028 Ld=3.5401 Lcons=0.0349 keep=0.810/0.810 lr=1.401e-06 gate_lr=1.401e-06 alpha=0.500+/-0.000 peak_mem=10.40GiB
epoch=9 step=25680/29520 loss=24.6880 Le=0.0946 Lc=1.1929 Ld=3.2662 Lcons=0.0362 keep=0.806/0.806 lr=1.397e-06 gate_lr=1.397e-06 alpha=0.500+/-0.000 peak_mem=10.40GiB
epoch=9 step=25700/29520 loss=29.9939 Le=0.1464 Lc=1.2024 Ld=3.2924 Lcons=0.0374 keep=0.799/0.799 lr=1.393e-06 gate_lr=1.393e-06 alpha=0.500+/-0.000 peak_mem=10.40GiB
epoch=9 step=25720/29520 loss=21.6303 Le=0.0629 Lc=1.1916 Ld=3.3878 Lcons=0.0382 keep=0.782/0.782 lr=1.389e-06 gate_lr=1.389e-06 alpha=0.500+/-0.000 peak_mem=10.40GiB
epoch=9 step=25740/29520 loss=25.0152 Le=0.0874 Lc=1.2646 Ld=3.5908 Lcons=0.0353 keep=0.800/0.800 lr=1.384e-06 gate_lr=1.384e-06 alpha=0.500+/-0.000 peak_mem=10.40GiB
epoch=9 step=25760/29520 loss=24.4120 Le=0.0817 Lc=1.2913 Ld=3.2918 Lcons=0.0325 keep=0.801/0.801 lr=1.380e-06 gate_lr=1.380e-06 alpha=0.500+/-0.000 peak_mem=10.40GiB
epoch=9 step=25780/29520 loss=25.8427 Le=0.0986 Lc=1.2580 Ld=3.3577 Lcons=0.0410 keep=0.815/0.815 lr=1.377e-06 gate_lr=1.377e-06 alpha=0.500+/-0.000 peak_mem=10.40GiB
epoch=9 step=25800/29520 loss=23.0321 Le=0.0686 Lc=1.2602 Ld=3.5347 Lcons=0.0374 keep=0.789/0.789 lr=1.373e-06 gate_lr=1.373e-06 alpha=0.500+/-0.000 peak_mem=10.40GiB
epoch=9 step=25820/29520 loss=20.3023 Le=0.0589 Lc=1.0874 Ld=3.5001 Lcons=0.0343 keep=0.798/0.798 lr=1.369e-06 gate_lr=1.369e-06 alpha=0.500+/-0.000 peak_mem=10.40GiB
epoch=9 step=25840/29520 loss=20.6842 Le=0.0589 Lc=1.1366 Ld=3.3929 Lcons=0.0323 keep=0.807/0.807 lr=1.365e-06 gate_lr=1.365e-06 alpha=0.500+/-0.000 peak_mem=10.40GiB
epoch=9 step=25860/29520 loss=24.3215 Le=0.0858 Lc=1.2296 Ld=3.4133 Lcons=0.0313 keep=0.819/0.819 lr=1.361e-06 gate_lr=1.361e-06 alpha=0.500+/-0.000 peak_mem=10.40GiB
epoch=9 step=25880/29520 loss=29.7482 Le=0.1376 Lc=1.2419 Ld=3.5393 Lcons=0.0332 keep=0.804/0.804 lr=1.357e-06 gate_lr=1.357e-06 alpha=0.500+/-0.000 peak_mem=10.40GiB
epoch=9 step=25900/29520 loss=18.6586 Le=0.0309 Lc=1.2139 Ld=3.3958 Lcons=0.0362 keep=0.797/0.797 lr=1.353e-06 gate_lr=1.353e-06 alpha=0.500+/-0.000 peak_mem=10.40GiB
epoch=9 step=25920/29520 loss=27.1479 Le=0.1073 Lc=1.3160 Ld=3.2211 Lcons=0.0322 keep=0.778/0.778 lr=1.349e-06 gate_lr=1.349e-06 alpha=0.500+/-0.000 peak_mem=10.40GiB
epoch=9 step=25940/29520 loss=23.0157 Le=0.0578 Lc=1.3996 Ld=3.2064 Lcons=0.0344 keep=0.792/0.792 lr=1.345e-06 gate_lr=1.345e-06 alpha=0.500+/-0.000 peak_mem=10.40GiB
epoch=9 step=25960/29520 loss=27.8050 Le=0.1282 Lc=1.1476 Ld=3.4759 Lcons=0.0370 keep=0.799/0.799 lr=1.342e-06 gate_lr=1.342e-06 alpha=0.500+/-0.000 peak_mem=10.40GiB
epoch=9 step=25980/29520 loss=24.2027 Le=0.0759 Lc=1.3099 Ld=3.4771 Lcons=0.0373 keep=0.801/0.801 lr=1.338e-06 gate_lr=1.338e-06 alpha=0.500+/-0.000 peak_mem=10.40GiB
epoch=9 step=26000/29520 loss=19.3336 Le=0.0405 Lc=1.2021 Ld=3.2331 Lcons=0.0342 keep=0.830/0.830 lr=1.334e-06 gate_lr=1.334e-06 alpha=0.500+/-0.000 peak_mem=10.40GiB
epoch=9 step=26020/29520 loss=30.2292 Le=0.1557 Lc=1.1256 Ld=3.3722 Lcons=0.0347 keep=0.802/0.802 lr=1.330e-06 gate_lr=1.330e-06 alpha=0.500+/-0.000 peak_mem=10.40GiB
epoch=9 step=26040/29520 loss=22.4290 Le=0.0584 Lc=1.2992 Ld=3.5630 Lcons=0.0335 keep=0.779/0.779 lr=1.327e-06 gate_lr=1.327e-06 alpha=0.500+/-0.000 peak_mem=10.40GiB
epoch=9 step=26060/29520 loss=26.6207 Le=0.1112 Lc=1.2070 Ld=3.3955 Lcons=0.0337 keep=0.797/0.797 lr=1.323e-06 gate_lr=1.323e-06 alpha=0.500+/-0.000 peak_mem=10.40GiB
epoch=9 step=26080/29520 loss=27.3634 Le=0.1139 Lc=1.2760 Ld=3.1746 Lcons=0.0344 keep=0.778/0.778 lr=1.319e-06 gate_lr=1.319e-06 alpha=0.500+/-0.000 peak_mem=10.40GiB
epoch=9 step=26100/29520 loss=20.2400 Le=0.0428 Lc=1.2674 Ld=3.2442 Lcons=0.0375 keep=0.779/0.779 lr=1.316e-06 gate_lr=1.316e-06 alpha=0.500+/-0.000 peak_mem=10.40GiB
epoch=9 step=26120/29520 loss=24.1965 Le=0.0775 Lc=1.3252 Ld=3.1645 Lcons=0.0320 keep=0.800/0.800 lr=1.312e-06 gate_lr=1.312e-06 alpha=0.500+/-0.000 peak_mem=10.40GiB
epoch=9 step=26140/29520 loss=23.8977 Le=0.0810 Lc=1.2394 Ld=3.3711 Lcons=0.0321 keep=0.810/0.810 lr=1.308e-06 gate_lr=1.308e-06 alpha=0.500+/-0.000 peak_mem=10.40GiB
epoch=9 step=26160/29520 loss=19.5370 Le=0.0405 Lc=1.2010 Ld=3.4463 Lcons=0.0338 keep=0.785/0.785 lr=1.305e-06 gate_lr=1.305e-06 alpha=0.500+/-0.000 peak_mem=10.40GiB
epoch=9 step=26180/29520 loss=29.0613 Le=0.1419 Lc=1.1469 Ld=3.3726 Lcons=0.0309 keep=0.784/0.784 lr=1.301e-06 gate_lr=1.301e-06 alpha=0.500+/-0.000 peak_mem=10.40GiB
epoch=9 step=26200/29520 loss=34.1997 Le=0.1736 Lc=1.3259 Ld=3.5492 Lcons=0.0361 keep=0.791/0.791 lr=1.298e-06 gate_lr=1.298e-06 alpha=0.500+/-0.000 peak_mem=10.40GiB
epoch=9 step=26220/29520 loss=21.3394 Le=0.0549 Lc=1.2511 Ld=3.3099 Lcons=0.0309 keep=0.823/0.823 lr=1.294e-06 gate_lr=1.294e-06 alpha=0.500+/-0.000 peak_mem=10.40GiB
epoch=9 step=26240/29520 loss=22.7169 Le=0.0478 Lc=1.4560 Ld=3.3423 Lcons=0.0386 keep=0.815/0.815 lr=1.291e-06 gate_lr=1.291e-06 alpha=0.500+/-0.000 peak_mem=10.40GiB
epoch=9 step=26260/29520 loss=26.0644 Le=0.0970 Lc=1.2821 Ld=3.5060 Lcons=0.0329 keep=0.801/0.801 lr=1.287e-06 gate_lr=1.287e-06 alpha=0.500+/-0.000 peak_mem=10.40GiB
epoch=9 step=26280/29520 loss=17.3511 Le=0.0146 Lc=1.2248 Ld=3.6010 Lcons=0.0380 keep=0.813/0.813 lr=1.284e-06 gate_lr=1.284e-06 alpha=0.500+/-0.000 peak_mem=10.40GiB
epoch=9 step=26300/29520 loss=27.9016 Le=0.1199 Lc=1.2534 Ld=3.3444 Lcons=0.0349 keep=0.789/0.789 lr=1.280e-06 gate_lr=1.280e-06 alpha=0.500+/-0.000 peak_mem=10.40GiB
epoch=9 step=26320/29520 loss=37.5287 Le=0.2048 Lc=1.3442 Ld=3.5710 Lcons=0.0330 keep=0.818/0.818 lr=1.277e-06 gate_lr=1.277e-06 alpha=0.500+/-0.000 peak_mem=10.40GiB
epoch=9 step=26340/29520 loss=25.7891 Le=0.1074 Lc=1.1634 Ld=3.3828 Lcons=0.0314 keep=0.809/0.809 lr=1.273e-06 gate_lr=1.273e-06 alpha=0.500+/-0.000 peak_mem=10.40GiB
epoch=9 step=26360/29520 loss=30.0975 Le=0.1492 Lc=1.1869 Ld=3.2756 Lcons=0.0286 keep=0.814/0.814 lr=1.270e-06 gate_lr=1.270e-06 alpha=0.500+/-0.000 peak_mem=10.40GiB
epoch=9 step=26380/29520 loss=31.0024 Le=0.1521 Lc=1.2583 Ld=3.1746 Lcons=0.0363 keep=0.785/0.785 lr=1.267e-06 gate_lr=1.267e-06 alpha=0.500+/-0.000 peak_mem=10.40GiB
epoch=9 step=26400/29520 loss=25.2035 Le=0.0907 Lc=1.2764 Ld=3.3350 Lcons=0.0328 keep=0.799/0.799 lr=1.263e-06 gate_lr=1.263e-06 alpha=0.500+/-0.000 peak_mem=10.40GiB
epoch=9 step=26420/29520 loss=23.3727 Le=0.0842 Lc=1.1649 Ld=3.2677 Lcons=0.0320 keep=0.804/0.804 lr=1.260e-06 gate_lr=1.260e-06 alpha=0.500+/-0.000 peak_mem=10.40GiB
epoch=9 step=26440/29520 loss=31.5146 Le=0.1568 Lc=1.2439 Ld=3.3642 Lcons=0.0307 keep=0.791/0.791 lr=1.257e-06 gate_lr=1.257e-06 alpha=0.500+/-0.000 peak_mem=10.40GiB
epoch=9 step=26460/29520 loss=26.1795 Le=0.0919 Lc=1.3579 Ld=3.3823 Lcons=0.0302 keep=0.793/0.793 lr=1.253e-06 gate_lr=1.253e-06 alpha=0.500+/-0.000 peak_mem=10.40GiB
epoch=9 step=26480/29520 loss=29.1784 Le=0.1201 Lc=1.3769 Ld=3.3680 Lcons=0.0324 keep=0.783/0.783 lr=1.250e-06 gate_lr=1.250e-06 alpha=0.500+/-0.000 peak_mem=10.40GiB
epoch=9 step=26500/29520 loss=20.2602 Le=0.0546 Lc=1.1716 Ld=3.0518 Lcons=0.0355 keep=0.783/0.783 lr=1.247e-06 gate_lr=1.247e-06 alpha=0.500+/-0.000 peak_mem=10.40GiB
epoch=9 step=26520/29520 loss=21.0550 Le=0.0567 Lc=1.1818 Ld=3.5294 Lcons=0.0342 keep=0.814/0.814 lr=1.243e-06 gate_lr=1.243e-06 alpha=0.500+/-0.000 peak_mem=10.40GiB
epoch=9 step=26540/29520 loss=22.3914 Le=0.0628 Lc=1.2582 Ld=3.4943 Lcons=0.0335 keep=0.798/0.798 lr=1.240e-06 gate_lr=1.240e-06 alpha=0.500+/-0.000 peak_mem=10.40GiB
epoch=9 step=26560/29520 loss=30.5343 Le=0.1348 Lc=1.3843 Ld=3.1776 Lcons=0.0322 keep=0.792/0.792 lr=1.237e-06 gate_lr=1.237e-06 alpha=0.500+/-0.000 peak_mem=10.40GiB
epoch=9 checkpoints saved
epoch=10 step=26580/29520 loss=31.6481 Le=0.1557 Lc=1.2486 Ld=3.5564 Lcons=0.0334 keep=0.796/0.796 lr=1.234e-06 gate_lr=1.234e-06 alpha=0.500+/-0.000 peak_mem=10.40GiB
epoch=10 step=26600/29520 loss=24.6472 Le=0.0875 Lc=1.2808 Ld=3.0535 Lcons=0.0359 keep=0.788/0.788 lr=1.231e-06 gate_lr=1.231e-06 alpha=0.500+/-0.000 peak_mem=10.40GiB
epoch=10 step=26620/29520 loss=33.9068 Le=0.1689 Lc=1.3204 Ld=3.7800 Lcons=0.0321 keep=0.807/0.807 lr=1.228e-06 gate_lr=1.228e-06 alpha=0.500+/-0.000 peak_mem=10.40GiB
epoch=10 step=26640/29520 loss=19.0364 Le=0.0406 Lc=1.1776 Ld=3.1701 Lcons=0.0340 keep=0.830/0.830 lr=1.225e-06 gate_lr=1.225e-06 alpha=0.500+/-0.000 peak_mem=10.40GiB
epoch=10 step=26660/29520 loss=31.2319 Le=0.1542 Lc=1.2222 Ld=3.5538 Lcons=0.0377 keep=0.803/0.803 lr=1.221e-06 gate_lr=1.221e-06 alpha=0.500+/-0.000 peak_mem=10.40GiB
epoch=10 step=26680/29520 loss=23.6192 Le=0.0730 Lc=1.2743 Ld=3.5343 Lcons=0.0404 keep=0.788/0.788 lr=1.218e-06 gate_lr=1.218e-06 alpha=0.500+/-0.000 peak_mem=10.40GiB
epoch=10 step=26700/29520 loss=23.4219 Le=0.0815 Lc=1.2029 Ld=3.2133 Lcons=0.0345 keep=0.787/0.787 lr=1.215e-06 gate_lr=1.215e-06 alpha=0.500+/-0.000 peak_mem=10.40GiB
epoch=10 step=26720/29520 loss=24.9348 Le=0.0841 Lc=1.3165 Ld=3.3276 Lcons=0.0372 keep=0.788/0.788 lr=1.212e-06 gate_lr=1.212e-06 alpha=0.500+/-0.000 peak_mem=10.40GiB
epoch=10 step=26740/29520 loss=24.8409 Le=0.0925 Lc=1.2361 Ld=3.1944 Lcons=0.0331 keep=0.795/0.795 lr=1.209e-06 gate_lr=1.209e-06 alpha=0.500+/-0.000 peak_mem=10.40GiB
epoch=10 step=26760/29520 loss=20.0073 Le=0.0464 Lc=1.1855 Ld=3.4789 Lcons=0.0344 keep=0.788/0.788 lr=1.206e-06 gate_lr=1.206e-06 alpha=0.500+/-0.000 peak_mem=10.40GiB
epoch=10 step=26780/29520 loss=24.4056 Le=0.0873 Lc=1.2278 Ld=3.3672 Lcons=0.0333 keep=0.816/0.816 lr=1.203e-06 gate_lr=1.203e-06 alpha=0.500+/-0.000 peak_mem=10.40GiB
epoch=10 step=26800/29520 loss=22.3277 Le=0.0686 Lc=1.2156 Ld=3.2767 Lcons=0.0314 keep=0.804/0.804 lr=1.200e-06 gate_lr=1.200e-06 alpha=0.500+/-0.000 peak_mem=10.40GiB
epoch=10 step=26820/29520 loss=30.9292 Le=0.1495 Lc=1.2773 Ld=3.1696 Lcons=0.0367 keep=0.805/0.805 lr=1.198e-06 gate_lr=1.198e-06 alpha=0.500+/-0.000 peak_mem=10.40GiB
epoch=10 step=26840/29520 loss=24.8248 Le=0.0754 Lc=1.3726 Ld=3.5279 Lcons=0.0357 keep=0.774/0.774 lr=1.195e-06 gate_lr=1.195e-06 alpha=0.500+/-0.000 peak_mem=10.40GiB
epoch=10 step=26860/29520 loss=21.6928 Le=0.0458 Lc=1.3713 Ld=3.3636 Lcons=0.0386 keep=0.786/0.786 lr=1.192e-06 gate_lr=1.192e-06 alpha=0.500+/-0.000 peak_mem=10.40GiB
epoch=10 step=26880/29520 loss=21.3293 Le=0.0750 Lc=1.0255 Ld=3.5413 Lcons=0.0294 keep=0.796/0.796 lr=1.189e-06 gate_lr=1.189e-06 alpha=0.500+/-0.000 peak_mem=10.40GiB
epoch=10 step=26900/29520 loss=27.3938 Le=0.1158 Lc=1.2159 Ld=3.6199 Lcons=0.0342 keep=0.799/0.799 lr=1.186e-06 gate_lr=1.186e-06 alpha=0.500+/-0.000 peak_mem=10.40GiB
epoch=10 step=26920/29520 loss=20.8952 Le=0.0465 Lc=1.2745 Ld=3.4647 Lcons=0.0316 keep=0.795/0.795 lr=1.183e-06 gate_lr=1.183e-06 alpha=0.500+/-0.000 peak_mem=10.40GiB
epoch=10 step=26940/29520 loss=28.3676 Le=0.1225 Lc=1.2414 Ld=3.6720 Lcons=0.0324 keep=0.788/0.788 lr=1.181e-06 gate_lr=1.181e-06 alpha=0.500+/-0.000 peak_mem=10.40GiB
epoch=10 step=26960/29520 loss=20.7824 Le=0.0524 Lc=1.2185 Ld=3.3258 Lcons=0.0346 keep=0.811/0.811 lr=1.178e-06 gate_lr=1.178e-06 alpha=0.500+/-0.000 peak_mem=10.40GiB
epoch=10 step=26980/29520 loss=22.4911 Le=0.0664 Lc=1.2739 Ld=3.0745 Lcons=0.0383 keep=0.813/0.813 lr=1.175e-06 gate_lr=1.175e-06 alpha=0.500+/-0.000 peak_mem=10.40GiB
epoch=10 step=27000/29520 loss=25.1557 Le=0.0826 Lc=1.3624 Ld=3.2410 Lcons=0.0322 keep=0.813/0.813 lr=1.172e-06 gate_lr=1.172e-06 alpha=0.500+/-0.000 peak_mem=10.40GiB
epoch=10 step=27020/29520 loss=35.3251 Le=0.1878 Lc=1.3289 Ld=3.2218 Lcons=0.0319 keep=0.794/0.794 lr=1.170e-06 gate_lr=1.170e-06 alpha=0.500+/-0.000 peak_mem=10.40GiB
epoch=10 step=27040/29520 loss=22.5913 Le=0.0686 Lc=1.2456 Ld=3.2438 Lcons=0.0335 keep=0.790/0.790 lr=1.167e-06 gate_lr=1.167e-06 alpha=0.500+/-0.000 peak_mem=10.40GiB
epoch=10 step=27060/29520 loss=21.0924 Le=0.0457 Lc=1.2978 Ld=3.5072 Lcons=0.0351 keep=0.803/0.803 lr=1.164e-06 gate_lr=1.164e-06 alpha=0.500+/-0.000 peak_mem=10.40GiB
epoch=10 step=27080/29520 loss=31.5166 Le=0.1568 Lc=1.2297 Ld=3.5121 Lcons=0.0310 keep=0.808/0.808 lr=1.162e-06 gate_lr=1.162e-06 alpha=0.500+/-0.000 peak_mem=10.40GiB
epoch=10 step=27100/29520 loss=20.2174 Le=0.0560 Lc=1.1275 Ld=3.3095 Lcons=0.0341 keep=0.791/0.791 lr=1.159e-06 gate_lr=1.159e-06 alpha=0.500+/-0.000 peak_mem=10.40GiB
epoch=10 step=27120/29520 loss=30.4263 Le=0.1531 Lc=1.1954 Ld=3.1254 Lcons=0.0329 keep=0.769/0.769 lr=1.156e-06 gate_lr=1.156e-06 alpha=0.500+/-0.000 peak_mem=10.40GiB
epoch=10 step=27140/29520 loss=20.8404 Le=0.0500 Lc=1.2694 Ld=3.1109 Lcons=0.0363 keep=0.806/0.806 lr=1.154e-06 gate_lr=1.154e-06 alpha=0.500+/-0.000 peak_mem=10.40GiB
epoch=10 step=27160/29520 loss=22.2955 Le=0.0652 Lc=1.2641 Ld=3.0954 Lcons=0.0343 keep=0.820/0.820 lr=1.151e-06 gate_lr=1.151e-06 alpha=0.500+/-0.000 peak_mem=10.40GiB
epoch=10 step=27180/29520 loss=31.3916 Le=0.1438 Lc=1.3430 Ld=3.5434 Lcons=0.0361 keep=0.795/0.795 lr=1.149e-06 gate_lr=1.149e-06 alpha=0.500+/-0.000 peak_mem=10.40GiB
epoch=10 step=27200/29520 loss=23.7831 Le=0.0816 Lc=1.2461 Ld=3.1295 Lcons=0.0342 keep=0.790/0.790 lr=1.146e-06 gate_lr=1.146e-06 alpha=0.500+/-0.000 peak_mem=10.40GiB
epoch=10 step=27220/29520 loss=26.1461 Le=0.1100 Lc=1.1733 Ld=3.3771 Lcons=0.0333 keep=0.802/0.802 lr=1.144e-06 gate_lr=1.144e-06 alpha=0.500+/-0.000 peak_mem=10.40GiB
epoch=10 step=27240/29520 loss=28.0508 Le=0.1209 Lc=1.2534 Ld=3.3900 Lcons=0.0374 keep=0.818/0.818 lr=1.141e-06 gate_lr=1.141e-06 alpha=0.500+/-0.000 peak_mem=10.40GiB
epoch=10 step=27260/29520 loss=23.2613 Le=0.0725 Lc=1.2630 Ld=3.3364 Lcons=0.0409 keep=0.802/0.802 lr=1.139e-06 gate_lr=1.139e-06 alpha=0.500+/-0.000 peak_mem=10.40GiB
epoch=10 step=27280/29520 loss=29.6676 Le=0.1360 Lc=1.2808 Ld=3.2237 Lcons=0.0326 keep=0.786/0.786 lr=1.136e-06 gate_lr=1.136e-06 alpha=0.500+/-0.000 peak_mem=10.40GiB
epoch=10 step=27300/29520 loss=30.3059 Le=0.1394 Lc=1.2923 Ld=3.4140 Lcons=0.0308 keep=0.800/0.800 lr=1.134e-06 gate_lr=1.134e-06 alpha=0.500+/-0.000 peak_mem=10.40GiB
epoch=10 step=27320/29520 loss=20.3936 Le=0.0497 Lc=1.2237 Ld=3.1593 Lcons=0.0325 keep=0.797/0.797 lr=1.131e-06 gate_lr=1.131e-06 alpha=0.500+/-0.000 peak_mem=10.40GiB
epoch=10 step=27340/29520 loss=26.4342 Le=0.0993 Lc=1.3031 Ld=3.4445 Lcons=0.0317 keep=0.797/0.797 lr=1.129e-06 gate_lr=1.129e-06 alpha=0.500+/-0.000 peak_mem=10.40GiB
epoch=10 step=27360/29520 loss=28.8125 Le=0.1226 Lc=1.3176 Ld=3.3399 Lcons=0.0364 keep=0.798/0.798 lr=1.127e-06 gate_lr=1.127e-06 alpha=0.500+/-0.000 peak_mem=10.40GiB
epoch=10 step=27380/29520 loss=25.0920 Le=0.0711 Lc=1.4576 Ld=3.3689 Lcons=0.0365 keep=0.788/0.788 lr=1.124e-06 gate_lr=1.124e-06 alpha=0.500+/-0.000 peak_mem=10.40GiB
epoch=10 step=27400/29520 loss=29.1276 Le=0.1277 Lc=1.3041 Ld=3.2786 Lcons=0.0355 keep=0.816/0.816 lr=1.122e-06 gate_lr=1.122e-06 alpha=0.500+/-0.000 peak_mem=10.40GiB
epoch=10 step=27420/29520 loss=21.2680 Le=0.0631 Lc=1.1585 Ld=3.3360 Lcons=0.0334 keep=0.783/0.783 lr=1.120e-06 gate_lr=1.120e-06 alpha=0.500+/-0.000 peak_mem=10.40GiB
epoch=10 step=27440/29520 loss=21.2373 Le=0.0555 Lc=1.2260 Ld=3.3898 Lcons=0.0330 keep=0.806/0.806 lr=1.118e-06 gate_lr=1.118e-06 alpha=0.500+/-0.000 peak_mem=10.40GiB
epoch=10 step=27460/29520 loss=20.8772 Le=0.0534 Lc=1.2139 Ld=3.3663 Lcons=0.0330 keep=0.791/0.791 lr=1.115e-06 gate_lr=1.115e-06 alpha=0.500+/-0.000 peak_mem=10.40GiB
epoch=10 step=27480/29520 loss=20.0193 Le=0.0341 Lc=1.3100 Ld=3.4754 Lcons=0.0302 keep=0.814/0.814 lr=1.113e-06 gate_lr=1.113e-06 alpha=0.500+/-0.000 peak_mem=10.40GiB
epoch=10 step=27500/29520 loss=26.0688 Le=0.1079 Lc=1.1985 Ld=3.2655 Lcons=0.0299 keep=0.778/0.778 lr=1.111e-06 gate_lr=1.111e-06 alpha=0.500+/-0.000 peak_mem=10.40GiB
epoch=10 step=27520/29520 loss=20.8219 Le=0.0359 Lc=1.3832 Ld=3.3691 Lcons=0.0320 keep=0.795/0.795 lr=1.109e-06 gate_lr=1.109e-06 alpha=0.500+/-0.000 peak_mem=10.40GiB
epoch=10 step=27540/29520 loss=23.6555 Le=0.0659 Lc=1.3517 Ld=3.5184 Lcons=0.0327 keep=0.811/0.811 lr=1.107e-06 gate_lr=1.107e-06 alpha=0.500+/-0.000 peak_mem=10.40GiB
epoch=10 step=27560/29520 loss=18.9606 Le=0.0325 Lc=1.2316 Ld=3.3584 Lcons=0.0369 keep=0.816/0.816 lr=1.104e-06 gate_lr=1.104e-06 alpha=0.500+/-0.000 peak_mem=10.40GiB
epoch=10 step=27580/29520 loss=38.7488 Le=0.2288 Lc=1.2347 Ld=3.4856 Lcons=0.0351 keep=0.803/0.803 lr=1.102e-06 gate_lr=1.102e-06 alpha=0.500+/-0.000 peak_mem=10.40GiB
epoch=10 step=27600/29520 loss=25.4984 Le=0.0978 Lc=1.2476 Ld=3.2053 Lcons=0.0326 keep=0.818/0.818 lr=1.100e-06 gate_lr=1.100e-06 alpha=0.500+/-0.000 peak_mem=10.40GiB
epoch=10 step=27620/29520 loss=19.9649 Le=0.0456 Lc=1.1965 Ld=3.4123 Lcons=0.0320 keep=0.821/0.821 lr=1.098e-06 gate_lr=1.098e-06 alpha=0.500+/-0.000 peak_mem=10.40GiB
epoch=10 step=27640/29520 loss=19.9549 Le=0.0496 Lc=1.1670 Ld=3.2884 Lcons=0.0356 keep=0.803/0.803 lr=1.096e-06 gate_lr=1.096e-06 alpha=0.500+/-0.000 peak_mem=10.40GiB
epoch=10 step=27660/29520 loss=23.6968 Le=0.0708 Lc=1.3480 Ld=3.1024 Lcons=0.0381 keep=0.802/0.802 lr=1.094e-06 gate_lr=1.094e-06 alpha=0.500+/-0.000 peak_mem=10.40GiB
epoch=10 step=27680/29520 loss=23.7501 Le=0.0947 Lc=1.0828 Ld=3.4180 Lcons=0.0330 keep=0.785/0.785 lr=1.092e-06 gate_lr=1.092e-06 alpha=0.500+/-0.000 peak_mem=10.40GiB
epoch=10 step=27700/29520 loss=24.0913 Le=0.0894 Lc=1.1624 Ld=3.4901 Lcons=0.0352 keep=0.780/0.780 lr=1.090e-06 gate_lr=1.090e-06 alpha=0.500+/-0.000 peak_mem=10.40GiB
epoch=10 step=27720/29520 loss=22.4070 Le=0.0705 Lc=1.1917 Ld=3.4033 Lcons=0.0324 keep=0.818/0.818 lr=1.088e-06 gate_lr=1.088e-06 alpha=0.500+/-0.000 peak_mem=10.40GiB
epoch=10 step=27740/29520 loss=30.6951 Le=0.1403 Lc=1.3344 Ld=3.2835 Lcons=0.0334 keep=0.811/0.810 lr=1.086e-06 gate_lr=1.086e-06 alpha=0.500+/-0.000 peak_mem=10.40GiB
epoch=10 step=27760/29520 loss=20.7042 Le=0.0425 Lc=1.3261 Ld=3.1583 Lcons=0.0319 keep=0.815/0.815 lr=1.084e-06 gate_lr=1.084e-06 alpha=0.500+/-0.000 peak_mem=10.40GiB
epoch=10 step=27780/29520 loss=25.8939 Le=0.0957 Lc=1.2963 Ld=3.3273 Lcons=0.0345 keep=0.811/0.812 lr=1.082e-06 gate_lr=1.082e-06 alpha=0.500+/-0.000 peak_mem=10.40GiB
epoch=10 step=27800/29520 loss=25.9620 Le=0.1071 Lc=1.1898 Ld=3.3167 Lcons=0.0356 keep=0.795/0.795 lr=1.081e-06 gate_lr=1.081e-06 alpha=0.500+/-0.000 peak_mem=10.40GiB
epoch=10 step=27820/29520 loss=34.1472 Le=0.1848 Lc=1.2580 Ld=3.0531 Lcons=0.0344 keep=0.815/0.815 lr=1.079e-06 gate_lr=1.079e-06 alpha=0.500+/-0.000 peak_mem=10.40GiB
epoch=10 step=27840/29520 loss=26.7492 Le=0.1142 Lc=1.1786 Ld=3.5155 Lcons=0.0305 keep=0.790/0.790 lr=1.077e-06 gate_lr=1.077e-06 alpha=0.500+/-0.000 peak_mem=10.40GiB
epoch=10 step=27860/29520 loss=25.2531 Le=0.0987 Lc=1.2087 Ld=3.2604 Lcons=0.0329 keep=0.779/0.779 lr=1.075e-06 gate_lr=1.075e-06 alpha=0.500+/-0.000 peak_mem=10.40GiB
epoch=10 step=27880/29520 loss=21.8934 Le=0.0685 Lc=1.1810 Ld=3.2060 Lcons=0.0322 keep=0.797/0.797 lr=1.073e-06 gate_lr=1.073e-06 alpha=0.500+/-0.000 peak_mem=10.40GiB
epoch=10 step=27900/29520 loss=29.7227 Le=0.1415 Lc=1.2191 Ld=3.3494 Lcons=0.0325 keep=0.806/0.806 lr=1.071e-06 gate_lr=1.071e-06 alpha=0.500+/-0.000 peak_mem=10.40GiB
epoch=10 step=27920/29520 loss=24.4902 Le=0.0925 Lc=1.1935 Ld=3.2700 Lcons=0.0354 keep=0.778/0.778 lr=1.070e-06 gate_lr=1.070e-06 alpha=0.500+/-0.000 peak_mem=10.40GiB
epoch=10 step=27940/29520 loss=23.9288 Le=0.0844 Lc=1.2072 Ld=3.3773 Lcons=0.0370 keep=0.801/0.801 lr=1.068e-06 gate_lr=1.068e-06 alpha=0.500+/-0.000 peak_mem=10.40GiB
epoch=10 step=27960/29520 loss=21.2951 Le=0.0495 Lc=1.2812 Ld=3.4994 Lcons=0.0371 keep=0.805/0.805 lr=1.066e-06 gate_lr=1.066e-06 alpha=0.500+/-0.000 peak_mem=10.40GiB
epoch=10 step=27980/29520 loss=31.8684 Le=0.1573 Lc=1.2832 Ld=3.2678 Lcons=0.0382 keep=0.809/0.809 lr=1.065e-06 gate_lr=1.065e-06 alpha=0.500+/-0.000 peak_mem=10.40GiB
epoch=10 step=28000/29520 loss=24.4358 Le=0.0897 Lc=1.2211 Ld=3.2171 Lcons=0.0335 keep=0.815/0.815 lr=1.063e-06 gate_lr=1.063e-06 alpha=0.500+/-0.000 peak_mem=10.40GiB
epoch=10 step=28020/29520 loss=26.3293 Le=0.1067 Lc=1.2240 Ld=3.3822 Lcons=0.0341 keep=0.795/0.795 lr=1.061e-06 gate_lr=1.061e-06 alpha=0.500+/-0.000 peak_mem=10.40GiB
epoch=10 step=28040/29520 loss=31.5853 Le=0.1454 Lc=1.3556 Ld=3.4585 Lcons=0.0343 keep=0.798/0.798 lr=1.060e-06 gate_lr=1.060e-06 alpha=0.500+/-0.000 peak_mem=10.40GiB
epoch=10 step=28060/29520 loss=22.4603 Le=0.0710 Lc=1.2116 Ld=3.2137 Lcons=0.0320 keep=0.813/0.813 lr=1.058e-06 gate_lr=1.058e-06 alpha=0.500+/-0.000 peak_mem=10.40GiB
epoch=10 step=28080/29520 loss=28.3384 Le=0.1234 Lc=1.2704 Ld=3.2555 Lcons=0.0394 keep=0.802/0.802 lr=1.056e-06 gate_lr=1.056e-06 alpha=0.500+/-0.000 peak_mem=10.40GiB
epoch=10 step=28100/29520 loss=22.9981 Le=0.0737 Lc=1.2332 Ld=3.2643 Lcons=0.0333 keep=0.797/0.797 lr=1.055e-06 gate_lr=1.055e-06 alpha=0.500+/-0.000 peak_mem=10.40GiB
epoch=10 step=28120/29520 loss=22.4992 Le=0.0560 Lc=1.3847 Ld=3.0142 Lcons=0.0356 keep=0.801/0.801 lr=1.053e-06 gate_lr=1.053e-06 alpha=0.500+/-0.000 peak_mem=10.40GiB
epoch=10 step=28140/29520 loss=16.9034 Le=0.0132 Lc=1.2180 Ld=3.3688 Lcons=0.0342 keep=0.793/0.793 lr=1.052e-06 gate_lr=1.052e-06 alpha=0.500+/-0.000 peak_mem=10.40GiB
epoch=10 step=28160/29520 loss=23.2346 Le=0.0722 Lc=1.2709 Ld=3.2704 Lcons=0.0395 keep=0.798/0.798 lr=1.050e-06 gate_lr=1.050e-06 alpha=0.500+/-0.000 peak_mem=10.40GiB
epoch=10 step=28180/29520 loss=25.8682 Le=0.0905 Lc=1.3252 Ld=3.5301 Lcons=0.0334 keep=0.803/0.803 lr=1.049e-06 gate_lr=1.049e-06 alpha=0.500+/-0.000 peak_mem=10.40GiB
epoch=10 step=28200/29520 loss=24.0484 Le=0.0990 Lc=1.0956 Ld=3.1576 Lcons=0.0332 keep=0.822/0.822 lr=1.047e-06 gate_lr=1.047e-06 alpha=0.500+/-0.000 peak_mem=10.40GiB
epoch=10 step=28220/29520 loss=27.3458 Le=0.1223 Lc=1.1928 Ld=3.1490 Lcons=0.0348 keep=0.793/0.793 lr=1.046e-06 gate_lr=1.046e-06 alpha=0.500+/-0.000 peak_mem=10.40GiB
epoch=10 step=28240/29520 loss=22.5114 Le=0.0730 Lc=1.1876 Ld=3.2993 Lcons=0.0345 keep=0.804/0.804 lr=1.045e-06 gate_lr=1.045e-06 alpha=0.500+/-0.000 peak_mem=10.40GiB
epoch=10 step=28260/29520 loss=24.3945 Le=0.0833 Lc=1.2718 Ld=3.3123 Lcons=0.0303 keep=0.808/0.808 lr=1.043e-06 gate_lr=1.043e-06 alpha=0.500+/-0.000 peak_mem=10.40GiB
epoch=10 step=28280/29520 loss=25.5572 Le=0.1025 Lc=1.1877 Ld=3.3951 Lcons=0.0340 keep=0.805/0.805 lr=1.042e-06 gate_lr=1.042e-06 alpha=0.500+/-0.000 peak_mem=10.40GiB
epoch=10 step=28300/29520 loss=29.5872 Le=0.1513 Lc=1.1007 Ld=3.4211 Lcons=0.0309 keep=0.799/0.799 lr=1.041e-06 gate_lr=1.041e-06 alpha=0.500+/-0.000 peak_mem=10.40GiB
epoch=10 step=28320/29520 loss=21.6575 Le=0.0668 Lc=1.1570 Ld=3.3765 Lcons=0.0341 keep=0.784/0.784 lr=1.039e-06 gate_lr=1.039e-06 alpha=0.500+/-0.000 peak_mem=10.40GiB
epoch=10 step=28340/29520 loss=28.3754 Le=0.1274 Lc=1.2176 Ld=3.4331 Lcons=0.0294 keep=0.797/0.797 lr=1.038e-06 gate_lr=1.038e-06 alpha=0.500+/-0.000 peak_mem=10.40GiB
epoch=10 step=28360/29520 loss=23.2565 Le=0.0633 Lc=1.3581 Ld=3.3120 Lcons=0.0323 keep=0.807/0.807 lr=1.037e-06 gate_lr=1.037e-06 alpha=0.500+/-0.000 peak_mem=10.40GiB
epoch=10 step=28380/29520 loss=30.4076 Le=0.1305 Lc=1.4015 Ld=3.3052 Lcons=0.0347 keep=0.806/0.806 lr=1.035e-06 gate_lr=1.035e-06 alpha=0.500+/-0.000 peak_mem=10.40GiB
epoch=10 step=28400/29520 loss=29.5196 Le=0.1240 Lc=1.3700 Ld=3.3814 Lcons=0.0336 keep=0.790/0.790 lr=1.034e-06 gate_lr=1.034e-06 alpha=0.500+/-0.000 peak_mem=10.40GiB
epoch=10 step=28420/29520 loss=25.2302 Le=0.0996 Lc=1.1817 Ld=3.4178 Lcons=0.0349 keep=0.810/0.810 lr=1.033e-06 gate_lr=1.033e-06 alpha=0.500+/-0.000 peak_mem=10.40GiB
epoch=10 step=28440/29520 loss=19.8201 Le=0.0409 Lc=1.2382 Ld=3.3192 Lcons=0.0326 keep=0.818/0.818 lr=1.032e-06 gate_lr=1.032e-06 alpha=0.500+/-0.000 peak_mem=10.40GiB
epoch=10 step=28460/29520 loss=23.6102 Le=0.0786 Lc=1.2307 Ld=3.4098 Lcons=0.0375 keep=0.803/0.803 lr=1.031e-06 gate_lr=1.031e-06 alpha=0.500+/-0.000 peak_mem=10.40GiB
epoch=10 step=28480/29520 loss=21.1565 Le=0.0625 Lc=1.1713 Ld=3.1575 Lcons=0.0313 keep=0.777/0.777 lr=1.029e-06 gate_lr=1.029e-06 alpha=0.500+/-0.000 peak_mem=10.40GiB
epoch=10 step=28500/29520 loss=24.0576 Le=0.0849 Lc=1.2184 Ld=3.3548 Lcons=0.0303 keep=0.811/0.811 lr=1.028e-06 gate_lr=1.028e-06 alpha=0.500+/-0.000 peak_mem=10.40GiB
epoch=10 step=28520/29520 loss=46.1965 Le=0.2965 Lc=1.3239 Ld=3.2706 Lcons=0.0325 keep=0.789/0.789 lr=1.027e-06 gate_lr=1.027e-06 alpha=0.500+/-0.000 peak_mem=10.40GiB
epoch=10 step=28540/29520 loss=32.6747 Le=0.1636 Lc=1.3045 Ld=3.2365 Lcons=0.0361 keep=0.816/0.816 lr=1.026e-06 gate_lr=1.026e-06 alpha=0.500+/-0.000 peak_mem=10.40GiB
epoch=10 step=28560/29520 loss=22.2979 Le=0.0598 Lc=1.2653 Ld=3.6267 Lcons=0.0338 keep=0.794/0.794 lr=1.025e-06 gate_lr=1.025e-06 alpha=0.500+/-0.000 peak_mem=10.40GiB
epoch=10 step=28580/29520 loss=32.6345 Le=0.1789 Lc=1.1484 Ld=3.2260 Lcons=0.0354 keep=0.807/0.807 lr=1.024e-06 gate_lr=1.024e-06 alpha=0.500+/-0.000 peak_mem=10.40GiB
epoch=10 step=28600/29520 loss=22.3038 Le=0.0680 Lc=1.2136 Ld=3.3380 Lcons=0.0330 keep=0.794/0.794 lr=1.023e-06 gate_lr=1.023e-06 alpha=0.500+/-0.000 peak_mem=10.40GiB
epoch=10 step=28620/29520 loss=20.8482 Le=0.0615 Lc=1.1284 Ld=3.3840 Lcons=0.0307 keep=0.793/0.793 lr=1.022e-06 gate_lr=1.022e-06 alpha=0.500+/-0.000 peak_mem=10.40GiB
epoch=10 step=28640/29520 loss=43.9789 Le=0.2654 Lc=1.3913 Ld=3.4931 Lcons=0.0311 keep=0.793/0.793 lr=1.021e-06 gate_lr=1.021e-06 alpha=0.500+/-0.000 peak_mem=10.40GiB
epoch=10 step=28660/29520 loss=24.3185 Le=0.0806 Lc=1.3124 Ld=3.1014 Lcons=0.0355 keep=0.806/0.806 lr=1.020e-06 gate_lr=1.020e-06 alpha=0.500+/-0.000 peak_mem=10.40GiB
epoch=10 step=28680/29520 loss=23.1376 Le=0.0844 Lc=1.1383 Ld=3.2799 Lcons=0.0312 keep=0.786/0.786 lr=1.019e-06 gate_lr=1.019e-06 alpha=0.500+/-0.000 peak_mem=10.40GiB
epoch=10 step=28700/29520 loss=26.7358 Le=0.1211 Lc=1.1263 Ld=3.3329 Lcons=0.0319 keep=0.811/0.810 lr=1.018e-06 gate_lr=1.018e-06 alpha=0.500+/-0.000 peak_mem=10.40GiB
epoch=10 step=28720/29520 loss=21.9495 Le=0.0617 Lc=1.2555 Ld=3.1882 Lcons=0.0357 keep=0.808/0.808 lr=1.017e-06 gate_lr=1.017e-06 alpha=0.500+/-0.000 peak_mem=10.40GiB
epoch=10 step=28740/29520 loss=26.7703 Le=0.0941 Lc=1.4115 Ld=3.2091 Lcons=0.0349 keep=0.797/0.797 lr=1.017e-06 gate_lr=1.017e-06 alpha=0.500+/-0.000 peak_mem=10.40GiB
epoch=10 step=28760/29520 loss=18.5251 Le=0.0305 Lc=1.1858 Ld=3.5869 Lcons=0.0333 keep=0.787/0.787 lr=1.016e-06 gate_lr=1.016e-06 alpha=0.500+/-0.000 peak_mem=10.40GiB
epoch=10 step=28780/29520 loss=23.8909 Le=0.0826 Lc=1.2367 Ld=3.2315 Lcons=0.0303 keep=0.826/0.826 lr=1.015e-06 gate_lr=1.015e-06 alpha=0.500+/-0.000 peak_mem=10.40GiB
epoch=10 step=28800/29520 loss=21.1819 Le=0.0516 Lc=1.2710 Ld=3.2790 Lcons=0.0334 keep=0.810/0.810 lr=1.014e-06 gate_lr=1.014e-06 alpha=0.500+/-0.000 peak_mem=10.40GiB
epoch=10 step=28820/29520 loss=24.5011 Le=0.0760 Lc=1.3273 Ld=3.5972 Lcons=0.0314 keep=0.792/0.792 lr=1.013e-06 gate_lr=1.013e-06 alpha=0.500+/-0.000 peak_mem=10.40GiB
epoch=10 step=28840/29520 loss=21.8469 Le=0.0693 Lc=1.1674 Ld=3.2059 Lcons=0.0334 keep=0.813/0.813 lr=1.013e-06 gate_lr=1.013e-06 alpha=0.500+/-0.000 peak_mem=10.40GiB
epoch=10 step=28860/29520 loss=21.6220 Le=0.0444 Lc=1.3691 Ld=3.4582 Lcons=0.0335 keep=0.806/0.806 lr=1.012e-06 gate_lr=1.012e-06 alpha=0.500+/-0.000 peak_mem=10.40GiB
epoch=10 step=28880/29520 loss=20.8481 Le=0.0494 Lc=1.2569 Ld=3.3041 Lcons=0.0348 keep=0.784/0.784 lr=1.011e-06 gate_lr=1.011e-06 alpha=0.500+/-0.000 peak_mem=10.40GiB
epoch=10 step=28900/29520 loss=20.4891 Le=0.0528 Lc=1.1987 Ld=3.1868 Lcons=0.0320 keep=0.807/0.807 lr=1.010e-06 gate_lr=1.010e-06 alpha=0.500+/-0.000 peak_mem=10.40GiB
epoch=10 step=28920/29520 loss=28.8572 Le=0.1287 Lc=1.2482 Ld=3.4709 Lcons=0.0389 keep=0.815/0.815 lr=1.010e-06 gate_lr=1.010e-06 alpha=0.500+/-0.000 peak_mem=10.40GiB
epoch=10 step=28940/29520 loss=23.6251 Le=0.0863 Lc=1.1607 Ld=3.3560 Lcons=0.0326 keep=0.798/0.798 lr=1.009e-06 gate_lr=1.009e-06 alpha=0.500+/-0.000 peak_mem=10.40GiB
epoch=10 step=28960/29520 loss=24.6755 Le=0.0778 Lc=1.3521 Ld=3.3358 Lcons=0.0338 keep=0.787/0.787 lr=1.009e-06 gate_lr=1.009e-06 alpha=0.500+/-0.000 peak_mem=10.40GiB
epoch=10 step=28980/29520 loss=19.6157 Le=0.0457 Lc=1.1547 Ld=3.4633 Lcons=0.0326 keep=0.800/0.800 lr=1.008e-06 gate_lr=1.008e-06 alpha=0.500+/-0.000 peak_mem=10.40GiB
epoch=10 step=29000/29520 loss=26.8518 Le=0.1151 Lc=1.1809 Ld=3.4874 Lcons=0.0414 keep=0.790/0.790 lr=1.007e-06 gate_lr=1.007e-06 alpha=0.500+/-0.000 peak_mem=10.40GiB
epoch=10 step=29020/29520 loss=22.6662 Le=0.0698 Lc=1.1945 Ld=3.7092 Lcons=0.0355 keep=0.824/0.824 lr=1.007e-06 gate_lr=1.007e-06 alpha=0.500+/-0.000 peak_mem=10.40GiB
epoch=10 step=29040/29520 loss=31.4769 Le=0.1479 Lc=1.3344 Ld=3.3125 Lcons=0.0317 keep=0.793/0.793 lr=1.006e-06 gate_lr=1.006e-06 alpha=0.500+/-0.000 peak_mem=10.40GiB
epoch=10 step=29060/29520 loss=19.4677 Le=0.0391 Lc=1.2107 Ld=3.4138 Lcons=0.0358 keep=0.802/0.802 lr=1.006e-06 gate_lr=1.006e-06 alpha=0.500+/-0.000 peak_mem=10.40GiB
epoch=10 step=29080/29520 loss=26.9161 Le=0.1167 Lc=1.1674 Ld=3.5314 Lcons=0.0368 keep=0.802/0.802 lr=1.005e-06 gate_lr=1.005e-06 alpha=0.500+/-0.000 peak_mem=10.40GiB
epoch=10 step=29100/29520 loss=18.6970 Le=0.0176 Lc=1.3479 Ld=3.4241 Lcons=0.0366 keep=0.815/0.815 lr=1.005e-06 gate_lr=1.005e-06 alpha=0.500+/-0.000 peak_mem=10.40GiB
epoch=10 step=29120/29520 loss=22.8887 Le=0.0702 Lc=1.2335 Ld=3.4947 Lcons=0.0352 keep=0.792/0.792 lr=1.004e-06 gate_lr=1.004e-06 alpha=0.500+/-0.000 peak_mem=10.40GiB
epoch=10 step=29140/29520 loss=32.6908 Le=0.1730 Lc=1.1744 Ld=3.6144 Lcons=0.0349 keep=0.809/0.809 lr=1.004e-06 gate_lr=1.004e-06 alpha=0.500+/-0.000 peak_mem=10.40GiB
epoch=10 step=29160/29520 loss=21.0662 Le=0.0506 Lc=1.2835 Ld=3.1337 Lcons=0.0338 keep=0.783/0.783 lr=1.004e-06 gate_lr=1.004e-06 alpha=0.500+/-0.000 peak_mem=10.40GiB
epoch=10 step=29180/29520 loss=24.1189 Le=0.0695 Lc=1.3668 Ld=3.4682 Lcons=0.0369 keep=0.814/0.814 lr=1.003e-06 gate_lr=1.003e-06 alpha=0.500+/-0.000 peak_mem=10.40GiB
epoch=10 step=29200/29520 loss=25.8451 Le=0.1012 Lc=1.2405 Ld=3.2793 Lcons=0.0376 keep=0.801/0.801 lr=1.003e-06 gate_lr=1.003e-06 alpha=0.500+/-0.000 peak_mem=10.40GiB
epoch=10 step=29220/29520 loss=21.1925 Le=0.0639 Lc=1.1539 Ld=3.2283 Lcons=0.0320 keep=0.798/0.798 lr=1.002e-06 gate_lr=1.002e-06 alpha=0.500+/-0.000 peak_mem=10.40GiB
epoch=10 step=29240/29520 loss=26.3998 Le=0.1054 Lc=1.2499 Ld=3.3220 Lcons=0.0367 keep=0.808/0.808 lr=1.002e-06 gate_lr=1.002e-06 alpha=0.500+/-0.000 peak_mem=10.40GiB
epoch=10 step=29260/29520 loss=29.9999 Le=0.1294 Lc=1.3488 Ld=3.5422 Lcons=0.0350 keep=0.819/0.819 lr=1.002e-06 gate_lr=1.002e-06 alpha=0.500+/-0.000 peak_mem=10.40GiB
epoch=10 step=29280/29520 loss=22.4136 Le=0.0604 Lc=1.2827 Ld=3.5141 Lcons=0.0305 keep=0.821/0.821 lr=1.002e-06 gate_lr=1.002e-06 alpha=0.500+/-0.000 peak_mem=10.40GiB
epoch=10 step=29300/29520 loss=25.7360 Le=0.0862 Lc=1.3794 Ld=3.2841 Lcons=0.0384 keep=0.818/0.818 lr=1.001e-06 gate_lr=1.001e-06 alpha=0.500+/-0.000 peak_mem=10.40GiB
epoch=10 step=29320/29520 loss=23.6123 Le=0.0705 Lc=1.3057 Ld=3.4684 Lcons=0.0358 keep=0.789/0.789 lr=1.001e-06 gate_lr=1.001e-06 alpha=0.500+/-0.000 peak_mem=10.40GiB
epoch=10 step=29340/29520 loss=24.4385 Le=0.0785 Lc=1.3114 Ld=3.4392 Lcons=0.0315 keep=0.776/0.776 lr=1.001e-06 gate_lr=1.001e-06 alpha=0.500+/-0.000 peak_mem=10.40GiB
epoch=10 step=29360/29520 loss=24.5706 Le=0.0778 Lc=1.3161 Ld=3.5916 Lcons=0.0354 keep=0.786/0.786 lr=1.001e-06 gate_lr=1.001e-06 alpha=0.500+/-0.000 peak_mem=10.40GiB
epoch=10 step=29380/29520 loss=21.9227 Le=0.0532 Lc=1.3382 Ld=3.1886 Lcons=0.0356 keep=0.791/0.791 lr=1.001e-06 gate_lr=1.001e-06 alpha=0.500+/-0.000 peak_mem=10.40GiB
epoch=10 step=29400/29520 loss=28.5931 Le=0.1308 Lc=1.2022 Ld=3.4507 Lcons=0.0361 keep=0.798/0.798 lr=1.000e-06 gate_lr=1.000e-06 alpha=0.500+/-0.000 peak_mem=10.40GiB
epoch=10 step=29420/29520 loss=24.8192 Le=0.0636 Lc=1.4927 Ld=3.4994 Lcons=0.0307 keep=0.806/0.806 lr=1.000e-06 gate_lr=1.000e-06 alpha=0.500+/-0.000 peak_mem=10.40GiB
epoch=10 step=29440/29520 loss=25.0782 Le=0.1043 Lc=1.1453 Ld=3.1544 Lcons=0.0371 keep=0.791/0.791 lr=1.000e-06 gate_lr=1.000e-06 alpha=0.500+/-0.000 peak_mem=10.40GiB
epoch=10 step=29460/29520 loss=26.2211 Le=0.0923 Lc=1.3276 Ld=3.6836 Lcons=0.0358 keep=0.790/0.790 lr=1.000e-06 gate_lr=1.000e-06 alpha=0.500+/-0.000 peak_mem=10.40GiB
epoch=10 step=29480/29520 loss=28.3040 Le=0.1199 Lc=1.2788 Ld=3.4894 Lcons=0.0337 keep=0.806/0.806 lr=1.000e-06 gate_lr=1.000e-06 alpha=0.500+/-0.000 peak_mem=10.40GiB
epoch=10 step=29500/29520 loss=26.3076 Le=0.0907 Lc=1.3977 Ld=3.2324 Lcons=0.0322 keep=0.819/0.819 lr=1.000e-06 gate_lr=1.000e-06 alpha=0.500+/-0.000 peak_mem=10.40GiB
epoch=10 step=29520/29520 loss=18.8967 Le=0.0383 Lc=1.1583 Ld=3.4539 Lcons=0.0330 keep=0.819/0.819 lr=1.000e-06 gate_lr=1.000e-06 alpha=0.500+/-0.000 peak_mem=10.40GiB
epoch=10 checkpoints saved
