epoch,step,loss,embedding,classification,decoder,consistency,sketch_keep_ratio,sketch_view2_keep_ratio,lr,gate_lr,alpha_mean,alpha_std,alpha_p10,alpha_p50,alpha_p90,seconds
1,1,498.3620300292969,4.5644850730896,3.0772769451141357,11.10451602935791,0.03621385246515274,0.7930205464363098,0.793022632598877,1e-08,1e-08,0.5,0.0,0.5,0.5,0.5,10.537058591842651
1,20,394.6261291503906,3.5259900093078613,3.0910167694091797,11.089465141296387,0.027508428320288658,0.8177157044410706,0.8177168965339661,2.0000000000000002e-07,2.0000000000000002e-07,0.5,0.0,0.5,0.5,0.5,29.595171689987183
1,40,393.8550109863281,3.5228700637817383,3.0478153228759766,11.060457229614258,0.029386024922132492,0.7999036908149719,0.7999315857887268,4.0000000000000003e-07,4.0000000000000003e-07,0.5,0.0,0.5,0.5,0.5,51.590861082077026
1,60,293.5950622558594,2.5127370357513428,3.127892017364502,11.013876914978027,0.028574194759130478,0.7818320393562317,0.7818966507911682,6.000000000000001e-07,6.000000000000001e-07,0.5,0.0,0.5,0.5,0.5,72.32224702835083
1,80,197.8384246826172,1.5541813373565674,3.1469335556030273,10.9271821975708,0.02377903275191784,0.8078322410583496,0.8078346252441406,8.000000000000001e-07,8.000000000000001e-07,0.5,0.0,0.5,0.5,0.5,93.94049835205078
1,100,185.50302124023438,1.4435851573944092,3.0361850261688232,10.762510299682617,0.02014113962650299,0.8256632089614868,0.8256620764732361,1.0000000000000002e-06,1.0000000000000002e-06,0.5,0.0,0.5,0.5,0.5,114.84212803840637
1,120,158.79962158203125,1.1775165796279907,3.048499584197998,10.546503067016602,0.016465293243527412,0.790147602558136,0.7901512980461121,1.2000000000000002e-06,1.2000000000000002e-06,0.5,0.0,0.5,0.5,0.5,135.86790418624878
1,140,173.6427459716797,1.3167006969451904,3.1675162315368652,10.282617568969727,0.014873471111059189,0.826183021068573,0.8261767625808716,1.4000000000000001e-06,1.4000000000000001e-06,0.5,0.0,0.5,0.5,0.5,157.70771646499634
1,160,158.07452392578125,1.1678874492645264,3.126171112060547,10.010241508483887,0.013841993175446987,0.8091712594032288,0.8091489672660828,1.6000000000000001e-06,1.6000000000000001e-06,0.5,0.0,0.5,0.5,0.5,178.59433007240295
1,180,153.12538146972656,1.1145563125610352,3.1837286949157715,9.819259643554688,0.013211349956691265,0.8098443746566772,0.80986487865448,1.8000000000000001e-06,1.8000000000000001e-06,0.5,0.0,0.5,0.5,0.5,200.79682421684265
1,200,122.92970275878906,0.8176130056381226,3.1573333740234375,9.580838203430176,0.014227648265659809,0.7989006638526917,0.7988874912261963,2.0000000000000003e-06,2.0000000000000003e-06,0.5,0.0,0.5,0.5,0.5,221.52302145957947
1,220,122.839111328125,0.8275096416473389,3.061591625213623,9.458807945251465,0.01342004258185625,0.8095748424530029,0.8095681071281433,2.2e-06,2.2e-06,0.5,0.0,0.5,0.5,0.5,243.14974308013916
1,240,139.3892822265625,0.9828951358795166,3.193030834197998,9.156952857971191,0.012516643851995468,0.8116655349731445,0.8116605281829834,2.4000000000000003e-06,2.4000000000000003e-06,0.5,0.0,0.5,0.5,0.5,263.64608097076416
1,260,130.03878784179688,0.9044642448425293,3.039358139038086,9.18640422821045,0.012367991730570793,0.8014165163040161,0.8014050722122192,2.6e-06,2.6e-06,0.5,0.0,0.5,0.5,0.5,285.26542496681213
1,280,134.79725646972656,0.9564332962036133,3.0132272243499756,9.009716987609863,0.011945368722081184,0.799622654914856,0.7996237277984619,2.8000000000000003e-06,2.8000000000000003e-06,0.5,0.0,0.5,0.5,0.5,306.1522014141083
1,300,134.41481018066406,0.9467641115188599,3.0773439407348633,8.950629234313965,0.014328734017908573,0.7953631281852722,0.7953680753707886,3e-06,3e-06,0.5,0.0,0.5,0.5,0.5,327.28552746772766
1,320,113.15262603759766,0.7306014895439148,3.133477210998535,8.74579906463623,0.011908173561096191,0.7914363145828247,0.7914426326751709,3.2000000000000003e-06,3.2000000000000003e-06,0.5,0.0,0.5,0.5,0.5,349.1088047027588
1,340,119.5772476196289,0.7900810241699219,3.186943531036377,8.687080383300781,0.012636913917958736,0.8009492754936218,0.800977349281311,3.4000000000000005e-06,3.4000000000000005e-06,0.5,0.0,0.5,0.5,0.5,369.41319131851196
1,360,104.13578033447266,0.6448936462402344,3.105271816253662,8.581954002380371,0.011741857044398785,0.7942018508911133,0.794213056564331,3.6000000000000003e-06,3.6000000000000003e-06,0.5,0.0,0.5,0.5,0.5,390.974303483963
1,380,131.58189392089844,0.9111441373825073,3.184936285018921,8.602900505065918,0.015207165852189064,0.8094560503959656,0.8094493746757507,3.8000000000000005e-06,3.8000000000000005e-06,0.5,0.0,0.5,0.5,0.5,411.47801899909973
1,400,121.73435974121094,0.8320900201797485,2.995089292526245,8.56143856048584,0.01302234549075365,0.8100699186325073,0.8100661635398865,4.000000000000001e-06,4.000000000000001e-06,0.5,0.0,0.5,0.5,0.5,432.6526622772217
1,420,121.66954040527344,0.8287708759307861,3.0245165824890137,8.534671783447266,0.012616964057087898,0.8120940923690796,0.8120534420013428,4.2000000000000004e-06,4.2000000000000004e-06,0.5,0.0,0.5,0.5,0.5,453.49091696739197
1,440,134.8532257080078,0.9639855623245239,3.010390043258667,8.337800025939941,0.012971688061952591,0.8105033040046692,0.8104985952377319,4.4e-06,4.4e-06,0.5,0.0,0.5,0.5,0.5,474.616868019104
1,460,128.17117309570312,0.8906922340393066,3.0835046768188477,8.251522064208984,0.015377821400761604,0.7906919717788696,0.7906801104545593,4.600000000000001e-06,4.600000000000001e-06,0.5,0.0,0.5,0.5,0.5,496.8856008052826
1,480,138.90875244140625,0.9997709393501282,3.055837631225586,8.360075950622559,0.013204281218349934,0.8049023747444153,0.8049166202545166,4.800000000000001e-06,4.800000000000001e-06,0.5,0.0,0.5,0.5,0.5,519.3261046409607
1,500,128.5511016845703,0.9016937017440796,3.016932249069214,8.201554298400879,0.010852336883544922,0.8294327855110168,0.8294286131858826,5e-06,5e-06,0.5,0.0,0.5,0.5,0.5,540.7261204719543
1,520,120.35372924804688,0.8180582523345947,3.0336339473724365,8.198684692382812,0.012882057577371597,0.7894576787948608,0.7894397377967834,5.2e-06,5.2e-06,0.5,0.0,0.5,0.5,0.5,562.1331429481506
1,540,108.3183822631836,0.7107319831848145,2.919227123260498,8.040163040161133,0.012748854234814644,0.8088569641113281,0.8088574409484863,5.400000000000001e-06,5.400000000000001e-06,0.5,0.0,0.5,0.5,0.5,582.9662942886353
1,560,100.61260986328125,0.6264772415161133,2.9738986492156982,8.212906837463379,0.01299222745001316,0.7916436195373535,0.7916364073753357,5.600000000000001e-06,5.600000000000001e-06,0.5,0.0,0.5,0.5,0.5,606.4121301174164
1,580,119.78394317626953,0.8164092302322388,3.0035762786865234,8.093306541442871,0.013957776129245758,0.802736222743988,0.8027141094207764,5.8e-06,5.8e-06,0.5,0.0,0.5,0.5,0.5,627.7426602840424
1,600,100.81822204589844,0.6370954513549805,2.9003591537475586,8.092106819152832,0.01297452487051487,0.8153043985366821,0.8153079748153687,6e-06,6e-06,0.5,0.0,0.5,0.5,0.5,649.623646736145
1,620,105.1520767211914,0.6799687147140503,2.9024181365966797,8.118138313293457,0.01287783682346344,0.7783440351486206,0.7783432006835938,6.200000000000001e-06,6.200000000000001e-06,0.5,0.0,0.5,0.5,0.5,670.7865569591522
1,640,88.480712890625,0.5143262147903442,2.9017505645751953,8.015912055969238,0.014671951532363892,0.8257038593292236,0.825707197189331,6.4000000000000006e-06,6.4000000000000006e-06,0.5,0.0,0.5,0.5,0.5,692.4858078956604
1,660,89.9383544921875,0.5311558246612549,2.895771026611328,7.850714683532715,0.014351018704473972,0.8017648458480835,0.8017681837081909,6.600000000000001e-06,6.600000000000001e-06,0.5,0.0,0.5,0.5,0.5,713.472838640213
1,680,102.03062438964844,0.6480855941772461,2.94915771484375,7.716965675354004,0.01352116372436285,0.8118742108345032,0.8118464350700378,6.800000000000001e-06,6.800000000000001e-06,0.5,0.0,0.5,0.5,0.5,735.115391254425
1,700,91.4214859008789,0.5472671985626221,2.8877246379852295,7.803235054016113,0.014284155331552029,0.7845988869667053,0.7846108078956604,7e-06,7e-06,0.5,0.0,0.5,0.5,0.5,755.6208209991455
1,720,106.88834381103516,0.7056443095207214,2.862426280975342,7.686396598815918,0.013260328210890293,0.8044366836547852,0.8044429421424866,7.2000000000000005e-06,7.2000000000000005e-06,0.5,0.0,0.5,0.5,0.5,776.8420956134796
1,740,86.17131805419922,0.5010416507720947,2.834437370300293,7.707950592041016,0.014824366196990013,0.7855707406997681,0.785572350025177,7.4e-06,7.4e-06,0.5,0.0,0.5,0.5,0.5,798.8402965068817
1,760,107.45088958740234,0.7094076871871948,2.8771989345550537,7.725677013397217,0.012458901852369308,0.7876956462860107,0.7876899838447571,7.600000000000001e-06,7.600000000000001e-06,0.5,0.0,0.5,0.5,0.5,819.6482172012329
1,780,93.41939544677734,0.5808965563774109,2.774016857147217,7.576165199279785,0.013403917662799358,0.8047459125518799,0.8047325611114502,7.800000000000002e-06,7.800000000000002e-06,0.5,0.0,0.5,0.5,0.5,840.9762270450592
1,800,87.33268737792969,0.5268174409866333,2.6980273723602295,7.657223224639893,0.013442362658679485,0.7988709211349487,0.7988771200180054,8.000000000000001e-06,8.000000000000001e-06,0.5,0.0,0.5,0.5,0.5,861.8197755813599
1,820,87.2783203125,0.5308871269226074,2.6647884845733643,7.529762268066406,0.01195316482335329,0.8077828288078308,0.8077893853187561,8.2e-06,8.2e-06,0.5,0.0,0.5,0.5,0.5,883.4770367145538
1,840,103.74846649169922,0.6740573644638062,2.882772445678711,7.498320579528809,0.016683978959918022,0.8217335939407349,0.8217397332191467,8.400000000000001e-06,8.400000000000001e-06,0.5,0.0,0.5,0.5,0.5,904.2351703643799
1,860,89.14340209960938,0.5385262966156006,2.7882838249206543,7.3926615715026855,0.015263086184859276,0.8034480810165405,0.8034530878067017,8.6e-06,8.6e-06,0.5,0.0,0.5,0.5,0.5,925.5461127758026
1,880,97.73553466796875,0.6311705112457275,2.718759536743164,7.416325569152832,0.014562783762812614,0.8124939799308777,0.8125200867652893,8.8e-06,8.8e-06,0.5,0.0,0.5,0.5,0.5,946.5642638206482
1,900,113.02336120605469,0.7659423351287842,2.899723768234253,7.418857574462891,0.01303312461823225,0.8059713244438171,0.8059529662132263,9e-06,9e-06,0.5,0.0,0.5,0.5,0.5,967.4963014125824
1,920,104.63894653320312,0.6997808218002319,2.7320125102996826,7.328692436218262,0.012057416141033173,0.7862083911895752,0.7861423492431641,9.200000000000002e-06,9.200000000000002e-06,0.5,0.0,0.5,0.5,0.5,989.6612379550934
1,940,97.21500396728516,0.6283086538314819,2.706977367401123,7.302392482757568,0.011979280970990658,0.7823923230171204,0.7823999524116516,9.4e-06,9.4e-06,0.5,0.0,0.5,0.5,0.5,1010.4811956882477
1,960,123.17572784423828,0.8836137056350708,2.7491674423217773,7.3062968254089355,0.01638246513903141,0.8031558394432068,0.8031628131866455,9.600000000000001e-06,9.600000000000001e-06,0.5,0.0,0.5,0.5,0.5,1031.8886528015137
1,980,108.34363555908203,0.7522792816162109,2.5683536529541016,7.417382717132568,0.0147888557985425,0.7769727110862732,0.7769818902015686,9.800000000000001e-06,9.800000000000001e-06,0.5,0.0,0.5,0.5,0.5,1053.0385348796844
1,1000,96.81265258789062,0.630239725112915,2.6545121669769287,7.2285966873168945,0.014958192594349384,0.8018816113471985,0.8018832206726074,1e-05,1e-05,0.5,0.0,0.5,0.5,0.5,1074.0255546569824
1,1020,82.47718048095703,0.48421069979667664,2.6765666007995605,7.277072429656982,0.01337693352252245,0.8224595189094543,0.8225734233856201,9.999989079487085e-06,9.999989079487085e-06,0.5,0.0,0.5,0.5,0.5,1095.2459876537323
1,1040,72.90597534179688,0.4124063551425934,2.455115795135498,7.098544120788574,0.015637073665857315,0.8010430335998535,0.8010293841362,9.999956318001344e-06,9.999956318001344e-06,0.5,0.0,0.5,0.5,0.5,1116.240626335144
1,1060,112.07351684570312,0.7885556221008301,2.6314597129821777,6.886477470397949,0.016882294788956642,0.7817397713661194,0.7817326188087463,9.999901715701785e-06,9.999901715701785e-06,0.5,0.0,0.5,0.5,0.5,1138.6673426628113
1,1080,90.23269653320312,0.5890928506851196,2.44840669631958,6.82406759262085,0.015275737270712852,0.8138033151626587,0.813793420791626,9.999825272853424e-06,9.999825272853424e-06,0.5,0.0,0.5,0.5,0.5,1159.6727938652039
1,1100,78.13983154296875,0.47104358673095703,2.4076342582702637,6.9435930252075195,0.015536903403699398,0.7958225011825562,0.7958139777183533,9.999726989827282e-06,9.999726989827282e-06,0.5,0.0,0.5,0.5,0.5,1181.5466368198395
1,1120,92.66962432861328,0.6101611256599426,2.456599235534668,7.070082664489746,0.01743459701538086,0.7930917143821716,0.7930960059165955,9.99960686710038e-06,9.99960686710038e-06,0.5,0.0,0.5,0.5,0.5,1201.8746964931488
1,1140,99.28021240234375,0.6818103194236755,2.4278056621551514,6.806954383850098,0.014168010093271732,0.8110763430595398,0.8110768795013428,9.999464905255745e-06,9.999464905255745e-06,0.5,0.0,0.5,0.5,0.5,1222.896324634552
1,1160,95.35353088378906,0.6617296934127808,2.2317309379577637,6.84588623046875,0.0173643808811903,0.8175575137138367,0.8175407648086548,9.999301104982392e-06,9.999301104982392e-06,0.5,0.0,0.5,0.5,0.5,1244.0333316326141
1,1180,111.58255004882812,0.8079343438148499,2.385803699493408,6.916599750518799,0.014469709247350693,0.7952399253845215,0.7952401041984558,9.99911546707534e-06,9.99911546707534e-06,0.5,0.0,0.5,0.5,0.5,1264.999830007553
1,1200,60.008243560791016,0.32178574800491333,2.0997257232666016,6.819484233856201,0.012929500080645084,0.7936610579490662,0.7936563491821289,9.998907992435593e-06,9.998907992435593e-06,0.5,0.0,0.5,0.5,0.5,1286.466191291809
1,1220,82.61039733886719,0.5353240370750427,2.237337112426758,6.688684940338135,0.015940962359309196,0.8173272013664246,0.8173196911811829,9.99867868207014e-06,9.99867868207014e-06,0.5,0.0,0.5,0.5,0.5,1307.015005350113
1,1240,84.68766021728516,0.5442582964897156,2.353929042816162,6.709738254547119,0.012804866768419743,0.7959574460983276,0.7959538102149963,9.998427537091955e-06,9.998427537091955e-06,0.5,0.0,0.5,0.5,0.5,1329.173660993576
1,1260,82.72198486328125,0.5507569313049316,2.077737808227539,6.854907035827637,0.014005440287292004,0.8070871829986572,0.8070695400238037,9.998154558719984e-06,9.998154558719984e-06,0.5,0.0,0.5,0.5,0.5,1349.6567704677582
1,1280,70.8204345703125,0.4067882299423218,2.3465914726257324,6.662416934967041,0.013281899504363537,0.7992073893547058,0.7992143630981445,9.997859748279145e-06,9.997859748279145e-06,0.5,0.0,0.5,0.5,0.5,1371.3462717533112
1,1300,86.18008422851562,0.5850926041603088,2.1153640747070312,6.505391597747803,0.011787045747041702,0.7927983999252319,0.7927790880203247,9.99754310720032e-06,9.99754310720032e-06,0.5,0.0,0.5,0.5,0.5,1392.195402622223
1,1320,58.258052825927734,0.2932068705558777,2.2315587997436523,6.603738307952881,0.018040163442492485,0.8043100237846375,0.8043369650840759,9.997204637020343e-06,9.997204637020343e-06,0.5,0.0,0.5,0.5,0.5,1413.7026619911194
1,1340,93.55329132080078,0.6488690376281738,2.1983439922332764,6.6691389083862305,0.013811660930514336,0.8030586838722229,0.8030518889427185,9.996844339382001e-06,9.996844339382001e-06,0.5,0.0,0.5,0.5,0.5,1434.6972665786743
1,1360,66.12325286865234,0.37621474266052246,2.206249713897705,6.424903392791748,0.014380904845893383,0.8090490102767944,0.8091919422149658,9.996462216034021e-06,9.996462216034021e-06,0.5,0.0,0.5,0.5,0.5,1455.4926834106445
1,1380,85.62603759765625,0.5811620950698853,2.108724594116211,6.406200885772705,0.016373781487345695,0.801374077796936,0.8013619184494019,9.996058268831064e-06,9.996058268831064e-06,0.5,0.0,0.5,0.5,0.5,1477.0206279754639
1,1400,81.6046371459961,0.5462095141410828,2.0611188411712646,6.357236385345459,0.015257664956152439,0.799237072467804,0.7992465496063232,9.99563249973371e-06,9.99563249973371e-06,0.5,0.0,0.5,0.5,0.5,1497.2090198993683
1,1420,65.26277160644531,0.3927255868911743,1.9473689794540405,6.503307342529297,0.01321078184992075,0.818541407585144,0.8185297250747681,9.995184910808455e-06,9.995184910808455e-06,0.5,0.0,0.5,0.5,0.5,1519.1677503585815
1,1440,78.24906158447266,0.5152704119682312,2.0401439666748047,6.305209636688232,0.015374278649687767,0.8151257038116455,0.815110445022583,9.9947155042277e-06,9.9947155042277e-06,0.5,0.0,0.5,0.5,0.5,1539.5724029541016
1,1460,77.40188598632812,0.4935871362686157,2.1621201038360596,6.406091690063477,0.015875259414315224,0.7789689898490906,0.7789723873138428,9.994224282269737e-06,9.994224282269737e-06,0.5,0.0,0.5,0.5,0.5,1561.5143239498138
1,1480,77.95577239990234,0.5062386989593506,2.0871031284332275,6.448616027832031,0.012250116094946861,0.8053432703018188,0.8053361177444458,9.993711247318747e-06,9.993711247318747e-06,0.5,0.0,0.5,0.5,0.5,1582.669916152954
1,1500,68.72210693359375,0.43482649326324463,1.902227759361267,6.201809883117676,0.015365585684776306,0.8096418976783752,0.8096535205841064,9.993176401864772e-06,9.993176401864772e-06,0.5,0.0,0.5,0.5,0.5,1603.441755771637
1,1520,71.92325592041016,0.4488913118839264,2.0823159217834473,6.195523262023926,0.01543822418898344,0.8063995242118835,0.8063434958457947,9.992619748503719e-06,9.992619748503719e-06,0.5,0.0,0.5,0.5,0.5,1624.6768214702606
1,1540,71.25787353515625,0.45879554748535156,1.9118149280548096,6.242807865142822,0.017361562699079514,0.7921159267425537,0.7921249866485596,9.992041289937337e-06,9.992041289937337e-06,0.5,0.0,0.5,0.5,0.5,1645.3558542728424
1,1560,92.76427459716797,0.6569226980209351,2.0801329612731934,6.2593841552734375,0.011294626630842686,0.811384916305542,0.8113749623298645,9.991441028973214e-06,9.991441028973214e-06,0.5,0.0,0.5,0.5,0.5,1667.7671144008636
1,1580,70.35104370117188,0.4372137188911438,2.03425931930542,6.2711992263793945,0.015878792852163315,0.809838056564331,0.8098381757736206,9.99081896852475e-06,9.99081896852475e-06,0.5,0.0,0.5,0.5,0.5,1688.2899448871613
1,1600,74.31838989257812,0.4831951856613159,1.979825496673584,6.183689117431641,0.01692374050617218,0.7874922752380371,0.7874757647514343,9.990175111611154e-06,9.990175111611154e-06,0.5,0.0,0.5,0.5,0.5,1709.9736459255219
1,1620,69.70404815673828,0.43482863903045654,1.996159315109253,6.244175434112549,0.015409865416586399,0.806441605091095,0.8064459562301636,9.989509461357428e-06,9.989509461357428e-06,0.5,0.0,0.5,0.5,0.5,1730.541959285736
1,1640,68.42790222167969,0.42773014307022095,1.959186315536499,6.045139312744141,0.017881520092487335,0.776258647441864,0.7762806415557861,9.98882202099434e-06,9.98882202099434e-06,0.5,0.0,0.5,0.5,0.5,1752.13276553154
1,1660,62.25400924682617,0.35961341857910156,2.009727954864502,6.180685520172119,0.01470176037400961,0.8071485161781311,0.8071392774581909,9.988112793858431e-06,9.988112793858431e-06,0.5,0.0,0.5,0.5,0.5,1773.174682855606
1,1680,77.7322998046875,0.5166008472442627,1.994590163230896,6.109129428863525,0.017183968797326088,0.7725511789321899,0.7725698947906494,9.987381783391975e-06,9.987381783391975e-06,0.5,0.0,0.5,0.5,0.5,1793.9246890544891
1,1700,57.73097610473633,0.3326651453971863,1.8298814296722412,6.1472296714782715,0.018418196588754654,0.7922497391700745,0.7922573685646057,9.986628993142976e-06,9.986628993142976e-06,0.5,0.0,0.5,0.5,0.5,1815.6599130630493
1,1720,72.57389068603516,0.469676673412323,1.9309720993041992,6.282004356384277,0.014493349008262157,0.8103253841400146,0.8103138208389282,9.985854426765148e-06,9.985854426765148e-06,0.5,0.0,0.5,0.5,0.5,1836.1906425952911
1,1740,67.32356262207031,0.43439677357673645,1.763964056968689,6.229088306427002,0.015148595906794071,0.794643759727478,0.7946377396583557,9.985058088017898e-06,9.985058088017898e-06,0.5,0.0,0.5,0.5,0.5,1857.5760343074799
1,1760,84.94390106201172,0.5977780818939209,1.9114654064178467,6.036735534667969,0.014701655134558678,0.7933850288391113,0.7933931946754456,9.9842399807663e-06,9.9842399807663e-06,0.5,0.0,0.5,0.5,0.5,1878.6230177879333
1,1780,52.34965515136719,0.28693443536758423,1.7576987743377686,6.060073375701904,0.019149115309119225,0.7772974967956543,0.7772799730300903,9.983400108981094e-06,9.983400108981094e-06,0.5,0.0,0.5,0.5,0.5,1899.7675189971924
1,1800,71.89282989501953,0.4755100607872009,1.8517708778381348,5.806900501251221,0.017217829823493958,0.7971280813217163,0.797127366065979,9.982538476738646e-06,9.982538476738646e-06,0.5,0.0,0.5,0.5,0.5,1921.126678943634
1,1820,83.0614013671875,0.5836028456687927,1.8746821880340576,5.934329986572266,0.019970877096056938,0.7791733145713806,0.7791808247566223,9.98165508822094e-06,9.98165508822094e-06,0.5,0.0,0.5,0.5,0.5,1942.3011982440948
1,1840,48.92280197143555,0.24283933639526367,1.8820748329162598,5.803144454956055,0.014972953125834465,0.8137878179550171,0.8137756586074829,9.980749947715557e-06,9.980749947715557e-06,0.5,0.0,0.5,0.5,0.5,1963.3752579689026
1,1860,70.41065979003906,0.44621542096138,1.9753565788269043,6.018536567687988,0.01701176166534424,0.8028546571731567,0.8028547167778015,9.979823059615653e-06,9.979823059615653e-06,0.5,0.0,0.5,0.5,0.5,1983.9312853813171
1,1880,71.75747680664062,0.46330127120018005,1.9519256353378296,5.891229629516602,0.01687074825167656,0.813531756401062,0.8135315775871277,9.978874428419936e-06,9.978874428419936e-06,0.5,0.0,0.5,0.5,0.5,2006.524228811264
1,1900,73.56910705566406,0.47776639461517334,2.003371000289917,5.741818428039551,0.016934745013713837,0.8129703402519226,0.8129499554634094,9.977904058732645e-06,9.977904058732645e-06,0.5,0.0,0.5,0.5,0.5,2027.4088094234467
1,1920,71.56652069091797,0.46293118596076965,1.9244612455368042,6.0109028816223145,0.017893722280859947,0.8072537183761597,0.8072411417961121,9.976911955263528e-06,9.976911955263528e-06,0.5,0.0,0.5,0.5,0.5,2048.5937056541443
1,1940,60.35475540161133,0.3474654257297516,1.983809232711792,5.753913879394531,0.016206491738557816,0.8001729846000671,0.8001452684402466,9.975898122827822e-06,9.975898122827822e-06,0.5,0.0,0.5,0.5,0.5,2069.3598811626434
1,1960,72.08740234375,0.47679901123046875,1.8621294498443604,5.767947196960449,0.018265441060066223,0.8063299059867859,0.8063196539878845,9.974862566346225e-06,9.974862566346225e-06,0.5,0.0,0.5,0.5,0.5,2090.648459672928
1,1980,63.08880615234375,0.387335866689682,1.872878909111023,5.608085632324219,0.01834924891591072,0.8083138465881348,0.8083226084709167,9.973805290844871e-06,9.973805290844871e-06,0.5,0.0,0.5,0.5,0.5,2111.6787745952606
1,2000,76.94022369384766,0.5212286710739136,1.8994731903076172,5.804036617279053,0.018586711958050728,0.7986735701560974,0.7986291646957397,9.972726301455314e-06,9.972726301455314e-06,0.5,0.0,0.5,0.5,0.5,2132.483950138092
1,2020,60.003990173339844,0.3671628534793854,1.7250127792358398,6.019169807434082,0.018407419323921204,0.8039901852607727,0.8039997816085815,9.971625603414492e-06,9.971625603414492e-06,0.5,0.0,0.5,0.5,0.5,2154.6312930583954
1,2040,56.62386703491211,0.3244256377220154,1.8199114799499512,5.965247631072998,0.01694166660308838,0.8197804093360901,0.8197886347770691,9.970503202064716e-06,9.970503202064716e-06,0.5,0.0,0.5,0.5,0.5,2175.111946105957
1,2060,86.56653594970703,0.6114604473114014,1.953566312789917,5.864079475402832,0.02074434608221054,0.7926350831985474,0.7926363348960876,9.969359102853624e-06,9.969359102853624e-06,0.5,0.0,0.5,0.5,0.5,2196.470283985138
1,2080,68.37806701660156,0.4463554620742798,1.8079094886779785,5.64715576171875,0.01626594364643097,0.8065381050109863,0.8065336346626282,9.968193311334176e-06,9.968193311334176e-06,0.5,0.0,0.5,0.5,0.5,2219.466684103012
1,2100,72.13086700439453,0.4811844825744629,1.841184139251709,5.584714412689209,0.015864674001932144,0.8231156468391418,0.8231147527694702,9.96700583316461e-06,9.96700583316461e-06,0.5,0.0,0.5,0.5,0.5,2240.533271789551
1,2120,56.33343505859375,0.31891652941703796,1.8459327220916748,5.960979461669922,0.021474681794643402,0.7934281229972839,0.7934226989746094,9.965796674108424e-06,9.965796674108424e-06,0.5,0.0,0.5,0.5,0.5,2261.9984097480774
1,2140,74.8528060913086,0.49923521280288696,1.9216785430908203,5.6924519538879395,0.020046254619956017,0.7863843441009521,0.786386251449585,9.964565840034348e-06,9.964565840034348e-06,0.5,0.0,0.5,0.5,0.5,2282.952953338623
1,2160,68.37723541259766,0.4355171322822571,1.8879480361938477,5.928375720977783,0.01766987331211567,0.7859147787094116,0.7859178781509399,9.963313336916307e-06,9.963313336916307e-06,0.5,0.0,0.5,0.5,0.5,2305.0037257671356
1,2180,48.803070068359375,0.25404682755470276,1.774071216583252,5.642204284667969,0.015472451224923134,0.7916790246963501,0.791680634021759,9.962039170833407e-06,9.962039170833407e-06,0.5,0.0,0.5,0.5,0.5,2326.037889480591
1,2200,56.78850173950195,0.3219500482082367,1.905985713005066,5.514294624328613,0.01934683322906494,0.8168192505836487,0.8168004155158997,9.960743347969885e-06,9.960743347969885e-06,0.5,0.0,0.5,0.5,0.5,2347.5489234924316
1,2220,55.69081115722656,0.3192581236362457,1.8037984371185303,5.7090559005737305,0.01795722357928753,0.8067719340324402,0.806782603263855,9.9594258746151e-06,9.9594258746151e-06,0.5,0.0,0.5,0.5,0.5,2369.420623779297
1,2240,72.09674835205078,0.48680609464645386,1.7834556102752686,5.560241222381592,0.02133597619831562,0.7969014048576355,0.7969186902046204,9.958086757163489e-06,9.958086757163489e-06,0.5,0.0,0.5,0.5,0.5,2390.8085861206055
1,2260,65.5183334350586,0.4214410185813904,1.7828950881958008,5.526456832885742,0.018821576610207558,0.7927255034446716,0.7927274107933044,9.956726002114542e-06,9.956726002114542e-06,0.5,0.0,0.5,0.5,0.5,2414.0342650413513
1,2280,67.11923217773438,0.41633340716362,1.990759253501892,5.5636773109436035,0.01462319865822792,0.7981371879577637,0.7981510162353516,9.955343616072765e-06,9.955343616072765e-06,0.5,0.0,0.5,0.5,0.5,2435.586701154709
1,2300,63.87849044799805,0.41531431674957275,1.6974639892578125,5.353046417236328,0.019371766597032547,0.8162201046943665,0.8162136673927307,9.953939605747655e-06,9.953939605747655e-06,0.5,0.0,0.5,0.5,0.5,2456.8677043914795
1,2320,61.19244384765625,0.36706632375717163,1.8990730047225952,5.473919868469238,0.021164964884519577,0.794914186000824,0.7949283719062805,9.95251397795366e-06,9.95251397795366e-06,0.5,0.0,0.5,0.5,0.5,2478.2082567214966
1,2340,77.67767333984375,0.5540812015533447,1.6811323165893555,5.4399261474609375,0.018301278352737427,0.8008276224136353,0.8008463382720947,9.951066739610154e-06,9.951066739610154e-06,0.5,0.0,0.5,0.5,0.5,2499.7562084198
1,2360,63.73838806152344,0.39162755012512207,1.8989757299423218,5.569674015045166,0.01620226725935936,0.7816519141197205,0.7816470861434937,9.949597897741397e-06,9.949597897741397e-06,0.5,0.0,0.5,0.5,0.5,2520.4992446899414
1,2380,58.06116485595703,0.34753161668777466,1.7735923528671265,5.553073883056641,0.019005944952368736,0.8044408559799194,0.8044230341911316,9.948107459476502e-06,9.948107459476502e-06,0.5,0.0,0.5,0.5,0.5,2542.2778997421265
1,2400,67.69095611572266,0.4415154755115509,1.814748764038086,5.370761394500732,0.02116539515554905,0.7830958962440491,0.7830923795700073,9.946595432049402e-06,9.946595432049402e-06,0.5,0.0,0.5,0.5,0.5,2562.831578016281
1,2420,69.6100082397461,0.45455896854400635,1.8757095336914062,5.377286434173584,0.019725656136870384,0.7890828251838684,0.7890708446502686,9.945061822798817e-06,9.945061822798817e-06,0.5,0.0,0.5,0.5,0.5,2584.8860840797424
1,2440,66.218505859375,0.4275459051132202,1.8017055988311768,5.428121566772461,0.018734781071543694,0.79026198387146,0.7902547717094421,9.943506639168213e-06,9.943506639168213e-06,0.5,0.0,0.5,0.5,0.5,2605.688928127289
1,2460,57.580448150634766,0.35085347294807434,1.7042465209960938,5.433865547180176,0.018772954121232033,0.7850492596626282,0.7850441932678223,9.941929888705765e-06,9.941929888705765e-06,0.5,0.0,0.5,0.5,0.5,2626.833787918091
1,2480,42.91774368286133,0.19827011227607727,1.765005111694336,5.421180248260498,0.019500602036714554,0.8085864782333374,0.8085752725601196,9.940331579064335e-06,9.940331579064335e-06,0.5,0.0,0.5,0.5,0.5,2649.034541606903
1,2500,65.3782730102539,0.41442543268203735,1.8549153804779053,5.36761474609375,0.01896187849342823,0.8156362771987915,0.8156293630599976,9.938711718001412e-06,9.938711718001412e-06,0.5,0.0,0.5,0.5,0.5,2670.125685453415
1,2520,66.23802185058594,0.4338289797306061,1.7466273307800293,5.369998931884766,0.018854910507798195,0.8183925747871399,0.8183831572532654,9.937070313379092e-06,9.937070313379092e-06,0.5,0.0,0.5,0.5,0.5,2692.103358745575
1,2540,59.70166778564453,0.35789966583251953,1.8417637348175049,5.474145889282227,0.019920870661735535,0.7994779348373413,0.7994764447212219,9.935407373164031e-06,9.935407373164031e-06,0.5,0.0,0.5,0.5,0.5,2713.7932040691376
1,2560,65.09392547607422,0.42288631200790405,1.7527730464935303,5.260121822357178,0.017437200993299484,0.7946173548698425,0.7946226000785828,9.933722905427415e-06,9.933722905427415e-06,0.5,0.0,0.5,0.5,0.5,2735.367089509964
1,2580,66.15543365478516,0.4273543357849121,1.790635108947754,5.491783618927002,0.021867774426937103,0.7912208437919617,0.7911983728408813,9.932016918344908e-06,9.932016918344908e-06,0.5,0.0,0.5,0.5,0.5,2757.837217569351
1,2600,56.11854553222656,0.32485827803611755,1.8304717540740967,5.309147357940674,0.018852917477488518,0.7974512577056885,0.797435998916626,9.930289420196627e-06,9.930289420196627e-06,0.5,0.0,0.5,0.5,0.5,2778.4820795059204
1,2620,63.29027557373047,0.4145470857620239,1.6307742595672607,5.509031295776367,0.018791932612657547,0.7900769114494324,0.7902633547782898,9.928540419367087e-06,9.928540419367087e-06,0.5,0.0,0.5,0.5,0.5,2800.428559064865
1,2640,59.7847785949707,0.35861843824386597,1.8506455421447754,5.395511627197266,0.020970705896615982,0.7972202301025391,0.7972250580787659,9.92676992434517e-06,9.92676992434517e-06,0.5,0.0,0.5,0.5,0.5,2821.0725865364075
1,2660,65.42521667480469,0.4258427619934082,1.7309348583221436,5.509725570678711,0.021863112226128578,0.7712380290031433,0.7712426781654358,9.924977943724085e-06,9.924977943724085e-06,0.5,0.0,0.5,0.5,0.5,2842.538021326065
1,2680,61.881568908691406,0.3885997533798218,1.7428176403045654,5.5721049308776855,0.02131103165447712,0.7960832715034485,0.7960664629936218,9.923164486201318e-06,9.923164486201318e-06,0.5,0.0,0.5,0.5,0.5,2863.170226097107
1,2700,54.58500289916992,0.31599560379981995,1.7585384845733643,5.377101421356201,0.022957276552915573,0.7975080013275146,0.7974821329116821,9.921329560578595e-06,9.921329560578595e-06,0.5,0.0,0.5,0.5,0.5,2884.4795331954956
1,2720,77.10614013671875,0.5298765301704407,1.8630900382995605,5.46824312210083,0.01933923177421093,0.8007739782333374,0.800784170627594,9.919473175761844e-06,9.919473175761844e-06,0.5,0.0,0.5,0.5,0.5,2906.8655161857605
1,2740,63.210365295410156,0.3896881639957428,1.893294334411621,5.289796829223633,0.018812812864780426,0.7837019562721252,0.7836976647377014,9.91759534076114e-06,9.91759534076114e-06,0.5,0.0,0.5,0.5,0.5,2926.7934758663177
1,2760,56.8537483215332,0.34779712557792664,1.6612461805343628,5.442991256713867,0.018580464646220207,0.8041149377822876,0.8041090965270996,9.915696064690669e-06,9.915696064690669e-06,0.5,0.0,0.5,0.5,0.5,2949.2744765281677
1,2780,76.80392456054688,0.5395531058311462,1.7473634481430054,5.353638648986816,0.021336544305086136,0.810915470123291,0.8108808398246765,9.913775356768685e-06,9.913775356768685e-06,0.5,0.0,0.5,0.5,0.5,2969.5077290534973
1,2800,55.56953048706055,0.3282480835914612,1.749236822128296,5.231051921844482,0.02130015939474106,0.8166313171386719,0.816634476184845,9.911833226317462e-06,9.911833226317462e-06,0.5,0.0,0.5,0.5,0.5,2990.814762353897
1,2820,46.53171920776367,0.24010232090950012,1.7370314598083496,5.128921985626221,0.022249337285757065,0.8132585883140564,0.8132560849189758,9.90986968276325e-06,9.90986968276325e-06,0.5,0.0,0.5,0.5,0.5,3011.9149634838104
1,2840,63.077964782714844,0.3948809504508972,1.8364722728729248,5.205080986022949,0.020066963508725166,0.7992919087409973,0.7992845177650452,9.907884735636226e-06,9.907884735636226e-06,0.5,0.0,0.5,0.5,0.5,3032.6545362472534
1,2860,54.25205993652344,0.3074009418487549,1.8232325315475464,5.2627787590026855,0.016861317679286003,0.80011385679245,0.8001274466514587,9.905878394570453e-06,9.905878394570453e-06,0.5,0.0,0.5,0.5,0.5,3053.5952472686768
1,2880,62.19435501098633,0.3749769628047943,1.93794846534729,5.296632289886475,0.02054292894899845,0.8068953156471252,0.806885302066803,9.903850669303832e-06,9.903850669303832e-06,0.5,0.0,0.5,0.5,0.5,3074.6653027534485
1,2900,61.64680862426758,0.3873353898525238,1.7525432109832764,5.367275714874268,0.020562872290611267,0.8013818264007568,0.8014094829559326,9.90180156967805e-06,9.90180156967805e-06,0.5,0.0,0.5,0.5,0.5,3097.8620002269745
1,2920,63.1873664855957,0.39981961250305176,1.7989568710327148,5.1958909034729,0.019948408007621765,0.8081660866737366,0.8081753253936768,9.89973110563854e-06,9.89973110563854e-06,0.5,0.0,0.5,0.5,0.5,3121.337651491165
1,2940,49.990089416503906,0.2680590748786926,1.791121482849121,5.252397060394287,0.020568514242768288,0.78924959897995,0.7893115282058716,9.897639287234422e-06,9.897639287234422e-06,0.5,0.0,0.5,0.5,0.5,3142.3130102157593
2,2960,53.09333038330078,0.30666860938072205,1.7221307754516602,5.185138702392578,0.02002318762242794,0.8125674724578857,0.8125525712966919,9.895526124618469e-06,9.895526124618469e-06,0.5,0.0,0.5,0.5,0.5,3178.0794594287872
2,2980,44.792724609375,0.21536067128181458,1.8030014038085938,5.203394412994385,0.023248223587870598,0.8000600934028625,0.8000713586807251,9.893391628047044e-06,9.893391628047044e-06,0.5,0.0,0.5,0.5,0.5,3198.3987894058228
2,3000,75.26759338378906,0.5247072577476501,1.7625722885131836,5.1515092849731445,0.019629718735814095,0.7999747395515442,0.7999916672706604,9.891235807880054e-06,9.891235807880054e-06,0.5,0.0,0.5,0.5,0.5,3219.908314228058
2,3020,40.457942962646484,0.1839945912361145,1.6758248805999756,5.283324718475342,0.016911640763282776,0.7905216217041016,0.790528416633606,9.889058674580908e-06,9.889058674580908e-06,0.5,0.0,0.5,0.5,0.5,3240.7545108795166
2,3040,66.40985870361328,0.4352712333202362,1.7588005065917969,5.276134014129639,0.018601350486278534,0.7895252108573914,0.7895250916481018,9.886860238716457e-06,9.886860238716457e-06,0.5,0.0,0.5,0.5,0.5,3262.404638528824
2,3060,56.94794845581055,0.34136688709259033,1.7465213537216187,5.327556610107422,0.018489759415388107,0.7898432016372681,0.7898644804954529,9.88464051095694e-06,9.88464051095694e-06,0.5,0.0,0.5,0.5,0.5,3283.2660117149353
2,3080,45.31229782104492,0.20445013046264648,1.9731016159057617,5.115342140197754,0.020925922319293022,0.8145054578781128,0.8145014643669128,9.882399502075943e-06,9.882399502075943e-06,0.5,0.0,0.5,0.5,0.5,3304.377942085266
2,3100,71.8792724609375,0.46663814783096313,1.9922890663146973,5.27306604385376,0.019511951133608818,0.8066537380218506,0.8066576719284058,9.880137222950342e-06,9.880137222950342e-06,0.5,0.0,0.5,0.5,0.5,3326.479754447937
2,3120,53.09140396118164,0.2968124747276306,1.8231449127197266,5.156641960144043,0.02206568419933319,0.8142723441123962,0.8142755627632141,9.877853684560246e-06,9.877853684560246e-06,0.5,0.0,0.5,0.5,0.5,3349.7976858615875
2,3140,49.11638259887695,0.2685128450393677,1.7327698469161987,4.915440559387207,0.021962018683552742,0.7938557863235474,0.7938522100448608,9.87554889798895e-06,9.87554889798895e-06,0.5,0.0,0.5,0.5,0.5,3370.925197124481
2,3160,71.6000747680664,0.4681059718132019,1.9667242765426636,5.101953506469727,0.02028879150748253,0.7912517786026001,0.7912694215774536,9.873222874422873e-06,9.873222874422873e-06,0.5,0.0,0.5,0.5,0.5,3391.816723585129
2,3180,51.572044372558594,0.3033965826034546,1.6243432760238647,4.967225551605225,0.02172895334661007,0.8014767169952393,0.8014980554580688,9.870875625151519e-06,9.870875625151519e-06,0.5,0.0,0.5,0.5,0.5,3413.2546660900116
2,3200,45.910675048828125,0.24259448051452637,1.6767038106918335,4.865096569061279,0.01908898912370205,0.7905885577201843,0.7905840873718262,9.8685071615674e-06,9.8685071615674e-06,0.5,0.0,0.5,0.5,0.5,3434.2628257274628
2,3220,62.46525573730469,0.3801574409008026,1.95184326171875,4.906582832336426,0.024496691301465034,0.8102500438690186,0.8102545142173767,9.866117495166001e-06,9.866117495166001e-06,0.5,0.0,0.5,0.5,0.5,3455.263324737549
2,3240,49.20338821411133,0.2691494822502136,1.703065276145935,5.239139556884766,0.018648026511073112,0.8011401891708374,0.8011500239372253,9.863706637545717e-06,9.863706637545717e-06,0.5,0.0,0.5,0.5,0.5,3477.1436846256256
2,3260,52.70451354980469,0.3062635660171509,1.7205166816711426,4.855720520019531,0.017271246761083603,0.8016606569290161,0.8016710877418518,9.861274600407792e-06,9.861274600407792e-06,0.5,0.0,0.5,0.5,0.5,3498.6745200157166
2,3280,46.710636138916016,0.23748330771923065,1.7838033437728882,5.106151103973389,0.01811797171831131,0.7876132726669312,0.7876200675964355,9.858821395556265e-06,9.858821395556265e-06,0.5,0.0,0.5,0.5,0.5,3520.114499807358
2,3300,44.95794677734375,0.21043503284454346,1.8714065551757812,5.176205635070801,0.024173667654395103,0.8171781897544861,0.8171826601028442,9.85634703489792e-06,9.85634703489792e-06,0.5,0.0,0.5,0.5,0.5,3541.0376698970795
2,3320,63.786293029785156,0.41086792945861816,1.7567894458770752,5.107735633850098,0.02387390099465847,0.7864297032356262,0.786431074142456,9.853851530442216e-06,9.853851530442216e-06,0.5,0.0,0.5,0.5,0.5,3562.135110616684
2,3340,49.38117218017578,0.2528528869152069,1.8893334865570068,5.18489933013916,0.0176499392837286,0.8262596726417542,0.8262678384780884,9.851334894301236e-06,9.851334894301236e-06,0.5,0.0,0.5,0.5,0.5,3583.3180458545685
2,3360,40.13412094116211,0.18268358707427979,1.6663084030151367,5.182737827301025,0.019939886406064034,0.8033877611160278,0.8033627271652222,9.848797138689629e-06,9.848797138689629e-06,0.5,0.0,0.5,0.5,0.5,3604.029210329056
2,3380,59.41459274291992,0.371984601020813,1.7304385900497437,4.89108419418335,0.020666101947426796,0.8098533749580383,0.8136404156684875,9.846238275924547e-06,9.846238275924547e-06,0.5,0.0,0.5,0.5,0.5,3626.183168411255
2,3400,67.79500579833984,0.44469332695007324,1.8244647979736328,5.059864044189453,0.02115633711218834,0.8001090288162231,0.8001071214675903,9.843658318425586e-06,9.843658318425586e-06,0.5,0.0,0.5,0.5,0.5,3648.3026745319366
2,3420,47.511817932128906,0.23590682446956635,1.8776273727416992,5.12321138381958,0.02164759673178196,0.7799997329711914,0.7800251245498657,9.841057278714731e-06,9.841057278714731e-06,0.5,0.0,0.5,0.5,0.5,3669.911540746689
2,3440,71.09066772460938,0.49272578954696655,1.6754307746887207,5.044461250305176,0.019315753132104874,0.8032251596450806,0.8024999499320984,9.838435169416284e-06,9.838435169416284e-06,0.5,0.0,0.5,0.5,0.5,3690.744720220566
2,3460,48.516971588134766,0.28050968050956726,1.5527679920196533,4.915051460266113,0.023273881524801254,0.8075498342514038,0.8075423836708069,9.83579200325682e-06,9.83579200325682e-06,0.5,0.0,0.5,0.5,0.5,3712.2521934509277
2,3480,50.57212448120117,0.29046428203582764,1.6478160619735718,5.026595115661621,0.020938625559210777,0.7918479442596436,0.7918493151664734,9.833127793065098e-06,9.833127793065098e-06,0.5,0.0,0.5,0.5,0.5,3732.9540915489197
2,3500,57.96010208129883,0.3632740378379822,1.6726382970809937,4.887007713317871,0.019306689500808716,0.8097165822982788,0.8097346425056458,9.830442551772032e-06,9.830442551772032e-06,0.5,0.0,0.5,0.5,0.5,3755.028393983841
2,3520,41.1292839050293,0.17770758271217346,1.8249564170837402,5.088344573974609,0.02061486430466175,0.7939921617507935,0.7939980030059814,9.827736292410604e-06,9.827736292410604e-06,0.5,0.0,0.5,0.5,0.5,3777.4312834739685
2,3540,50.775108337402344,0.27868807315826416,1.778998851776123,5.093547821044922,0.022761350497603416,0.7862048745155334,0.7862109541893005,9.82500902811581e-06,9.82500902811581e-06,0.5,0.0,0.5,0.5,0.5,3801.0740275382996
2,3560,60.91379928588867,0.3789491653442383,1.8137625455856323,4.856791019439697,0.0244683139026165,0.784645676612854,0.7846275568008423,9.822260772124592e-06,9.822260772124592e-06,0.5,0.0,0.5,0.5,0.5,3822.1959903240204
2,3580,59.97998046875,0.3691589832305908,1.790513277053833,5.136478424072266,0.022473838180303574,0.7915970087051392,0.7915948033332825,9.819491537775782e-06,9.819491537775782e-06,0.5,0.0,0.5,0.5,0.5,3843.935066461563
2,3600,56.6312141418457,0.33669915795326233,1.788988471031189,5.051180362701416,0.02023457922041416,0.7988460063934326,0.7988508343696594,9.816701338510027e-06,9.816701338510027e-06,0.5,0.0,0.5,0.5,0.5,3865.0580508708954
2,3620,51.90106964111328,0.28110548853874207,1.893059492111206,4.838662624359131,0.02126370556652546,0.8078016042709351,0.8077904582023621,9.813890187869733e-06,9.813890187869733e-06,0.5,0.0,0.5,0.5,0.5,3886.086627483368
2,3640,48.11882400512695,0.2569224238395691,1.7406744956970215,4.995473384857178,0.024365631863474846,0.8062782883644104,0.8062645792961121,9.811058099498988e-06,9.811058099498988e-06,0.5,0.0,0.5,0.5,0.5,3906.9928731918335
2,3660,70.89547729492188,0.4760330319404602,1.8245853185653687,5.022830963134766,0.023502247408032417,0.805489718914032,0.8054792881011963,9.808205087143506e-06,9.808205087143506e-06,0.5,0.0,0.5,0.5,0.5,3929.1320703029633
2,3680,70.3194351196289,0.47427618503570557,1.7950624227523804,4.916515350341797,0.024677583947777748,0.8113501071929932,0.8113564848899841,9.805331164650563e-06,9.805331164650563e-06,0.5,0.0,0.5,0.5,0.5,3951.243799686432
2,3700,53.61323165893555,0.3082435727119446,1.782634973526001,4.942106246948242,0.02041875198483467,0.8010695576667786,0.8010713458061218,9.802436345968911e-06,9.802436345968911e-06,0.5,0.0,0.5,0.5,0.5,3973.0432422161102
2,3720,57.39838409423828,0.3609028458595276,1.6525115966796875,4.7607245445251465,0.022257311269640923,0.8164064288139343,0.8164258599281311,9.799520645148734e-06,9.799520645148734e-06,0.5,0.0,0.5,0.5,0.5,3994.0507278442383
2,3740,62.77747344970703,0.4066256284713745,1.724757194519043,4.847468376159668,0.019871950149536133,0.8161605000495911,0.8161596059799194,9.796584076341567e-06,9.796584076341567e-06,0.5,0.0,0.5,0.5,0.5,4015.7749769687653
2,3760,51.4373779296875,0.2805236876010895,1.8422892093658447,4.937752723693848,0.024368146434426308,0.7781358361244202,0.7781476974487305,9.79362665380022e-06,9.79362665380022e-06,0.5,0.0,0.5,0.5,0.5,4036.5359160900116
2,3780,62.64650344848633,0.3853019177913666,1.9040679931640625,5.053552627563477,0.02207729034125805,0.7925027012825012,0.7925012707710266,9.79064839187873e-06,9.79064839187873e-06,0.5,0.0,0.5,0.5,0.5,4057.5542154312134
2,3800,61.062774658203125,0.39017680287361145,1.716930627822876,4.854583740234375,0.021203236654400826,0.7945401668548584,0.7945504784584045,9.787649305032272e-06,9.787649305032272e-06,0.5,0.0,0.5,0.5,0.5,4079.2268664836884
2,3820,60.18526840209961,0.3715823292732239,1.8041040897369385,4.9638471603393555,0.022147657349705696,0.7895413041114807,0.7895621061325073,9.784629407817098e-06,9.784629407817098e-06,0.5,0.0,0.5,0.5,0.5,4100.242191791534
2,3840,59.16530227661133,0.37605226039886475,1.673485517501831,4.804605007171631,0.020619692280888557,0.7979403734207153,0.7979591488838196,9.781588714890463e-06,9.781588714890463e-06,0.5,0.0,0.5,0.5,0.5,4121.345152139664
2,3860,71.31581115722656,0.4941543638706207,1.7003058195114136,4.874342918395996,0.022975564002990723,0.7853525280952454,0.7853478789329529,9.778527241010559e-06,9.778527241010559e-06,0.5,0.0,0.5,0.5,0.5,4141.973767518997
2,3880,49.25759506225586,0.2587152123451233,1.8411681652069092,4.952043056488037,0.022350525483489037,0.8177079558372498,0.8176990151405334,9.775445001036434e-06,9.775445001036434e-06,0.5,0.0,0.5,0.5,0.5,4163.223051309586
2,3900,46.84656524658203,0.23081955313682556,1.8869760036468506,4.8730244636535645,0.021827146410942078,0.8197023272514343,0.8196633458137512,9.772342009927932e-06,9.772342009927932e-06,0.5,0.0,0.5,0.5,0.5,4186.921417236328
2,3920,63.58460998535156,0.4139655828475952,1.719550609588623,4.972301006317139,0.020245583727955818,0.8105104565620422,0.8105045557022095,9.769218282745609e-06,9.769218282745609e-06,0.5,0.0,0.5,0.5,0.5,4208.173025131226
2,3940,51.898406982421875,0.31404754519462585,1.5614631175994873,4.8553972244262695,0.023625163361430168,0.8154173493385315,0.8154343366622925,9.766073834650665e-06,9.766073834650665e-06,0.5,0.0,0.5,0.5,0.5,4229.588215827942
2,3960,47.16384506225586,0.2509571313858032,1.69894540309906,5.057980060577393,0.02069878950715065,0.7964832186698914,0.7964679002761841,9.762908680904873e-06,9.762908680904873e-06,0.5,0.0,0.5,0.5,0.5,4250.650826215744
2,3980,48.84489059448242,0.2575313448905945,1.808396577835083,4.984796047210693,0.023000668734312057,0.7913934588432312,0.7914063930511475,9.7597228368705e-06,9.7597228368705e-06,0.5,0.0,0.5,0.5,0.5,4271.517529010773
2,4000,57.02720642089844,0.3345913887023926,1.8839644193649292,4.706750392913818,0.021676866337656975,0.7977243661880493,0.7977233529090881,9.756516318010237e-06,9.756516318010237e-06,0.5,0.0,0.5,0.5,0.5,4292.310446023941
2,4020,53.92292785644531,0.32551777362823486,1.6341890096664429,5.005624294281006,0.02363637089729309,0.8063393235206604,0.8063616752624512,9.753289139887119e-06,9.753289139887119e-06,0.5,0.0,0.5,0.5,0.5,4313.593192577362
2,4040,62.02534103393555,0.40036922693252563,1.7188267707824707,4.7794270515441895,0.020723983645439148,0.7791771292686462,0.7791816592216492,9.750041318164452e-06,9.750041318164452e-06,0.5,0.0,0.5,0.5,0.5,4336.13215637207
2,4060,54.10857009887695,0.31664222478866577,1.748685598373413,4.937755584716797,0.019735466688871384,0.7905821204185486,0.7905821204185486,9.746772868605738e-06,9.746772868605738e-06,0.5,0.0,0.5,0.5,0.5,4359.954350471497
2,4080,54.59034729003906,0.3285316824913025,1.6907533407211304,4.810736179351807,0.018905464559793472,0.7946233153343201,0.7946244478225708,9.7434838070746e-06,9.7434838070746e-06,0.5,0.0,0.5,0.5,0.5,4381.447051525116
2,4100,59.953067779541016,0.3865365982055664,1.6393027305603027,4.887590408325195,0.018787959590554237,0.8261387944221497,0.826143741607666,9.740174149534694e-06,9.740174149534694e-06,0.5,0.0,0.5,0.5,0.5,4403.5305082798
2,4120,60.08421325683594,0.3892189562320709,1.639125108718872,4.750253677368164,0.02081392891705036,0.8008663654327393,0.8008612394332886,9.736843912049649e-06,9.736843912049649e-06,0.5,0.0,0.5,0.5,0.5,4425.149292945862
2,4140,67.77564239501953,0.43481963872909546,1.9457982778549194,4.811389446258545,0.024303685873746872,0.7784601449966431,0.7784689664840698,9.733493110782978e-06,9.733493110782978e-06,0.5,0.0,0.5,0.5,0.5,4448.710211753845
2,4160,56.778072357177734,0.36200129985809326,1.5549424886703491,5.006284713745117,0.022226538509130478,0.8205389380455017,0.8205222487449646,9.730121761998e-06,9.730121761998e-06,0.5,0.0,0.5,0.5,0.5,4470.843165874481
2,4180,49.75761795043945,0.28737616539001465,1.6257343292236328,4.742396831512451,0.020261326804757118,0.7975125908851624,0.7974637746810913,9.726729882057762e-06,9.726729882057762e-06,0.5,0.0,0.5,0.5,0.5,4492.521069288254
2,4200,43.55244064331055,0.2130945324897766,1.723132848739624,4.991544246673584,0.020114468410611153,0.8059895038604736,0.8060128092765808,9.72331748742496e-06,9.72331748742496e-06,0.5,0.0,0.5,0.5,0.5,4514.12562918663
2,4220,53.9475212097168,0.2906903028488159,2.0156607627868652,4.698441028594971,0.02344156801700592,0.7970813512802124,0.7970790266990662,9.719884594661864e-06,9.719884594661864e-06,0.5,0.0,0.5,0.5,0.5,4534.996257305145
2,4240,52.008872985839844,0.29014337062835693,1.8184969425201416,4.787140369415283,0.022425545379519463,0.773856520652771,0.773845374584198,9.716431220430225e-06,9.716431220430225e-06,0.5,0.0,0.5,0.5,0.5,4556.197956562042
2,4260,49.151519775390625,0.26480838656425476,1.7495030164718628,5.154102325439453,0.021550273522734642,0.80672287940979,0.806718647480011,9.71295738149121e-06,9.71295738149121e-06,0.5,0.0,0.5,0.5,0.5,4577.318954706192
2,4280,62.978736877441406,0.39847037196159363,1.8432278633117676,4.67936897277832,0.02005017362535,0.8041920065879822,0.804196298122406,9.709463094705308e-06,9.709463094705308e-06,0.5,0.0,0.5,0.5,0.5,4597.816522121429
2,4300,46.252044677734375,0.26082801818847656,1.5585851669311523,4.563327789306641,0.020062420517206192,0.7777280211448669,0.7777099609375,9.705948377032253e-06,9.705948377032253e-06,0.5,0.0,0.5,0.5,0.5,4619.13326048851
2,4320,53.85598373413086,0.3106048107147217,1.8060204982757568,4.71380090713501,0.021491609513759613,0.809400737285614,0.8093997836112976,9.702413245530946e-06,9.702413245530946e-06,0.5,0.0,0.5,0.5,0.5,4641.092374324799
2,4340,53.346778869628906,0.308005690574646,1.7721149921417236,4.799752712249756,0.02530539035797119,0.8008041977882385,0.800818145275116,9.69885771735936e-06,9.69885771735936e-06,0.5,0.0,0.5,0.5,0.5,4661.867548942566
2,4360,53.605865478515625,0.3120706081390381,1.7687480449676514,4.691999912261963,0.01931983418762684,0.8093659281730652,0.809340238571167,9.695281809774473e-06,9.695281809774473e-06,0.5,0.0,0.5,0.5,0.5,4683.529612779617
2,4380,61.777793884277344,0.39692223072052,1.7329163551330566,4.736968517303467,0.01944078505039215,0.787702202796936,0.7876808047294617,9.69168554013217e-06,9.69168554013217e-06,0.5,0.0,0.5,0.5,0.5,4704.67569899559
2,4400,52.77064514160156,0.3082088530063629,1.7330745458602905,4.598371982574463,0.020642245188355446,0.7911426424980164,0.7911264300346375,9.688068925887165e-06,9.688068925887165e-06,0.5,0.0,0.5,0.5,0.5,4726.0843188762665
2,4420,38.95561218261719,0.16848039627075195,1.7284448146820068,4.800850868225098,0.022272294387221336,0.7878267168998718,0.7878304123878479,9.684431984592919e-06,9.684431984592919e-06,0.5,0.0,0.5,0.5,0.5,4747.5712723731995
2,4440,51.933349609375,0.31177371740341187,1.6112332344055176,4.6255974769592285,0.018047703430056572,0.7951595783233643,0.7951533794403076,9.680774733901546e-06,9.680774733901546e-06,0.5,0.0,0.5,0.5,0.5,4768.69007062912
2,4460,54.68950653076172,0.3358762860298157,1.6733698844909668,4.34621524810791,0.02196379005908966,0.7914642095565796,0.7914732694625854,9.67709719156374e-06,9.67709719156374e-06,0.5,0.0,0.5,0.5,0.5,4789.627299308777
2,4480,40.81171798706055,0.18787303566932678,1.7095613479614258,4.905448913574219,0.02334826998412609,0.8020081520080566,0.8020009398460388,9.673399375428677e-06,9.673399375428677e-06,0.5,0.0,0.5,0.5,0.5,4811.269677877426
2,4500,38.69325256347656,0.16439172625541687,1.7509770393371582,4.72268533706665,0.02162177674472332,0.8098595142364502,0.8098364472389221,9.669681303443934e-06,9.669681303443934e-06,0.5,0.0,0.5,0.5,0.5,4833.516448259354
2,4520,41.51293182373047,0.19844242930412292,1.6988857984542847,4.6595845222473145,0.020249702036380768,0.7971650958061218,0.7971892356872559,9.665942993655402e-06,9.665942993655402e-06,0.5,0.0,0.5,0.5,0.5,4854.532059431076
2,4540,57.99591064453125,0.3660816252231598,1.6781429052352905,4.581601619720459,0.024720821529626846,0.8031539916992188,0.8031444549560547,9.662184464207196e-06,9.662184464207196e-06,0.5,0.0,0.5,0.5,0.5,4876.252461433411
2,4560,62.308223724365234,0.4130696654319763,1.648723840713501,4.492644786834717,0.0213745329529047,0.7897182703018188,0.7897117137908936,9.658405733341569e-06,9.658405733341569e-06,0.5,0.0,0.5,0.5,0.5,4896.709072113037
2,4580,54.73382568359375,0.3352859616279602,1.658706545829773,4.598097324371338,0.020066969096660614,0.8324713110923767,0.8324571251869202,9.654606819398825e-06,9.654606819398825e-06,0.5,0.0,0.5,0.5,0.5,4918.14707326889
2,4600,61.56985855102539,0.3894749879837036,1.8016494512557983,4.584744453430176,0.02112138643860817,0.8129884004592896,0.8129791021347046,9.65078774081722e-06,9.65078774081722e-06,0.5,0.0,0.5,0.5,0.5,4939.97954916954
2,4620,67.12421417236328,0.4522368311882019,1.7101682424545288,4.778777599334717,0.020070858299732208,0.8042545318603516,0.8042564988136292,9.646948516132893e-06,9.646948516132893e-06,0.5,0.0,0.5,0.5,0.5,4961.064388036728
2,4640,42.44070053100586,0.20515555143356323,1.7348814010620117,4.551178455352783,0.025153420865535736,0.8083823919296265,0.8083927631378174,9.643089163979752e-06,9.643089163979752e-06,0.5,0.0,0.5,0.5,0.5,4982.243721008301
2,4660,50.651756286621094,0.28517958521842957,1.7481441497802734,4.6315484046936035,0.020808488130569458,0.791189968585968,0.7911880016326904,9.6392097030894e-06,9.6392097030894e-06,0.5,0.0,0.5,0.5,0.5,5003.487496376038
2,4680,68.5049057006836,0.4698893427848816,1.6864643096923828,4.630624294281006,0.020703546702861786,0.7741392850875854,0.7741323113441467,9.635310152291038e-06,9.635310152291038e-06,0.5,0.0,0.5,0.5,0.5,5024.507898807526
2,4700,46.718414306640625,0.24064230918884277,1.7769230604171753,4.862714767456055,0.022240109741687775,0.7891978621482849,0.7891984581947327,9.631390530511377e-06,9.631390530511377e-06,0.5,0.0,0.5,0.5,0.5,5045.81823515892
2,4720,52.7399787902832,0.3211120367050171,1.5754764080047607,4.851644515991211,0.022365598008036613,0.811123251914978,0.8111116290092468,9.62745085677454e-06,9.62745085677454e-06,0.5,0.0,0.5,0.5,0.5,5066.759380578995
2,4740,56.298526763916016,0.35176563262939453,1.6472992897033691,4.628400802612305,0.020574115216732025,0.7881314754486084,0.7881492376327515,9.623491150201973e-06,9.623491150201973e-06,0.5,0.0,0.5,0.5,0.5,5088.694238185883
2,4760,45.14833450317383,0.2360081970691681,1.688416838645935,4.636377334594727,0.026965584605932236,0.8037052154541016,0.8037002086639404,9.619511430012358e-06,9.619511430012358e-06,0.5,0.0,0.5,0.5,0.5,5109.793055772781
2,4780,51.90747833251953,0.29732605814933777,1.7360634803771973,4.791044235229492,0.023194661363959312,0.7824325561523438,0.7824056148529053,9.615511715521509e-06,9.615511715521509e-06,0.5,0.0,0.5,0.5,0.5,5130.826742649078
2,4800,48.735801696777344,0.28370359539985657,1.5576999187469482,4.762157917022705,0.026287438347935677,0.8234311938285828,0.823444664478302,9.611492026142287e-06,9.611492026142287e-06,0.5,0.0,0.5,0.5,0.5,5152.421522140503
2,4820,58.08964920043945,0.34597861766815186,1.867650032043457,4.79099178314209,0.024295514449477196,0.8102964162826538,0.810291051864624,9.607452381384499e-06,9.607452381384499e-06,0.5,0.0,0.5,0.5,0.5,5173.410527467728
2,4840,32.960914611816406,0.12065847218036652,1.6213796138763428,4.659732818603516,0.02153642475605011,0.813849687576294,0.8138521313667297,9.603392800854808e-06,9.603392800854808e-06,0.5,0.0,0.5,0.5,0.5,5194.383160352707
2,4860,72.93986511230469,0.5089312195777893,1.725853443145752,4.764266014099121,0.023944202810525894,0.8173526525497437,0.8173714280128479,9.599313304256637e-06,9.599313304256637e-06,0.5,0.0,0.5,0.5,0.5,5214.875646114349
2,4880,45.18046569824219,0.24200496077537537,1.6357996463775635,4.600661754608154,0.02130832150578499,0.8055926561355591,0.8055763244628906,9.595213911390077e-06,9.595213911390077e-06,0.5,0.0,0.5,0.5,0.5,5237.979872226715
2,4900,42.82719421386719,0.2087644338607788,1.727234125137329,4.655387878417969,0.023022055625915527,0.7906795144081116,0.7906734943389893,9.59109464215178e-06,9.59109464215178e-06,0.5,0.0,0.5,0.5,0.5,5258.932619810104
2,4920,54.46087646484375,0.3144158720970154,1.8233860731124878,4.76512336730957,0.020310331135988235,0.8160039186477661,0.8160024285316467,9.586955516534867e-06,9.586955516534867e-06,0.5,0.0,0.5,0.5,0.5,5280.542088508606
2,4940,45.573665618896484,0.23434486985206604,1.7365602254867554,4.750886917114258,0.022692043334245682,0.7979096174240112,0.7979312539100647,9.582796554628844e-06,9.582796554628844e-06,0.5,0.0,0.5,0.5,0.5,5301.700608968735
2,4960,44.716796875,0.2401524782180786,1.6370363235473633,4.305597305297852,0.025588683784008026,0.8105930089950562,0.8106155395507812,9.578617776619486e-06,9.578617776619486e-06,0.5,0.0,0.5,0.5,0.5,5322.773665904999
2,4980,40.51887512207031,0.18566536903381348,1.7322869300842285,4.6045660972595215,0.024904919788241386,0.7852112650871277,0.7852012515068054,9.574419202788745e-06,9.574419202788745e-06,0.5,0.0,0.5,0.5,0.5,5343.722399711609
2,5000,52.136497497558594,0.31005293130874634,1.656424880027771,4.542581558227539,0.024377498775720596,0.8149213194847107,0.8149061799049377,9.570200853514662e-06,9.570200853514662e-06,0.5,0.0,0.5,0.5,0.5,5364.77726316452
2,5020,46.18505859375,0.2423912137746811,1.7273647785186768,4.651105880737305,0.021185122430324554,0.8275464773178101,0.8275516629219055,9.565962749271251e-06,9.565962749271251e-06,0.5,0.0,0.5,0.5,0.5,5387.074383974075
2,5040,51.31344223022461,0.2963694930076599,1.7180875539779663,4.470785140991211,0.02482885867357254,0.7972880005836487,0.7972812056541443,9.56170491062841e-06,9.56170491062841e-06,0.5,0.0,0.5,0.5,0.5,5411.202233791351
2,5060,51.61497116088867,0.29836568236351013,1.6997945308685303,4.753686428070068,0.026772115379571915,0.7970119714736938,0.7970182299613953,9.557427358251821e-06,9.557427358251821e-06,0.5,0.0,0.5,0.5,0.5,5432.3414006233215
2,5080,49.443180084228516,0.27951404452323914,1.6761643886566162,4.707829475402832,0.02230205573141575,0.7879407405853271,0.7879593372344971,9.553130112902845e-06,9.553130112902845e-06,0.5,0.0,0.5,0.5,0.5,5453.723315477371
2,5100,54.305198669433594,0.31373652815818787,1.80291748046875,4.878225803375244,0.024144917726516724,0.7926519513130188,0.7924885153770447,9.548813195438427e-06,9.548813195438427e-06,0.5,0.0,0.5,0.5,0.5,5474.954694032669
2,5120,71.38907623291016,0.4942835867404938,1.7180767059326172,4.755070209503174,0.024874651804566383,0.8182649612426758,0.8182497024536133,9.544476626810992e-06,9.544476626810992e-06,0.5,0.0,0.5,0.5,0.5,5495.8257031440735
2,5140,52.651580810546875,0.32323211431503296,1.5550674200057983,4.753761291503906,0.023932984098792076,0.8256312012672424,0.8256295323371887,9.540120428068337e-06,9.540120428068337e-06,0.5,0.0,0.5,0.5,0.5,5517.085313796997
2,5160,67.12769317626953,0.46214795112609863,1.638620138168335,4.50756311416626,0.019137337803840637,0.7994888424873352,0.7994874715805054,9.535744620353545e-06,9.535744620353545e-06,0.5,0.0,0.5,0.5,0.5,5539.266590833664
2,5180,44.90744400024414,0.2412702888250351,1.611920714378357,4.637559413909912,0.02364678867161274,0.7980909943580627,0.7980901598930359,9.531349224904865e-06,9.531349224904865e-06,0.5,0.0,0.5,0.5,0.5,5560.38571023941
2,5200,39.09244918823242,0.18076513707637787,1.6102042198181152,4.89096212387085,0.022930065169930458,0.8116546869277954,0.8116658926010132,9.526934263055616e-06,9.526934263055616e-06,0.5,0.0,0.5,0.5,0.5,5582.009626150131
2,5220,40.11872482299805,0.19487695395946503,1.6051015853881836,4.558488368988037,0.021525336429476738,0.775531530380249,0.7755305171012878,9.52249975623409e-06,9.52249975623409e-06,0.5,0.0,0.5,0.5,0.5,5604.331661462784
2,5240,41.696990966796875,0.1903754472732544,1.8097507953643799,4.537856101989746,0.024082958698272705,0.7986066937446594,0.7986128330230713,9.518045725963434e-06,9.518045725963434e-06,0.5,0.0,0.5,0.5,0.5,5625.676807880402
2,5260,43.92523956298828,0.2224622666835785,1.7211812734603882,4.4417724609375,0.025428814813494682,0.8037180304527283,0.8037363886833191,9.513572193861557e-06,9.513572193861557e-06,0.5,0.0,0.5,0.5,0.5,5646.357293605804
2,5280,68.2774658203125,0.4724315404891968,1.65732741355896,4.438958644866943,0.022076768800616264,0.7947390675544739,0.7947384119033813,9.509079181641026e-06,9.509079181641026e-06,0.5,0.0,0.5,0.5,0.5,5667.849253892899
2,5300,42.865272521972656,0.21840858459472656,1.658912181854248,4.414304256439209,0.020987791940569878,0.8065854907035828,0.8067404627799988,9.504566711108944e-06,9.504566711108944e-06,0.5,0.0,0.5,0.5,0.5,5688.978644609451
2,5320,48.841426849365234,0.2820749878883362,1.6105377674102783,4.502003192901611,0.026551716029644012,0.792599081993103,0.7925970554351807,9.500034804166872e-06,9.500034804166872e-06,0.5,0.0,0.5,0.5,0.5,5711.697604894638
2,5340,44.37250518798828,0.220249742269516,1.7782008647918701,4.540106773376465,0.025411972776055336,0.7993510961532593,0.7993623614311218,9.495483482810688e-06,9.495483482810688e-06,0.5,0.0,0.5,0.5,0.5,5733.815128564835
2,5360,43.315460205078125,0.21419793367385864,1.740169882774353,4.469788074493408,0.02417762391269207,0.7903797030448914,0.7903843522071838,9.490912769130518e-06,9.490912769130518e-06,0.5,0.0,0.5,0.5,0.5,5754.466999530792
2,5380,41.65242004394531,0.22086413204669952,1.5018751621246338,4.526641845703125,0.020615998655557632,0.7817103266716003,0.7817226052284241,9.486322685310598e-06,9.486322685310598e-06,0.5,0.0,0.5,0.5,0.5,5775.783138036728
2,5400,72.22224426269531,0.49669086933135986,1.827130675315857,4.257434368133545,0.024419724941253662,0.7960076928138733,0.7960076928138733,9.48171325362918e-06,9.48171325362918e-06,0.5,0.0,0.5,0.5,0.5,5796.662870883942
2,5420,37.380523681640625,0.1754969358444214,1.5367792844772339,4.442156791687012,0.02087651938199997,0.7827090620994568,0.7826988697052002,9.477084496458422e-06,9.477084496458422e-06,0.5,0.0,0.5,0.5,0.5,5818.022896051407
2,5440,42.467891693115234,0.21963568031787872,1.5893354415893555,4.587828159332275,0.02313927188515663,0.8202524185180664,0.8202565312385559,9.472436436264283e-06,9.472436436264283e-06,0.5,0.0,0.5,0.5,0.5,5839.10329914093
2,5460,42.88127899169922,0.21670475602149963,1.6855108737945557,4.33448600769043,0.021209418773651123,0.8009947538375854,0.8009844422340393,9.467769095606409e-06,9.467769095606409e-06,0.5,0.0,0.5,0.5,0.5,5860.97411608696
2,5480,45.708778381347656,0.25033900141716003,1.6270833015441895,4.381164073944092,0.022879188880324364,0.7997051477432251,0.7997129559516907,9.463082497138021e-06,9.463082497138021e-06,0.5,0.0,0.5,0.5,0.5,5883.570005893707
2,5500,59.28902816772461,0.38704293966293335,1.6317447423934937,4.242342472076416,0.02494419924914837,0.8164169788360596,0.8164185285568237,9.458376663605815e-06,9.458376663605815e-06,0.5,0.0,0.5,0.5,0.5,5904.657428264618
2,5520,37.76034927368164,0.17411315441131592,1.5868772268295288,4.458086967468262,0.02217121236026287,0.7916464805603027,0.7916490435600281,9.45365161784984e-06,9.45365161784984e-06,0.5,0.0,0.5,0.5,0.5,5926.021013259888
2,5540,42.31455993652344,0.22030365467071533,1.5791842937469482,4.468568325042725,0.023785900324583054,0.7918923497200012,0.7918461561203003,9.448907382803396e-06,9.448907382803396e-06,0.5,0.0,0.5,0.5,0.5,5947.322474956512
2,5560,47.34188461303711,0.26502156257629395,1.6433918476104736,4.3827948570251465,0.023017415776848793,0.826769232749939,0.8267623782157898,9.44414398149292e-06,9.44414398149292e-06,0.5,0.0,0.5,0.5,0.5,5968.197974443436
2,5580,50.694881439208984,0.29232943058013916,1.7021845579147339,4.416346073150635,0.02374831587076187,0.806739866733551,0.8067454099655151,9.439361437037869e-06,9.439361437037869e-06,0.5,0.0,0.5,0.5,0.5,5989.135098218918
2,5600,68.37174987792969,0.4702761173248291,1.7008470296859741,4.312087059020996,0.023583943024277687,0.8095806837081909,0.8095881938934326,9.43455977265062e-06,9.43455977265062e-06,0.5,0.0,0.5,0.5,0.5,6011.833381414413
2,5620,44.13974380493164,0.2259717732667923,1.698404312133789,4.534571170806885,0.023947862908244133,0.792394757270813,0.7923928499221802,9.429739011636343e-06,9.429739011636343e-06,0.5,0.0,0.5,0.5,0.5,6034.115386724472
2,5640,40.93460464477539,0.1995660811662674,1.6763780117034912,4.189435005187988,0.024778513237833977,0.8145728707313538,0.814568042755127,9.424899177392896e-06,9.424899177392896e-06,0.5,0.0,0.5,0.5,0.5,6055.005409240723
2,5660,43.7062873840332,0.23963573575019836,1.52118718624115,4.506798267364502,0.024043509736657143,0.7643579840660095,0.764342188835144,9.420040293410711e-06,9.420040293410711e-06,0.5,0.0,0.5,0.5,0.5,6076.3249678611755
2,5680,51.20876693725586,0.32203173637390137,1.4555163383483887,4.422456741333008,0.027973121032118797,0.8107577562332153,0.8107416033744812,9.415162383272683e-06,9.415162383272683e-06,0.5,0.0,0.5,0.5,0.5,6097.428559541702
2,5700,47.36423873901367,0.26334959268569946,1.6321605443954468,4.68561315536499,0.022065812721848488,0.7971009612083435,0.7970992922782898,9.410265470654046e-06,9.410265470654046e-06,0.5,0.0,0.5,0.5,0.5,6118.435770273209
2,5720,80.60929107666016,0.6017513275146484,1.5851796865463257,4.559518337249756,0.02284361980855465,0.7933858633041382,0.7933889627456665,9.405349579322264e-06,9.405349579322264e-06,0.5,0.0,0.5,0.5,0.5,6139.744198322296
2,5740,43.59042739868164,0.22886919975280762,1.6287953853607178,4.395528316497803,0.020026862621307373,0.8032199740409851,0.8032218217849731,9.400414733136917e-06,9.400414733136917e-06,0.5,0.0,0.5,0.5,0.5,6162.474169969559
2,5760,50.58088684082031,0.29200488328933716,1.6975221633911133,4.379944801330566,0.02523118071258068,0.8026034235954285,0.8026150465011597,9.395460956049585e-06,9.395460956049585e-06,0.5,0.0,0.5,0.5,0.5,6184.9074883461
2,5780,48.80031204223633,0.2828216254711151,1.6052746772766113,4.444899082183838,0.020504489541053772,0.7807663679122925,0.7807549238204956,9.390488272103728e-06,9.390488272103728e-06,0.5,0.0,0.5,0.5,0.5,6207.22996711731
2,5800,37.24512481689453,0.1630096584558487,1.6379188299179077,4.539757251739502,0.025216996669769287,0.8068777322769165,0.8068797588348389,9.385496705434572e-06,9.385496705434572e-06,0.5,0.0,0.5,0.5,0.5,6228.441951751709
2,5820,52.63905334472656,0.33171114325523376,1.5010303258895874,4.436458110809326,0.02117418684065342,0.8068839907646179,0.8069128394126892,9.380486280268994e-06,9.380486280268994e-06,0.5,0.0,0.5,0.5,0.5,6250.374620437622
2,5840,43.130157470703125,0.22938844561576843,1.58226478099823,4.3437018394470215,0.02496469020843506,0.8324531316757202,0.8324576020240784,9.375457020925394e-06,9.375457020925394e-06,0.5,0.0,0.5,0.5,0.5,6271.24950504303
2,5860,47.77373504638672,0.26634782552719116,1.6659578084945679,4.453804016113281,0.025571566075086594,0.8031464219093323,0.8031293153762817,9.370408951813597e-06,9.370408951813597e-06,0.5,0.0,0.5,0.5,0.5,6292.963136672974
2,5880,47.43587875366211,0.2649511694908142,1.6337661743164062,4.578773021697998,0.024327920749783516,0.7899265289306641,0.7899215221405029,9.365342097434715e-06,9.365342097434715e-06,0.5,0.0,0.5,0.5,0.5,6313.708655357361
2,5900,33.09751892089844,0.13092128932476044,1.5624332427978516,4.358761787414551,0.022297246381640434,0.7962607741355896,0.7962406277656555,9.360256482381032e-06,9.360256482381032e-06,0.5,0.0,0.5,0.5,0.5,6336.154805898666
3,5920,32.72389221191406,0.12787169218063354,1.5448179244995117,4.461744785308838,0.026796897873282433,0.775729775428772,0.7757197022438049,9.355152131335894e-06,9.355152131335894e-06,0.5,0.0,0.5,0.5,0.5,6372.8069450855255
3,5940,42.91640090942383,0.23618671298027039,1.5045346021652222,4.229628562927246,0.022755222395062447,0.789171040058136,0.7891677618026733,9.350029069073585e-06,9.350029069073585e-06,0.5,0.0,0.5,0.5,0.5,6393.541235208511
3,5960,56.731346130371094,0.3519337475299835,1.7062039375305176,4.450920104980469,0.025012727826833725,0.7937172651290894,0.7937188148498535,9.3448873204592e-06,9.3448873204592e-06,0.5,0.0,0.5,0.5,0.5,6415.30673956871
3,5980,49.554832458496094,0.29211437702178955,1.5827807188034058,4.492209434509277,0.023374585434794426,0.8253760933876038,0.8253785967826843,9.339726910448528e-06,9.339726910448528e-06,0.5,0.0,0.5,0.5,0.5,6438.954625844955
3,6000,55.341243743896484,0.3438205420970917,1.6514652967453003,4.423047065734863,0.021492846310138702,0.8061084747314453,0.8060294389724731,9.334547864087939e-06,9.334547864087939e-06,0.5,0.0,0.5,0.5,0.5,6460.013104438782
3,6020,40.46146774291992,0.2090279757976532,1.5124229192733765,4.412538528442383,0.021900657564401627,0.7997086644172668,0.7997077703475952,9.32935020651425e-06,9.32935020651425e-06,0.5,0.0,0.5,0.5,0.5,6482.080424308777
3,6040,53.159202575683594,0.33167344331741333,1.5571508407592773,4.395237445831299,0.025113776326179504,0.8006015419960022,0.800602912902832,9.324133962954612e-06,9.324133962954612e-06,0.5,0.0,0.5,0.5,0.5,6504.479183912277
3,6060,43.98709487915039,0.23764032125473022,1.5770738124847412,4.429637432098389,0.022686176002025604,0.8159804940223694,0.8159630298614502,9.31889915872638e-06,9.31889915872638e-06,0.5,0.0,0.5,0.5,0.5,6526.565651416779
3,6080,37.22301483154297,0.17102740705013275,1.5873472690582275,4.220691204071045,0.026112649589776993,0.7871865630149841,0.7871881723403931,9.313645819237e-06,9.313645819237e-06,0.5,0.0,0.5,0.5,0.5,6547.174460172653
3,6100,35.212928771972656,0.15155865252017975,1.571272611618042,4.323416709899902,0.02091868221759796,0.8169383406639099,0.8169273734092712,9.308373969983877e-06,9.308373969983877e-06,0.5,0.0,0.5,0.5,0.5,6568.073775291443
3,6120,51.23638153076172,0.3106502294540405,1.5805299282073975,4.34269905090332,0.02336038276553154,0.7983396649360657,0.7983161807060242,9.303083636554255e-06,9.303083636554255e-06,0.5,0.0,0.5,0.5,0.5,6588.950358629227
3,6140,30.121091842651367,0.09628209471702576,1.5952380895614624,4.513478755950928,0.0270230770111084,0.793168842792511,0.793164849281311,9.29777484462509e-06,9.29777484462509e-06,0.5,0.0,0.5,0.5,0.5,6609.73126077652
3,6160,39.077877044677734,0.19964846968650818,1.4775556325912476,4.315584182739258,0.02189117670059204,0.7948245406150818,0.7948194742202759,9.29244761996293e-06,9.29244761996293e-06,0.5,0.0,0.5,0.5,0.5,6632.013588666916
3,6180,41.28419494628906,0.22349926829338074,1.4561638832092285,4.348587989807129,0.024044208228588104,0.7926052808761597,0.7926108837127686,9.287101988423784e-06,9.287101988423784e-06,0.5,0.0,0.5,0.5,0.5,6653.124180316925
3,6200,41.06373977661133,0.20391637086868286,1.6085798740386963,4.563167095184326,0.023137591779232025,0.79607093334198,0.7960821390151978,9.281737975953008e-06,9.281737975953008e-06,0.5,0.0,0.5,0.5,0.5,6674.56628036499
3,6220,35.6428337097168,0.1524931639432907,1.5980310440063477,4.391243934631348,0.021965986117720604,0.8105687499046326,0.8105635046958923,9.276355608585156e-06,9.276355608585156e-06,0.5,0.0,0.5,0.5,0.5,6697.7084584236145
3,6240,38.441375732421875,0.1799009144306183,1.6157402992248535,4.272437572479248,0.021447312086820602,0.8204370737075806,0.8203054070472717,9.270954912443888e-06,9.270954912443888e-06,0.5,0.0,0.5,0.5,0.5,6718.713393211365
3,6260,40.682701110839844,0.2143104076385498,1.480804443359375,4.4183244705200195,0.02529314160346985,0.7951431274414062,0.7951604723930359,9.26553591374181e-06,9.26553591374181e-06,0.5,0.0,0.5,0.5,0.5,6740.028171300888
3,6280,36.58751678466797,0.1451123058795929,1.7799763679504395,4.250066757202148,0.02645992673933506,0.7978914380073547,0.797922670841217,9.260098638780362e-06,9.260098638780362e-06,0.5,0.0,0.5,0.5,0.5,6761.835084676743
3,6300,39.942134857177734,0.19685883820056915,1.598427176475525,4.2447967529296875,0.027178190648555756,0.7903268337249756,0.7903375625610352,9.254643113949693e-06,9.254643113949693e-06,0.5,0.0,0.5,0.5,0.5,6782.484281301498
3,6320,39.54487991333008,0.18356335163116455,1.664272665977478,4.52140474319458,0.024414656683802605,0.8080071210861206,0.8080090880393982,9.249169365728528e-06,9.249169365728528e-06,0.5,0.0,0.5,0.5,0.5,6803.487231016159
3,6340,52.9575309753418,0.33474990725517273,1.4933032989501953,4.5256853103637695,0.023822657763957977,0.779813826084137,0.7798197865486145,9.243677420684037e-06,9.243677420684037e-06,0.5,0.0,0.5,0.5,0.5,6825.443967580795
3,6360,58.09693145751953,0.37749049067497253,1.5928974151611328,4.393836498260498,0.02507174015045166,0.8212562799453735,0.8212612867355347,9.238167305471716e-06,9.238167305471716e-06,0.5,0.0,0.5,0.5,0.5,6846.263382673264
3,6380,49.284053802490234,0.294772744178772,1.5307077169418335,4.475618839263916,0.024083789438009262,0.8297042846679688,0.8296829462051392,9.232639046835242e-06,9.232639046835242e-06,0.5,0.0,0.5,0.5,0.5,6867.794915676117
3,6400,51.675941467285156,0.31214743852615356,1.5950098037719727,4.490504264831543,0.02059376984834671,0.8005111813545227,0.8004847168922424,9.227092671606362e-06,9.227092671606362e-06,0.5,0.0,0.5,0.5,0.5,6888.562624931335
3,6420,40.25763702392578,0.2031683772802353,1.5504257678985596,4.4101386070251465,0.026403432711958885,0.8049784898757935,0.8049727082252502,9.221528206704745e-06,9.221528206704745e-06,0.5,0.0,0.5,0.5,0.5,6910.03629732132
3,6440,41.533199310302734,0.2100246697664261,1.6213290691375732,4.293569564819336,0.02386798895895481,0.8001019954681396,0.8000873923301697,9.215945679137865e-06,9.215945679137865e-06,0.5,0.0,0.5,0.5,0.5,6932.697726726532
3,6460,43.727195739746094,0.23857474327087402,1.5488190650939941,4.358283042907715,0.02324625849723816,0.8101950287818909,0.810236930847168,9.210345116000856e-06,9.210345116000856e-06,0.5,0.0,0.5,0.5,0.5,6953.058752775192
3,6480,35.77598571777344,0.14724935591220856,1.6767886877059937,4.2592644691467285,0.023899246007204056,0.8019096851348877,0.8019202947616577,9.204726544476402e-06,9.204726544476402e-06,0.5,0.0,0.5,0.5,0.5,6975.1899926662445
3,6500,38.537994384765625,0.18418410420417786,1.5577855110168457,4.5163187980651855,0.025410033762454987,0.7720571756362915,0.7720483541488647,9.19908999183458e-06,9.19908999183458e-06,0.5,0.0,0.5,0.5,0.5,6995.995450735092
3,6520,35.26762008666992,0.15460658073425293,1.5256236791610718,4.5251617431640625,0.025561781600117683,0.7932590246200562,0.7932836413383484,9.193435485432744e-06,9.193435485432744e-06,0.5,0.0,0.5,0.5,0.5,7017.2081480026245
3,6540,43.400352478027344,0.22978515923023224,1.5830676555633545,4.568319320678711,0.02284296788275242,0.7778975963592529,0.7778980135917664,9.187763052715388e-06,9.187763052715388e-06,0.5,0.0,0.5,0.5,0.5,7040.904608011246
3,6560,41.415443420410156,0.21821698546409607,1.5017427206039429,4.554745197296143,0.02157166413962841,0.8107377886772156,0.8107216954231262,9.182072721214012e-06,9.182072721214012e-06,0.5,0.0,0.5,0.5,0.5,7061.947015285492
3,6580,37.931419372558594,0.16578716039657593,1.7057255506515503,4.269017696380615,0.026432175189256668,0.7957369685173035,0.7957474589347839,9.17636451854699e-06,9.17636451854699e-06,0.5,0.0,0.5,0.5,0.5,7082.583481550217
3,6600,43.10874938964844,0.22608909010887146,1.6054704189300537,4.419661998748779,0.025476261973381042,0.8100337982177734,0.8100221753120422,9.17063847241943e-06,9.17063847241943e-06,0.5,0.0,0.5,0.5,0.5,7103.631624698639
3,6620,41.49757766723633,0.2034665048122406,1.6686652898788452,4.43867826461792,0.025595227256417274,0.7995240688323975,0.7995126843452454,9.164894610623051e-06,9.164894610623051e-06,0.5,0.0,0.5,0.5,0.5,7125.458557367325
3,6640,37.49226760864258,0.18620747327804565,1.462722659111023,4.217372894287109,0.026921875774860382,0.7992278933525085,0.799214780330658,9.159132961036038e-06,9.159132961036038e-06,0.5,0.0,0.5,0.5,0.5,7146.218428373337
3,6660,39.16584777832031,0.1967301070690155,1.5291675329208374,4.175264835357666,0.02589964121580124,0.8068702816963196,0.8068793416023254,9.15335355162291e-06,9.15335355162291e-06,0.5,0.0,0.5,0.5,0.5,7167.400044202805
3,6680,61.35810852050781,0.4185943007469177,1.5411813259124756,4.063206195831299,0.023660998791456223,0.7937296032905579,0.7937294840812683,9.147556410434383e-06,9.147556410434383e-06,0.5,0.0,0.5,0.5,0.5,7188.049412727356
3,6700,37.56522750854492,0.18417704105377197,1.4726327657699585,4.397170543670654,0.02402646467089653,0.8063672184944153,0.8063562512397766,9.14174156560724e-06,9.14174156560724e-06,0.5,0.0,0.5,0.5,0.5,7208.909760475159
3,6720,40.78636169433594,0.20666544139385223,1.5763300657272339,4.334081172943115,0.02243778109550476,0.8110126852989197,0.811004102230072,9.135909045364186e-06,9.135909045364186e-06,0.5,0.0,0.5,0.5,0.5,7229.835231781006
3,6740,31.815683364868164,0.12775515019893646,1.4852325916290283,4.158823490142822,0.02902068942785263,0.806624174118042,0.8066120743751526,9.130058878013712e-06,9.130058878013712e-06,0.5,0.0,0.5,0.5,0.5,7250.51407456398
3,6760,37.219696044921875,0.17434975504875183,1.5255498886108398,4.505444526672363,0.023776467889547348,0.8039271831512451,0.8039329648017883,9.124191091949968e-06,9.124191091949968e-06,0.5,0.0,0.5,0.5,0.5,7272.241708040237
3,6780,45.56583023071289,0.25240594148635864,1.6059436798095703,4.240213394165039,0.0255865640938282,0.8007833957672119,0.8007826805114746,9.118305715652614e-06,9.118305715652614e-06,0.5,0.0,0.5,0.5,0.5,7292.438751935959
3,6800,55.707794189453125,0.3450167775154114,1.6729726791381836,4.454220771789551,0.02216850221157074,0.7956612706184387,0.7956452369689941,9.112402777686682e-06,9.112402777686682e-06,0.5,0.0,0.5,0.5,0.5,7314.219219207764
3,6820,47.484901428222656,0.28262859582901,1.488022804260254,4.315790176391602,0.026023153215646744,0.7979867458343506,0.7978873252868652,9.106482306702444e-06,9.106482306702444e-06,0.5,0.0,0.5,0.5,0.5,7337.0245752334595
3,6840,32.771915435791016,0.1407383382320404,1.4371373653411865,4.2998809814453125,0.026828531175851822,0.7909743189811707,0.790968120098114,9.100544331435269e-06,9.100544331435269e-06,0.5,0.0,0.5,0.5,0.5,7358.094455480576
3,6860,55.612430572509766,0.35074740648269653,1.640637755393982,4.103201389312744,0.028111658990383148,0.8071603775024414,0.8071483969688416,9.094588880705481e-06,9.094588880705481e-06,0.5,0.0,0.5,0.5,0.5,7381.076256990433
3,6880,30.48023223876953,0.11707942932844162,1.4615068435668945,4.1338276863098145,0.023394359275698662,0.805192768573761,0.8052315711975098,9.088615983418229e-06,9.088615983418229e-06,0.5,0.0,0.5,0.5,0.5,7402.049826145172
3,6900,70.607666015625,0.495577335357666,1.6529802083969116,4.49440336227417,0.02573336288332939,0.7905775904655457,0.790592610836029,9.082625668563337e-06,9.082625668563337e-06,0.5,0.0,0.5,0.5,0.5,7424.348172664642
3,6920,36.41939163208008,0.16053904592990875,1.5947974920272827,4.395485877990723,0.022027399390935898,0.8024398684501648,0.8024455904960632,9.076617965215164e-06,9.076617965215164e-06,0.5,0.0,0.5,0.5,0.5,7448.321546792984
3,6940,40.16349792480469,0.2157823145389557,1.4343433380126953,4.216107368469238,0.0257258340716362,0.796154797077179,0.7961462140083313,9.070592902532464e-06,9.070592902532464e-06,0.5,0.0,0.5,0.5,0.5,7469.19983959198
3,6960,43.86418914794922,0.22887897491455078,1.6621665954589844,4.333133220672607,0.02149013802409172,0.8070559501647949,0.8070018291473389,9.064550509758249e-06,9.064550509758249e-06,0.5,0.0,0.5,0.5,0.5,7492.539387702942
3,6980,36.230525970458984,0.15328356623649597,1.6487973928451538,4.385590076446533,0.028605792671442032,0.8063522577285767,0.8063670992851257,9.058490816219644e-06,9.058490816219644e-06,0.5,0.0,0.5,0.5,0.5,7513.791001558304
3,7000,46.67610549926758,0.27535873651504517,1.504341959953308,4.073692798614502,0.02311905473470688,0.7819036245346069,0.7819026708602905,9.052413851327744e-06,9.052413851327744e-06,0.5,0.0,0.5,0.5,0.5,7535.6447994709015
3,7020,54.75676345825195,0.3650076687335968,1.4147343635559082,4.0839972496032715,0.024658329784870148,0.7967454195022583,0.7967502474784851,9.046319644577467e-06,9.046319644577467e-06,0.5,0.0,0.5,0.5,0.5,7556.433038711548
3,7040,49.26396179199219,0.28604361414909363,1.6455676555633545,4.174764633178711,0.029160236939787865,0.8062294721603394,0.8062223792076111,9.040208225547424e-06,9.040208225547424e-06,0.5,0.0,0.5,0.5,0.5,7578.057680606842
3,7060,48.09807586669922,0.28321373462677,1.540524959564209,4.344870090484619,0.026581602171063423,0.7895787358283997,0.7894577383995056,9.034079623899756e-06,9.034079623899756e-06,0.5,0.0,0.5,0.5,0.5,7599.154375553131
3,7080,46.28526306152344,0.2588750720024109,1.6178712844848633,4.194128036499023,0.02491750568151474,0.8123339414596558,0.8123310804367065,9.027933869380012e-06,9.027933869380012e-06,0.5,0.0,0.5,0.5,0.5,7620.2844223976135
3,7100,47.8837890625,0.28619712591171265,1.5101741552352905,4.138372421264648,0.023963313549757004,0.7986257672309875,0.7986014485359192,9.021770991816984e-06,9.021770991816984e-06,0.5,0.0,0.5,0.5,0.5,7641.0931260585785
3,7120,46.567665100097656,0.2578238844871521,1.6679439544677734,4.08005428314209,0.025779513642191887,0.8025254607200623,0.8025156259536743,9.01559102112258e-06,9.01559102112258e-06,0.5,0.0,0.5,0.5,0.5,7662.249825000763
3,7140,42.75238800048828,0.2236286997795105,1.612611174583435,4.235377788543701,0.028025079518556595,0.7831279635429382,0.7831348776817322,9.009393987291662e-06,9.009393987291662e-06,0.5,0.0,0.5,0.5,0.5,7683.167672872543
3,7160,44.830848693847656,0.24880945682525635,1.540185809135437,4.522486686706543,0.025558432564139366,0.8040177226066589,0.8040413856506348,9.00317992040192e-06,9.00317992040192e-06,0.5,0.0,0.5,0.5,0.5,7704.542528390884
3,7180,44.606224060058594,0.24280217289924622,1.5988287925720215,4.306354999542236,0.03136620670557022,0.7950049042701721,0.7950205206871033,8.996948850613703e-06,8.996948850613703e-06,0.5,0.0,0.5,0.5,0.5,7726.689359426498
3,7200,47.20331954956055,0.27204179763793945,1.596596598625183,4.005817890167236,0.027354946359992027,0.7903392910957336,0.7903423309326172,8.99070080816989e-06,8.99070080816989e-06,0.5,0.0,0.5,0.5,0.5,7747.2493288517
3,7220,38.08657455444336,0.17468437552452087,1.6108746528625488,4.483984470367432,0.025407174602150917,0.8069165945053101,0.8069297671318054,8.984435823395741e-06,8.984435823395741e-06,0.5,0.0,0.5,0.5,0.5,7768.686264514923
3,7240,48.27317810058594,0.2884947955608368,1.5270575284957886,4.126469612121582,0.026651781052350998,0.7773492336273193,0.7772826552391052,8.978153926698744e-06,8.978153926698744e-06,0.5,0.0,0.5,0.5,0.5,7789.803354978561
3,7260,47.58882522583008,0.267361044883728,1.6486823558807373,4.338724136352539,0.027173209935426712,0.8040286302566528,0.8040426969528198,8.971855148568466e-06,8.971855148568466e-06,0.5,0.0,0.5,0.5,0.5,7810.812223672867
3,7280,38.45460891723633,0.18433308601379395,1.5842006206512451,4.155801296234131,0.023493783548474312,0.8000309467315674,0.8000292778015137,8.965539519576414e-06,8.965539519576414e-06,0.5,0.0,0.5,0.5,0.5,7832.072798728943
3,7300,35.0574951171875,0.1518951654434204,1.5346331596374512,4.493339538574219,0.028308264911174774,0.7924016118049622,0.7923980355262756,8.959207070375885e-06,8.959207070375885e-06,0.5,0.0,0.5,0.5,0.5,7853.143224477768
3,7320,40.02631759643555,0.1991564929485321,1.5857040882110596,4.227256774902344,0.026371944695711136,0.7847552299499512,0.7847603559494019,8.952857831701803e-06,8.952857831701803e-06,0.5,0.0,0.5,0.5,0.5,7875.060680150986
3,7340,59.17695236206055,0.40277618169784546,1.4486148357391357,4.3866472244262695,0.026539739221334457,0.7801229357719421,0.7801198363304138,8.946491834370591e-06,8.946491834370591e-06,0.5,0.0,0.5,0.5,0.5,7895.32141494751
3,7360,40.13397216796875,0.21817731857299805,1.4035215377807617,4.256019115447998,0.025004396215081215,0.8113420605659485,0.8113406896591187,8.940109109280007e-06,8.940109109280007e-06,0.5,0.0,0.5,0.5,0.5,7916.862991094589
3,7380,51.8474235534668,0.32018470764160156,1.5689382553100586,4.115005016326904,0.024564210325479507,0.792754590511322,0.7928080558776855,8.933709687408994e-06,8.933709687408994e-06,0.5,0.0,0.5,0.5,0.5,7937.378233671188
3,7400,41.02254104614258,0.21337799727916718,1.5586795806884766,4.074211120605469,0.02373429201543331,0.7881276607513428,0.7881539463996887,8.927293599817543e-06,8.927293599817543e-06,0.5,0.0,0.5,0.5,0.5,7959.12956404686
3,7420,46.57172393798828,0.2760987877845764,1.5028550624847412,3.9076642990112305,0.025629481300711632,0.8093593716621399,0.8093598484992981,8.920860877646529e-06,8.920860877646529e-06,0.5,0.0,0.5,0.5,0.5,7980.471875429153
3,7440,36.17349624633789,0.1622248888015747,1.5466398000717163,4.4604105949401855,0.024200305342674255,0.7925887107849121,0.792600691318512,8.91441155211756e-06,8.91441155211756e-06,0.5,0.0,0.5,0.5,0.5,8001.6721205711365
3,7460,38.62982940673828,0.1686713993549347,1.7503173351287842,4.232752323150635,0.02675895020365715,0.8008896708488464,0.800883412361145,8.907945654532834e-06,8.907945654532834e-06,0.5,0.0,0.5,0.5,0.5,8023.666314125061
3,7480,48.911415100097656,0.26834535598754883,1.7858232259750366,4.194894313812256,0.023752445355057716,0.8008021712303162,0.8008009791374207,8.901463216274982e-06,8.901463216274982e-06,0.5,0.0,0.5,0.5,0.5,8044.369870901108
3,7500,36.35649490356445,0.15513788163661957,1.668705701828003,4.131137847900391,0.024514824151992798,0.7961956262588501,0.7961848378181458,8.894964268806916e-06,8.894964268806916e-06,0.5,0.0,0.5,0.5,0.5,8065.6913158893585
3,7520,60.1231803894043,0.39960235357284546,1.5714595317840576,4.422919750213623,0.02543029747903347,0.7810767292976379,0.7810744047164917,8.888448843671674e-06,8.888448843671674e-06,0.5,0.0,0.5,0.5,0.5,8088.162064313889
3,7540,45.451499938964844,0.23757290840148926,1.7668126821517944,4.000028133392334,0.026058055460453033,0.7946347594261169,0.7946352362632751,8.881916972492272e-06,8.881916972492272e-06,0.5,0.0,0.5,0.5,0.5,8109.004274606705
3,7560,49.25331497192383,0.2994019687175751,1.517133116722107,4.114995956420898,0.02678888477385044,0.8089954257011414,0.8089715242385864,8.875368686971548e-06,8.875368686971548e-06,0.5,0.0,0.5,0.5,0.5,8129.695825815201
3,7580,27.711042404174805,0.09594914317131042,1.411908507347107,3.9696671962738037,0.027374418452382088,0.8319621682167053,0.8319602608680725,8.868804018892006e-06,8.868804018892006e-06,0.5,0.0,0.5,0.5,0.5,8151.232262134552
3,7600,54.03630828857422,0.3356949985027313,1.6293491125106812,4.144288539886475,0.029029013589024544,0.8022885918617249,0.8021103739738464,8.862223000115665e-06,8.862223000115665e-06,0.5,0.0,0.5,0.5,0.5,8171.943274259567
3,7620,32.287845611572266,0.11140824854373932,1.681166172027588,4.3063201904296875,0.02904040925204754,0.788873016834259,0.7888706922531128,8.855625662583904e-06,8.855625662583904e-06,0.5,0.0,0.5,0.5,0.5,8192.975508928299
3,7640,36.46329116821289,0.16181230545043945,1.612768530845642,4.131228923797607,0.02314578928053379,0.8073256611824036,0.8073133826255798,8.849012038317303e-06,8.849012038317303e-06,0.5,0.0,0.5,0.5,0.5,8214.989572525024
3,7660,43.358665466308594,0.24185329675674438,1.4803160429000854,4.341714859008789,0.02845819480717182,0.8178063035011292,0.8178121447563171,8.842382159415496e-06,8.842382159415496e-06,0.5,0.0,0.5,0.5,0.5,8235.876581192017
3,7680,39.102874755859375,0.19460520148277283,1.5273821353912354,4.342146396636963,0.02638639695942402,0.8126789331436157,0.812688410282135,8.835736058057003e-06,8.835736058057003e-06,0.5,0.0,0.5,0.5,0.5,8257.490903139114
3,7700,53.71754837036133,0.3372226655483246,1.5855258703231812,4.114194393157959,0.025830885395407677,0.785119891166687,0.7851212620735168,8.829073766499087e-06,8.829073766499087e-06,0.5,0.0,0.5,0.5,0.5,8278.378522157669
3,7720,34.60723876953125,0.15257689356803894,1.5133713483810425,4.190740585327148,0.025091489776968956,0.7905173301696777,0.7905363440513611,8.822395317077589e-06,8.822395317077589e-06,0.5,0.0,0.5,0.5,0.5,8299.560749530792
3,7740,36.93846130371094,0.16091355681419373,1.6642178297042847,4.180286884307861,0.024641022086143494,0.8287467956542969,0.8287134170532227,8.815700742206768e-06,8.815700742206768e-06,0.5,0.0,0.5,0.5,0.5,8320.142143011093
3,7760,39.77707290649414,0.20735549926757812,1.4972119331359863,4.038987636566162,0.030419325456023216,0.8124849796295166,0.8124772906303406,8.808990074379162e-06,8.808990074379162e-06,0.5,0.0,0.5,0.5,0.5,8341.173274993896
3,7780,31.963058471679688,0.1378532201051712,1.3913367986679077,4.2379865646362305,0.026381712406873703,0.80540931224823,0.8053882122039795,8.802263346165399e-06,8.802263346165399e-06,0.5,0.0,0.5,0.5,0.5,8363.204951286316
3,7800,44.48808670043945,0.24932323396205902,1.5257290601730347,4.27183198928833,0.026641903445124626,0.813325047492981,0.813318133354187,8.795520590214071e-06,8.795520590214071e-06,0.5,0.0,0.5,0.5,0.5,8383.879314899445
3,7820,49.50128173828125,0.3082720637321472,1.437446117401123,4.27479362487793,0.02481776475906372,0.8061475157737732,0.8061489462852478,8.78876183925156e-06,8.78876183925156e-06,0.5,0.0,0.5,0.5,0.5,8405.49029803276
3,7840,31.31961441040039,0.12141097337007523,1.5230053663253784,3.926072835922241,0.02238946408033371,0.815117597579956,0.8150884509086609,8.781987126081873e-06,8.781987126081873e-06,0.5,0.0,0.5,0.5,0.5,8425.935638427734
3,7860,48.19091033935547,0.29287445545196533,1.4728450775146484,4.148500919342041,0.026511840522289276,0.8138271570205688,0.8138234615325928,8.7751964835865e-06,8.7751964835865e-06,0.5,0.0,0.5,0.5,0.5,8447.282632112503
3,7880,30.679405212402344,0.11440347135066986,1.4844920635223389,4.367908954620361,0.02622951567173004,0.8132728934288025,0.8132609724998474,8.768389944724237e-06,8.768389944724237e-06,0.5,0.0,0.5,0.5,0.5,8468.42606496811
3,7900,35.852149963378906,0.1578969806432724,1.5887845754623413,4.14955997467041,0.02504866197705269,0.8192822337150574,0.8192692995071411,8.76156754253104e-06,8.76156754253104e-06,0.5,0.0,0.5,0.5,0.5,8489.826431035995
3,7920,38.84428787231445,0.19302740693092346,1.5285724401474,4.227966785430908,0.02785927802324295,0.7910895943641663,0.7911059260368347,8.754729310119857e-06,8.754729310119857e-06,0.5,0.0,0.5,0.5,0.5,8511.880148649216
3,7940,48.774658203125,0.2906128168106079,1.5626702308654785,4.062234878540039,0.024435242637991905,0.8187841773033142,0.8187862634658813,8.747875280680464e-06,8.747875280680464e-06,0.5,0.0,0.5,0.5,0.5,8535.221665382385
3,7960,41.68075180053711,0.23238259553909302,1.431962013244629,4.094158172607422,0.028714939951896667,0.7859480381011963,0.7859729528427124,8.741005487479316e-06,8.741005487479316e-06,0.5,0.0,0.5,0.5,0.5,8556.71082687378
3,7980,46.15499496459961,0.2831113934516907,1.3729562759399414,4.088232040405273,0.026057416573166847,0.7968900799751282,0.7969021797180176,8.734119963859377e-06,8.734119963859377e-06,0.5,0.0,0.5,0.5,0.5,8579.143247842789
3,8000,34.436317443847656,0.13431307673454285,1.686110496520996,4.116675853729248,0.027228891849517822,0.8089447021484375,0.8089336156845093,8.727218743239955e-06,8.727218743239955e-06,0.5,0.0,0.5,0.5,0.5,8599.900428771973
3,8020,52.13530731201172,0.32164931297302246,1.5736281871795654,4.210188388824463,0.023903226479887962,0.7856188416481018,0.7856047749519348,8.72030185911655e-06,8.72030185911655e-06,0.5,0.0,0.5,0.5,0.5,8621.793899774551
3,8040,32.47237014770508,0.13801732659339905,1.4291375875473022,4.354243278503418,0.025015609338879585,0.7871429920196533,0.7871379852294922,8.713369345060678e-06,8.713369345060678e-06,0.5,0.0,0.5,0.5,0.5,8642.701921224594
3,8060,47.62771224975586,0.2881634533405304,1.4620832204818726,4.165347099304199,0.02518404647707939,0.8122873902320862,0.8123394846916199,8.706421234719726e-06,8.706421234719726e-06,0.5,0.0,0.5,0.5,0.5,8664.865613937378
3,8080,57.89852523803711,0.3989136219024658,1.3867440223693848,4.115992546081543,0.023731285706162453,0.7940751910209656,0.7940765023231506,8.699457561816772e-06,8.699457561816772e-06,0.5,0.0,0.5,0.5,0.5,8686.091886758804
3,8100,45.848934173583984,0.2617926001548767,1.5434865951538086,4.208160877227783,0.02664443477988243,0.7995921969413757,0.7995824813842773,8.692478360150428e-06,8.692478360150428e-06,0.5,0.0,0.5,0.5,0.5,8707.10271024704
3,8120,37.49980163574219,0.173052579164505,1.599506139755249,4.172931671142578,0.026551906019449234,0.815943717956543,0.8159633874893188,8.685483663594678e-06,8.685483663594678e-06,0.5,0.0,0.5,0.5,0.5,8728.122042894363
3,8140,36.373046875,0.18268615007400513,1.425336241722107,3.824742317199707,0.026326730847358704,0.7841700315475464,0.7841618657112122,8.678473506098711e-06,8.678473506098711e-06,0.5,0.0,0.5,0.5,0.5,8748.930365800858
3,8160,41.501380920410156,0.22028228640556335,1.5147432088851929,4.299170970916748,0.026550352573394775,0.7777025699615479,0.777698278427124,8.671447921686757e-06,8.671447921686757e-06,0.5,0.0,0.5,0.5,0.5,8770.391336679459
3,8180,30.340547561645508,0.12547113001346588,1.3297175168991089,4.471071720123291,0.025188138708472252,0.7876612544059753,0.7876938581466675,8.664406944457917e-06,8.664406944457917e-06,0.5,0.0,0.5,0.5,0.5,8793.24919128418
3,8200,53.75524139404297,0.35867759585380554,1.3842589855194092,4.016608715057373,0.028281357139348984,0.8036696314811707,0.8036585450172424,8.657350608586008e-06,8.657350608586008e-06,0.5,0.0,0.5,0.5,0.5,8814.448715686798
3,8220,37.66667175292969,0.16877888143062592,1.6515016555786133,4.248682022094727,0.025086164474487305,0.8022266030311584,0.8022255301475525,8.650278948319388e-06,8.650278948319388e-06,0.5,0.0,0.5,0.5,0.5,8835.924415588379
3,8240,46.08379364013672,0.2634196877479553,1.5788425207138062,3.9295291900634766,0.023871293291449547,0.8046899437904358,0.8046699166297913,8.643191997980796e-06,8.643191997980796e-06,0.5,0.0,0.5,0.5,0.5,8857.060408115387
3,8260,35.83425521850586,0.17168176174163818,1.4180806875228882,4.463103294372559,0.022168289870023727,0.8023183941841125,0.802325963973999,8.636089791967178e-06,8.636089791967178e-06,0.5,0.0,0.5,0.5,0.5,8877.973915815353
3,8280,30.428037643432617,0.11137063801288605,1.5270179510116577,3.992112874984741,0.028679950162768364,0.7737964391708374,0.773806631565094,8.628972364749524e-06,8.628972364749524e-06,0.5,0.0,0.5,0.5,0.5,8899.130147457123
3,8300,34.25929260253906,0.15806101262569427,1.4450047016143799,3.9764533042907715,0.026692889630794525,0.8136754035949707,0.8136714100837708,8.621839750872706e-06,8.621839750872706e-06,0.5,0.0,0.5,0.5,0.5,8921.270013809204
3,8320,29.799549102783203,0.1084829568862915,1.4707038402557373,4.215743064880371,0.028473202139139175,0.8007394671440125,0.8007404208183289,8.614691984955303e-06,8.614691984955303e-06,0.5,0.0,0.5,0.5,0.5,8942.43406367302
3,8340,34.8135986328125,0.16216135025024414,1.44297194480896,4.139957427978516,0.0277861338108778,0.8082084655761719,0.8081955909729004,8.607529101689434e-06,8.607529101689434e-06,0.5,0.0,0.5,0.5,0.5,8963.754592180252
3,8360,46.66166687011719,0.27182695269584656,1.5220367908477783,4.232363700866699,0.02623981423676014,0.8001968264579773,0.8002023100852966,8.60035113584059e-06,8.60035113584059e-06,0.5,0.0,0.5,0.5,0.5,8984.744971513748
3,8380,33.95362854003906,0.14497151970863342,1.5341465473175049,4.087803363800049,0.027207333594560623,0.7960246205329895,0.7961859703063965,8.593158122247472e-06,8.593158122247472e-06,0.5,0.0,0.5,0.5,0.5,9006.864091157913
3,8400,33.50962829589844,0.13105133175849915,1.6162794828414917,4.217376232147217,0.02432737872004509,0.8110895752906799,0.8110854625701904,8.58595009582181e-06,8.58595009582181e-06,0.5,0.0,0.5,0.5,0.5,9028.229023456573
3,8420,28.361194610595703,0.08256576210260391,1.606461524963379,4.013267517089844,0.026736043393611908,0.7991370558738708,0.7991267442703247,8.578727091548202e-06,8.578727091548202e-06,0.5,0.0,0.5,0.5,0.5,9048.99387550354
3,8440,39.90892791748047,0.21624064445495605,1.435101866722107,3.907162666320801,0.026685023680329323,0.7894145250320435,0.7894130945205688,8.571489144483945e-06,8.571489144483945e-06,0.5,0.0,0.5,0.5,0.5,9071.054548978806
3,8460,44.93488693237305,0.25059807300567627,1.5623424053192139,4.2273640632629395,0.024290382862091064,0.8027595281600952,0.8028108477592468,8.564236289758853e-06,8.564236289758853e-06,0.5,0.0,0.5,0.5,0.5,9091.834691286087
3,8480,62.02867889404297,0.4167790412902832,1.604209303855896,4.28220272064209,0.02648216299712658,0.8188505172729492,0.8188331127166748,8.556968562575106e-06,8.556968562575106e-06,0.5,0.0,0.5,0.5,0.5,9113.412166833878
3,8500,27.881004333496094,0.0951308086514473,1.4118740558624268,4.219380855560303,0.029801517724990845,0.7889850735664368,0.7889881730079651,8.549685998207062e-06,8.549685998207062e-06,0.5,0.0,0.5,0.5,0.5,9134.139072179794
3,8520,35.34866714477539,0.16536903381347656,1.482349157333374,3.9621169567108154,0.02615247666835785,0.7947970628738403,0.7943313717842102,8.542388632001094e-06,8.542388632001094e-06,0.5,0.0,0.5,0.5,0.5,9155.055451631546
3,8540,34.54304885864258,0.16157224774360657,1.421130895614624,4.146685600280762,0.02783009596168995,0.8112116456031799,0.8112516403198242,8.535076499375415e-06,8.535076499375415e-06,0.5,0.0,0.5,0.5,0.5,9176.352547645569
3,8560,40.467159271240234,0.22627291083335876,1.3903186321258545,3.9088542461395264,0.027824783697724342,0.7930029034614563,0.79298996925354,8.527749635819907e-06,8.527749635819907e-06,0.5,0.0,0.5,0.5,0.5,9196.980463027954
3,8580,45.511009216308594,0.24926051497459412,1.6583316326141357,3.9771718978881836,0.024468502029776573,0.7838782072067261,0.7838740348815918,8.520408076895957e-06,8.520408076895957e-06,0.5,0.0,0.5,0.5,0.5,9218.518383026123
3,8600,40.936702728271484,0.22368620336055756,1.425191879272461,4.291533946990967,0.024631448090076447,0.8121010661125183,0.8121085166931152,8.513051858236268e-06,8.513051858236268e-06,0.5,0.0,0.5,0.5,0.5,9240.701500177383
3,8620,43.18028259277344,0.25055205821990967,1.3849238157272339,4.248528957366943,0.027308063581585884,0.7992694973945618,0.7992883324623108,8.505681015544696e-06,8.505681015544696e-06,0.5,0.0,0.5,0.5,0.5,9261.994514226913
3,8640,38.28586196899414,0.19251278042793274,1.4844238758087158,4.164313793182373,0.02603268437087536,0.8015140891075134,0.8014959692955017,8.49829558459608e-06,8.49829558459608e-06,0.5,0.0,0.5,0.5,0.5,9283.45011806488
3,8660,33.2167854309082,0.14144666492938995,1.4989418983459473,4.054947853088379,0.02775166556239128,0.8039215803146362,0.8039193153381348,8.490895601236063e-06,8.490895601236063e-06,0.5,0.0,0.5,0.5,0.5,9304.896345853806
3,8680,44.99845504760742,0.2559584379196167,1.5194242000579834,4.179892539978027,0.028477279469370842,0.7952280640602112,0.7952375411987305,8.483481101380917e-06,8.483481101380917e-06,0.5,0.0,0.5,0.5,0.5,9326.722864627838
3,8700,44.47853469848633,0.25117963552474976,1.5235551595687866,4.099079608917236,0.025939367711544037,0.8133212924003601,0.8133033514022827,8.476052121017368e-06,8.476052121017368e-06,0.5,0.0,0.5,0.5,0.5,9347.425028562546
3,8720,39.18436050415039,0.20788046717643738,1.4380148649215698,3.988196849822998,0.027970749884843826,0.8111114501953125,0.8111076951026917,8.468608696202433e-06,8.468608696202433e-06,0.5,0.0,0.5,0.5,0.5,9368.847398519516
3,8740,60.0815544128418,0.3963451385498047,1.634556770324707,4.075333595275879,0.026141922920942307,0.8262097239494324,0.8262100219726562,8.46115086306323e-06,8.46115086306323e-06,0.5,0.0,0.5,0.5,0.5,9389.803474187851
3,8760,33.61363983154297,0.14768105745315552,1.480956792831421,4.009762287139893,0.026201307773590088,0.7931999564170837,0.7931802272796631,8.453678657796805e-06,8.453678657796805e-06,0.5,0.0,0.5,0.5,0.5,9411.865962266922
3,8780,40.658573150634766,0.21561148762702942,1.498192548751831,4.088676929473877,0.026819366961717606,0.7936797738075256,0.7936751842498779,8.446192116669966e-06,8.446192116669966e-06,0.5,0.0,0.5,0.5,0.5,9432.39683508873
3,8800,34.50259017944336,0.15113840997219086,1.537369966506958,3.9916396141052246,0.02341104857623577,0.8107354044914246,0.810724139213562,8.438691276019103e-06,8.438691276019103e-06,0.5,0.0,0.5,0.5,0.5,9453.648659467697
3,8820,53.8879280090332,0.34675395488739014,1.516895055770874,4.018492698669434,0.025087928399443626,0.8052570819854736,0.805260956287384,8.431176172250002e-06,8.431176172250002e-06,0.5,0.0,0.5,0.5,0.5,9474.412139177322
3,8840,39.36503601074219,0.2194567769765854,1.3224420547485352,4.171308994293213,0.023628374561667442,0.7848808765411377,0.7848981618881226,8.423646841837678e-06,8.423646841837678e-06,0.5,0.0,0.5,0.5,0.5,9496.086292028427
4,8860,50.131446838378906,0.3215690851211548,1.4017757177352905,3.926527976989746,0.03024963289499283,0.7972123622894287,0.7972105741500854,8.416103321326203e-06,8.416103321326203e-06,0.5,0.0,0.5,0.5,0.5,9532.88616013527
4,8880,33.74895477294922,0.14079223573207855,1.5554447174072266,4.087752342224121,0.02753257192671299,0.793753445148468,0.7937501668930054,8.408545647328513e-06,8.408545647328513e-06,0.5,0.0,0.5,0.5,0.5,9553.842396259308
4,8900,33.798099517822266,0.1552647054195404,1.4082597494125366,4.164302349090576,0.024730507284402847,0.823002815246582,0.8230044841766357,8.400973856526243e-06,8.400973856526243e-06,0.5,0.0,0.5,0.5,0.5,9575.010137319565
4,8920,48.38329315185547,0.3031606674194336,1.382558822631836,4.213103294372559,0.028532737866044044,0.8094876408576965,0.809489905834198,8.393387985669541e-06,8.393387985669541e-06,0.5,0.0,0.5,0.5,0.5,9597.087412595749
4,8940,30.952585220336914,0.12653732299804688,1.4076271057128906,4.199463844299316,0.02311835065484047,0.8147291541099548,0.814727246761322,8.385788071576902e-06,8.385788071576902e-06,0.5,0.0,0.5,0.5,0.5,9621.0177090168
4,8960,33.45135498046875,0.15546181797981262,1.364438533782959,4.231128692626953,0.029659150168299675,0.8132050037384033,0.8131939172744751,8.378174151134968e-06,8.378174151134968e-06,0.5,0.0,0.5,0.5,0.5,9642.288676023483
4,8980,33.822227478027344,0.16122165322303772,1.3899210691452026,3.7752468585968018,0.02560500241816044,0.8034249544143677,0.8034439086914062,8.370546261298375e-06,8.370546261298375e-06,0.5,0.0,0.5,0.5,0.5,9664.172048807144
4,9000,35.22344970703125,0.159491628408432,1.4930448532104492,4.315467357635498,0.028371307998895645,0.8091903924942017,0.8091863393783569,8.362904439089549e-06,8.362904439089549e-06,0.5,0.0,0.5,0.5,0.5,9685.642089128494
4,9020,38.57208251953125,0.20290756225585938,1.40509033203125,4.20400857925415,0.026411082595586777,0.7913481593132019,0.7913497686386108,8.355248721598544e-06,8.355248721598544e-06,0.5,0.0,0.5,0.5,0.5,9708.844594955444
4,9040,39.91204833984375,0.2070675790309906,1.5205609798431396,3.9702069759368896,0.02947285585105419,0.8065642714500427,0.8065675497055054,8.347579145982856e-06,8.347579145982856e-06,0.5,0.0,0.5,0.5,0.5,9733.283551216125
4,9060,42.513458251953125,0.23929020762443542,1.4681155681610107,3.878910779953003,0.024371812120079994,0.8175854682922363,0.8175764679908752,8.339895749467238e-06,8.339895749467238e-06,0.5,0.0,0.5,0.5,0.5,9754.29723739624
4,9080,59.52922821044922,0.4154852032661438,1.4047034978866577,3.903961420059204,0.029710903763771057,0.7792230248451233,0.7792441248893738,8.332198569343527e-06,8.332198569343527e-06,0.5,0.0,0.5,0.5,0.5,9776.554640769958
4,9100,38.734169006347656,0.19952547550201416,1.4668490886688232,4.0856757164001465,0.027456246316432953,0.8037972450256348,0.8037959337234497,8.324487642970458e-06,8.324487642970458e-06,0.5,0.0,0.5,0.5,0.5,9797.856834411621
4,9120,33.416343688964844,0.15169233083724976,1.4047324657440186,4.172400951385498,0.02738759107887745,0.7993044257164001,0.7993186116218567,8.316763007773486e-06,8.316763007773486e-06,0.5,0.0,0.5,0.5,0.5,9818.995154857635
4,9140,34.971805572509766,0.15464670956134796,1.5341315269470215,4.137127876281738,0.028688549995422363,0.825465202331543,0.8254818320274353,8.3090247012446e-06,8.3090247012446e-06,0.5,0.0,0.5,0.5,0.5,9839.942918777466
4,9160,29.823993682861328,0.12945139408111572,1.2821345329284668,4.0309062004089355,0.026603490114212036,0.7938884496688843,0.7938953638076782,8.301272760942144e-06,8.301272760942144e-06,0.5,0.0,0.5,0.5,0.5,9862.675155878067
4,9180,43.57913589477539,0.25041648745536804,1.456329107284546,3.94954776763916,0.02464800700545311,0.7775976061820984,0.7775965332984924,8.293507224490638e-06,8.293507224490638e-06,0.5,0.0,0.5,0.5,0.5,9883.286666154861
4,9200,30.119169235229492,0.11526942253112793,1.4508395195007324,4.058436870574951,0.02539522387087345,0.8058708906173706,0.8058606386184692,8.285728129580589e-06,8.285728129580589e-06,0.5,0.0,0.5,0.5,0.5,9904.856096744537
4,9220,46.14427947998047,0.2756102979183197,1.4495112895965576,4.061643600463867,0.026488350704312325,0.7831119298934937,0.7833171486854553,8.27793551396831e-06,8.27793551396831e-06,0.5,0.0,0.5,0.5,0.5,9925.462549209595
4,9240,33.39851379394531,0.1450277864933014,1.4810594320297241,4.055251598358154,0.0298882108181715,0.7938379049301147,0.7938529849052429,8.270129415475739e-06,8.270129415475739e-06,0.5,0.0,0.5,0.5,0.5,9946.686114549637
4,9260,33.13510513305664,0.14923463761806488,1.4184983968734741,4.001641273498535,0.025015562772750854,0.8094413876533508,0.8094348907470703,8.262309871990251e-06,8.262309871990251e-06,0.5,0.0,0.5,0.5,0.5,9967.752812862396
4,9280,31.947723388671875,0.13461542129516602,1.4232276678085327,4.227933406829834,0.02597043476998806,0.8119843006134033,0.8119822144508362,8.254476921464483e-06,8.254476921464483e-06,0.5,0.0,0.5,0.5,0.5,9989.32046532631
4,9300,36.24493408203125,0.17649376392364502,1.4743770360946655,3.8274621963500977,0.024324806407094002,0.7924250364303589,0.7924360632896423,8.246630601916141e-06,8.246630601916141e-06,0.5,0.0,0.5,0.5,0.5,10011.89818763733
4,9320,45.181427001953125,0.26316171884536743,1.4837316274642944,4.001702308654785,0.02623659558594227,0.7841131091117859,0.7841045260429382,8.238770951427814e-06,8.238770951427814e-06,0.5,0.0,0.5,0.5,0.5,10032.897361040115
4,9340,38.664833068847656,0.19834475219249725,1.482720136642456,3.9767942428588867,0.026363274082541466,0.7842532992362976,0.7842351794242859,8.230898008146799e-06,8.230898008146799e-06,0.5,0.0,0.5,0.5,0.5,10054.702961206436
4,9360,36.26327896118164,0.18022023141384125,1.4276046752929688,3.9360413551330566,0.029168909415602684,0.796787679195404,0.7967822551727295,8.223011810284912e-06,8.223011810284912e-06,0.5,0.0,0.5,0.5,0.5,10075.715335607529
4,9380,35.516204833984375,0.16691848635673523,1.480657935142517,3.9924633502960205,0.025315523147583008,0.7992068529129028,0.7992058396339417,8.215112396118293e-06,8.215112396118293e-06,0.5,0.0,0.5,0.5,0.5,10096.522762775421
4,9400,35.157249450683594,0.16553692519664764,1.4648258686065674,3.9302797317504883,0.02502184547483921,0.792867124080658,0.7928733229637146,8.207199803987235e-06,8.207199803987235e-06,0.5,0.0,0.5,0.5,0.5,10117.667290687561
4,9420,47.605899810791016,0.28439053893089294,1.5035040378570557,4.105855941772461,0.02595292031764984,0.7932490110397339,0.7932597994804382,8.199274072295988e-06,8.199274072295988e-06,0.5,0.0,0.5,0.5,0.5,10138.486134290695
4,9440,38.88585662841797,0.2014828622341156,1.483107089996338,3.8749756813049316,0.03151967003941536,0.8031031489372253,0.8030914068222046,8.19133523951258e-06,8.19133523951258e-06,0.5,0.0,0.5,0.5,0.5,10160.669244527817
4,9460,29.28890609741211,0.1006728783249855,1.4935386180877686,4.256206512451172,0.030026013031601906,0.7885193824768066,0.7885059118270874,8.183383344168618e-06,8.183383344168618e-06,0.5,0.0,0.5,0.5,0.5,10181.21948003769
4,9480,35.15671920776367,0.16702993214130402,1.4476230144500732,3.953080654144287,0.024415556341409683,0.8073399662971497,0.8073282837867737,8.175418424859116e-06,8.175418424859116e-06,0.5,0.0,0.5,0.5,0.5,10202.852910995483
4,9500,43.80360794067383,0.23810014128684998,1.5999635457992554,3.969825267791748,0.024130934849381447,0.8218156695365906,0.8218197226524353,8.167440520242298e-06,8.167440520242298e-06,0.5,0.0,0.5,0.5,0.5,10223.593594551086
4,9520,55.70330810546875,0.35574448108673096,1.6071527004241943,4.030386447906494,0.02694675698876381,0.7799239158630371,0.779912531375885,8.159449669039411e-06,8.159449669039411e-06,0.5,0.0,0.5,0.5,0.5,10244.500390291214
4,9540,32.3527946472168,0.13224682211875916,1.506148338317871,4.0377116203308105,0.02892083115875721,0.8026461005210876,0.8026518225669861,8.151445910034544e-06,8.151445910034544e-06,0.5,0.0,0.5,0.5,0.5,10267.114167690277
4,9560,43.26808547973633,0.2573883533477783,1.3285069465637207,4.217591285705566,0.026593834161758423,0.792009174823761,0.7920080423355103,8.143429282074431e-06,8.143429282074431e-06,0.5,0.0,0.5,0.5,0.5,10287.087168693542
4,9580,29.629112243652344,0.1180315613746643,1.3759658336639404,4.034580230712891,0.03171776607632637,0.8023489713668823,0.8023629784584045,8.135399824068267e-06,8.135399824068267e-06,0.5,0.0,0.5,0.5,0.5,10309.291588306427
4,9600,33.639827728271484,0.15185454487800598,1.4465211629867554,3.9624197483062744,0.02673989161849022,0.7766812443733215,0.7766842246055603,8.127357574987515e-06,8.127357574987515e-06,0.5,0.0,0.5,0.5,0.5,10329.677066087723
4,9620,26.71090316772461,0.07657143473625183,1.5158374309539795,3.8696446418762207,0.025741182267665863,0.8118206858634949,0.811781108379364,8.119302573865732e-06,8.119302573865732e-06,0.5,0.0,0.5,0.5,0.5,10351.218896150589
4,9640,30.674549102783203,0.11123806983232498,1.560105562210083,3.9193131923675537,0.030374465510249138,0.7777330279350281,0.777734100818634,8.111234859798353e-06,8.111234859798353e-06,0.5,0.0,0.5,0.5,0.5,10371.572382211685
4,9660,49.41115188598633,0.3127608001232147,1.4060618877410889,4.048620700836182,0.025829195976257324,0.8042259812355042,0.8042242527008057,8.103154471942524e-06,8.103154471942524e-06,0.5,0.0,0.5,0.5,0.5,10392.570196151733
4,9680,37.4908332824707,0.19169364869594574,1.426248550415039,4.0315351486206055,0.02744578942656517,0.7996934652328491,0.7997090816497803,8.095061449516904e-06,8.095061449516904e-06,0.5,0.0,0.5,0.5,0.5,10412.840282917023
4,9700,34.125606536865234,0.15296924114227295,1.4747731685638428,4.0544915199279785,0.02645958587527275,0.8140172362327576,0.8140299320220947,8.086955831801471e-06,8.086955831801471e-06,0.5,0.0,0.5,0.5,0.5,10433.968755960464
4,9720,50.29724884033203,0.3339992165565491,1.302152395248413,3.8490960597991943,0.026706941425800323,0.8090446591377258,0.8090313673019409,8.078837658137342e-06,8.078837658137342e-06,0.5,0.0,0.5,0.5,0.5,10455.907745838165
4,9740,38.56224822998047,0.20134422183036804,1.437646746635437,4.022623538970947,0.02873280644416809,0.8068883419036865,0.8068866729736328,8.070706967926565e-06,8.070706967926565e-06,0.5,0.0,0.5,0.5,0.5,10476.746310710907
4,9760,44.7757453918457,0.2630804181098938,1.4458856582641602,3.981659412384033,0.027186354622244835,0.7989335656166077,0.7989352941513062,8.062563800631949e-06,8.062563800631949e-06,0.5,0.0,0.5,0.5,0.5,10498.151228189468
4,9780,31.763805389404297,0.13070960342884064,1.497393012046814,3.6943910121917725,0.02452223189175129,0.787909746170044,0.7878290414810181,8.054408195776852e-06,8.054408195776852e-06,0.5,0.0,0.5,0.5,0.5,10519.03433728218
4,9800,31.848493576049805,0.13147439062595367,1.4719631671905518,3.952009677886963,0.029415618628263474,0.8054206371307373,0.805426836013794,8.046240192945e-06,8.046240192945e-06,0.5,0.0,0.5,0.5,0.5,10540.241921186447
4,9820,54.718505859375,0.3558170199394226,1.4954299926757812,4.158062934875488,0.024440836161375046,0.8052657842636108,0.8052712082862854,8.038059831780301e-06,8.038059831780301e-06,0.5,0.0,0.5,0.5,0.5,10561.459782600403
4,9840,33.43349838256836,0.14980119466781616,1.4417080879211426,4.007229804992676,0.029066376388072968,0.8204258680343628,0.8204174041748047,8.029867151986637e-06,8.029867151986637e-06,0.5,0.0,0.5,0.5,0.5,10582.293117761612
4,9860,46.921600341796875,0.27971309423446655,1.4883893728256226,4.035082817077637,0.031316135078668594,0.7935600280761719,0.7935441732406616,8.02166219332768e-06,8.02166219332768e-06,0.5,0.0,0.5,0.5,0.5,10604.28902554512
4,9880,49.8726921081543,0.31471648812294006,1.434086799621582,4.029409885406494,0.03076718933880329,0.8117651343345642,0.8117911219596863,8.0134449956267e-06,8.0134449956267e-06,0.5,0.0,0.5,0.5,0.5,10627.622307777405
4,9900,34.140132904052734,0.15817885100841522,1.4165246486663818,4.12959623336792,0.027406392619013786,0.7876648902893066,0.7876671552658081,8.005215598766371e-06,8.005215598766371e-06,0.5,0.0,0.5,0.5,0.5,10649.050030708313
4,9920,28.027315139770508,0.09890460222959518,1.4173343181610107,3.938387632369995,0.025124143809080124,0.8071427345275879,0.8071541786193848,7.996974042688574e-06,7.996974042688574e-06,0.5,0.0,0.5,0.5,0.5,10669.685045719147
4,9940,47.22895431518555,0.27459555864334106,1.5703343152999878,4.035809516906738,0.03024551272392273,0.8073567152023315,0.8073574900627136,7.98872036739421e-06,7.98872036739421e-06,0.5,0.0,0.5,0.5,0.5,10691.056013345718
4,9960,27.554244995117188,0.0886274129152298,1.4741013050079346,3.9231293201446533,0.02736126445233822,0.8204945921897888,0.8204801082611084,7.980454612942992e-06,7.980454612942992e-06,0.5,0.0,0.5,0.5,0.5,10711.760604858398
4,9980,36.78456497192383,0.18526223301887512,1.4128949642181396,4.102528095245361,0.026864709332585335,0.7978329658508301,0.7978260517120361,7.972176819453269e-06,7.972176819453269e-06,0.5,0.0,0.5,0.5,0.5,10732.995970964432
4,10000,45.12821960449219,0.25360140204429626,1.5711088180541992,4.031538009643555,0.02545173652470112,0.7806801795959473,0.7806814908981323,7.96388702710182e-06,7.96388702710182e-06,0.5,0.0,0.5,0.5,0.5,10754.149678707123
4,10020,28.813711166381836,0.10827967524528503,1.4233949184417725,3.7246694564819336,0.0271240696310997,0.7982742786407471,0.7982540130615234,7.95558527612366e-06,7.95558527612366e-06,0.5,0.0,0.5,0.5,0.5,10775.002246141434
4,10040,32.5402717590332,0.13977238535881042,1.4788875579833984,3.7460196018218994,0.028137337416410446,0.7860472202301025,0.7860524654388428,7.947271606811845e-06,7.947271606811845e-06,0.5,0.0,0.5,0.5,0.5,10796.167660474777
4,10060,52.957923889160156,0.3462088108062744,1.4336507320404053,3.9700980186462402,0.030437419191002846,0.8273089528083801,0.8273338079452515,7.93894605951728e-06,7.93894605951728e-06,0.5,0.0,0.5,0.5,0.5,10816.940696954727
4,10080,44.11332321166992,0.2613120675086975,1.404231071472168,3.912686347961426,0.02712094597518444,0.7906489372253418,0.7906546592712402,7.930608674648517e-06,7.930608674648517e-06,0.5,0.0,0.5,0.5,0.5,10837.894549131393
4,10100,38.584815979003906,0.1934787929058075,1.5038187503814697,4.167592525482178,0.031159255653619766,0.8058337569236755,0.8058301210403442,7.922259492671569e-06,7.922259492671569e-06,0.5,0.0,0.5,0.5,0.5,10860.862133741379
4,10120,41.20966720581055,0.23001812398433685,1.4255521297454834,3.921449661254883,0.030887745320796967,0.7967424392700195,0.7967320084571838,7.913898554109698e-06,7.913898554109698e-06,0.5,0.0,0.5,0.5,0.5,10882.05796957016
4,10140,40.39399719238281,0.23193836212158203,1.35391366481781,3.6315255165100098,0.029500514268875122,0.7911805510520935,0.791174590587616,7.905525899543231e-06,7.905525899543231e-06,0.5,0.0,0.5,0.5,0.5,10903.79711484909
4,10160,37.842926025390625,0.196672260761261,1.4322527647018433,3.8244521617889404,0.028721537441015244,0.790091872215271,0.7900842428207397,7.897141569609364e-06,7.897141569609364e-06,0.5,0.0,0.5,0.5,0.5,10924.2181828022
4,10180,36.70403289794922,0.2001660317182541,1.2817845344543457,3.839686155319214,0.029897568747401237,0.8089104890823364,0.808930516242981,7.888745605001955e-06,7.888745605001955e-06,0.5,0.0,0.5,0.5,0.5,10945.678529977798
4,10200,47.690216064453125,0.2944931983947754,1.434572696685791,3.8661844730377197,0.028985725715756416,0.8071238994598389,0.8071454167366028,7.880338046471331e-06,7.880338046471331e-06,0.5,0.0,0.5,0.5,0.5,10966.692943572998
4,10220,32.96302795410156,0.16397625207901,1.2714881896972656,3.8265528678894043,0.023969506844878197,0.8094704747200012,0.8094631433486938,7.871918934824096e-06,7.871918934824096e-06,0.5,0.0,0.5,0.5,0.5,10987.947179079056
4,10240,37.4451904296875,0.20394954085350037,1.300206184387207,4.020208835601807,0.02796303667128086,0.8131351470947266,0.8131262063980103,7.86348831092292e-06,7.86348831092292e-06,0.5,0.0,0.5,0.5,0.5,11008.805701494217
4,10260,38.05192184448242,0.20236462354660034,1.3599092960357666,4.190237045288086,0.026127072051167488,0.7858514189720154,0.7858426570892334,7.85504621568636e-06,7.85504621568636e-06,0.5,0.0,0.5,0.5,0.5,11030.157926559448
4,10280,40.12580108642578,0.21706682443618774,1.454329252243042,3.845994234085083,0.029831131920218468,0.7872835993766785,0.787276029586792,7.846592690088633e-06,7.846592690088633e-06,0.5,0.0,0.5,0.5,0.5,11054.391185045242
4,10300,38.715110778808594,0.20138365030288696,1.461376667022705,3.933332920074463,0.0296445544809103,0.7806116938591003,0.7806045413017273,7.838127775159451e-06,7.838127775159451e-06,0.5,0.0,0.5,0.5,0.5,11077.724256515503
4,10320,37.51259994506836,0.1750151515007019,1.5881738662719727,4.097892761230469,0.03145109862089157,0.8108328580856323,0.8108452558517456,7.829651511983796e-06,7.829651511983796e-06,0.5,0.0,0.5,0.5,0.5,11098.887864589691
4,10340,43.912235260009766,0.2588909864425659,1.4125499725341797,3.8668253421783447,0.03081105835735798,0.800433874130249,0.8004363179206848,7.82116394170173e-06,7.82116394170173e-06,0.5,0.0,0.5,0.5,0.5,11119.631973028183
4,10360,32.86355209350586,0.15603959560394287,1.3290777206420898,3.942460298538208,0.02635655365884304,0.8210076689720154,0.8210065960884094,7.812665105508194e-06,7.812665105508194e-06,0.5,0.0,0.5,0.5,0.5,11140.785640478134
4,10380,41.049072265625,0.23016443848609924,1.4327914714813232,3.678800106048584,0.025914298370480537,0.7751696109771729,0.7751594185829163,7.804155044652813e-06,7.804155044652813e-06,0.5,0.0,0.5,0.5,0.5,11161.54723906517
4,10400,44.605926513671875,0.2716793119907379,1.3861005306243896,3.5535202026367188,0.023468583822250366,0.7964786291122437,0.7964805960655212,7.79563380043969e-06,7.79563380043969e-06,0.5,0.0,0.5,0.5,0.5,11182.592882156372
4,10420,59.18994903564453,0.40339693427085876,1.501964807510376,3.803511619567871,0.027092769742012024,0.7881748080253601,0.7881866097450256,7.787101414227202e-06,7.787101414227202e-06,0.5,0.0,0.5,0.5,0.5,11204.944681406021
4,10440,35.58208465576172,0.17030474543571472,1.4730815887451172,3.7925171852111816,0.02827838808298111,0.8100374341011047,0.810044527053833,7.778557927427812e-06,7.778557927427812e-06,0.5,0.0,0.5,0.5,0.5,11225.910259485245
4,10460,33.47032928466797,0.15571272373199463,1.370645523071289,4.166347980499268,0.026253847405314445,0.7995756268501282,0.7995646595954895,7.770003381507854e-06,7.770003381507854e-06,0.5,0.0,0.5,0.5,0.5,11247.23037147522
4,10480,32.411659240722656,0.14221630990505219,1.4143073558807373,4.020096778869629,0.02686021663248539,0.8032915592193604,0.8032846450805664,7.761437817987343e-06,7.761437817987343e-06,0.5,0.0,0.5,0.5,0.5,11268.115472316742
4,10500,54.452491760253906,0.36794313788414,1.3694446086883545,3.934907913208008,0.028822055086493492,0.8165141940116882,0.8165196776390076,7.752861278439767e-06,7.752861278439767e-06,0.5,0.0,0.5,0.5,0.5,11288.984969854355
4,10520,34.40547561645508,0.17070215940475464,1.347416877746582,3.8320717811584473,0.029019204899668694,0.8008803725242615,0.8008953332901001,7.744273804491886e-06,7.744273804491886e-06,0.5,0.0,0.5,0.5,0.5,11312.73032784462
4,10540,41.422203063964844,0.2322556972503662,1.3980739116668701,4.191441535949707,0.0244537852704525,0.7993736863136292,0.7993809580802917,7.73567543782353e-06,7.73567543782353e-06,0.5,0.0,0.5,0.5,0.5,11334.099421739578
4,10560,42.0379638671875,0.23370665311813354,1.4518789052963257,4.117166519165039,0.03134196624159813,0.808259904384613,0.8082507848739624,7.727066220167398e-06,7.727066220167398e-06,0.5,0.0,0.5,0.5,0.5,11356.030579090118
4,10580,37.79307556152344,0.20641377568244934,1.3175997734069824,3.9487931728363037,0.026908360421657562,0.7923024296760559,0.7922921776771545,7.71844619330886e-06,7.71844619330886e-06,0.5,0.0,0.5,0.5,0.5,11376.909918785095
4,10600,34.265018463134766,0.16150042414665222,1.4011129140853882,4.076879978179932,0.02696687914431095,0.79454106092453,0.7945292592048645,7.709815399085737e-06,7.709815399085737e-06,0.5,0.0,0.5,0.5,0.5,11398.117693901062
4,10620,34.2322998046875,0.16451729834079742,1.4102338552474976,3.6531152725219727,0.025115570053458214,0.7903291583061218,0.7903232574462891,7.701173879388128e-06,7.701173879388128e-06,0.5,0.0,0.5,0.5,0.5,11418.948249816895
4,10640,38.59489059448242,0.20439697802066803,1.43458890914917,3.7825915813446045,0.026710353791713715,0.7905028462409973,0.7905073165893555,7.69252167615817e-06,7.69252167615817e-06,0.5,0.0,0.5,0.5,0.5,11440.505489110947
4,10660,38.9614372253418,0.2121829092502594,1.377766489982605,3.942030429840088,0.023448312655091286,0.8010547161102295,0.8010690212249756,7.683858831389866e-06,7.683858831389866e-06,0.5,0.0,0.5,0.5,0.5,11461.653574705124
4,10680,32.76557159423828,0.1390148401260376,1.460854411125183,4.228292942047119,0.027247164398431778,0.7905210256576538,0.7903821468353271,7.675185387128861e-06,7.675185387128861e-06,0.5,0.0,0.5,0.5,0.5,11483.097902059555
4,10700,36.63018798828125,0.194734126329422,1.3063815832138062,4.066964149475098,0.025994084775447845,0.8100686073303223,0.8100551962852478,7.666501385472253e-06,7.666501385472253e-06,0.5,0.0,0.5,0.5,0.5,11505.581453800201
4,10720,31.23044204711914,0.14485527575016022,1.2897206544876099,3.8197038173675537,0.028004424646496773,0.7726253867149353,0.7726344466209412,7.65780686856837e-06,7.65780686856837e-06,0.5,0.0,0.5,0.5,0.5,11526.297766208649
4,10740,40.70098876953125,0.23198798298835754,1.367836356163025,3.7926485538482666,0.03117673471570015,0.8192485570907593,0.8192274570465088,7.649101878616589e-06,7.649101878616589e-06,0.5,0.0,0.5,0.5,0.5,11547.701611995697
4,10760,38.217281341552734,0.20270776748657227,1.3944382667541504,3.9751851558685303,0.02693380042910576,0.7687761783599854,0.7687955498695374,7.64038645786711e-06,7.64038645786711e-06,0.5,0.0,0.5,0.5,0.5,11568.943402051926
4,10780,32.72576904296875,0.149404376745224,1.3750863075256348,4.0067524909973145,0.02771853283047676,0.7890156507492065,0.7890192270278931,7.63166064862076e-06,7.63166064862076e-06,0.5,0.0,0.5,0.5,0.5,11589.73573923111
4,10800,38.4154052734375,0.20105195045471191,1.460479497909546,3.6777050495147705,0.02771148830652237,0.8273218274116516,0.8273440003395081,7.62292449322879e-06,7.62292449322879e-06,0.5,0.0,0.5,0.5,0.5,11610.861548662186
4,10820,33.32734680175781,0.14934664964675903,1.4546617269515991,3.819944143295288,0.02612338215112686,0.7967502474784851,0.7967487573623657,7.6141780340926675e-06,7.6141780340926675e-06,0.5,0.0,0.5,0.5,0.5,11631.652021408081
4,10840,33.861331939697266,0.1567399799823761,1.424854040145874,3.910672664642334,0.028123561292886734,0.7952516674995422,0.7952374219894409,7.605421313663864e-06,7.605421313663864e-06,0.5,0.0,0.5,0.5,0.5,11654.152774572372
4,10860,61.46202087402344,0.4315289258956909,1.4351890087127686,3.9281814098358154,0.029054837301373482,0.7960189580917358,0.79600989818573,7.596654374443665e-06,7.596654374443665e-06,0.5,0.0,0.5,0.5,0.5,11674.977927446365
4,10880,39.05180740356445,0.20675212144851685,1.4687365293502808,3.6608004570007324,0.028425835072994232,0.7890467047691345,0.789037823677063,7.587877258982941e-06,7.587877258982941e-06,0.5,0.0,0.5,0.5,0.5,11696.193572759628
4,10900,46.761329650878906,0.2798846662044525,1.4903457164764404,3.8374218940734863,0.031987905502319336,0.7910635471343994,0.7910642027854919,7.579090009881965e-06,7.579090009881965e-06,0.5,0.0,0.5,0.5,0.5,11717.18010854721
4,10920,32.949588775634766,0.16179001331329346,1.2948036193847656,3.795969009399414,0.026585601270198822,0.7960736751556396,0.7960767149925232,7.570292669790186e-06,7.570292669790186e-06,0.5,0.0,0.5,0.5,0.5,11738.43636059761
4,10940,34.41927719116211,0.1615256816148758,1.4159564971923828,4.080645561218262,0.026498055085539818,0.847428560256958,0.8474377989768982,7.5614852814060335e-06,7.5614852814060335e-06,0.5,0.0,0.5,0.5,0.5,11759.030892133713
4,10960,41.33940124511719,0.24444100260734558,1.3283621072769165,3.5870132446289062,0.02466607093811035,0.7908387780189514,0.7908401489257812,7.552667887476709e-06,7.552667887476709e-06,0.5,0.0,0.5,0.5,0.5,11780.0445830822
4,10980,41.43633270263672,0.23408985137939453,1.4265217781066895,3.732640027999878,0.02949301153421402,0.7935956120491028,0.7936090230941772,7.543840530797971e-06,7.543840530797971e-06,0.5,0.0,0.5,0.5,0.5,11802.523433208466
4,11000,38.885841369628906,0.21063737571239471,1.380488634109497,3.987131118774414,0.030090728774666786,0.792310893535614,0.7923492193222046,7.535003254213942e-06,7.535003254213942e-06,0.5,0.0,0.5,0.5,0.5,11822.514125585556
4,11020,41.012939453125,0.2323436141014099,1.3978078365325928,3.7725491523742676,0.027948623523116112,0.8224340677261353,0.822428822517395,7.5261561006168785e-06,7.5261561006168785e-06,0.5,0.0,0.5,0.5,0.5,11844.99354505539
4,11040,32.383644104003906,0.14261531829833984,1.4353840351104736,3.7413923740386963,0.026876449584960938,0.802370011806488,0.802364706993103,7.517299112946986e-06,7.517299112946986e-06,0.5,0.0,0.5,0.5,0.5,11865.40784907341
4,11060,33.080596923828125,0.16168713569641113,1.303532600402832,3.8499186038970947,0.026639724150300026,0.820708692073822,0.8207141160964966,7.508432334192199e-06,7.508432334192199e-06,0.5,0.0,0.5,0.5,0.5,11887.308442115784
4,11080,30.399856567382812,0.12527206540107727,1.397567629814148,3.8681931495666504,0.028780004009604454,0.8053073883056641,0.8053408265113831,7.49955580738797e-06,7.49955580738797e-06,0.5,0.0,0.5,0.5,0.5,11908.103950500488
4,11100,31.233003616333008,0.1376703977584839,1.3509291410446167,3.9273838996887207,0.029286975041031837,0.8141484260559082,0.8141382336616516,7.490669575617065e-06,7.490669575617065e-06,0.5,0.0,0.5,0.5,0.5,11929.428042888641
4,11120,30.808860778808594,0.11712777614593506,1.5104529857635498,3.9632339477539062,0.028318000957369804,0.8126919269561768,0.8126848340034485,7.481773682009356e-06,7.481773682009356e-06,0.5,0.0,0.5,0.5,0.5,11950.248100280762
4,11140,33.04204177856445,0.1272667646408081,1.6426047086715698,3.8654227256774902,0.023895341902971268,0.8200856447219849,0.8201209306716919,7.472868169741606e-06,7.472868169741606e-06,0.5,0.0,0.5,0.5,0.5,11971.214945077896
4,11160,35.406410217285156,0.17823725938796997,1.3745603561401367,3.8018958568573,0.03518281877040863,0.7875889539718628,0.7876051068305969,7.463953082037266e-06,7.463953082037266e-06,0.5,0.0,0.5,0.5,0.5,11992.731556653976
4,11180,38.740116119384766,0.19873222708702087,1.5054057836532593,3.780585527420044,0.03224777430295944,0.7898157835006714,0.7898236513137817,7.4550284621662614e-06,7.4550284621662614e-06,0.5,0.0,0.5,0.5,0.5,12013.873528003693
4,11200,34.308837890625,0.1602402627468109,1.4316470623016357,3.944307565689087,0.024030741304159164,0.8193629384040833,0.8194540739059448,7.44609435344478e-06,7.44609435344478e-06,0.5,0.0,0.5,0.5,0.5,12035.41617655754
4,11220,44.016815185546875,0.2666897177696228,1.3491361141204834,3.828465223312378,0.028020162135362625,0.7974082827568054,0.7974147200584412,7.43715079923507e-06,7.43715079923507e-06,0.5,0.0,0.5,0.5,0.5,12056.795309782028
4,11240,34.1456184387207,0.1588289439678192,1.4289436340332031,3.9451069831848145,0.028179418295621872,0.8061975836753845,0.8062049150466919,7.428197842945215e-06,7.428197842945215e-06,0.5,0.0,0.5,0.5,0.5,12078.259905815125
4,11260,43.15178680419922,0.24453872442245483,1.469927191734314,3.9721415042877197,0.026501130312681198,0.7971900701522827,0.7971956133842468,7.419235528028938e-06,7.419235528028938e-06,0.5,0.0,0.5,0.5,0.5,12098.958811998367
4,11280,47.079551696777344,0.29294222593307495,1.4072613716125488,3.6876018047332764,0.0251139085739851,0.8002426028251648,0.8002393841743469,7.410263897985387e-06,7.410263897985387e-06,0.5,0.0,0.5,0.5,0.5,12120.255481243134
4,11300,38.61250686645508,0.2001781463623047,1.4890168905258179,3.6758177280426025,0.028703797608613968,0.796732485294342,0.7967341542243958,7.401282996358915e-06,7.401282996358915e-06,0.5,0.0,0.5,0.5,0.5,12141.641212940216
4,11320,30.208831787109375,0.13030968606472015,1.3202162981033325,3.9494407176971436,0.026259640231728554,0.7962356805801392,0.7962312698364258,7.39229286673888e-06,7.39229286673888e-06,0.5,0.0,0.5,0.5,0.5,12162.471494197845
4,11340,37.738243103027344,0.18786261975765228,1.5057718753814697,3.863450765609741,0.03081372193992138,0.7988941073417664,0.7988868355751038,7.383293552759427e-06,7.383293552759427e-06,0.5,0.0,0.5,0.5,0.5,12184.771220207214
4,11360,31.901382446289062,0.14541666209697723,1.3482426404953003,3.8460302352905273,0.03125784546136856,0.79078608751297,0.7907904386520386,7.374285098099279e-06,7.374285098099279e-06,0.5,0.0,0.5,0.5,0.5,12205.512760162354
4,11380,49.701019287109375,0.32098859548568726,1.367267370223999,3.9018571376800537,0.02763507328927517,0.7946295142173767,0.7946139574050903,7.3652675464815215e-06,7.3652675464815215e-06,0.5,0.0,0.5,0.5,0.5,12226.931396245956
4,11400,36.36975860595703,0.1982766091823578,1.2710891962051392,3.801330804824829,0.029876016080379486,0.7957168817520142,0.7957120537757874,7.356240941673394e-06,7.356240941673394e-06,0.5,0.0,0.5,0.5,0.5,12247.744587182999
4,11420,34.9755744934082,0.1730799376964569,1.3821910619735718,3.821643829345703,0.024027172476053238,0.7973548769950867,0.7973547577857971,7.347205327486076e-06,7.347205327486076e-06,0.5,0.0,0.5,0.5,0.5,12269.217699050903
4,11440,31.126399993896484,0.13797706365585327,1.3446435928344727,3.8478996753692627,0.034356724470853806,0.8167979121208191,0.8167951107025146,7.3381607477744764e-06,7.3381607477744764e-06,0.5,0.0,0.5,0.5,0.5,12291.340499639511
4,11460,24.497045516967773,0.07676848024129868,1.3117948770523071,3.678687334060669,0.023562246933579445,0.8044815063476562,0.804536759853363,7.329107246437016e-06,7.329107246437016e-06,0.5,0.0,0.5,0.5,0.5,12314.882734537125
4,11480,24.641324996948242,0.0778995156288147,1.314383625984192,3.679807424545288,0.027729662135243416,0.798839271068573,0.7988319396972656,7.320044867415419e-06,7.320044867415419e-06,0.5,0.0,0.5,0.5,0.5,12336.538855791092
4,11500,32.09040069580078,0.1476646512746811,1.3694051504135132,3.5989134311676025,0.030967922881245613,0.7765191197395325,0.7765256762504578,7.310973654694498e-06,7.310973654694498e-06,0.5,0.0,0.5,0.5,0.5,12357.794363975525
4,11520,41.42595291137695,0.23280277848243713,1.4433298110961914,3.681709051132202,0.0306652020663023,0.7796980738639832,0.7796791791915894,7.301893652301938e-06,7.301893652301938e-06,0.5,0.0,0.5,0.5,0.5,12379.182698726654
4,11540,28.146427154541016,0.11047527194023132,1.335561990737915,3.71642804145813,0.026852205395698547,0.7987825870513916,0.7987880110740662,7.292804904308087e-06,7.292804904308087e-06,0.5,0.0,0.5,0.5,0.5,12400.407036781311
4,11560,34.48725509643555,0.1615137755870819,1.4468994140625,3.8404929637908936,0.026391612365841866,0.7976468205451965,0.7976455092430115,7.283707454825744e-06,7.283707454825744e-06,0.5,0.0,0.5,0.5,0.5,12422.198557138443
4,11580,38.60866165161133,0.19083842635154724,1.5601224899291992,3.8928329944610596,0.030760405585169792,0.8076066970825195,0.8076148629188538,7.274601348009934e-06,7.274601348009934e-06,0.5,0.0,0.5,0.5,0.5,12443.12995171547
4,11600,58.792236328125,0.3937182128429413,1.552313208580017,3.86763072013855,0.029650574550032616,0.8062294721603394,0.8062326312065125,7.265486628057708e-06,7.265486628057708e-06,0.5,0.0,0.5,0.5,0.5,12464.563238620758
4,11620,36.700279235839844,0.1929166316986084,1.3835241794586182,3.5450522899627686,0.028321582823991776,0.7776178121566772,0.7776299715042114,7.256363339207915e-06,7.256363339207915e-06,0.5,0.0,0.5,0.5,0.5,12486.370609521866
4,11640,29.435131072998047,0.11681129038333893,1.395493745803833,3.7694809436798096,0.029583081603050232,0.7932457327842712,0.7932444214820862,7.247231525740998e-06,7.247231525740998e-06,0.5,0.0,0.5,0.5,0.5,12507.87542629242
4,11660,38.62260055541992,0.19806846976280212,1.4888842105865479,3.900425672531128,0.02648826502263546,0.8040439486503601,0.8040211796760559,7.238091231978771e-06,7.238091231978771e-06,0.5,0.0,0.5,0.5,0.5,12528.906732797623
4,11680,35.17103576660156,0.17891338467597961,1.3578819036483765,3.676719903945923,0.024158358573913574,0.8161119818687439,0.8161964416503906,7.228942502284215e-06,7.228942502284215e-06,0.5,0.0,0.5,0.5,0.5,12550.251272916794
4,11700,34.04230880737305,0.16155189275741577,1.4238823652267456,3.6228339672088623,0.025462385267019272,0.8131799697875977,0.8131954073905945,7.219785381061247e-06,7.219785381061247e-06,0.5,0.0,0.5,0.5,0.5,12571.659086465836
4,11720,36.86152267456055,0.1878814697265625,1.419878363609314,3.84464955329895,0.029942193999886513,0.789126455783844,0.7891222834587097,7.210619912754518e-06,7.210619912754518e-06,0.5,0.0,0.5,0.5,0.5,12594.219626665115
4,11740,34.985103607177734,0.16953735053539276,1.4175547361373901,3.830411434173584,0.02540823072195053,0.7817867398262024,0.7817977666854858,7.201446141849186e-06,7.201446141849186e-06,0.5,0.0,0.5,0.5,0.5,12614.835915327072
4,11760,47.16180419921875,0.30022817850112915,1.3473641872406006,3.6355111598968506,0.029832953587174416,0.7739523649215698,0.7739629149436951,7.1922641128707134e-06,7.1922641128707134e-06,0.5,0.0,0.5,0.5,0.5,12637.977266073227
4,11780,48.03403854370117,0.2984440326690674,1.4543697834014893,3.6202447414398193,0.02569688856601715,0.798637330532074,0.7986387610435486,7.183073870384643e-06,7.183073870384643e-06,0.5,0.0,0.5,0.5,0.5,12661.342614889145
4,11800,35.847206115722656,0.17163848876953125,1.4770878553390503,3.8849523067474365,0.027527956292033195,0.824279248714447,0.8242613077163696,7.1738754589963765e-06,7.1738754589963765e-06,0.5,0.0,0.5,0.5,0.5,12682.640156269073
5,11820,23.73161506652832,0.06591774523258209,1.3434793949127197,3.6787538528442383,0.02629249542951584,0.7970589399337769,0.7970414161682129,7.164668923350968e-06,7.164668923350968e-06,0.5,0.0,0.5,0.5,0.5,12717.714812994003
5,11840,32.145111083984375,0.14439831674098969,1.38010573387146,3.8761849403381348,0.028033552691340446,0.7913742065429688,0.7913830280303955,7.155454308132903e-06,7.155454308132903e-06,0.5,0.0,0.5,0.5,0.5,12738.200823307037
5,11860,34.58957290649414,0.1695784032344818,1.3636820316314697,3.9688258171081543,0.02608727477490902,0.7947518825531006,0.7947441339492798,7.146231658065883e-06,7.146231658065883e-06,0.5,0.0,0.5,0.5,0.5,12760.500301361084
5,11880,30.430747985839844,0.13153010606765747,1.3454312086105347,3.796198606491089,0.027228064835071564,0.8100249171257019,0.8100196123123169,7.137001017912601e-06,7.137001017912601e-06,0.5,0.0,0.5,0.5,0.5,12781.141696214676
5,11900,28.50507926940918,0.10795722901821136,1.3771374225616455,3.9108386039733887,0.027143273502588272,0.795327365398407,0.7953746914863586,7.12776243247454e-06,7.12776243247454e-06,0.5,0.0,0.5,0.5,0.5,12802.715604782104
5,11920,34.62018585205078,0.17287446558475494,1.3295243978500366,4.012421131134033,0.025073891505599022,0.8160042762756348,0.8160184025764465,7.118515946591738e-06,7.118515946591738e-06,0.5,0.0,0.5,0.5,0.5,12823.55257987976
5,11940,24.906957626342773,0.08286847174167633,1.2873708009719849,3.71740460395813,0.028997493907809258,0.8037673234939575,0.8037647604942322,7.1092616051425804e-06,7.1092616051425804e-06,0.5,0.0,0.5,0.5,0.5,12844.708822488785
5,11960,40.013946533203125,0.20775704085826874,1.5138928890228271,4.070873260498047,0.02844006009399891,0.8008921146392822,0.8008898496627808,7.099999453043581e-06,7.099999453043581e-06,0.5,0.0,0.5,0.5,0.5,12865.214946746826
5,11980,47.6338005065918,0.3045543432235718,1.3428806066513062,3.7226998805999756,0.026863805949687958,0.8212301135063171,0.8212063312530518,7.090729535249165e-06,7.090729535249165e-06,0.5,0.0,0.5,0.5,0.5,12887.10810828209
5,12000,27.773998260498047,0.09654978662729263,1.417335867881775,3.916351079940796,0.029307536780834198,0.791804850101471,0.7918142080307007,7.0814518967514435e-06,7.0814518967514435e-06,0.5,0.0,0.5,0.5,0.5,12908.395094156265
5,12020,49.27969741821289,0.30835098028182983,1.460719347000122,3.807053565979004,0.030354691669344902,0.7885425686836243,0.7885484099388123,7.072166582580006e-06,7.072166582580006e-06,0.5,0.0,0.5,0.5,0.5,12929.88716006279
5,12040,27.29578971862793,0.09552307426929474,1.4057328701019287,3.660292863845825,0.025860076770186424,0.8238443732261658,0.8238207101821899,7.062873637801692e-06,7.062873637801692e-06,0.5,0.0,0.5,0.5,0.5,12950.51062655449
5,12060,23.60399627685547,0.05170910805463791,1.4623208045959473,3.781554698944092,0.02832203544676304,0.8011406660079956,0.8011358976364136,7.05357310752038e-06,7.05357310752038e-06,0.5,0.0,0.5,0.5,0.5,12971.357234477997
5,12080,35.18936538696289,0.17423343658447266,1.3899340629577637,3.8366775512695312,0.030003953725099564,0.8278886675834656,0.8278757929801941,7.044265036876763e-06,7.044265036876763e-06,0.5,0.0,0.5,0.5,0.5,12993.394780874252
5,12100,38.326412200927734,0.21298661828041077,1.3124594688415527,3.878596544265747,0.024560406804084778,0.7958141565322876,0.7958358526229858,7.034949471048133e-06,7.034949471048133e-06,0.5,0.0,0.5,0.5,0.5,13013.999114513397
5,12120,37.574432373046875,0.19376631081104279,1.4451559782028198,3.7155041694641113,0.030740628018975258,0.8077772259712219,0.8077801465988159,7.025626455248161e-06,7.025626455248161e-06,0.5,0.0,0.5,0.5,0.5,13035.353999376297
5,12140,24.401613235473633,0.07059294730424881,1.3824909925460815,3.4868838787078857,0.030526023358106613,0.7806877493858337,0.7806912660598755,7.016296034726673e-06,7.016296034726673e-06,0.5,0.0,0.5,0.5,0.5,13056.305050134659
5,12160,31.27965545654297,0.1411147266626358,1.343790054321289,3.7030553817749023,0.027225133031606674,0.7832244038581848,0.7831578254699707,7.006958254769438e-06,7.006958254769438e-06,0.5,0.0,0.5,0.5,0.5,13079.81256723404
5,12180,36.84510803222656,0.19783438742160797,1.3455108404159546,3.579242706298828,0.027317721396684647,0.7784026861190796,0.7783969044685364,6.997613160697945e-06,6.997613160697945e-06,0.5,0.0,0.5,0.5,0.5,13101.140751838684
5,12200,37.69583511352539,0.20426629483699799,1.3451356887817383,3.788177251815796,0.02967241406440735,0.8019438982009888,0.8019475340843201,6.988260797869177e-06,6.988260797869177e-06,0.5,0.0,0.5,0.5,0.5,13121.670263528824
5,12220,37.74132537841797,0.20152857899665833,1.353655219078064,4.027865886688232,0.02404857985675335,0.8154262900352478,0.8154106140136719,6.978901211675405e-06,6.978901211675405e-06,0.5,0.0,0.5,0.5,0.5,13142.933442354202
5,12240,39.29905319213867,0.21660961210727692,1.3955914974212646,3.652911424636841,0.02926766127347946,0.7995396852493286,0.7995418310165405,6.969534447543949e-06,6.969534447543949e-06,0.5,0.0,0.5,0.5,0.5,13164.374086856842
5,12260,29.266626358032227,0.11043607443571091,1.4514492750167847,3.684013605117798,0.024512236937880516,0.7867268919944763,0.7867193818092346,6.960160550936979e-06,6.960160550936979e-06,0.5,0.0,0.5,0.5,0.5,13185.298865318298
5,12280,40.17796325683594,0.22250863909721375,1.4101972579956055,3.7947514057159424,0.030377406626939774,0.8072909712791443,0.8072824478149414,6.950779567351271e-06,6.950779567351271e-06,0.5,0.0,0.5,0.5,0.5,13206.045205116272
5,12300,37.88009262084961,0.20805376768112183,1.3598859310150146,3.451789379119873,0.024067535996437073,0.8112117648124695,0.8112190365791321,6.941391542318008e-06,6.941391542318008e-06,0.5,0.0,0.5,0.5,0.5,13226.929557800293
5,12320,31.345680236816406,0.14834219217300415,1.2783654928207397,3.6981780529022217,0.029629185795783997,0.806481122970581,0.8064764738082886,6.931996521402543e-06,6.931996521402543e-06,0.5,0.0,0.5,0.5,0.5,13248.494876384735
5,12340,26.40126609802246,0.07189401984214783,1.5460050106048584,3.7196621894836426,0.032152388244867325,0.8012015223503113,0.8011907339096069,6.922594550204187e-06,6.922594550204187e-06,0.5,0.0,0.5,0.5,0.5,13269.70323562622
5,12360,30.632333755493164,0.1301356852054596,1.3901084661483765,3.6871488094329834,0.03053142875432968,0.8090823292732239,0.8091315627098083,6.913185674355981e-06,6.913185674355981e-06,0.5,0.0,0.5,0.5,0.5,13290.956858158112
5,12380,37.19686508178711,0.18935725092887878,1.4437854290008545,3.791731834411621,0.03155076503753662,0.7886547446250916,0.7886542677879333,6.903769939524484e-06,6.903769939524484e-06,0.5,0.0,0.5,0.5,0.5,13311.805232048035
5,12400,32.457950592041016,0.1417420208454132,1.4306726455688477,3.949063777923584,0.027958443388342857,0.8216565847396851,0.8216537237167358,6.8943473914095394e-06,6.8943473914095394e-06,0.5,0.0,0.5,0.5,0.5,13332.88546204567
5,12420,24.034759521484375,0.08303464949131012,1.1810660362243652,3.8953394889831543,0.025294462218880653,0.801862359046936,0.8018714189529419,6.884918075744065e-06,6.884918075744065e-06,0.5,0.0,0.5,0.5,0.5,13353.663916826248
5,12440,32.72602081298828,0.15163922309875488,1.3883633613586426,3.6544387340545654,0.024025114253163338,0.8110452890396118,0.8109975457191467,6.875482038293818e-06,6.875482038293818e-06,0.5,0.0,0.5,0.5,0.5,13374.80816411972
5,12460,34.449241638183594,0.17208793759346008,1.351505160331726,3.697722911834717,0.027672577649354935,0.7941474318504333,0.7941471934318542,6.866039324857189e-06,6.866039324857189e-06,0.5,0.0,0.5,0.5,0.5,13396.709657669067
5,12480,33.906761169433594,0.1614612340927124,1.4122666120529175,3.607405185699463,0.030562814325094223,0.8058012127876282,0.8058021068572998,6.856589981264964e-06,6.856589981264964e-06,0.5,0.0,0.5,0.5,0.5,13417.337312936783
5,12500,42.32321548461914,0.23092129826545715,1.5523653030395508,3.682584285736084,0.02484985627233982,0.7904280424118042,0.7904409766197205,6.847134053380113e-06,6.847134053380113e-06,0.5,0.0,0.5,0.5,0.5,13438.982432365417
5,12520,26.843124389648438,0.10039044916629791,1.315307855606079,3.619830846786499,0.031168954446911812,0.8044996857643127,0.8044934272766113,6.837671587097559e-06,6.837671587097559e-06,0.5,0.0,0.5,0.5,0.5,13459.294719219208
5,12540,33.32096862792969,0.15686877071857452,1.365615725517273,3.9518070220947266,0.026127923280000687,0.7847727537155151,0.7847539186477661,6.828202628343963e-06,6.828202628343963e-06,0.5,0.0,0.5,0.5,0.5,13480.634752035141
5,12560,28.01279640197754,0.10235364735126495,1.406386137008667,3.6910300254821777,0.02253849431872368,0.7939099073410034,0.7938941121101379,6.818727223077498e-06,6.818727223077498e-06,0.5,0.0,0.5,0.5,0.5,13501.610760211945
5,12580,31.8272705078125,0.14393864572048187,1.367637038230896,3.72763729095459,0.02939644083380699,0.7912752032279968,0.7912783622741699,6.809245417287625e-06,6.809245417287625e-06,0.5,0.0,0.5,0.5,0.5,13522.652604341507
5,12600,35.117271423339844,0.1695237159729004,1.434874415397644,3.7870233058929443,0.029131418094038963,0.8076298832893372,0.8076264262199402,6.799757256994865e-06,6.799757256994865e-06,0.5,0.0,0.5,0.5,0.5,13543.936703920364
5,12620,27.798324584960938,0.1156109869480133,1.2436931133270264,3.772740125656128,0.027553658932447433,0.8064613938331604,0.8064698576927185,6.7902627882505914e-06,6.7902627882505914e-06,0.5,0.0,0.5,0.5,0.5,13564.804250478745
5,12640,43.9971809387207,0.25995126366615295,1.4129953384399414,3.842869758605957,0.02923203818500042,0.7899729609489441,0.789975106716156,6.780762057136787e-06,6.780762057136787e-06,0.5,0.0,0.5,0.5,0.5,13586.297649383545
5,12660,32.467262268066406,0.14032195508480072,1.441394567489624,3.9976277351379395,0.02349516935646534,0.8073843121528625,0.8074413537979126,6.771255109765833e-06,6.771255109765833e-06,0.5,0.0,0.5,0.5,0.5,13607.126715421677
5,12680,32.51932144165039,0.15576928853988647,1.2981876134872437,3.930108070373535,0.03040619008243084,0.776827871799469,0.7768186330795288,6.761741992280282e-06,6.761741992280282e-06,0.5,0.0,0.5,0.5,0.5,13628.795713424683
5,12700,28.89450454711914,0.10058285295963287,1.518094539642334,3.6219208240509033,0.03335252031683922,0.7903757691383362,0.790378987789154,6.752222750852632e-06,6.752222750852632e-06,0.5,0.0,0.5,0.5,0.5,13649.384543418884
5,12720,25.970491409301758,0.07923897355794907,1.4360884428024292,3.658212661743164,0.02749715745449066,0.7945253252983093,0.7945340871810913,6.7426974316851035e-06,6.7426974316851035e-06,0.5,0.0,0.5,0.5,0.5,13671.322838306427
5,12740,38.09254455566406,0.2096894532442093,1.3710031509399414,3.3864283561706543,0.027137475088238716,0.8205222487449646,0.820539653301239,6.73316608100942e-06,6.73316608100942e-06,0.5,0.0,0.5,0.5,0.5,13692.19460940361
5,12760,32.43614959716797,0.1625567376613617,1.2324492931365967,3.82658052444458,0.02940119057893753,0.7989322543144226,0.7989374995231628,6.723628745086574e-06,6.723628745086574e-06,0.5,0.0,0.5,0.5,0.5,13713.168290615082
5,12780,40.74742126464844,0.22063836455345154,1.490545630455017,3.749556303024292,0.02857309766113758,0.8016042113304138,0.8016131520271301,6.71408547020661e-06,6.71408547020661e-06,0.5,0.0,0.5,0.5,0.5,13735.220575809479
5,12800,38.46194839477539,0.21409156918525696,1.3079489469528198,3.9390745162963867,0.03422679379582405,0.7913952469825745,0.7913877367973328,6.7045363026883995e-06,6.7045363026883995e-06,0.5,0.0,0.5,0.5,0.5,13755.577932596207
5,12820,33.42121505737305,0.16329523921012878,1.33492112159729,3.7132108211517334,0.029268452897667885,0.758658766746521,0.7586673498153687,6.69498128887941e-06,6.69498128887941e-06,0.5,0.0,0.5,0.5,0.5,13777.43724989891
5,12840,42.35591125488281,0.24481609463691711,1.3803517818450928,4.044981002807617,0.025802811607718468,0.8022662997245789,0.8022689819335938,6.685420475155488e-06,6.685420475155488e-06,0.5,0.0,0.5,0.5,0.5,13797.83427619934
5,12860,24.615066528320312,0.07559917122125626,1.328244924545288,3.7389886379241943,0.03371125087141991,0.792190432548523,0.7921983003616333,6.675853907920629e-06,6.675853907920629e-06,0.5,0.0,0.5,0.5,0.5,13819.453206539154
5,12880,49.24236297607422,0.3088676929473877,1.4560744762420654,3.765087842941284,0.02976118214428425,0.7800794243812561,0.7800639867782593,6.666281633606752e-06,6.666281633606752e-06,0.5,0.0,0.5,0.5,0.5,13840.823916196823
5,12900,23.22209930419922,0.06102318316698074,1.355910301208496,3.532677412033081,0.028001513332128525,0.8127161264419556,0.8127318024635315,6.656703698673482e-06,6.656703698673482e-06,0.5,0.0,0.5,0.5,0.5,13862.090096950531
5,12920,31.568588256835938,0.1321420520544052,1.4575066566467285,3.748549699783325,0.030765244737267494,0.8117471933364868,0.8117581605911255,6.647120149607907e-06,6.647120149607907e-06,0.5,0.0,0.5,0.5,0.5,13884.12924528122
5,12940,31.532325744628906,0.13160449266433716,1.4551575183868408,3.789888858795166,0.03041277639567852,0.8139572143554688,0.8139520287513733,6.63753103292437e-06,6.63753103292437e-06,0.5,0.0,0.5,0.5,0.5,13904.465009212494
5,12960,32.17797088623047,0.15649667382240295,1.2805708646774292,3.6908488273620605,0.031745679676532745,0.7926087975502014,0.7926181554794312,6.627936395164243e-06,6.627936395164243e-06,0.5,0.0,0.5,0.5,0.5,13926.172193050385
5,12980,38.546775817871094,0.21051114797592163,1.3888962268829346,3.5784173011779785,0.028278442099690437,0.8067076802253723,0.8067147731781006,6.618336282895683e-06,6.618336282895683e-06,0.5,0.0,0.5,0.5,0.5,13946.806141853333
5,13000,26.683134078979492,0.0953044667840004,1.3394569158554077,3.731114625930786,0.027002377435564995,0.7927312850952148,0.7927196025848389,6.608730742713425e-06,6.608730742713425e-06,0.5,0.0,0.5,0.5,0.5,13967.849652528763
5,13020,32.522335052490234,0.13915902376174927,1.494835615158081,3.6285996437072754,0.029475495219230652,0.8030634522438049,0.8030636310577393,6.599119821238546e-06,6.599119821238546e-06,0.5,0.0,0.5,0.5,0.5,13988.957974910736
5,13040,50.710716247558594,0.33235830068588257,1.3598798513412476,3.846911907196045,0.02917981892824173,0.8121407628059387,0.8121477365493774,6.589503565118245e-06,6.589503565118245e-06,0.5,0.0,0.5,0.5,0.5,14009.979973316193
5,13060,34.575538635253906,0.16940248012542725,1.3667000532150269,3.9421095848083496,0.026178739964962006,0.8002632856369019,0.8002589344978333,6.5798820210256086e-06,6.5798820210256086e-06,0.5,0.0,0.5,0.5,0.5,14032.010600566864
5,13080,36.879024505615234,0.2005765438079834,1.3300669193267822,3.494431495666504,0.026273256167769432,0.8002728223800659,0.8003076910972595,6.5702552356593905e-06,6.5702552356593905e-06,0.5,0.0,0.5,0.5,0.5,14052.771119594574
5,13100,36.326847076416016,0.19474193453788757,1.2958879470825195,3.8676955699920654,0.02607843652367592,0.8000861406326294,0.8001219034194946,6.560623255743784e-06,6.560623255743784e-06,0.5,0.0,0.5,0.5,0.5,14074.312232971191
5,13120,34.99830627441406,0.17347612977027893,1.384779691696167,3.7780721187591553,0.02482587657868862,0.8076967597007751,0.8077000975608826,6.550986128028194e-06,6.550986128028194e-06,0.5,0.0,0.5,0.5,0.5,14094.675126791
5,13140,34.6180419921875,0.17661768198013306,1.335758090019226,3.572052001953125,0.026641398668289185,0.795624852180481,0.7956118583679199,6.541343899287012e-06,6.541343899287012e-06,0.5,0.0,0.5,0.5,0.5,14116.089352846146
5,13160,32.566226959228516,0.16230103373527527,1.2646924257278442,3.660121202468872,0.029080314561724663,0.8204782605171204,0.8204907774925232,6.531696616319384e-06,6.531696616319384e-06,0.5,0.0,0.5,0.5,0.5,14137.619116783142
5,13180,34.50270080566406,0.1608303189277649,1.4732096195220947,3.6589038372039795,0.028669290244579315,0.8113412857055664,0.8113511204719543,6.52204432594899e-06,6.52204432594899e-06,0.5,0.0,0.5,0.5,0.5,14158.506942510605
5,13200,29.168519973754883,0.11464503407478333,1.3844531774520874,3.8335607051849365,0.025921881198883057,0.8120654821395874,0.8120546340942383,6.512387075023814e-06,6.512387075023814e-06,0.5,0.0,0.5,0.5,0.5,14181.074346780777
5,13220,27.139123916625977,0.09885145723819733,1.330886721611023,3.9134440422058105,0.03166596218943596,0.7762684226036072,0.7762662768363953,6.502724910415914e-06,6.502724910415914e-06,0.5,0.0,0.5,0.5,0.5,14201.598457574844
5,13240,33.01199722290039,0.14275358617305756,1.4879834651947021,3.8276329040527344,0.02917143888771534,0.8145477771759033,0.8145557641983032,6.493057879021199e-06,6.493057879021199e-06,0.5,0.0,0.5,0.5,0.5,14222.991106748581
5,13260,47.98457717895508,0.29082930088043213,1.5110814571380615,3.7633323669433594,0.02750171720981598,0.8002535700798035,0.800256073474884,6.483386027759196e-06,6.483386027759196e-06,0.5,0.0,0.5,0.5,0.5,14243.963677883148
5,13280,33.46430969238281,0.1588880717754364,1.3836369514465332,3.716583251953125,0.022550420835614204,0.8069966435432434,0.8070051074028015,6.473709403572833e-06,6.473709403572833e-06,0.5,0.0,0.5,0.5,0.5,14265.440485239029
5,13300,35.711666107177734,0.17715026438236237,1.4315264225006104,3.654799699783325,0.026578163728117943,0.7957474589347839,0.7957349419593811,6.464028053428194e-06,6.464028053428194e-06,0.5,0.0,0.5,0.5,0.5,14286.858587741852
5,13320,36.015663146972656,0.18325242400169373,1.3973438739776611,3.691150188446045,0.025828685611486435,0.8104909062385559,0.8104941844940186,6.454342024314307e-06,6.454342024314307e-06,0.5,0.0,0.5,0.5,0.5,14307.659008026123
5,13340,31.21891212463379,0.1475311815738678,1.286768913269043,3.5678958892822266,0.03020932339131832,0.8037818670272827,0.8037840127944946,6.444651363242909e-06,6.444651363242909e-06,0.5,0.0,0.5,0.5,0.5,14329.017796993256
5,13360,37.38599395751953,0.2100549042224884,1.2828718423843384,3.524961233139038,0.026826171204447746,0.807114839553833,0.8071081042289734,6.4349561172482156e-06,6.4349561172482156e-06,0.5,0.0,0.5,0.5,0.5,14349.66247677803
5,13380,27.101078033447266,0.10009218007326126,1.3352441787719727,3.707493782043457,0.03192519024014473,0.781923770904541,0.7819124460220337,6.425256333386698e-06,6.425256333386698e-06,0.5,0.0,0.5,0.5,0.5,14372.047605991364
5,13400,34.199005126953125,0.17143836617469788,1.308988332748413,3.9385673999786377,0.02671767584979534,0.8072108030319214,0.8072217702865601,6.415552058736854e-06,6.415552058736854e-06,0.5,0.0,0.5,0.5,0.5,14392.635477304459
5,13420,27.283096313476562,0.09208859503269196,1.441314458847046,3.6326892375946045,0.028402654454112053,0.7961626648902893,0.7961549758911133,6.405843340398971e-06,6.405843340398971e-06,0.5,0.0,0.5,0.5,0.5,14413.969831943512
5,13440,30.99789047241211,0.14720498025417328,1.264865756034851,3.59584641456604,0.03288894519209862,0.7745504379272461,0.7745831608772278,6.396130225494913e-06,6.396130225494913e-06,0.5,0.0,0.5,0.5,0.5,14434.50856757164
5,13460,32.18031311035156,0.14293406903743744,1.454349398612976,3.3145899772644043,0.02882363833487034,0.808655321598053,0.8086877465248108,6.386412761167876e-06,6.386412761167876e-06,0.5,0.0,0.5,0.5,0.5,14456.114931821823
5,13480,34.83342742919922,0.16714701056480408,1.4301155805587769,3.7894155979156494,0.028151709586381912,0.8045802712440491,0.804578959941864,6.3766909945821696e-06,6.3766909945821696e-06,0.5,0.0,0.5,0.5,0.5,14476.916510343552
5,13500,24.251617431640625,0.09170341491699219,1.1410253047943115,3.641118288040161,0.0299038365483284,0.7920622229576111,0.7920691967010498,6.366964972922984e-06,6.366964972922984e-06,0.5,0.0,0.5,0.5,0.5,14497.498467683792
5,13520,40.737342834472656,0.2349662482738495,1.3668251037597656,3.5445191860198975,0.027951007708907127,0.8006790280342102,0.8006933331489563,6.357234743396161e-06,6.357234743396161e-06,0.5,0.0,0.5,0.5,0.5,14519.121845960617
5,13540,27.587955474853516,0.10040509700775146,1.3838005065917969,3.6810638904571533,0.0283760167658329,0.8024229407310486,0.8024107813835144,6.347500353227966e-06,6.347500353227966e-06,0.5,0.0,0.5,0.5,0.5,14540.282652139664
5,13560,38.396663665771484,0.22556450963020325,1.1986114978790283,3.820798635482788,0.03330417349934578,0.799653947353363,0.799665093421936,6.337761849664857e-06,6.337761849664857e-06,0.5,0.0,0.5,0.5,0.5,14561.795313358307
5,13580,40.43648147583008,0.22892558574676514,1.3885705471038818,3.629650592803955,0.028565412387251854,0.8102292418479919,0.8102395534515381,6.328019279973261e-06,6.328019279973261e-06,0.5,0.0,0.5,0.5,0.5,14583.403881788254
5,13600,38.70209884643555,0.21788379549980164,1.3126342296600342,3.757927417755127,0.02944776602089405,0.8059276342391968,0.8059791326522827,6.318272691439337e-06,6.318272691439337e-06,0.5,0.0,0.5,0.5,0.5,14604.674702644348
5,13620,44.50504684448242,0.2717699706554413,1.36700439453125,3.6318352222442627,0.026173656806349754,0.7846217751502991,0.7846257090568542,6.308522131368747e-06,6.308522131368747e-06,0.5,0.0,0.5,0.5,0.5,14627.367715835571
5,13640,36.74690628051758,0.1850149929523468,1.4519141912460327,3.7011287212371826,0.025135919451713562,0.7977152466773987,0.7977041006088257,6.2987676470864336e-06,6.2987676470864336e-06,0.5,0.0,0.5,0.5,0.5,14649.479785442352
5,13660,41.38747024536133,0.2429894208908081,1.343711256980896,3.6233627796173096,0.028054583817720413,0.7748514413833618,0.7748523354530334,6.289009285936384e-06,6.289009285936384e-06,0.5,0.0,0.5,0.5,0.5,14671.669831514359
5,13680,20.482816696166992,0.03563430905342102,1.3276093006134033,3.6153953075408936,0.027899423614144325,0.7944287061691284,0.7944108843803406,6.279247095281403e-06,6.279247095281403e-06,0.5,0.0,0.5,0.5,0.5,14693.205135345459
5,13700,27.753978729248047,0.10291186720132828,1.376980185508728,3.663282632827759,0.029707392677664757,0.7950824499130249,0.7950780391693115,6.269481122502881e-06,6.269481122502881e-06,0.5,0.0,0.5,0.5,0.5,14714.166122198105
5,13720,39.982215881347656,0.21406278014183044,1.519387125968933,3.355329990386963,0.026733530685305595,0.8223178386688232,0.822311520576477,6.259711415000563e-06,6.259711415000563e-06,0.5,0.0,0.5,0.5,0.5,14735.83493232727
5,13740,26.41030502319336,0.09567560255527496,1.3173315525054932,3.640082836151123,0.029347319155931473,0.8063287734985352,0.8063362240791321,6.249938020192327e-06,6.249938020192327e-06,0.5,0.0,0.5,0.5,0.5,14756.713339567184
5,13760,47.94008255004883,0.2974201440811157,1.4437720775604248,3.7329585552215576,0.02738901972770691,0.7959952354431152,0.7959977984428406,6.240160985513941e-06,6.240160985513941e-06,0.5,0.0,0.5,0.5,0.5,14777.449670791626
5,13780,35.52220916748047,0.1774192750453949,1.3954728841781616,3.7987868785858154,0.02676391415297985,0.7936689257621765,0.7936718463897705,6.230380358418845e-06,6.230380358418845e-06,0.5,0.0,0.5,0.5,0.5,14798.27452135086
5,13800,28.296981811523438,0.11453796178102493,1.3046553134918213,3.7663187980651855,0.030312685295939445,0.7826316356658936,0.7826361060142517,6.220596186377908e-06,6.220596186377908e-06,0.5,0.0,0.5,0.5,0.5,14819.639375925064
5,13820,28.48539161682129,0.11499729752540588,1.3055310249328613,3.896845579147339,0.03350582346320152,0.7764096260070801,0.7764295935630798,6.210808516879213e-06,6.210808516879213e-06,0.5,0.0,0.5,0.5,0.5,14840.071893692017
5,13840,28.06344223022461,0.11407766491174698,1.2988500595092773,3.6391782760620117,0.02799605205655098,0.79877769947052,0.7987815141677856,6.20101739742781e-06,6.20101739742781e-06,0.5,0.0,0.5,0.5,0.5,14862.280229091644
5,13860,30.101451873779297,0.13433514535427094,1.3109616041183472,3.5327749252319336,0.025547340512275696,0.7923811078071594,0.7924092411994934,6.1912228755455e-06,6.1912228755455e-06,0.5,0.0,0.5,0.5,0.5,14882.976430892944
5,13880,34.765953063964844,0.17184403538703918,1.383156657218933,3.7200677394866943,0.02991355024278164,0.7983525395393372,0.7983998656272888,6.181424998770595e-06,6.181424998770595e-06,0.5,0.0,0.5,0.5,0.5,14904.410737276077
5,13900,30.751583099365234,0.13572058081626892,1.3606688976287842,3.542635917663574,0.030200153589248657,0.7855715155601501,0.7855682969093323,6.17162381465769e-06,6.17162381465769e-06,0.5,0.0,0.5,0.5,0.5,14925.39921593666
5,13920,35.88407897949219,0.18272948265075684,1.4124664068222046,3.454272985458374,0.03219231218099594,0.787904679775238,0.7879175543785095,6.161819370777433e-06,6.161819370777433e-06,0.5,0.0,0.5,0.5,0.5,14946.583317995071
5,13940,28.73597526550293,0.1252976506948471,1.2662429809570312,3.511500358581543,0.03227779269218445,0.7960423827171326,0.7960225939750671,6.152011714716294e-06,6.152011714716294e-06,0.5,0.0,0.5,0.5,0.5,14967.87907576561
5,13960,32.855525970458984,0.1523227095603943,1.4045791625976562,3.5435352325439453,0.03392655774950981,0.8025987148284912,0.8026059865951538,6.1422008940763315e-06,6.1422008940763315e-06,0.5,0.0,0.5,0.5,0.5,14988.72924876213
5,13980,39.031150817871094,0.2204572558403015,1.3277842998504639,3.677700996398926,0.029879353940486908,0.8064513206481934,0.8064614534378052,6.132386956474966e-06,6.132386956474966e-06,0.5,0.0,0.5,0.5,0.5,15011.211943387985
5,14000,28.580392837524414,0.11731304228305817,1.336163878440857,3.460594892501831,0.026856301352381706,0.8202322125434875,0.8202192783355713,6.122569949544742e-06,6.122569949544742e-06,0.5,0.0,0.5,0.5,0.5,15032.105079650879
5,14020,35.69679260253906,0.19237351417541504,1.2757163047790527,3.672088384628296,0.030188895761966705,0.8260305523872375,0.8260050415992737,6.112749920933111e-06,6.112749920933111e-06,0.5,0.0,0.5,0.5,0.5,15053.481673955917
5,14040,39.45729064941406,0.23240092396736145,1.2681772708892822,3.507779836654663,0.02764502726495266,0.7793737053871155,0.7794406414031982,6.102926918302177e-06,6.102926918302177e-06,0.5,0.0,0.5,0.5,0.5,15074.359262228012
5,14060,30.78020668029785,0.14580410718917847,1.2496694326400757,3.6781742572784424,0.0249257143586874,0.8057376742362976,0.8057472109794617,6.09310098932849e-06,6.09310098932849e-06,0.5,0.0,0.5,0.5,0.5,15095.284385681152
5,14080,40.071861267089844,0.22293886542320251,1.4338796138763428,3.408808946609497,0.03037010133266449,0.8028700947761536,0.8028900027275085,6.083272181702795e-06,6.083272181702795e-06,0.5,0.0,0.5,0.5,0.5,15118.490044593811
5,14100,39.706642150878906,0.22715619206428528,1.3137521743774414,3.824204683303833,0.029298320412635803,0.7823241949081421,0.7823249101638794,6.073440543129816e-06,6.073440543129816e-06,0.5,0.0,0.5,0.5,0.5,15140.648836135864
5,14120,42.497154235839844,0.2437303364276886,1.4439780712127686,3.6496453285217285,0.03469466790556908,0.8031654357910156,0.803186297416687,6.0636061213280105e-06,6.0636061213280105e-06,0.5,0.0,0.5,0.5,0.5,15161.894619941711
5,14140,39.28924560546875,0.23040315508842468,1.2757291793823242,3.4634127616882324,0.028225326910614967,0.8166108131408691,0.8165753483772278,6.053768964029348e-06,6.053768964029348e-06,0.5,0.0,0.5,0.5,0.5,15182.539746522903
5,14160,30.245088577270508,0.12955546379089355,1.3807296752929688,3.455373525619507,0.026869919151067734,0.8402755260467529,0.8402829766273499,6.043929118979075e-06,6.043929118979075e-06,0.5,0.0,0.5,0.5,0.5,15203.351815700531
5,14180,46.29820251464844,0.2940954267978668,1.3277721405029297,3.5826799869537354,0.028258489444851875,0.8054993152618408,0.8055692315101624,6.034086633935486e-06,6.034086633935486e-06,0.5,0.0,0.5,0.5,0.5,15224.831368207932
5,14200,27.61766815185547,0.10395000874996185,1.3279693126678467,3.9154462814331055,0.027527038007974625,0.809012770652771,0.8090195655822754,6.024241556669678e-06,6.024241556669678e-06,0.5,0.0,0.5,0.5,0.5,15247.095579147339
5,14220,37.12405776977539,0.19825579226016998,1.3991353511810303,3.273935079574585,0.0331915020942688,0.7722368836402893,0.7722486853599548,6.014393934965342e-06,6.014393934965342e-06,0.5,0.0,0.5,0.5,0.5,15270.473197698593
5,14240,25.578248977661133,0.08183874189853668,1.3588097095489502,3.7795767784118652,0.026701578870415688,0.8138784766197205,0.8138967156410217,6.004543816618512e-06,6.004543816618512e-06,0.5,0.0,0.5,0.5,0.5,15293.270303726196
5,14260,34.42304229736328,0.17104557156562805,1.3583091497421265,3.7062127590179443,0.02918383665382862,0.7994416356086731,0.7994362711906433,5.994691249437342e-06,5.994691249437342e-06,0.5,0.0,0.5,0.5,0.5,15314.301719903946
5,14280,26.550521850585938,0.09027185291051865,1.3838434219360352,3.6561203002929688,0.028782792389392853,0.8117245435714722,0.8116759657859802,5.9848362812418724e-06,5.9848362812418724e-06,0.5,0.0,0.5,0.5,0.5,15335.938199520111
5,14300,37.794090270996094,0.20417746901512146,1.3768295049667358,3.57312273979187,0.03492538258433342,0.7789081931114197,0.7789058685302734,5.974978959863792e-06,5.974978959863792e-06,0.5,0.0,0.5,0.5,0.5,15356.868066072464
5,14320,48.686275482177734,0.29327619075775146,1.5471853017807007,3.860261917114258,0.026540087535977364,0.8008933067321777,0.8008958697319031,5.965119333146215e-06,5.965119333146215e-06,0.5,0.0,0.5,0.5,0.5,15379.953563690186
5,14340,32.01032257080078,0.15116308629512787,1.3110477924346924,3.754181385040283,0.029354631900787354,0.7919503450393677,0.791947603225708,5.955257448943446e-06,5.955257448943446e-06,0.5,0.0,0.5,0.5,0.5,15400.218235969543
5,14360,24.93172264099121,0.07951347529888153,1.3394725322723389,3.554734945297241,0.03091425448656082,0.7944262623786926,0.7944210171699524,5.945393355120743e-06,5.945393355120743e-06,0.5,0.0,0.5,0.5,0.5,15422.36571264267
5,14380,32.672203063964844,0.1520257294178009,1.3604793548583984,3.8376035690307617,0.02723202109336853,0.7915546894073486,0.7915538549423218,5.9355270995540895e-06,5.9355270995540895e-06,0.5,0.0,0.5,0.5,0.5,15443.491095781326
5,14400,33.149139404296875,0.15857715904712677,1.3682234287261963,3.5749332904815674,0.03425678238272667,0.7798535823822021,0.7798578143119812,5.925658730129963e-06,5.925658730129963e-06,0.5,0.0,0.5,0.5,0.5,15464.517029762268
5,14420,27.457019805908203,0.10835187137126923,1.3028978109359741,3.564791202545166,0.028062835335731506,0.8122063279151917,0.8122337460517883,5.915788294745099e-06,5.915788294745099e-06,0.5,0.0,0.5,0.5,0.5,15485.809080123901
5,14440,29.949787139892578,0.11942334473133087,1.4383265972137451,3.595921039581299,0.028266634792089462,0.8089880347251892,0.8089873790740967,5.90591584130626e-06,5.90591584130626e-06,0.5,0.0,0.5,0.5,0.5,15506.964658021927
5,14460,25.495630264282227,0.0923028513789177,1.2528923749923706,3.707644462585449,0.028776865452528,0.8112694621086121,0.8112823963165283,5.896041417730004e-06,5.896041417730004e-06,0.5,0.0,0.5,0.5,0.5,15528.043306589127
5,14480,39.04375457763672,0.21935534477233887,1.3349246978759766,3.729928493499756,0.029046662151813507,0.7938394546508789,0.7938298583030701,5.886165071942451e-06,5.886165071942451e-06,0.5,0.0,0.5,0.5,0.5,15548.797630786896
5,14500,25.731216430664062,0.09142838418483734,1.3107492923736572,3.4511122703552246,0.029771922156214714,0.8070153594017029,0.807024359703064,5.876286851879053e-06,5.876286851879053e-06,0.5,0.0,0.5,0.5,0.5,15570.800882101059
5,14520,33.393211364746094,0.16203203797340393,1.3514840602874756,3.6454806327819824,0.029685145244002342,0.8002777695655823,0.8003005981445312,5.866406805484354e-06,5.866406805484354e-06,0.5,0.0,0.5,0.5,0.5,15593.355206012726
5,14540,27.6964168548584,0.10436785966157913,1.352683424949646,3.706435441970825,0.02636108361184597,0.7914704084396362,0.7914648056030273,5.856524980711765e-06,5.856524980711765e-06,0.5,0.0,0.5,0.5,0.5,15614.796249628067
5,14560,27.181751251220703,0.08068451285362244,1.5443891286849976,3.6423354148864746,0.027072610333561897,0.8265703916549683,0.8265768885612488,5.846641425523328e-06,5.846641425523328e-06,0.5,0.0,0.5,0.5,0.5,15636.575795650482
5,14580,30.021154403686523,0.13511475920677185,1.2639907598495483,3.839442729949951,0.030327940359711647,0.8111943006515503,0.8112042546272278,5.836756187889486e-06,5.836756187889486e-06,0.5,0.0,0.5,0.5,0.5,15657.482826471329
5,14600,24.059480667114258,0.07433280348777771,1.2710444927215576,3.8852529525756836,0.030500980094075203,0.7932616472244263,0.7932714819908142,5.826869315788844e-06,5.826869315788844e-06,0.5,0.0,0.5,0.5,0.5,15680.966134786606
5,14620,37.91034698486328,0.19920596480369568,1.4410947561264038,3.547640323638916,0.031163467094302177,0.7962944507598877,0.7963104248046875,5.816980857207941e-06,5.816980857207941e-06,0.5,0.0,0.5,0.5,0.5,15702.234365940094
5,14640,34.56303405761719,0.1895667016506195,1.189566731452942,3.682560443878174,0.02813735045492649,0.7993674874305725,0.7993683218955994,5.80709086014102e-06,5.80709086014102e-06,0.5,0.0,0.5,0.5,0.5,15723.446244478226
5,14660,21.99760627746582,0.06281167268753052,1.1935465335845947,3.7536377906799316,0.02733564004302025,0.7935486435890198,0.7935539484024048,5.797199372589786e-06,5.797199372589786e-06,0.5,0.0,0.5,0.5,0.5,15747.440956830978
5,14680,26.186506271362305,0.09391364455223083,1.3355627059936523,3.4112210273742676,0.028295056894421577,0.8167741894721985,0.8167610764503479,5.787306442563179e-06,5.787306442563179e-06,0.5,0.0,0.5,0.5,0.5,15768.953446388245
5,14700,21.664915084838867,0.045082781463861465,1.3238835334777832,3.889434576034546,0.028366941958665848,0.7880156636238098,0.7880274653434753,5.777412118077141e-06,5.777412118077141e-06,0.5,0.0,0.5,0.5,0.5,15789.860496282578
5,14720,25.91929054260254,0.08978242427110672,1.3078346252441406,3.832472324371338,0.03022955358028412,0.7847219109535217,0.7847224473953247,5.767516447154386e-06,5.767516447154386e-06,0.5,0.0,0.5,0.5,0.5,15811.321997404099
5,14740,27.292682647705078,0.11206885427236557,1.245270013809204,3.6029372215270996,0.030160922557115555,0.8166131377220154,0.8166394233703613,5.757619477824157e-06,5.757619477824157e-06,0.5,0.0,0.5,0.5,0.5,15832.009145975113
5,14760,30.63904571533203,0.13613027334213257,1.3480045795440674,3.512214422225952,0.033757828176021576,0.7894590497016907,0.7894690036773682,5.747721258122e-06,5.747721258122e-06,0.5,0.0,0.5,0.5,0.5,15852.750207424164
6,14780,34.08948516845703,0.16953371465206146,1.3651883602142334,3.4541401863098145,0.03009161911904812,0.7872850298881531,0.7873432040214539,5.7378218360895334e-06,5.7378218360895334e-06,0.5,0.0,0.5,0.5,0.5,15889.956804513931
6,14800,28.925683975219727,0.11255541443824768,1.3755981922149658,3.8878822326660156,0.026276996359229088,0.8188641667366028,0.8188671469688416,5.727921259774208e-06,5.727921259774208e-06,0.5,0.0,0.5,0.5,0.5,15911.181976556778
6,14820,30.458358764648438,0.12761043012142181,1.4058959484100342,3.6063740253448486,0.03198104724287987,0.7891337871551514,0.78912353515625,5.718019577229078e-06,5.718019577229078e-06,0.5,0.0,0.5,0.5,0.5,15931.851029396057
6,14840,35.89153289794922,0.18339389562606812,1.3821980953216553,3.700988292694092,0.02917548082768917,0.7927163243293762,0.7927111387252808,5.708116836512566e-06,5.708116836512566e-06,0.5,0.0,0.5,0.5,0.5,15953.903987646103
6,14860,37.8054313659668,0.20689605176448822,1.330824375152588,3.7736117839813232,0.03396932780742645,0.7772985100746155,0.7773067951202393,5.69821308568823e-06,5.69821308568823e-06,0.5,0.0,0.5,0.5,0.5,15974.145171880722
6,14880,30.025484085083008,0.12784580886363983,1.365624189376831,3.553438186645508,0.031222717836499214,0.8046586513519287,0.8046517372131348,5.688308372824535e-06,5.688308372824535e-06,0.5,0.0,0.5,0.5,0.5,15995.794031381607
6,14900,26.79883575439453,0.08773000538349152,1.426540732383728,3.7317187786102295,0.028709081932902336,0.7888062596321106,0.7887929081916809,5.678402745994609e-06,5.678402745994609e-06,0.5,0.0,0.5,0.5,0.5,16016.584511041641
6,14920,27.841732025146484,0.11836637556552887,1.2613577842712402,3.363149881362915,0.028368627652525902,0.8092460036277771,0.8092617392539978,5.66849625327602e-06,5.66849625327602e-06,0.5,0.0,0.5,0.5,0.5,16037.88389134407
6,14940,27.702991485595703,0.10327118635177612,1.3528960943222046,3.818100929260254,0.028811732307076454,0.7946658730506897,0.7946727871894836,5.658588942750537e-06,5.658588942750537e-06,0.5,0.0,0.5,0.5,0.5,16058.858213186264
6,14960,23.70700454711914,0.07638856023550034,1.2604531049728394,3.4344425201416016,0.0291756559163332,0.821872889995575,0.8218898773193359,5.6486808625039e-06,5.6486808625039e-06,0.5,0.0,0.5,0.5,0.5,16079.5253469944
6,14980,31.105443954467773,0.13822966814041138,1.3636481761932373,3.6182587146759033,0.02773500792682171,0.7999792695045471,0.7999822497367859,5.6387720606255855e-06,5.6387720606255855e-06,0.5,0.0,0.5,0.5,0.5,16101.779890298843
6,15000,45.77701187133789,0.2874986529350281,1.3204090595245361,3.7960472106933594,0.02700866386294365,0.8029431700706482,0.8029415607452393,5.628862585208566e-06,5.628862585208566e-06,0.5,0.0,0.5,0.5,0.5,16122.364962339401
6,15020,34.64509582519531,0.17727215588092804,1.3334230184555054,3.5520193576812744,0.03163142129778862,0.7974671721458435,0.7974576354026794,5.618952484349091e-06,5.618952484349091e-06,0.5,0.0,0.5,0.5,0.5,16143.99933385849
6,15040,23.01445770263672,0.07144127786159515,1.236554741859436,3.474593162536621,0.030188949778676033,0.8106980323791504,0.8106047511100769,5.609041806146442e-06,5.609041806146442e-06,0.5,0.0,0.5,0.5,0.5,16166.481787443161
6,15060,35.29905700683594,0.18036063015460968,1.371968150138855,3.51077938079834,0.03253288194537163,0.7967643737792969,0.7967636585235596,5.599130598702704e-06,5.599130598702704e-06,0.5,0.0,0.5,0.5,0.5,16187.62688612938
6,15080,37.2952995300293,0.19819757342338562,1.3673503398895264,3.7736499309539795,0.028386859223246574,0.7861346006393433,0.7861316204071045,5.589218910122529e-06,5.589218910122529e-06,0.5,0.0,0.5,0.5,0.5,16208.954744577408
6,15100,37.93867111206055,0.20832166075706482,1.3337175846099854,3.7410008907318115,0.028329528868198395,0.8105503916740417,0.8105331659317017,5.579306788512904e-06,5.579306788512904e-06,0.5,0.0,0.5,0.5,0.5,16230.179793596268
6,15120,35.43391799926758,0.19290156662464142,1.236011028289795,3.757737159729004,0.025914307683706284,0.7979618310928345,0.7979653477668762,5.569394281982919e-06,5.569394281982919e-06,0.5,0.0,0.5,0.5,0.5,16252.007385969162
6,15140,30.756866455078125,0.12355776131153107,1.4824364185333252,3.5465996265411377,0.030126914381980896,0.8003954887390137,0.8003938794136047,5.559481438643535e-06,5.559481438643535e-06,0.5,0.0,0.5,0.5,0.5,16276.20033621788
6,15160,37.36135482788086,0.19792667031288147,1.3894827365875244,3.6448304653167725,0.029034193605184555,0.7966997623443604,0.7966863512992859,5.5495683066073415e-06,5.5495683066073415e-06,0.5,0.0,0.5,0.5,0.5,16296.921320676804
6,15180,28.708772659301758,0.12065467238426208,1.2715572118759155,3.8955626487731934,0.0321686752140522,0.7865244150161743,0.7865213751792908,5.539654933988332e-06,5.539654933988332e-06,0.5,0.0,0.5,0.5,0.5,16318.078080177307
6,15200,29.41385269165039,0.11939583718776703,1.396698236465454,3.4777629375457764,0.02952413819730282,0.8247888684272766,0.8247876763343811,5.529741368901672e-06,5.529741368901672e-06,0.5,0.0,0.5,0.5,0.5,16339.61017203331
6,15220,27.943885803222656,0.11011708527803421,1.3458436727523804,3.4445133209228516,0.029225463047623634,0.8035973310470581,0.8035858273506165,5.519827659463455e-06,5.519827659463455e-06,0.5,0.0,0.5,0.5,0.5,16360.312626123428
6,15240,27.705604553222656,0.11691892147064209,1.2426574230194092,3.557180643081665,0.029956430196762085,0.8019738793373108,0.8019761443138123,5.509913853790476e-06,5.509913853790476e-06,0.5,0.0,0.5,0.5,0.5,16381.7977912426
6,15260,36.83931350708008,0.1994255632162094,1.3321361541748047,3.543586015701294,0.0318104550242424,0.7985836267471313,0.7985855340957642,5.500000000000001e-06,5.500000000000001e-06,0.5,0.0,0.5,0.5,0.5,16402.41037940979
6,15280,25.153108596801758,0.08637453615665436,1.2624657154083252,3.860459566116333,0.03053624927997589,0.7901788949966431,0.7901235222816467,5.490086146209526e-06,5.490086146209526e-06,0.5,0.0,0.5,0.5,0.5,16423.353267908096
6,15300,33.01880645751953,0.15714198350906372,1.3407962322235107,3.8709118366241455,0.025733312591910362,0.798570454120636,0.7985724806785583,5.480172340536547e-06,5.480172340536547e-06,0.5,0.0,0.5,0.5,0.5,16445.675530433655
6,15320,29.786556243896484,0.14538238942623138,1.1784534454345703,3.4329893589019775,0.0307942945510149,0.7839104533195496,0.7839183211326599,5.470258631098328e-06,5.470258631098328e-06,0.5,0.0,0.5,0.5,0.5,16466.575978517532
6,15340,26.23788070678711,0.09850773215293884,1.2720904350280762,3.6373534202575684,0.028848983347415924,0.8056079149246216,0.8055895566940308,5.460345066011668e-06,5.460345066011668e-06,0.5,0.0,0.5,0.5,0.5,16488.118292331696
6,15360,28.294923782348633,0.12194010615348816,1.2687294483184814,3.383749008178711,0.02986893244087696,0.7699715495109558,0.7699694037437439,5.450431693392662e-06,5.450431693392662e-06,0.5,0.0,0.5,0.5,0.5,16509.28473496437
6,15380,35.507320404052734,0.18920466303825378,1.3037526607513428,3.519718885421753,0.02961014024913311,0.8103282451629639,0.8103187084197998,5.4405185613564685e-06,5.4405185613564685e-06,0.5,0.0,0.5,0.5,0.5,16530.129211187363
6,15400,28.018512725830078,0.11946147680282593,1.2504949569702148,3.5386459827423096,0.028768539428710938,0.7956838607788086,0.7956730723381042,5.430605718017082e-06,5.430605718017082e-06,0.5,0.0,0.5,0.5,0.5,16550.984583854675
6,15420,43.64068603515625,0.2624354362487793,1.3785064220428467,3.5850725173950195,0.02700589969754219,0.8096492290496826,0.8096710443496704,5.420693211487098e-06,5.420693211487098e-06,0.5,0.0,0.5,0.5,0.5,16572.031279325485
6,15440,25.320556640625,0.07612942159175873,1.4024714231491089,3.6564443111419678,0.02645587921142578,0.7861867547035217,0.786185085773468,5.410781089877473e-06,5.410781089877473e-06,0.5,0.0,0.5,0.5,0.5,16594.100098609924
6,15460,28.676372528076172,0.11426931619644165,1.354905128479004,3.670851469039917,0.0295389574021101,0.7957625985145569,0.7957706451416016,5.400869401297297e-06,5.400869401297297e-06,0.5,0.0,0.5,0.5,0.5,16614.865189552307
6,15480,24.186498641967773,0.07045580446720123,1.3300942182540894,3.810997724533081,0.0289788655936718,0.807533323764801,0.8075458407402039,5.3909581938535585e-06,5.3909581938535585e-06,0.5,0.0,0.5,0.5,0.5,16636.488335371017
6,15500,41.837989807128906,0.24657633900642395,1.345290184020996,3.695185422897339,0.032266806811094284,0.7908540368080139,0.7908547520637512,5.381047515650909e-06,5.381047515650909e-06,0.5,0.0,0.5,0.5,0.5,16657.04323220253
6,15520,39.3980827331543,0.23044729232788086,1.2547588348388672,3.7750916481018066,0.0306731965392828,0.8075721263885498,0.8075783848762512,5.371137414791437e-06,5.371137414791437e-06,0.5,0.0,0.5,0.5,0.5,16678.42674970627
6,15540,33.03263854980469,0.16708728671073914,1.2757139205932617,3.540314197540283,0.02645367942750454,0.8100607395172119,0.8100727200508118,5.361227939374417e-06,5.361227939374417e-06,0.5,0.0,0.5,0.5,0.5,16699.30483675003
6,15560,24.157766342163086,0.07901652157306671,1.2902140617370605,3.3292441368103027,0.024729501456022263,0.8200730681419373,0.820137083530426,5.351319137496101e-06,5.351319137496101e-06,0.5,0.0,0.5,0.5,0.5,16720.24869608879
6,15580,36.866249084472656,0.21048152446746826,1.2193729877471924,3.5977389812469482,0.02662605606019497,0.7889598608016968,0.7889660000801086,5.341411057249464e-06,5.341411057249464e-06,0.5,0.0,0.5,0.5,0.5,16741.924945116043
6,15600,28.944168090820312,0.12682680785655975,1.2768844366073608,3.459599018096924,0.03304249048233032,0.7792462706565857,0.7792719006538391,5.3315037467239814e-06,5.3315037467239814e-06,0.5,0.0,0.5,0.5,0.5,16762.994873046875
6,15620,25.061086654663086,0.07074172049760818,1.430824637413025,3.648683547973633,0.029983272776007652,0.8018030524253845,0.8017960786819458,5.321597254005393e-06,5.321597254005393e-06,0.5,0.0,0.5,0.5,0.5,16784.39252471924
6,15640,35.01538848876953,0.18739928305149078,1.2614758014678955,3.6280336380004883,0.03266768902540207,0.7979268431663513,0.7979077100753784,5.311691627175466e-06,5.311691627175466e-06,0.5,0.0,0.5,0.5,0.5,16805.607169628143
6,15660,32.171287536621094,0.14894722402095795,1.3573081493377686,3.6737232208251953,0.029763327911496162,0.8007441759109497,0.8007517457008362,5.30178691431177e-06,5.30178691431177e-06,0.5,0.0,0.5,0.5,0.5,16827.11332631111
6,15680,29.886999130249023,0.13864488899707794,1.249480962753296,3.4983484745025635,0.02935176156461239,0.8055977821350098,0.805587887763977,5.291883163487437e-06,5.291883163487437e-06,0.5,0.0,0.5,0.5,0.5,16848.05451154709
6,15700,40.846534729003906,0.24032458662986755,1.3086373805999756,3.6972358226776123,0.03046555444598198,0.794549822807312,0.7946143746376038,5.281980422770924e-06,5.281980422770924e-06,0.5,0.0,0.5,0.5,0.5,16869.452580451965
6,15720,27.510175704956055,0.1035657674074173,1.3465404510498047,3.662221908569336,0.025972871109843254,0.8066019415855408,0.8065900802612305,5.272078740225793e-06,5.272078740225793e-06,0.5,0.0,0.5,0.5,0.5,16891.26018834114
6,15740,31.84836196899414,0.15392619371414185,1.2769992351531982,3.6563427448272705,0.029404835775494576,0.7925681471824646,0.7925736904144287,5.262178163910469e-06,5.262178163910469e-06,0.5,0.0,0.5,0.5,0.5,16915.276389837265
6,15760,28.10846710205078,0.10936443507671356,1.3513215780258179,3.630376100540161,0.028430150821805,0.809342622756958,0.809353768825531,5.252278741878001e-06,5.252278741878001e-06,0.5,0.0,0.5,0.5,0.5,16936.512613534927
6,15780,36.268043518066406,0.201320618391037,1.2502892017364502,3.6042768955230713,0.028811907395720482,0.8122141361236572,0.8122080564498901,5.242380522175845e-06,5.242380522175845e-06,0.5,0.0,0.5,0.5,0.5,16957.399512290955
6,15800,26.58511734008789,0.10155527293682098,1.299308180809021,3.40584659576416,0.030662594363093376,0.7972964644432068,0.7973090410232544,5.232483552845615e-06,5.232483552845615e-06,0.5,0.0,0.5,0.5,0.5,16978.702937602997
6,15820,36.99360656738281,0.204462468624115,1.2950612306594849,3.5672354698181152,0.029514538124203682,0.7914702892303467,0.7914705276489258,5.2225878819228595e-06,5.2225878819228595e-06,0.5,0.0,0.5,0.5,0.5,16999.54522752762
6,15840,33.800941467285156,0.17408135533332825,1.2643376588821411,3.7209622859954834,0.028465136885643005,0.7966909408569336,0.7967252135276794,5.2126935574368245e-06,5.2126935574368245e-06,0.5,0.0,0.5,0.5,0.5,17021.44825220108
6,15860,33.03157043457031,0.15780627727508545,1.3616060018539429,3.602703094482422,0.03218070790171623,0.8084691762924194,0.8084741830825806,5.2028006274102174e-06,5.2028006274102174e-06,0.5,0.0,0.5,0.5,0.5,17042.02166581154
6,15880,24.91986083984375,0.08231443166732788,1.3216209411621094,3.439849615097046,0.03235819190740585,0.8107817769050598,0.8107430934906006,5.192909139858981e-06,5.192909139858981e-06,0.5,0.0,0.5,0.5,0.5,17063.30489373207
6,15900,28.615549087524414,0.12602171301841736,1.2618396282196045,3.3661458492279053,0.0288351122289896,0.8027216792106628,0.8027215003967285,5.183019142792059e-06,5.183019142792059e-06,0.5,0.0,0.5,0.5,0.5,17085.106996536255
6,15920,37.5260124206543,0.21398866176605225,1.2551689147949219,3.5465593338012695,0.028902051970362663,0.8247445821762085,0.8247369527816772,5.173130684211157e-06,5.173130684211157e-06,0.5,0.0,0.5,0.5,0.5,17106.168110132217
6,15940,23.379480361938477,0.06795131415128708,1.3230317831039429,3.3220369815826416,0.031993117183446884,0.7890185117721558,0.789008378982544,5.163243812110516e-06,5.163243812110516e-06,0.5,0.0,0.5,0.5,0.5,17127.874845027924
6,15960,29.513324737548828,0.13602781295776367,1.244409441947937,3.4338107109069824,0.03263784199953079,0.8045974373817444,0.8045750260353088,5.153358574476672e-06,5.153358574476672e-06,0.5,0.0,0.5,0.5,0.5,17148.442239522934
6,15980,30.956485748291016,0.13582013547420502,1.3917598724365234,3.429865837097168,0.027008259668946266,0.8253656029701233,0.8253427147865295,5.143475019288237e-06,5.143475019288237e-06,0.5,0.0,0.5,0.5,0.5,17170.00308394432
6,16000,34.134056091308594,0.16714423894882202,1.3754466772079468,3.635227680206299,0.02993723191320896,0.8037479519844055,0.8037503361701965,5.133593194515649e-06,5.133593194515649e-06,0.5,0.0,0.5,0.5,0.5,17190.872901678085
6,16020,23.100112915039062,0.06113511323928833,1.3100733757019043,3.855314254760742,0.030554048717021942,0.7936896681785583,0.7936697602272034,5.123713148120948e-06,5.123713148120948e-06,0.5,0.0,0.5,0.5,0.5,17212.362530231476
6,16040,30.156497955322266,0.13900922238826752,1.2601109743118286,3.628286600112915,0.026180153712630272,0.8068893551826477,0.8068678975105286,5.11383492805755e-06,5.11383492805755e-06,0.5,0.0,0.5,0.5,0.5,17234.191263198853
6,16060,33.255592346191406,0.16494202613830566,1.286117434501648,3.8698954582214355,0.030320411548018456,0.8010469675064087,0.8010356426239014,5.103958582269997e-06,5.103958582269997e-06,0.5,0.0,0.5,0.5,0.5,17257.24719595909
6,16080,24.368661880493164,0.06770580261945724,1.4327421188354492,3.2412681579589844,0.029391415417194366,0.8027051091194153,0.8027194738388062,5.0940841586937416e-06,5.0940841586937416e-06,0.5,0.0,0.5,0.5,0.5,17278.66981959343
6,16100,29.90268898010254,0.13045306503772736,1.3383697271347046,3.44649600982666,0.02718893624842167,0.8044875264167786,0.8044965267181396,5.0842117052549035e-06,5.0842117052549035e-06,0.5,0.0,0.5,0.5,0.5,17299.482754468918
6,16120,25.120805740356445,0.08980810642242432,1.2431628704071045,3.6796481609344482,0.02871866524219513,0.8259517550468445,0.8259515762329102,5.074341269870038e-06,5.074341269870038e-06,0.5,0.0,0.5,0.5,0.5,17320.746641635895
6,16140,34.003047943115234,0.16608268022537231,1.3891503810882568,3.47445011138916,0.028822455555200577,0.8046878576278687,0.8046837449073792,5.064472900445911e-06,5.064472900445911e-06,0.5,0.0,0.5,0.5,0.5,17342.79309296608
6,16160,25.497953414916992,0.09234258532524109,1.254056692123413,3.6918222904205322,0.03130524605512619,0.7853482961654663,0.7853511571884155,5.05460664487926e-06,5.05460664487926e-06,0.5,0.0,0.5,0.5,0.5,17363.714793920517
6,16180,22.2327880859375,0.050758298486471176,1.367545485496521,3.450000047683716,0.0315011627972126,0.7959304451942444,0.79593825340271,5.0447425510565564e-06,5.0447425510565564e-06,0.5,0.0,0.5,0.5,0.5,17386.055535554886
6,16200,71.6080093383789,0.5546082854270935,1.271080732345581,3.4077229499816895,0.0286543071269989,0.8147021532058716,0.8147106766700745,5.034880666853786e-06,5.034880666853786e-06,0.5,0.0,0.5,0.5,0.5,17406.699656248093
6,16220,26.176916122436523,0.1093272715806961,1.1551618576049805,3.6635684967041016,0.029003318399190903,0.8071094155311584,0.807106614112854,5.02502104013621e-06,5.02502104013621e-06,0.5,0.0,0.5,0.5,0.5,17427.915718317032
6,16240,26.590984344482422,0.10332002490758896,1.2745306491851807,3.487961769104004,0.025714773684740067,0.816108763217926,0.8161329030990601,5.015163718758129e-06,5.015163718758129e-06,0.5,0.0,0.5,0.5,0.5,17448.588717222214
6,16260,33.748226165771484,0.17864462733268738,1.2462602853775024,3.392601728439331,0.028559645637869835,0.8105947375297546,0.8105821013450623,5.0053087505626585e-06,5.0053087505626585e-06,0.5,0.0,0.5,0.5,0.5,17469.80509018898
6,16280,24.05996322631836,0.06781405210494995,1.3575046062469482,3.6707704067230225,0.03273903205990791,0.8041796088218689,0.804183304309845,4.995456183381488e-06,4.995456183381488e-06,0.5,0.0,0.5,0.5,0.5,17491.379269838333
6,16300,23.029733657836914,0.06527122110128403,1.2757450342178345,3.7134392261505127,0.031720418483018875,0.7926780581474304,0.7926706671714783,4.985606065034659e-06,4.985606065034659e-06,0.5,0.0,0.5,0.5,0.5,17512.582912921906
6,16320,35.65489196777344,0.20305047929286957,1.1800299882888794,3.517561435699463,0.031981952488422394,0.8054602146148682,0.8054729700088501,4.975758443330325e-06,4.975758443330325e-06,0.5,0.0,0.5,0.5,0.5,17533.679272174835
6,16340,27.88469886779785,0.10194653272628784,1.4197696447372437,3.4645802974700928,0.027769269421696663,0.803793728351593,0.8038042187690735,4.965913366064517e-06,4.965913366064517e-06,0.5,0.0,0.5,0.5,0.5,17554.408415555954
6,16360,22.35027503967285,0.05489812046289444,1.3562296628952026,3.269378423690796,0.02878844551742077,0.8095428943634033,0.8095436096191406,4.9560708810209255e-06,4.9560708810209255e-06,0.5,0.0,0.5,0.5,0.5,17575.93570446968
6,16380,32.67049789428711,0.15437433123588562,1.3281844854354858,3.9187467098236084,0.032475247979164124,0.7786872386932373,0.7786850929260254,4.9462310359706525e-06,4.9462310359706525e-06,0.5,0.0,0.5,0.5,0.5,17596.451552391052
6,16400,26.88251304626465,0.1115649864077568,1.2266188859939575,3.4309582710266113,0.028866887092590332,0.7906826138496399,0.7906724214553833,4.936393878671991e-06,4.936393878671991e-06,0.5,0.0,0.5,0.5,0.5,17618.21080136299
6,16420,22.99614715576172,0.057859525084495544,1.3307678699493408,3.8720180988311768,0.03049752674996853,0.8142899870872498,0.8143095374107361,4.926559456870185e-06,4.926559456870185e-06,0.5,0.0,0.5,0.5,0.5,17639.656140327454
6,16440,34.453941345214844,0.18156485259532928,1.2773940563201904,3.4975240230560303,0.02599494345486164,0.804266095161438,0.8041712641716003,4.916727818297205e-06,4.916727818297205e-06,0.5,0.0,0.5,0.5,0.5,17660.867189884186
6,16460,27.083127975463867,0.0883156955242157,1.4654535055160522,3.565629243850708,0.03139325976371765,0.8058894872665405,0.8058944940567017,4.90689901067151e-06,4.90689901067151e-06,0.5,0.0,0.5,0.5,0.5,17682.419367313385
6,16480,31.303985595703125,0.1421954184770584,1.3438186645507812,3.616295099258423,0.029961585998535156,0.7775805592536926,0.7775804400444031,4.897073081697825e-06,4.897073081697825e-06,0.5,0.0,0.5,0.5,0.5,17702.88340115547
6,16500,26.763195037841797,0.09222656488418579,1.3912827968597412,3.5971035957336426,0.030607987195253372,0.8009438514709473,0.8009452223777771,4.8872500790668915e-06,4.8872500790668915e-06,0.5,0.0,0.5,0.5,0.5,17724.49879384041
6,16520,28.96143913269043,0.11948705464601517,1.3417285680770874,3.5630040168762207,0.032444220036268234,0.7897535562515259,0.7897896766662598,4.877430050455259e-06,4.877430050455259e-06,0.5,0.0,0.5,0.5,0.5,17745.052913188934
6,16540,29.255584716796875,0.11630025506019592,1.3825005292892456,3.7671802043914795,0.033372558653354645,0.8019971251487732,0.8020023107528687,4.8676130435250365e-06,4.8676130435250365e-06,0.5,0.0,0.5,0.5,0.5,17766.764319181442
6,16560,24.694726943969727,0.08359670639038086,1.2713050842285156,3.592914342880249,0.029091056436300278,0.8047467470169067,0.8047540187835693,4.85779910592367e-06,4.85779910592367e-06,0.5,0.0,0.5,0.5,0.5,17788.93699812889
6,16580,27.925304412841797,0.1063917875289917,1.3581370115280151,3.6740829944610596,0.03066990338265896,0.8165199160575867,0.8165251016616821,4.847988285283707e-06,4.847988285283707e-06,0.5,0.0,0.5,0.5,0.5,17809.454824209213
6,16600,24.0681209564209,0.0829472690820694,1.197782278060913,3.7625725269317627,0.03299752250313759,0.7890400290489197,0.7890465259552002,4.838180629222567e-06,4.838180629222567e-06,0.5,0.0,0.5,0.5,0.5,17831.632907629013
6,16620,25.91840934753418,0.07543263584375381,1.4592781066894531,3.753791093826294,0.028573907911777496,0.8031648993492126,0.8031746745109558,4.8283761853423094e-06,4.8283761853423094e-06,0.5,0.0,0.5,0.5,0.5,17852.129230737686
6,16640,29.064830780029297,0.12125896662473679,1.3457090854644775,3.451815128326416,0.030030149966478348,0.8134499788284302,0.8134762048721313,4.818575001229406e-06,4.818575001229406e-06,0.5,0.0,0.5,0.5,0.5,17873.49743580818
6,16660,22.872547149658203,0.05799652636051178,1.34357488155365,3.6098713874816895,0.027275290340185165,0.800251841545105,0.800247848033905,4.808777124454501e-06,4.808777124454501e-06,0.5,0.0,0.5,0.5,0.5,17894.34770345688
6,16680,30.836688995361328,0.14112213253974915,1.309276819229126,3.599360466003418,0.0323493555188179,0.7910309433937073,0.7910337448120117,4.798982602572191e-06,4.798982602572191e-06,0.5,0.0,0.5,0.5,0.5,17915.52502632141
6,16700,31.427457809448242,0.1393066942691803,1.3933665752410889,3.531614065170288,0.0315069817006588,0.786450982093811,0.7864498496055603,4.789191483120789e-06,4.789191483120789e-06,0.5,0.0,0.5,0.5,0.5,17936.87704896927
6,16720,26.10990333557129,0.0946774110198021,1.3036539554595947,3.577202796936035,0.028420941904187202,0.791037380695343,0.7910359501838684,4.779403813622093e-06,4.779403813622093e-06,0.5,0.0,0.5,0.5,0.5,17957.59258198738
6,16740,28.679780960083008,0.12515871226787567,1.246437907218933,3.6686058044433594,0.030924644321203232,0.7813577055931091,0.7813643217086792,4.7696196415811565e-06,4.7696196415811565e-06,0.5,0.0,0.5,0.5,0.5,17979.96049785614
6,16760,21.415742874145508,0.038479283452034,1.3946223258972168,3.590008497238159,0.03158463537693024,0.8043950200080872,0.8043732047080994,4.75983901448606e-06,4.75983901448606e-06,0.5,0.0,0.5,0.5,0.5,18000.43474841118
6,16780,35.502891540527344,0.178598552942276,1.3902544975280762,3.70697021484375,0.03352034464478493,0.8136549592018127,0.8136464357376099,4.750061979807674e-06,4.750061979807674e-06,0.5,0.0,0.5,0.5,0.5,18022.365217924118
6,16800,26.186323165893555,0.10132328420877457,1.2535369396209717,3.4848453998565674,0.033778995275497437,0.7899519801139832,0.7899622321128845,4.740288584999438e-06,4.740288584999438e-06,0.5,0.0,0.5,0.5,0.5,18043.353037834167
6,16820,31.979198455810547,0.14534351229667664,1.379460096359253,3.6168503761291504,0.033396150916814804,0.7910141348838806,0.7910215854644775,4.730518877497122e-06,4.730518877497122e-06,0.5,0.0,0.5,0.5,0.5,18064.195423603058
6,16840,28.26888656616211,0.11979984492063522,1.2977007627487183,3.2803940773010254,0.031500715762376785,0.7757408022880554,0.775742769241333,4.720752904718598e-06,4.720752904718598e-06,0.5,0.0,0.5,0.5,0.5,18086.29721212387
6,16860,26.519371032714844,0.09214332699775696,1.3784922361373901,3.4927735328674316,0.027341457083821297,0.7934799790382385,0.793479859828949,4.7109907140636175e-06,4.7109907140636175e-06,0.5,0.0,0.5,0.5,0.5,18109.539518356323
6,16880,34.144126892089844,0.1691960245370865,1.3732130527496338,3.4555280208587646,0.03686490282416344,0.7897113561630249,0.7897182703018188,4.701232352913569e-06,4.701232352913569e-06,0.5,0.0,0.5,0.5,0.5,18131.39126443863
6,16900,31.595748901367188,0.14602544903755188,1.3320826292037964,3.636575698852539,0.03580273687839508,0.8058141469955444,0.8058125376701355,4.691477868631254e-06,4.691477868631254e-06,0.5,0.0,0.5,0.5,0.5,18154.041893959045
6,16920,34.741214752197266,0.1835995763540268,1.2685316801071167,3.6628901958465576,0.03305034711956978,0.78582763671875,0.7858299016952515,4.6817273085606655e-06,4.6817273085606655e-06,0.5,0.0,0.5,0.5,0.5,18175.02115535736
6,16940,26.077829360961914,0.08953125029802322,1.3685388565063477,3.409353256225586,0.029962090775370598,0.8269109725952148,0.8269144892692566,4.671980720026739e-06,4.671980720026739e-06,0.5,0.0,0.5,0.5,0.5,18196.264668226242
6,16960,26.11349105834961,0.08901236951351166,1.3656352758407593,3.5238451957702637,0.032055675983428955,0.776862382888794,0.7768706679344177,4.662238150335144e-06,4.662238150335144e-06,0.5,0.0,0.5,0.5,0.5,18218.790478229523
6,16980,25.610355377197266,0.09188378602266312,1.275657296180725,3.6319565773010254,0.033449556678533554,0.7897597551345825,0.7897591590881348,4.652499646772037e-06,4.652499646772037e-06,0.5,0.0,0.5,0.5,0.5,18241.132838726044
6,17000,36.67685317993164,0.20185093581676483,1.2844581604003906,3.6164143085479736,0.03076566569507122,0.7843782901763916,0.7843834757804871,4.642765256603841e-06,4.642765256603841e-06,0.5,0.0,0.5,0.5,0.5,18262.275831222534
6,17020,46.46756362915039,0.30658119916915894,1.2399767637252808,3.3782336711883545,0.03144212067127228,0.7976561188697815,0.797674298286438,4.633035027077018e-06,4.633035027077018e-06,0.5,0.0,0.5,0.5,0.5,18283.092539310455
6,17040,25.827539443969727,0.09888358414173126,1.2262367010116577,3.646395206451416,0.0304185152053833,0.7924820184707642,0.7925047278404236,4.623309005417832e-06,4.623309005417832e-06,0.5,0.0,0.5,0.5,0.5,18304.557485103607
6,17060,31.629047393798828,0.16728419065475464,1.1457966566085815,3.41162109375,0.031040286645293236,0.7874969840049744,0.7875300645828247,4.613587238832125e-06,4.613587238832125e-06,0.5,0.0,0.5,0.5,0.5,18325.529808998108
6,17080,23.7996883392334,0.08720536530017853,1.1797380447387695,3.2474758625030518,0.03429446369409561,0.7817929983139038,0.7817727327346802,4.603869774505089e-06,4.603869774505089e-06,0.5,0.0,0.5,0.5,0.5,18346.638819217682
6,17100,30.435611724853516,0.13976994156837463,1.2982170581817627,3.4406192302703857,0.03582867607474327,0.7877703309059143,0.7877710461616516,4.594156659601029e-06,4.594156659601029e-06,0.5,0.0,0.5,0.5,0.5,18367.547465085983
6,17120,47.923519134521484,0.3123965561389923,1.3309906721115112,3.341254949569702,0.0326983779668808,0.803294837474823,0.8032829165458679,4.584447941263148e-06,4.584447941263148e-06,0.5,0.0,0.5,0.5,0.5,18389.196962356567
6,17140,27.078170776367188,0.10342810302972794,1.3252017498016357,3.450627088546753,0.03271486610174179,0.810020387172699,0.810010552406311,4.574743666613304e-06,4.574743666613304e-06,0.5,0.0,0.5,0.5,0.5,18410.23899412155
6,17160,36.118873596191406,0.19604554772377014,1.267758846282959,3.806077718734741,0.030653811991214752,0.8146520256996155,0.8146547675132751,4.565043882751786e-06,4.565043882751786e-06,0.5,0.0,0.5,0.5,0.5,18432.067888259888
6,17180,29.66791534423828,0.1383478343486786,1.2251404523849487,3.5537164211273193,0.02800917625427246,0.7878389954566956,0.7878274321556091,4.555348636757093e-06,4.555348636757093e-06,0.5,0.0,0.5,0.5,0.5,18453.172768354416
6,17200,26.030609130859375,0.08004893362522125,1.4480464458465576,3.51419997215271,0.031049558892846107,0.8182639479637146,0.8182583451271057,4.5456579756856936e-06,4.5456579756856936e-06,0.5,0.0,0.5,0.5,0.5,18474.522788524628
6,17220,30.983217239379883,0.13967230916023254,1.3602789640426636,3.3834588527679443,0.029736721888184547,0.8042975664138794,0.8042922616004944,4.535971946571807e-06,4.535971946571807e-06,0.5,0.0,0.5,0.5,0.5,18495.404609680176
6,17240,34.099952697753906,0.18406043946743011,1.2157680988311768,3.5069611072540283,0.029267607256770134,0.7942639589309692,0.7942677140235901,4.526290596427168e-06,4.526290596427168e-06,0.5,0.0,0.5,0.5,0.5,18516.378272294998
6,17260,33.75774002075195,0.16480517387390137,1.3645756244659424,3.6019551753997803,0.029509788379073143,0.8146573305130005,0.8146474361419678,4.516613972240804e-06,4.516613972240804e-06,0.5,0.0,0.5,0.5,0.5,18538.00284433365
6,17280,30.718828201293945,0.127461239695549,1.4271793365478516,3.670935869216919,0.02997397631406784,0.8091554045677185,0.8091515302658081,4.506942120978804e-06,4.506942120978804e-06,0.5,0.0,0.5,0.5,0.5,18558.820288419724
6,17300,35.536991119384766,0.18363022804260254,1.3712142705917358,3.432469129562378,0.029357753694057465,0.8063840866088867,0.8063936829566956,4.497275089584088e-06,4.497275089584088e-06,0.5,0.0,0.5,0.5,0.5,18580.089386701584
6,17320,36.544307708740234,0.1926272064447403,1.3840281963348389,3.409273386001587,0.03203006088733673,0.8067243695259094,0.806746244430542,4.487612924976188e-06,4.487612924976188e-06,0.5,0.0,0.5,0.5,0.5,18601.69712114334
6,17340,31.94266700744629,0.14765582978725433,1.3783543109893799,3.362861394882202,0.030679430812597275,0.7908518314361572,0.7908584475517273,4.477955674051011e-06,4.477955674051011e-06,0.5,0.0,0.5,0.5,0.5,18622.612853050232
6,17360,26.233469009399414,0.09363020956516266,1.3297770023345947,3.540008306503296,0.0326702743768692,0.7765880823135376,0.7765742540359497,4.468303383680617e-06,4.468303383680617e-06,0.5,0.0,0.5,0.5,0.5,18644.897592544556
6,17380,44.366031646728516,0.2654981315135956,1.3949828147888184,3.835785150527954,0.030606262385845184,0.808709979057312,0.8087142705917358,4.45865610071299e-06,4.45865610071299e-06,0.5,0.0,0.5,0.5,0.5,18665.678233146667
6,17400,29.11435890197754,0.12095822393894196,1.3352521657943726,3.635213613510132,0.030800240114331245,0.7975318431854248,0.7975301146507263,4.449013871971806e-06,4.449013871971806e-06,0.5,0.0,0.5,0.5,0.5,18686.96702027321
6,17420,24.178361892700195,0.07946944236755371,1.2409553527832031,3.792543649673462,0.02932056598365307,0.79205322265625,0.7920551300048828,4.439376744256217e-06,4.439376744256217e-06,0.5,0.0,0.5,0.5,0.5,18707.81307244301
6,17440,21.293127059936523,0.051236093044281006,1.268087387084961,3.454447031021118,0.03419717773795128,0.7706677913665771,0.7706847786903381,4.429744764340612e-06,4.429744764340612e-06,0.5,0.0,0.5,0.5,0.5,18729.372163534164
6,17460,30.046794891357422,0.1271473914384842,1.3711775541305542,3.5908570289611816,0.02942521870136261,0.7890194058418274,0.7890120148658752,4.420117978974394e-06,4.420117978974394e-06,0.5,0.0,0.5,0.5,0.5,18752.45293688774
6,17480,24.59784507751465,0.08191599696874619,1.2759735584259033,3.618016004562378,0.028494451195001602,0.8008880019187927,0.8009097576141357,4.410496434881756e-06,4.410496434881756e-06,0.5,0.0,0.5,0.5,0.5,18773.8278260231
6,17500,41.46983337402344,0.2421424388885498,1.3649286031723022,3.5764176845550537,0.029886137694120407,0.8224136233329773,0.8224138021469116,4.400880178761455e-06,4.400880178761455e-06,0.5,0.0,0.5,0.5,0.5,18797.134315252304
6,17520,30.36384391784668,0.1504058837890625,1.1934140920639038,3.3579084873199463,0.031205369159579277,0.8031058311462402,0.8030992746353149,4.391269257286575e-06,4.391269257286575e-06,0.5,0.0,0.5,0.5,0.5,18818.48685145378
6,17540,24.819931030273438,0.09125474840402603,1.2222023010253906,3.4463112354278564,0.026121508330106735,0.8169338703155518,0.8169406652450562,4.381663717104318e-06,4.381663717104318e-06,0.5,0.0,0.5,0.5,0.5,18840.280829668045
6,17560,24.642229080200195,0.08975526690483093,1.2106540203094482,3.529437780380249,0.03072291985154152,0.8042563796043396,0.8042562007904053,4.372063604835757e-06,4.372063604835757e-06,0.5,0.0,0.5,0.5,0.5,18861.056569099426
6,17580,27.402873992919922,0.09864069521427155,1.3895142078399658,3.6134753227233887,0.03018665313720703,0.7888129353523254,0.7888236045837402,4.362468967075629e-06,4.362468967075629e-06,0.5,0.0,0.5,0.5,0.5,18882.4226167202
6,17600,30.117717742919922,0.13710469007492065,1.2641794681549072,3.7351720333099365,0.030281364917755127,0.8160727024078369,0.8160659670829773,4.3528798503920965e-06,4.3528798503920965e-06,0.5,0.0,0.5,0.5,0.5,18903.36807203293
6,17620,32.49092102050781,0.15771949291229248,1.293407917022705,3.7566182613372803,0.02827642485499382,0.7913297414779663,0.7913370132446289,4.343296301326521e-06,4.343296301326521e-06,0.5,0.0,0.5,0.5,0.5,18924.802806854248
6,17640,20.031484603881836,0.039628736674785614,1.2525686025619507,3.5119361877441406,0.03098819963634014,0.800383985042572,0.8003880977630615,4.333718366393248e-06,4.333718366393248e-06,0.5,0.0,0.5,0.5,0.5,18945.74304842949
6,17660,34.132022857666016,0.17696528136730194,1.2925318479537964,3.4809517860412598,0.029223289340734482,0.8089650273323059,0.8089821338653564,4.324146092079373e-06,4.324146092079373e-06,0.5,0.0,0.5,0.5,0.5,18966.419863939285
6,17680,25.23035430908203,0.08386298269033432,1.3228795528411865,3.5891191959381104,0.026141539216041565,0.8184914588928223,0.8184765577316284,4.314579524844513e-06,4.314579524844513e-06,0.5,0.0,0.5,0.5,0.5,18990.245228767395
6,17700,27.802452087402344,0.10870853811502457,1.3367952108383179,3.5284643173217773,0.03518374264240265,0.8147937059402466,0.8148103356361389,4.305018711120591e-06,4.305018711120591e-06,0.5,0.0,0.5,0.5,0.5,19013.519739866257
7,17720,27.33026123046875,0.1175459623336792,1.196178913116455,3.5793216228485107,0.03455454856157303,0.781160831451416,0.7811629772186279,4.295463697311601e-06,4.295463697311601e-06,0.5,0.0,0.5,0.5,0.5,19053.236406326294
7,17740,39.825618743896484,0.23859679698944092,1.2376493215560913,3.5586979389190674,0.030747435986995697,0.8011889457702637,0.8012001514434814,4.285914529793391e-06,4.285914529793391e-06,0.5,0.0,0.5,0.5,0.5,19074.571894407272
7,17760,30.56010627746582,0.13228768110275269,1.3664443492889404,3.633849620819092,0.03304453566670418,0.795695424079895,0.7957164645195007,4.276371254913429e-06,4.276371254913429e-06,0.5,0.0,0.5,0.5,0.5,19095.592626094818
7,17780,37.88808822631836,0.19433459639549255,1.491585612297058,3.5089268684387207,0.029847290366888046,0.781017005443573,0.7810180187225342,4.266833918990582e-06,4.266833918990582e-06,0.5,0.0,0.5,0.5,0.5,19117.205906391144
7,17800,33.70380401611328,0.15595589578151703,1.431434154510498,3.7624213695526123,0.03145325928926468,0.8024345636367798,0.8024212121963501,4.257302568314898e-06,4.257302568314898e-06,0.5,0.0,0.5,0.5,0.5,19138.375047683716
7,17820,31.054628372192383,0.14033949375152588,1.3411319255828857,3.576951265335083,0.03240828216075897,0.793287992477417,0.7932739853858948,4.24777724914737e-06,4.24777724914737e-06,0.5,0.0,0.5,0.5,0.5,19160.076461315155
7,17840,22.848636627197266,0.0494515523314476,1.4174206256866455,3.6963467597961426,0.032928984612226486,0.7880340814590454,0.7880420684814453,4.23825800771972e-06,4.23825800771972e-06,0.5,0.0,0.5,0.5,0.5,19180.916192293167
7,17860,48.20732879638672,0.3162841796875,1.307855486869812,3.4655721187591553,0.03478118032217026,0.7985395789146423,0.7985279560089111,4.228744890234169e-06,4.228744890234169e-06,0.5,0.0,0.5,0.5,0.5,19201.830127716064
7,17880,27.07200050354004,0.10837759077548981,1.273860216140747,3.464000701904297,0.03163881227374077,0.7937811017036438,0.7937796115875244,4.219237942863214e-06,4.219237942863214e-06,0.5,0.0,0.5,0.5,0.5,19223.151736021042
7,17900,25.87928009033203,0.09480205178260803,1.2760035991668701,3.6050808429718018,0.03395568206906319,0.7863466143608093,0.7863542437553406,4.209737211749409e-06,4.209737211749409e-06,0.5,0.0,0.5,0.5,0.5,19244.011242628098
7,17920,31.390268325805664,0.14123238623142242,1.380815863609314,3.423396587371826,0.0354740172624588,0.8083285689353943,0.8083330988883972,4.200242743005136e-06,4.200242743005136e-06,0.5,0.0,0.5,0.5,0.5,19265.123237133026
7,17940,37.003726959228516,0.19535179436206818,1.3783321380615234,3.6572659015655518,0.027960537001490593,0.806452214717865,0.8064541816711426,4.190754582712378e-06,4.190754582712378e-06,0.5,0.0,0.5,0.5,0.5,19285.99065065384
7,17960,28.1873836517334,0.10408273339271545,1.40596604347229,3.691444158554077,0.028004931285977364,0.809409499168396,0.8094019293785095,4.181272776922504e-06,4.181272776922504e-06,0.5,0.0,0.5,0.5,0.5,19310.205249786377
7,17980,30.420677185058594,0.13610738515853882,1.333663821220398,3.4445207118988037,0.028779814019799232,0.8010587692260742,0.8010675311088562,4.171797371656038e-06,4.171797371656038e-06,0.5,0.0,0.5,0.5,0.5,19331.375066041946
7,18000,26.825191497802734,0.11520013958215714,1.1641929149627686,3.632073163986206,0.031174704432487488,0.7831103801727295,0.7830896973609924,4.162328412902443e-06,4.162328412902443e-06,0.5,0.0,0.5,0.5,0.5,19353.6125330925
7,18020,29.662290573120117,0.13545164465904236,1.2216981649398804,3.870018720626831,0.03012615628540516,0.8161709904670715,0.8161802887916565,4.15286594661989e-06,4.15286594661989e-06,0.5,0.0,0.5,0.5,0.5,19374.780341625214
7,18040,25.299348831176758,0.08748530596494675,1.3089478015899658,3.4273509979248047,0.03398884832859039,0.8067342638969421,0.8067352771759033,4.143410018735037e-06,4.143410018735037e-06,0.5,0.0,0.5,0.5,0.5,19396.365314006805
7,18060,40.94977569580078,0.22699430584907532,1.4647855758666992,3.5726234912872314,0.029866201803088188,0.8017570376396179,0.8017399311065674,4.133960675142813e-06,4.133960675142813e-06,0.5,0.0,0.5,0.5,0.5,19418.01876115799
7,18080,32.84968566894531,0.15852975845336914,1.3129661083221436,3.8360931873321533,0.030958011746406555,0.7866041660308838,0.7865965366363525,4.1245179617061835e-06,4.1245179617061835e-06,0.5,0.0,0.5,0.5,0.5,19441.929857969284
7,18100,30.201242446899414,0.13662594556808472,1.321576476097107,3.2897584438323975,0.033122096210718155,0.7929511070251465,0.7928536534309387,4.115081924255938e-06,4.115081924255938e-06,0.5,0.0,0.5,0.5,0.5,19462.356498479843
7,18120,29.197072982788086,0.11869543790817261,1.3816536664962769,3.479950189590454,0.031041434034705162,0.7820306420326233,0.7820149064064026,4.105652608590462e-06,4.105652608590462e-06,0.5,0.0,0.5,0.5,0.5,19484.012760162354
7,18140,34.397804260253906,0.1854308545589447,1.219346284866333,3.63323974609375,0.028013721108436584,0.7835677266120911,0.7835941314697266,4.0962300604755176e-06,4.0962300604755176e-06,0.5,0.0,0.5,0.5,0.5,19505.249895334244
7,18160,29.544893264770508,0.1303817480802536,1.3004239797592163,3.4744880199432373,0.02799001894891262,0.8215207457542419,0.8215080499649048,4.086814325644019e-06,4.086814325644019e-06,0.5,0.0,0.5,0.5,0.5,19525.862070560455
7,18180,31.186763763427734,0.13099955022335052,1.4417588710784912,3.638617992401123,0.03060227632522583,0.8195196986198425,0.8195307850837708,4.077405449795814e-06,4.077405449795814e-06,0.5,0.0,0.5,0.5,0.5,19547.688575983047
7,18200,25.061538696289062,0.07836475223302841,1.390875220298767,3.281308174133301,0.03500297665596008,0.7995083332061768,0.7994899749755859,4.068003478597457e-06,4.068003478597457e-06,0.5,0.0,0.5,0.5,0.5,19568.66011404991
7,18220,30.588972091674805,0.14315804839134216,1.2468483448028564,3.772843599319458,0.031841941177845,0.8010396957397461,0.8010392785072327,4.058608457681992e-06,4.058608457681992e-06,0.5,0.0,0.5,0.5,0.5,19591.48187804222
7,18240,30.542057037353516,0.14335918426513672,1.2833583354949951,3.3372480869293213,0.035306379199028015,0.7928505539894104,0.7928365468978882,4.04922043264873e-06,4.04922043264873e-06,0.5,0.0,0.5,0.5,0.5,19613.779646396637
7,18260,21.70271873474121,0.0502975694835186,1.3213300704956055,3.43021559715271,0.029445460066199303,0.792651891708374,0.7926515936851501,4.039839449063023e-06,4.039839449063023e-06,0.5,0.0,0.5,0.5,0.5,19634.750380516052
7,18280,30.668485641479492,0.1366603672504425,1.3538702726364136,3.4335503578186035,0.03019721247255802,0.7873846292495728,0.7873535752296448,4.030465552456051e-06,4.030465552456051e-06,0.5,0.0,0.5,0.5,0.5,19656.636915445328
7,18300,32.66067123413086,0.16631075739860535,1.2569202184677124,3.428600549697876,0.03179141879081726,0.7915741205215454,0.7915883660316467,4.021098788324596e-06,4.021098788324596e-06,0.5,0.0,0.5,0.5,0.5,19677.867824792862
7,18320,33.538978576660156,0.15151022374629974,1.4904189109802246,3.453617811203003,0.030152369290590286,0.7901151776313782,0.7901109457015991,4.011739202130824e-06,4.011739202130824e-06,0.5,0.0,0.5,0.5,0.5,19699.027085781097
7,18340,22.468496322631836,0.06843262910842896,1.2307758331298828,3.2868576049804688,0.030618375167250633,0.8048362135887146,0.8048294186592102,4.002386839302056e-06,4.002386839302056e-06,0.5,0.0,0.5,0.5,0.5,19720.20253109932
7,18360,31.259302139282227,0.14426864683628082,1.3456010818481445,3.34523868560791,0.031187675893306732,0.7777641415596008,0.7777895331382751,3.993041745230562e-06,3.993041745230562e-06,0.5,0.0,0.5,0.5,0.5,19742.054815530777
7,18380,31.15691375732422,0.1510726511478424,1.2365357875823975,3.6537487506866455,0.0305413119494915,0.784064531326294,0.784055769443512,3.983703965273327e-06,3.983703965273327e-06,0.5,0.0,0.5,0.5,0.5,19762.5475833416
7,18400,30.58367156982422,0.1315242201089859,1.3757566213607788,3.6451568603515625,0.028525572270154953,0.7849236130714417,0.7849076390266418,3.97437354475184e-06,3.97437354475184e-06,0.5,0.0,0.5,0.5,0.5,19785.121495246887
7,18420,27.204252243041992,0.09635674953460693,1.4049185514450073,3.4900612831115723,0.029330501332879066,0.8270345330238342,0.8270261883735657,3.965050528951867e-06,3.965050528951867e-06,0.5,0.0,0.5,0.5,0.5,19805.89267396927
7,18440,42.28500747680664,0.2448943853378296,1.4343898296356201,3.419774055480957,0.03189675137400627,0.7824966907501221,0.7825099229812622,3.955734963123238e-06,3.955734963123238e-06,0.5,0.0,0.5,0.5,0.5,19826.97604560852
7,18460,26.920654296875,0.1027371883392334,1.2856698036193848,3.7595036029815674,0.03073291666805744,0.7981838583946228,0.79818195104599,3.946426892479621e-06,3.946426892479621e-06,0.5,0.0,0.5,0.5,0.5,19847.67281150818
7,18480,25.643770217895508,0.09663563966751099,1.2285304069519043,3.664247751235962,0.030654264613986015,0.7967237830162048,0.7967331409454346,3.9371263621983096e-06,3.9371263621983096e-06,0.5,0.0,0.5,0.5,0.5,19868.78187775612
7,18500,26.70362663269043,0.10698036849498749,1.2577621936798096,3.396803379058838,0.031166184693574905,0.8068784475326538,0.8068941235542297,3.927833417419996e-06,3.927833417419996e-06,0.5,0.0,0.5,0.5,0.5,19889.4691259861
7,18520,29.6727237701416,0.13141626119613647,1.3153218030929565,3.3498194217681885,0.02805834449827671,0.7899234294891357,0.7899285554885864,3.918548103248558e-06,3.918548103248558e-06,0.5,0.0,0.5,0.5,0.5,19910.400531053543
7,18540,30.189311981201172,0.13646090030670166,1.298951506614685,3.523824453353882,0.029882537201046944,0.791064977645874,0.7910604476928711,3.909270464750836e-06,3.909270464750836e-06,0.5,0.0,0.5,0.5,0.5,19932.318553447723
7,18560,27.255578994750977,0.11012378334999084,1.249929666519165,3.714127540588379,0.029775897040963173,0.8140559792518616,0.8140615820884705,3.90000054695642e-06,3.90000054695642e-06,0.5,0.0,0.5,0.5,0.5,19954.019103765488
7,18580,30.12187957763672,0.12263084948062897,1.4574803113937378,3.2558982372283936,0.028093643486499786,0.7979021072387695,0.7978937029838562,3.890738394857422e-06,3.890738394857422e-06,0.5,0.0,0.5,0.5,0.5,19975.295959472656
7,18600,25.56190299987793,0.08384056389331818,1.3688615560531616,3.4591891765594482,0.030043525621294975,0.8017542362213135,0.8017562627792358,3.881484053408264e-06,3.881484053408264e-06,0.5,0.0,0.5,0.5,0.5,19995.761507749557
7,18620,36.11081314086914,0.19136455655097961,1.329925537109375,3.640455961227417,0.03464337810873985,0.8002673387527466,0.8002598285675049,3.8722375675254615e-06,3.8722375675254615e-06,0.5,0.0,0.5,0.5,0.5,20017.042644262314
7,18640,24.263469696044922,0.08251502364873886,1.259034514427185,3.392453193664551,0.02917095646262169,0.8051930069923401,0.8051846623420715,3.8629989820874e-06,3.8629989820874e-06,0.5,0.0,0.5,0.5,0.5,20038.323380470276
7,18660,33.89253616333008,0.16627106070518494,1.3603142499923706,3.6292028427124023,0.03308459743857384,0.8139141798019409,0.8139142394065857,3.8537683419341195e-06,3.8537683419341195e-06,0.5,0.0,0.5,0.5,0.5,20059.613772153854
7,18680,26.30681800842285,0.08768877387046814,1.408864974975586,3.419293165206909,0.029999468475580215,0.8078795671463013,0.8078808784484863,3.844545691867098e-06,3.844545691867098e-06,0.5,0.0,0.5,0.5,0.5,20080.88104701042
7,18700,41.369903564453125,0.257218599319458,1.1959707736968994,3.660247564315796,0.028090685606002808,0.8079683780670166,0.8079607486724854,3.835331076649032e-06,3.835331076649032e-06,0.5,0.0,0.5,0.5,0.5,20101.367293596268
7,18720,30.36850357055664,0.13798271119594574,1.294785499572754,3.59204363822937,0.030335264280438423,0.8142887949943542,0.8142709136009216,3.826124541003626e-06,3.826124541003626e-06,0.5,0.0,0.5,0.5,0.5,20123.293874502182
7,18740,36.44863510131836,0.21161779761314392,1.191480040550232,3.3392703533172607,0.03278530761599541,0.7967354655265808,0.796754002571106,3.816926129615359e-06,3.816926129615359e-06,0.5,0.0,0.5,0.5,0.5,20144.505543470383
7,18760,31.226085662841797,0.15650247037410736,1.2040314674377441,3.5033881664276123,0.03213631361722946,0.7984926700592041,0.7985265254974365,3.8077358871292867e-06,3.8077358871292867e-06,0.5,0.0,0.5,0.5,0.5,20165.725815057755
7,18780,27.765165328979492,0.12032932043075562,1.2110393047332764,3.5896732807159424,0.03216627240180969,0.7834576964378357,0.7834591269493103,3.798553858150816e-06,3.798553858150816e-06,0.5,0.0,0.5,0.5,0.5,20186.644458293915
7,18800,20.5537109375,0.04771373048424721,1.2251715660095215,3.499183416366577,0.031438589096069336,0.8028489947319031,0.8028452396392822,3.7893800872454845e-06,3.7893800872454845e-06,0.5,0.0,0.5,0.5,0.5,20208.168077230453
7,18820,23.399232864379883,0.0704369768500328,1.2878764867782593,3.4489285945892334,0.027841949835419655,0.796398937702179,0.7964094281196594,3.780214618938754e-06,3.780214618938754e-06,0.5,0.0,0.5,0.5,0.5,20229.504492998123
7,18840,29.122690200805664,0.12707695364952087,1.2772722244262695,3.6079366207122803,0.034336429089307785,0.801044225692749,0.8010520339012146,3.771057497715786e-06,3.771057497715786e-06,0.5,0.0,0.5,0.5,0.5,20250.79302930832
7,18860,31.36204719543457,0.15846236050128937,1.165291428565979,3.832305431365967,0.030591145157814026,0.7923768758773804,0.7923724055290222,3.7619087680212283e-06,3.7619087680212283e-06,0.5,0.0,0.5,0.5,0.5,20272.96315765381
7,18880,22.363563537597656,0.047544389963150024,1.4126884937286377,3.4526898860931396,0.029549909755587578,0.8058305978775024,0.8058281540870667,3.752768474259004e-06,3.752768474259004e-06,0.5,0.0,0.5,0.5,0.5,20293.96285557747
7,18900,28.344284057617188,0.11281226575374603,1.37632155418396,3.267855644226074,0.03198552131652832,0.7867825627326965,0.7867481112480164,3.7436366607920877e-06,3.7436366607920877e-06,0.5,0.0,0.5,0.5,0.5,20315.630648851395
7,18920,26.157880783081055,0.09033215045928955,1.3520606756210327,3.5752806663513184,0.028778616338968277,0.7802101373672485,0.7801777124404907,3.7345133719422944e-06,3.7345133719422944e-06,0.5,0.0,0.5,0.5,0.5,20336.060024261475
7,18940,34.29410171508789,0.17586888372898102,1.3029594421386719,3.647844076156616,0.029773622751235962,0.8136022686958313,0.8135893940925598,3.7253986519900674e-06,3.7253986519900674e-06,0.5,0.0,0.5,0.5,0.5,20357.922149658203
7,18960,23.663978576660156,0.059214577078819275,1.4292815923690796,3.4191858768463135,0.030519790947437286,0.7904757261276245,0.7904694080352783,3.716292545174257e-06,3.716292545174257e-06,0.5,0.0,0.5,0.5,0.5,20378.956840991974
7,18980,32.9937629699707,0.17220593988895416,1.217965841293335,3.558704137802124,0.03480365872383118,0.8098224997520447,0.809824526309967,3.707195095691913e-06,3.707195095691913e-06,0.5,0.0,0.5,0.5,0.5,20400.23533987999
7,19000,24.079538345336914,0.0741843730211258,1.3040889501571655,3.5872020721435547,0.03300916403532028,0.7934861779212952,0.7934778928756714,3.698106347698063e-06,3.698106347698063e-06,0.5,0.0,0.5,0.5,0.5,20422.77221274376
7,19020,33.59840393066406,0.1755995750427246,1.2433371543884277,3.5713179111480713,0.033755142241716385,0.8094836473464966,0.8094891905784607,3.6890263453055035e-06,3.6890263453055035e-06,0.5,0.0,0.5,0.5,0.5,20443.377034902573
7,19040,26.056869506835938,0.09848261624574661,1.276637315750122,3.4102694988250732,0.031965047121047974,0.8161560297012329,0.8161433935165405,3.679955132584583e-06,3.679955132584583e-06,0.5,0.0,0.5,0.5,0.5,20465.260799646378
7,19060,25.69276237487793,0.09797969460487366,1.2299154996871948,3.5602784156799316,0.03535858914256096,0.7936736941337585,0.7936590909957886,3.6708927535629857e-06,3.6708927535629857e-06,0.5,0.0,0.5,0.5,0.5,20486.261489391327
7,19080,29.293460845947266,0.11446572840213776,1.429989218711853,3.5173590183258057,0.029636019840836525,0.7943446040153503,0.7943381071090698,3.6618392522255254e-06,3.6618392522255254e-06,0.5,0.0,0.5,0.5,0.5,20507.458412647247
7,19100,33.32991027832031,0.17696508765220642,1.2352585792541504,3.252166748046875,0.028647620230913162,0.7958524823188782,0.7958502173423767,3.6527946725139247e-06,3.6527946725139247e-06,0.5,0.0,0.5,0.5,0.5,20528.734091997147
7,19120,30.24712371826172,0.149722158908844,1.1964848041534424,3.279510498046875,0.030550198629498482,0.7952215075492859,0.7952159643173218,3.643759058326607e-06,3.643759058326607e-06,0.5,0.0,0.5,0.5,0.5,20549.42614006996
7,19140,21.40308952331543,0.037262704223394394,1.414616584777832,3.497453212738037,0.033198900520801544,0.7997220158576965,0.7997354865074158,3.6347324535184803e-06,3.6347324535184803e-06,0.5,0.0,0.5,0.5,0.5,20571.83162164688
7,19160,33.762752532958984,0.16227811574935913,1.4100656509399414,3.400301456451416,0.033980511128902435,0.7921388745307922,0.7921404838562012,3.625714901900722e-06,3.625714901900722e-06,0.5,0.0,0.5,0.5,0.5,20593.195348739624
7,19180,24.850696563720703,0.08925588428974152,1.2698304653167725,3.197324752807617,0.029478898271918297,0.7827348113059998,0.7827260494232178,3.616706447240573e-06,3.616706447240573e-06,0.5,0.0,0.5,0.5,0.5,20614.294159173965
7,19200,36.64104080200195,0.19496451318264008,1.3529748916625977,3.584941864013672,0.02989853173494339,0.8175636529922485,0.8175663948059082,3.6077071332611213e-06,3.6077071332611213e-06,0.5,0.0,0.5,0.5,0.5,20637.016142129898
7,19220,18.971630096435547,0.03496367856860161,1.1818572282791138,3.6232187747955322,0.03347230330109596,0.8069161772727966,0.8069338798522949,3.598717003641086e-06,3.598717003641086e-06,0.5,0.0,0.5,0.5,0.5,20658.462210178375
7,19240,23.21213150024414,0.07117677479982376,1.2427780628204346,3.6341605186462402,0.032512351870536804,0.7858595252037048,0.7858616709709167,3.5897361020146156e-06,3.5897361020146156e-06,0.5,0.0,0.5,0.5,0.5,20680.755173921585
7,19260,28.5935001373291,0.11668653041124344,1.3311042785644531,3.5808701515197754,0.032934319227933884,0.8005300164222717,0.800524890422821,3.580764471971063e-06,3.580764471971063e-06,0.5,0.0,0.5,0.5,0.5,20705.173637390137
7,19280,25.224987030029297,0.08360488712787628,1.3233420848846436,3.6007466316223145,0.030329803004860878,0.7865973114967346,0.7865925431251526,3.571802157054787e-06,3.571802157054787e-06,0.5,0.0,0.5,0.5,0.5,20726.03993678093
7,19300,31.05443572998047,0.14446254074573517,1.3169541358947754,3.406182289123535,0.03245930373668671,0.8010848164558411,0.8013660311698914,3.5628492007649306e-06,3.5628492007649306e-06,0.5,0.0,0.5,0.5,0.5,20747.506228208542
7,19320,29.95458221435547,0.14220549166202545,1.2067898511886597,3.633237600326538,0.03289654478430748,0.8263080716133118,0.82630455493927,3.5539056465552203e-06,3.5539056465552203e-06,0.5,0.0,0.5,0.5,0.5,20769.012614250183
7,19340,34.35718536376953,0.16447384655475616,1.4335992336273193,3.5432231426239014,0.03058588318526745,0.7786110639572144,0.778570294380188,3.5449715378337387e-06,3.5449715378337387e-06,0.5,0.0,0.5,0.5,0.5,20789.770144701004
7,19360,32.798431396484375,0.1603969931602478,1.3274081945419312,3.454047203063965,0.030601317062973976,0.8188029527664185,0.8188295960426331,3.5360469179627355e-06,3.5360469179627355e-06,0.5,0.0,0.5,0.5,0.5,20811.249166488647
7,19380,32.74724197387695,0.16767509281635284,1.2202868461608887,3.745492458343506,0.0313715897500515,0.8052699565887451,0.8052598834037781,3.527131830258395e-06,3.527131830258395e-06,0.5,0.0,0.5,0.5,0.5,20832.75592470169
7,19400,26.016944885253906,0.09210193157196045,1.3343995809555054,3.4309751987457275,0.03178076073527336,0.7852097749710083,0.78520667552948,3.518226317990646e-06,3.518226317990646e-06,0.5,0.0,0.5,0.5,0.5,20853.908642053604
7,19420,26.73089027404785,0.09964262694120407,1.3088477849960327,3.6462886333465576,0.0318610742688179,0.8102597594261169,0.8102709650993347,3.5093304243829375e-06,3.5093304243829375e-06,0.5,0.0,0.5,0.5,0.5,20875.63468527794
7,19440,27.29599380493164,0.09886139631271362,1.4057421684265137,3.31884765625,0.033584799617528915,0.7834250330924988,0.7834221124649048,3.500444192612032e-06,3.500444192612032e-06,0.5,0.0,0.5,0.5,0.5,20896.728013515472
7,19460,25.20610237121582,0.0956646203994751,1.2073919773101807,3.5356147289276123,0.03010657988488674,0.7856532335281372,0.7856424450874329,3.491567665807802e-06,3.491567665807802e-06,0.5,0.0,0.5,0.5,0.5,20918.66473054886
7,19480,30.862552642822266,0.1426851898431778,1.2984659671783447,3.577465295791626,0.03191034123301506,0.7904180288314819,0.7904375195503235,3.482700887053015e-06,3.482700887053015e-06,0.5,0.0,0.5,0.5,0.5,20939.703805208206
7,19500,25.39849090576172,0.0956094041466713,1.246825933456421,3.33666729927063,0.03262067586183548,0.8035028576850891,0.8035296201705933,3.4738438993831225e-06,3.4738438993831225e-06,0.5,0.0,0.5,0.5,0.5,20960.88649702072
7,19520,31.54779624938965,0.13962438702583313,1.3798096179962158,3.754246950149536,0.03301461040973663,0.8130491375923157,0.813052237033844,3.4649967457860616e-06,3.4649967457860616e-06,0.5,0.0,0.5,0.5,0.5,20982.61033463478
7,19540,28.19540023803711,0.11561906337738037,1.328453779220581,3.3183999061584473,0.03055616281926632,0.7979486584663391,0.7979602217674255,3.4561594692020295e-06,3.4561594692020295e-06,0.5,0.0,0.5,0.5,0.5,21003.545916557312
7,19560,26.717838287353516,0.09811510145664215,1.3502213954925537,3.3742592334747314,0.029852990061044693,0.7897917628288269,0.7897849082946777,3.4473321125232923e-06,3.4473321125232923e-06,0.5,0.0,0.5,0.5,0.5,21024.960681438446
7,19580,34.88865661621094,0.17150971293449402,1.4229724407196045,3.479599714279175,0.02836316078901291,0.8014298677444458,0.8014298677444458,3.4385147185939683e-06,3.4385147185939683e-06,0.5,0.0,0.5,0.5,0.5,21047.564855098724
7,19600,30.14277458190918,0.1332205832004547,1.3298025131225586,3.4913740158081055,0.03131719306111336,0.8166756629943848,0.8166746497154236,3.4297073302098156e-06,3.4297073302098156e-06,0.5,0.0,0.5,0.5,0.5,21068.376931905746
7,19620,20.978858947753906,0.05652425438165665,1.1845061779022217,3.443499803543091,0.037870701402425766,0.8049446940422058,0.804939866065979,3.4209099901180363e-06,3.4209099901180363e-06,0.5,0.0,0.5,0.5,0.5,21092.25489258766
7,19640,29.470043182373047,0.1261318176984787,1.3399531841278076,3.426974296569824,0.030353611335158348,0.7939016222953796,0.7939243316650391,3.4121227410170602e-06,3.4121227410170602e-06,0.5,0.0,0.5,0.5,0.5,21115.593197345734
7,19660,25.154712677001953,0.0978730097413063,1.1943453550338745,3.3900771141052246,0.033880531787872314,0.7928792834281921,0.7928463220596313,3.4033456255563366e-06,3.4033456255563366e-06,0.5,0.0,0.5,0.5,0.5,21136.716360092163
7,19680,25.74417495727539,0.0981636643409729,1.2454546689987183,3.442420721054077,0.030841218307614326,0.8122665286064148,0.812274694442749,3.3945786863361375e-06,3.3945786863361375e-06,0.5,0.0,0.5,0.5,0.5,21158.673623085022
7,19700,26.21132469177246,0.09591411799192429,1.3098092079162598,3.485293388366699,0.03652689978480339,0.8062098622322083,0.8062109351158142,3.385821965907335e-06,3.385821965907335e-06,0.5,0.0,0.5,0.5,0.5,21179.83962035179
7,19720,21.02154541015625,0.04913804307579994,1.285961627960205,3.2180137634277344,0.03011108562350273,0.7983173727989197,0.7983116507530212,3.3770755067712113e-06,3.3770755067712113e-06,0.5,0.0,0.5,0.5,0.5,21200.88876414299
7,19740,23.98428726196289,0.07306838035583496,1.298410177230835,3.659334897994995,0.034012988209724426,0.7952903509140015,0.7952722907066345,3.368339351379243e-06,3.368339351379243e-06,0.5,0.0,0.5,0.5,0.5,21221.821890354156
7,19760,28.32919692993164,0.11927123367786407,1.307320237159729,3.296414852142334,0.032456837594509125,0.8054594993591309,0.805451512336731,3.359613542132893e-06,3.359613542132893e-06,0.5,0.0,0.5,0.5,0.5,21244.10346841812
7,19780,30.170364379882812,0.13958409428596497,1.2933945655822754,3.24796462059021,0.030045276507735252,0.8279447555541992,0.8279339075088501,3.3508981213834114e-06,3.3508981213834114e-06,0.5,0.0,0.5,0.5,0.5,21264.924669504166
7,19800,27.830764770507812,0.1057184562087059,1.3930957317352295,3.295086622238159,0.03287425637245178,0.7990400195121765,0.7990409731864929,3.342193131431629e-06,3.342193131431629e-06,0.5,0.0,0.5,0.5,0.5,21286.521330833435
7,19820,34.76557159423828,0.17982932925224304,1.3283166885375977,3.467848777770996,0.031624238938093185,0.811744213104248,0.8117306232452393,3.333498614527749e-06,3.333498614527749e-06,0.5,0.0,0.5,0.5,0.5,21307.27934217453
7,19840,27.782611846923828,0.12025756388902664,1.2195080518722534,3.530759572982788,0.031015053391456604,0.7977150082588196,0.7977383732795715,3.3248146128711408e-06,3.3248146128711408e-06,0.5,0.0,0.5,0.5,0.5,21328.3916079998
7,19860,28.962984085083008,0.11496107280254364,1.3990631103515625,3.4473180770874023,0.02892816998064518,0.7947632074356079,0.7947258353233337,3.316141168610136e-06,3.316141168610136e-06,0.5,0.0,0.5,0.5,0.5,21349.65169930458
7,19880,34.73981857299805,0.17625410854816437,1.3707218170166016,3.3736565113067627,0.03353669121861458,0.8085790276527405,0.8086244463920593,3.307478323841831e-06,3.307478323841831e-06,0.5,0.0,0.5,0.5,0.5,21371.01406145096
7,19900,34.749507904052734,0.19780266284942627,1.1559176445007324,3.372662305831909,0.03740130737423897,0.807626485824585,0.8076195120811462,3.298826120611875e-06,3.298826120611875e-06,0.5,0.0,0.5,0.5,0.5,21393.289679050446
7,19920,32.82408905029297,0.16472314298152924,1.283146858215332,3.492021083831787,0.028284329921007156,0.7878377437591553,0.7878373861312866,3.2901846009142623e-06,3.2901846009142623e-06,0.5,0.0,0.5,0.5,0.5,21415.675582647324
7,19940,32.71029281616211,0.16073815524578094,1.3191018104553223,3.413841962814331,0.03161700814962387,0.7995896339416504,0.7996033430099487,3.2815538066911416e-06,3.2815538066911416e-06,0.5,0.0,0.5,0.5,0.5,21436.94720506668
7,19960,31.965396881103516,0.15447738766670227,1.3397705554962158,3.0861778259277344,0.033775445073843,0.776361882686615,0.776357114315033,3.2729337798326015e-06,3.2729337798326015e-06,0.5,0.0,0.5,0.5,0.5,21458.13557434082
7,19980,32.0847282409668,0.15470656752586365,1.2919118404388428,3.6639981269836426,0.03095470368862152,0.7927457690238953,0.7927274107933044,3.264324562176472e-06,3.264324562176472e-06,0.5,0.0,0.5,0.5,0.5,21479.160514354706
7,20000,30.770694732666016,0.14257094264030457,1.3100967407226562,3.378152847290039,0.034478746354579926,0.7868354916572571,0.786800742149353,3.2557261955081167e-06,3.2557261955081167e-06,0.5,0.0,0.5,0.5,0.5,21502.084218263626
7,20020,28.597196578979492,0.11630088090896606,1.354396104812622,3.3924591541290283,0.030688239261507988,0.7826259732246399,0.7826215028762817,3.2471387215602348e-06,3.2471387215602348e-06,0.5,0.0,0.5,0.5,0.5,21522.81852197647
7,20040,33.03494644165039,0.1721949279308319,1.2344250679016113,3.4418325424194336,0.029368426650762558,0.7779136896133423,0.7780027985572815,3.2385621820126573e-06,3.2385621820126573e-06,0.5,0.0,0.5,0.5,0.5,21545.29701733589
7,20060,37.613853454589844,0.2082938253879547,1.3456867933273315,3.2960004806518555,0.03159956634044647,0.8104701638221741,0.8104835152626038,3.2299966184921475e-06,3.2299966184921475e-06,0.5,0.0,0.5,0.5,0.5,21566.13490486145
7,20080,18.272687911987305,0.024286428466439247,1.2742302417755127,3.068265676498413,0.033477965742349625,0.7821468710899353,0.7821685671806335,3.22144207257219e-06,3.22144207257219e-06,0.5,0.0,0.5,0.5,0.5,21587.219206809998
7,20100,32.44438171386719,0.17579646408557892,1.1378289461135864,3.457249879837036,0.029198164120316505,0.8056559562683105,0.8056632280349731,3.212898585772799e-06,3.212898585772799e-06,0.5,0.0,0.5,0.5,0.5,21608.330635786057
7,20120,25.702707290649414,0.09866577386856079,1.2262625694274902,3.5457000732421875,0.027803167700767517,0.7964810132980347,0.7963993549346924,3.204366199560311e-06,3.204366199560311e-06,0.5,0.0,0.5,0.5,0.5,21629.268481731415
7,20140,29.834096908569336,0.12728658318519592,1.3553781509399414,3.520514965057373,0.031140973791480064,0.8100952506065369,0.8100952506065369,3.1958449553471875e-06,3.1958449553471875e-06,0.5,0.0,0.5,0.5,0.5,21651.83113670349
7,20160,28.085126876831055,0.11863276362419128,1.2670097351074219,3.521228790283203,0.030523503199219704,0.8105781078338623,0.8105747103691101,3.1873348944918074e-06,3.1873348944918074e-06,0.5,0.0,0.5,0.5,0.5,21675.41446995735
7,20180,28.17693519592285,0.12306487560272217,1.235886573791504,3.4800217151641846,0.03155847266316414,0.7956461310386658,0.7956700921058655,3.1788360582982717e-06,3.1788360582982717e-06,0.5,0.0,0.5,0.5,0.5,21696.400064468384
7,20200,23.45871353149414,0.07354705035686493,1.2447165250778198,3.6191556453704834,0.037686996161937714,0.7853186726570129,0.7853232026100159,3.170348488016205e-06,3.170348488016205e-06,0.5,0.0,0.5,0.5,0.5,21718.208791017532
7,20220,28.680021286010742,0.10620486736297607,1.4712119102478027,3.3160393238067627,0.03137398138642311,0.7858227491378784,0.785814106464386,3.1618722248405504e-06,3.1618722248405504e-06,0.5,0.0,0.5,0.5,0.5,21739.65698647499
7,20240,32.03404998779297,0.16281044483184814,1.2436509132385254,3.2849555015563965,0.03154473751783371,0.7802808880805969,0.7802671790122986,3.1534073099113675e-06,3.1534073099113675e-06,0.5,0.0,0.5,0.5,0.5,21760.97078347206
7,20260,32.34856414794922,0.16313031315803528,1.2436264753341675,3.566068172454834,0.03319945186376572,0.7983517050743103,0.7983378171920776,3.1449537843136423e-06,3.1449537843136423e-06,0.5,0.0,0.5,0.5,0.5,21782.28493785858
7,20280,20.271202087402344,0.05049823969602585,1.1897928714752197,3.2882072925567627,0.03524186089634895,0.8108511567115784,0.8108298778533936,3.1365116890770786e-06,3.1365116890770786e-06,0.5,0.0,0.5,0.5,0.5,21804.542816877365
7,20300,21.75499725341797,0.056999050080776215,1.266933560371399,3.3489882946014404,0.036770548671483994,0.7989760637283325,0.7989692091941833,3.1280810651759054e-06,3.1280810651759054e-06,0.5,0.0,0.5,0.5,0.5,21825.747085809708
7,20320,25.28935432434082,0.09202677011489868,1.2698400020599365,3.354182481765747,0.03409330174326897,0.8174606561660767,0.8174508810043335,3.1196619535286704e-06,3.1196619535286704e-06,0.5,0.0,0.5,0.5,0.5,21847.06155204773
7,20340,42.849021911621094,0.2524530589580536,1.4138507843017578,3.4329235553741455,0.03228813409805298,0.8090412020683289,0.8090499639511108,3.111254394998047e-06,3.111254394998047e-06,0.5,0.0,0.5,0.5,0.5,21869.347563028336
7,20360,29.307079315185547,0.12774139642715454,1.2858623266220093,3.6425857543945312,0.03173127397894859,0.7888054251670837,0.7887937426567078,3.1028584303906374e-06,3.1028584303906374e-06,0.5,0.0,0.5,0.5,0.5,21891.800231218338
7,20380,27.038898468017578,0.09876294434070587,1.3514598608016968,3.6124255657196045,0.03558168187737465,0.7813284993171692,0.7813324332237244,3.094474100456769e-06,3.094474100456769e-06,0.5,0.0,0.5,0.5,0.5,21913.570466279984
7,20400,27.77178382873535,0.11763300746679306,1.2771847248077393,3.201676845550537,0.03495817631483078,0.7940480709075928,0.7940283417701721,3.0861014458903045e-06,3.0861014458903045e-06,0.5,0.0,0.5,0.5,0.5,21935.6796503067
7,20420,30.762954711914062,0.13320119678974152,1.3921117782592773,3.494905471801758,0.02681078389286995,0.801521360874176,0.8015021085739136,3.0777405073284326e-06,3.0777405073284326e-06,0.5,0.0,0.5,0.5,0.5,21956.413069963455
7,20440,24.53265380859375,0.08058773726224899,1.333982229232788,3.0992908477783203,0.03476577624678612,0.8034362196922302,0.8034276366233826,3.0693913253514822e-06,3.0693913253514822e-06,0.5,0.0,0.5,0.5,0.5,21978.540914297104
7,20460,30.729223251342773,0.1516467034816742,1.2056927680969238,3.470008373260498,0.037617314606904984,0.7956069707870483,0.7955980896949768,3.061053940482721e-06,3.061053940482721e-06,0.5,0.0,0.5,0.5,0.5,21999.66509795189
7,20480,20.284460067749023,0.04347680136561394,1.2268818616867065,3.637333393096924,0.030628768727183342,0.7858039140701294,0.7858052849769592,3.052728393188157e-06,3.052728393188157e-06,0.5,0.0,0.5,0.5,0.5,22020.979171276093
7,20500,26.00517463684082,0.08976933360099792,1.3739547729492188,3.2562317848205566,0.032463084906339645,0.796295166015625,0.7963173985481262,3.0444147238763417e-06,3.0444147238763417e-06,0.5,0.0,0.5,0.5,0.5,22043.85699224472
7,20520,34.33013916015625,0.18611611425876617,1.2355031967163086,3.327639579772949,0.03585616126656532,0.7962971925735474,0.7963287234306335,3.0361129728981803e-06,3.0361129728981803e-06,0.5,0.0,0.5,0.5,0.5,22065.444157361984
7,20540,28.573257446289062,0.12016184628009796,1.3140547275543213,3.3838911056518555,0.032635580748319626,0.8104033470153809,0.8104010820388794,3.0278231805467317e-06,3.0278231805467317e-06,0.5,0.0,0.5,0.5,0.5,22086.45974755287
7,20560,23.11302947998047,0.05996740981936455,1.3708598613739014,3.3764803409576416,0.03121025860309601,0.816061794757843,0.8160638809204102,3.019545387057011e-06,3.019545387057011e-06,0.5,0.0,0.5,0.5,0.5,22107.871737241745
7,20580,24.29276466369629,0.06718175858259201,1.381998062133789,3.7161924839019775,0.03841565549373627,0.8012237548828125,0.8012308478355408,3.011279632605793e-06,3.011279632605793e-06,0.5,0.0,0.5,0.5,0.5,22130.4033472538
7,20600,23.051376342773438,0.06550901383161545,1.317216396331787,3.2975950241088867,0.030716832727193832,0.779129683971405,0.7791234254837036,3.0030259573114264e-06,3.0030259573114264e-06,0.5,0.0,0.5,0.5,0.5,22151.412597179413
7,20620,29.659727096557617,0.13552871346473694,1.2663205862045288,3.412870407104492,0.030779194086790085,0.8082543015480042,0.8082500696182251,2.9947844012336296e-06,2.9947844012336296e-06,0.5,0.0,0.5,0.5,0.5,22172.798553466797
7,20640,26.425046920776367,0.09293068200349808,1.3415157794952393,3.6868958473205566,0.029926514253020287,0.8105087876319885,0.810508668422699,2.9865550043733033e-06,2.9865550043733033e-06,0.5,0.0,0.5,0.5,0.5,22194.83619952202
7,20660,26.925262451171875,0.11857851594686508,1.1555904150009155,3.4808313846588135,0.03067309595644474,0.8021451830863953,0.8021439909934998,2.9783378066723227e-06,2.9783378066723227e-06,0.5,0.0,0.5,0.5,0.5,22215.944333791733
8,20680,32.214500427246094,0.15768343210220337,1.297446370124817,3.4395618438720703,0.032134734094142914,0.8179642558097839,0.8179565072059631,2.9701328480133656e-06,2.9701328480133656e-06,0.5,0.0,0.5,0.5,0.5,22254.832339048386
8,20700,28.908327102661133,0.1240319311618805,1.3347853422164917,3.12410569190979,0.033174626529216766,0.7818617820739746,0.7818602919578552,2.961940168219699e-06,2.961940168219699e-06,0.5,0.0,0.5,0.5,0.5,22276.90553331375
8,20720,23.097082138061523,0.08227771520614624,1.159427285194397,3.2411158084869385,0.0339214950799942,0.7907006144523621,0.7907087206840515,2.9537598070550004e-06,2.9537598070550004e-06,0.5,0.0,0.5,0.5,0.5,22301.170686244965
8,20740,28.847087860107422,0.13361850380897522,1.1988439559936523,3.4654033184051514,0.03139544278383255,0.776824414730072,0.776829719543457,2.94559180422315e-06,2.94559180422315e-06,0.5,0.0,0.5,0.5,0.5,22322.298234939575
8,20760,20.763132095336914,0.04537876695394516,1.2876043319702148,3.3190674781799316,0.03014584816992283,0.8203943371772766,0.8204078078269958,2.9374361993680516e-06,2.9374361993680516e-06,0.5,0.0,0.5,0.5,0.5,22343.268374204636
8,20780,27.763595581054688,0.10183297097682953,1.3994783163070679,3.5543782711029053,0.031135711818933487,0.7920733690261841,0.7920853495597839,2.9292930320734337e-06,2.9292930320734337e-06,0.5,0.0,0.5,0.5,0.5,22364.32527089119
8,20800,25.6594295501709,0.0964498519897461,1.2588677406311035,3.3941102027893066,0.031658414751291275,0.7981736063957214,0.7981683611869812,2.9211623418626617e-06,2.9211623418626617e-06,0.5,0.0,0.5,0.5,0.5,22387.879202365875
8,20820,27.814748764038086,0.1235886737704277,1.2123959064483643,3.3026652336120605,0.02925606071949005,0.7954739928245544,0.7954731583595276,2.9130441681985306e-06,2.9130441681985306e-06,0.5,0.0,0.5,0.5,0.5,22411.73844766617
8,20840,24.572677612304688,0.07514550536870956,1.3436853885650635,3.5933778285980225,0.027895264327526093,0.8047218322753906,0.804722249507904,2.9049385504830987e-06,2.9049385504830987e-06,0.5,0.0,0.5,0.5,0.5,22432.81994175911
8,20860,27.0968074798584,0.11521707475185394,1.2142776250839233,3.4009103775024414,0.03141222149133682,0.8063023686408997,0.8063167929649353,2.8968455280574775e-06,2.8968455280574775e-06,0.5,0.0,0.5,0.5,0.5,22454.592915058136
8,20880,28.33507537841797,0.1267617642879486,1.2128832340240479,3.4974703788757324,0.03259576857089996,0.7779288291931152,0.7779266834259033,2.8887651402016505e-06,2.8887651402016505e-06,0.5,0.0,0.5,0.5,0.5,22475.875425577164
8,20900,30.442575454711914,0.1352531462907791,1.3627655506134033,3.25405216217041,0.03555412217974663,0.7830045223236084,0.7830029129981995,2.8806974261342704e-06,2.8806974261342704e-06,0.5,0.0,0.5,0.5,0.5,22499.766968011856
8,20920,29.465208053588867,0.1254783421754837,1.3361968994140625,3.5277247428894043,0.02767917327582836,0.8043276071548462,0.8043329119682312,2.8726424250124847e-06,2.8726424250124847e-06,0.5,0.0,0.5,0.5,0.5,22521.575484275818
8,20940,30.22528076171875,0.13482604920864105,1.3321964740753174,3.389497995376587,0.03121364675462246,0.7775450348854065,0.777542769908905,2.8646001759317337e-06,2.8646001759317337e-06,0.5,0.0,0.5,0.5,0.5,22542.81004858017
8,20960,20.49994659423828,0.04401879385113716,1.264416217803955,3.423738479614258,0.030166020616889,0.8110734820365906,0.8110503554344177,2.85657071792557e-06,2.85657071792557e-06,0.5,0.0,0.5,0.5,0.5,22563.76063799858
8,20980,26.64885139465332,0.09973655641078949,1.3393075466156006,3.2489330768585205,0.03318524360656738,0.7924444079399109,0.7924464344978333,2.8485540899654574e-06,2.8485540899654574e-06,0.5,0.0,0.5,0.5,0.5,22585.23883008957
8,21000,35.50823211669922,0.19504523277282715,1.2575671672821045,3.397451877593994,0.030583489686250687,0.7989110350608826,0.7990520000457764,2.8405503309605896e-06,2.8405503309605896e-06,0.5,0.0,0.5,0.5,0.5,22606.216454029083
8,21020,27.68840980529785,0.10508733987808228,1.3573272228240967,3.577392578125,0.02901001274585724,0.7969790101051331,0.7969784736633301,2.8325594797577034e-06,2.8325594797577034e-06,0.5,0.0,0.5,0.5,0.5,22627.361564397812
8,21040,27.233667373657227,0.11106850206851959,1.2738041877746582,3.3573215007781982,0.031454768031835556,0.8048779368400574,0.8048826456069946,2.8245815751408855e-06,2.8245815751408855e-06,0.5,0.0,0.5,0.5,0.5,22649.551397562027
8,21060,28.172943115234375,0.11016896367073059,1.3952081203460693,3.174880027770996,0.02908257208764553,0.8137128353118896,0.8137633204460144,2.816616655831383e-06,2.816616655831383e-06,0.5,0.0,0.5,0.5,0.5,22670.474922180176
8,21080,32.49368667602539,0.1622282862663269,1.285729169845581,3.3799774646759033,0.03358747065067291,0.8010032176971436,0.8009991645812988,2.808664760487421e-06,2.808664760487421e-06,0.5,0.0,0.5,0.5,0.5,22692.386117696762
8,21100,41.361629486083984,0.2494232952594757,1.3137657642364502,3.251955032348633,0.029688959941267967,0.8204835653305054,0.8204917907714844,2.8007259277040113e-06,2.8007259277040113e-06,0.5,0.0,0.5,0.5,0.5,22712.93539404869
8,21120,28.815074920654297,0.12685129046440125,1.2755061388015747,3.3404202461242676,0.034465182572603226,0.7920902967453003,0.7921008467674255,2.792800196012766e-06,2.792800196012766e-06,0.5,0.0,0.5,0.5,0.5,22734.587888002396
8,21140,26.728595733642578,0.10152922570705414,1.3028424978256226,3.5118532180786133,0.03539581596851349,0.7806442975997925,0.7806552052497864,2.7848876038817095e-06,2.7848876038817095e-06,0.5,0.0,0.5,0.5,0.5,22756.124711036682
8,21160,29.987335205078125,0.13153287768363953,1.315493106842041,3.6473560333251953,0.03175891563296318,0.7979422807693481,0.7979426383972168,2.7769881897150903e-06,2.7769881897150903e-06,0.5,0.0,0.5,0.5,0.5,22777.302134513855
8,21180,31.507333755493164,0.15551725029945374,1.2563446760177612,3.3608551025390625,0.03130446374416351,0.8143594861030579,0.814361035823822,2.7691019918532015e-06,2.7691019918532015e-06,0.5,0.0,0.5,0.5,0.5,22799.098297834396
8,21200,22.441165924072266,0.05556853115558624,1.3601157665252686,3.2497341632843018,0.033418696373701096,0.8059316277503967,0.8059388995170593,2.761229048572187e-06,2.761229048572187e-06,0.5,0.0,0.5,0.5,0.5,22822.316604614258
8,21220,24.853450775146484,0.08802012354135513,1.250765085220337,3.5126888751983643,0.031098589301109314,0.794608473777771,0.7945978045463562,2.7533693980838617e-06,2.7533693980838617e-06,0.5,0.0,0.5,0.5,0.5,22843.833405017853
8,21240,19.15802574157715,0.02444685995578766,1.3315975666046143,3.365723133087158,0.03164158761501312,0.7976193428039551,0.797603189945221,2.745523078535517e-06,2.745523078535517e-06,0.5,0.0,0.5,0.5,0.5,22867.84302353859
8,21260,27.90627098083496,0.12450794875621796,1.2189760208129883,3.2359466552734375,0.029768921434879303,0.7872660160064697,0.7872838377952576,2.7376901280097483e-06,2.7376901280097483e-06,0.5,0.0,0.5,0.5,0.5,22888.586825609207
8,21280,30.533519744873047,0.13566046953201294,1.3289690017700195,3.6416659355163574,0.0361180417239666,0.8161444067955017,0.8161379098892212,2.729870584524263e-06,2.729870584524263e-06,0.5,0.0,0.5,0.5,0.5,22910.204941749573
8,21300,20.93317413330078,0.04941383749246597,1.2385339736938477,3.574211597442627,0.03223938122391701,0.7885564565658569,0.7885655760765076,2.7220644860316925e-06,2.7220644860316925e-06,0.5,0.0,0.5,0.5,0.5,22934.363154888153
8,21320,21.166908264160156,0.051749516278505325,1.2310749292373657,3.6440157890319824,0.037191834300756454,0.7670924067497253,0.7670772075653076,2.714271870419413e-06,2.714271870419413e-06,0.5,0.0,0.5,0.5,0.5,22955.527641773224
8,21340,22.882896423339844,0.06686811149120331,1.2774122953414917,3.383826494216919,0.03813618794083595,0.8074133992195129,0.8074130415916443,2.7064927755093624e-06,2.7064927755093624e-06,0.5,0.0,0.5,0.5,0.5,22979.734882116318
8,21360,21.541980743408203,0.05450092628598213,1.2800066471099854,3.257180690765381,0.034640904515981674,0.8174046874046326,0.8173925280570984,2.698727239057856e-06,2.698727239057856e-06,0.5,0.0,0.5,0.5,0.5,23001.144062519073
8,21380,26.07295799255371,0.09446883201599121,1.3175276517868042,3.4161036014556885,0.034693922847509384,0.8037425875663757,0.8037492632865906,2.6909752987554023e-06,2.6909752987554023e-06,0.5,0.0,0.5,0.5,0.5,23022.210649251938
8,21400,24.088855743408203,0.08314608037471771,1.252936840057373,3.217139959335327,0.02774115465581417,0.7990281581878662,0.7990427613258362,2.6832369922265156e-06,2.6832369922265156e-06,0.5,0.0,0.5,0.5,0.5,23043.096601963043
8,21420,29.281808853149414,0.12115275859832764,1.354950189590454,3.5830295085906982,0.034003227949142456,0.804439902305603,0.8044312596321106,2.6755123570295423e-06,2.6755123570295423e-06,0.5,0.0,0.5,0.5,0.5,23065.412171840668
8,21440,20.528284072875977,0.041596487164497375,1.2918245792388916,3.4171552658081055,0.033235784620046616,0.809014081954956,0.8090167045593262,2.6678014306564743e-06,2.6678014306564743e-06,0.5,0.0,0.5,0.5,0.5,23086.973456144333
8,21460,30.29354476928711,0.1386374831199646,1.2925597429275513,3.4703845977783203,0.033815715461969376,0.8108086585998535,0.8108013868331909,2.660104250532764e-06,2.660104250532764e-06,0.5,0.0,0.5,0.5,0.5,23108.55153298378
8,21480,27.005544662475586,0.09633637964725494,1.3862924575805664,3.4766197204589844,0.03236269950866699,0.7887390851974487,0.7887491583824158,2.652420854017146e-06,2.652420854017146e-06,0.5,0.0,0.5,0.5,0.5,23129.50848174095
8,21500,26.752735137939453,0.0991104394197464,1.3383197784423828,3.4237351417541504,0.034757472574710846,0.7861753106117249,0.7861598134040833,2.644751278401456e-06,2.644751278401456e-06,0.5,0.0,0.5,0.5,0.5,23150.95528626442
8,21520,28.10704231262207,0.10564565658569336,1.4160137176513672,3.346951961517334,0.03538736701011658,0.7859509587287903,0.7857751250267029,2.6370955609104517e-06,2.6370955609104517e-06,0.5,0.0,0.5,0.5,0.5,23172.669842481613
8,21540,19.320518493652344,0.03459213674068451,1.2437103986740112,3.3882157802581787,0.035984933376312256,0.7783877849578857,0.7784045934677124,2.6294537387016267e-06,2.6294537387016267e-06,0.5,0.0,0.5,0.5,0.5,23196.31505870819
8,21560,25.110177993774414,0.08834730088710785,1.286780595779419,3.3735928535461426,0.034049369394779205,0.8028066158294678,0.8028013110160828,2.6218258488650318e-06,2.6218258488650318e-06,0.5,0.0,0.5,0.5,0.5,23218.190289974213
8,21580,26.220788955688477,0.10066740214824677,1.263336181640625,3.482720136642456,0.0379670225083828,0.7999619841575623,0.7999473214149475,2.614211928423099e-06,2.614211928423099e-06,0.5,0.0,0.5,0.5,0.5,23239.176059246063
8,21600,23.80577850341797,0.07525177299976349,1.2667135000228882,3.5821621417999268,0.03130333498120308,0.8062212467193604,0.806209921836853,2.6066120143304592e-06,2.6066120143304592e-06,0.5,0.0,0.5,0.5,0.5,23260.548149824142
8,21620,37.68640899658203,0.2160617560148239,1.2774450778961182,3.2714927196502686,0.03429168462753296,0.7962443828582764,0.7961974740028381,2.5990261434737596e-06,2.5990261434737596e-06,0.5,0.0,0.5,0.5,0.5,23281.76597380638
8,21640,27.770862579345703,0.10533620417118073,1.3786628246307373,3.4100804328918457,0.04053240269422531,0.7968964576721191,0.7969146370887756,2.5914543526714884e-06,2.5914543526714884e-06,0.5,0.0,0.5,0.5,0.5,23303.26893568039
8,21660,25.85349464416504,0.09685491025447845,1.2594170570373535,3.5415127277374268,0.032320182770490646,0.816978394985199,0.8169600963592529,2.5838966786737986e-06,2.5838966786737986e-06,0.5,0.0,0.5,0.5,0.5,23325.161865711212
8,21680,32.94441604614258,0.15806865692138672,1.3801554441452026,3.3033127784729004,0.032682061195373535,0.7985333800315857,0.7985400557518005,2.5763531581623217e-06,2.5763531581623217e-06,0.5,0.0,0.5,0.5,0.5,23345.955061674118
8,21700,31.112964630126953,0.14011454582214355,1.3554471731185913,3.514613151550293,0.03242485970258713,0.7956159710884094,0.7956607937812805,2.568823827750001e-06,2.568823827750001e-06,0.5,0.0,0.5,0.5,0.5,23367.29695725441
8,21720,27.107582092285156,0.11191976070404053,1.2392692565917969,3.484583854675293,0.03832944855093956,0.8012141585350037,0.8012040257453918,2.561308723980899e-06,2.561308723980899e-06,0.5,0.0,0.5,0.5,0.5,23388.097679376602
8,21740,22.663543701171875,0.07113072276115417,1.2108091115951538,3.4079127311706543,0.03446584939956665,0.8101232647895813,0.8100893497467041,2.553807883330033e-06,2.553807883330033e-06,0.5,0.0,0.5,0.5,0.5,23409.52937936783
8,21760,36.67832565307617,0.20197147130966187,1.3100260496139526,3.3489582538604736,0.03195766732096672,0.8044368028640747,0.8044386506080627,2.5463213422031966e-06,2.5463213422031966e-06,0.5,0.0,0.5,0.5,0.5,23430.502230882645
8,21780,26.893754959106445,0.11500607430934906,1.1943445205688477,3.4133782386779785,0.036324091255664825,0.8065750002861023,0.8065983653068542,2.538849136936772e-06,2.538849136936772e-06,0.5,0.0,0.5,0.5,0.5,23452.14140343666
8,21800,26.574708938598633,0.10833149403333664,1.1933964490890503,3.771557569503784,0.0360393300652504,0.8000320196151733,0.8000473380088806,2.5313913037975674e-06,2.5313913037975674e-06,0.5,0.0,0.5,0.5,0.5,23473.14223384857
8,21820,32.813838958740234,0.1599646657705307,1.3168834447860718,3.6154003143310547,0.03313911706209183,0.8083924055099487,0.8083948493003845,2.5239478789826323e-06,2.5239478789826323e-06,0.5,0.0,0.5,0.5,0.5,23494.789424180984
8,21840,23.761558532714844,0.07633964717388153,1.2765562534332275,3.3278214931488037,0.03421054780483246,0.7989592552185059,0.7989529967308044,2.5165188986190846e-06,2.5165188986190846e-06,0.5,0.0,0.5,0.5,0.5,23515.96377468109
8,21860,27.361568450927734,0.10309406369924545,1.3790572881698608,3.228451728820801,0.033137887716293335,0.7892141938209534,0.7892078757286072,2.5091043987639385e-06,2.5091043987639385e-06,0.5,0.0,0.5,0.5,0.5,23536.757345199585
8,21880,23.35952377319336,0.07068650424480438,1.2873965501785278,3.387413740158081,0.029495904222130775,0.8091042637825012,0.809032678604126,2.5017044154039205e-06,2.5017044154039205e-06,0.5,0.0,0.5,0.5,0.5,23557.89886021614
8,21900,30.997154235839844,0.14751414954662323,1.268696665763855,3.528148889541626,0.03062446229159832,0.8113889694213867,0.8114091157913208,2.4943189844553046e-06,2.4943189844553046e-06,0.5,0.0,0.5,0.5,0.5,23579.40087246895
8,21920,23.058862686157227,0.07809508591890335,1.1857951879501343,3.355729818344116,0.03567210212349892,0.7821797728538513,0.7821899652481079,2.4869481417637343e-06,2.4869481417637343e-06,0.5,0.0,0.5,0.5,0.5,23601.050263643265
8,21940,26.071048736572266,0.10131056606769562,1.2414054870605469,3.4935708045959473,0.03236516937613487,0.7927139401435852,0.7927098870277405,2.479591923104043e-06,2.479591923104043e-06,0.5,0.0,0.5,0.5,0.5,23622.251479148865
8,21960,18.838886260986328,0.03092988207936287,1.244243860244751,3.2744078636169434,0.029052387923002243,0.784532368183136,0.7845189571380615,2.472250364180093e-06,2.472250364180093e-06,0.5,0.0,0.5,0.5,0.5,23643.665004253387
8,21980,20.805513381958008,0.041010648012161255,1.3228962421417236,3.4451770782470703,0.030309710651636124,0.8221418857574463,0.822137176990509,2.4649235006245864e-06,2.4649235006245864e-06,0.5,0.0,0.5,0.5,0.5,23665.196265935898
8,22000,30.759517669677734,0.14309826493263245,1.2745003700256348,3.6718482971191406,0.03283875063061714,0.8060283660888672,0.8060163259506226,2.4576113679989066e-06,2.4576113679989066e-06,0.5,0.0,0.5,0.5,0.5,23686.13106393814
8,22020,24.263607025146484,0.07907214015722275,1.2745938301086426,3.579434394836426,0.03102191910147667,0.7964877486228943,0.7964866161346436,2.4503140017929384e-06,2.4503140017929384e-06,0.5,0.0,0.5,0.5,0.5,23707.05240559578
8,22040,19.567577362060547,0.0314343087375164,1.2888357639312744,3.5052566528320312,0.03053366206586361,0.814927875995636,0.814937174320221,2.4430314374248935e-06,2.4430314374248935e-06,0.5,0.0,0.5,0.5,0.5,23727.862424135208
8,22060,21.333553314208984,0.055618345737457275,1.2301955223083496,3.438572645187378,0.031193319708108902,0.7941539287567139,0.794136106967926,2.4357637102411464e-06,2.4357637102411464e-06,0.5,0.0,0.5,0.5,0.5,23748.664400815964
8,22080,28.545040130615234,0.13039535284042358,1.2318426370620728,3.153062105178833,0.03401634842157364,0.8081835508346558,0.8081953525543213,2.4285108555160576e-06,2.4285108555160576e-06,0.5,0.0,0.5,0.5,0.5,23771.43715071678
8,22100,35.566978454589844,0.1827007234096527,1.3634204864501953,3.6329455375671387,0.029755346477031708,0.8014218807220459,0.8014237880706787,2.4212729084517985e-06,2.4212729084517985e-06,0.5,0.0,0.5,0.5,0.5,23794.15522646904
8,22120,34.2607421875,0.1602194458246231,1.4614323377609253,3.588425636291504,0.03605068102478981,0.7977340817451477,0.7977386713027954,2.414049904178192e-06,2.414049904178192e-06,0.5,0.0,0.5,0.5,0.5,23815.27414035797
8,22140,22.369792938232422,0.06300908327102661,1.2554905414581299,3.4776573181152344,0.036322977393865585,0.8180333971977234,0.8180580735206604,2.4068418777525292e-06,2.4068418777525292e-06,0.5,0.0,0.5,0.5,0.5,23836.412355184555
8,22160,36.767208099365234,0.20237821340560913,1.32535719871521,3.2429580688476562,0.032857589423656464,0.7943063378334045,0.7943072319030762,2.39964886415941e-06,2.39964886415941e-06,0.5,0.0,0.5,0.5,0.5,23857.378838300705
8,22180,33.839664459228516,0.1864074468612671,1.179088830947876,3.376304864883423,0.03172752633690834,0.7949315905570984,0.7949466705322266,2.3924708983105672e-06,2.3924708983105672e-06,0.5,0.0,0.5,0.5,0.5,23879.05921792984
8,22200,28.945390701293945,0.12508782744407654,1.2880524396896362,3.521568536758423,0.03451527655124664,0.8208011984825134,0.820805013179779,2.385308015044699e-06,2.385308015044699e-06,0.5,0.0,0.5,0.5,0.5,23902.170961141586
8,22220,37.13531494140625,0.21927028894424438,1.1797292232513428,3.381376266479492,0.029616616666316986,0.8276400566101074,0.8276392817497253,2.3781602491272943e-06,2.3781602491272943e-06,0.5,0.0,0.5,0.5,0.5,23923.533974647522
8,22240,27.423355102539062,0.10852182656526566,1.2964558601379395,3.580601453781128,0.026011595502495766,0.8147976398468018,0.8147960901260376,2.3710276352504776e-06,2.3710276352504776e-06,0.5,0.0,0.5,0.5,0.5,23944.44623398781
8,22260,27.818832397460938,0.12575571238994598,1.2099648714065552,3.108781576156616,0.03483061492443085,0.7854986786842346,0.7855191230773926,2.363910208032824e-06,2.363910208032824e-06,0.5,0.0,0.5,0.5,0.5,23965.875269412994
8,22280,27.121776580810547,0.10376620292663574,1.3481814861297607,3.2322981357574463,0.031042860820889473,0.8072189688682556,0.8070986270904541,2.3568080020192057e-06,2.3568080020192057e-06,0.5,0.0,0.5,0.5,0.5,23987.756378412247
8,22300,29.292104721069336,0.12438023090362549,1.3348283767700195,3.4736521244049072,0.032146990299224854,0.7832989692687988,0.783351480960846,2.3497210516806125e-06,2.3497210516806125e-06,0.5,0.0,0.5,0.5,0.5,24009.510658740997
8,22320,22.41576385498047,0.059131473302841187,1.2964107990264893,3.5046277046203613,0.03388265520334244,0.8053804636001587,0.8053728938102722,2.3426493914139924e-06,2.3426493914139924e-06,0.5,0.0,0.5,0.5,0.5,24033.099317789078
8,22340,24.813791275024414,0.08471112698316574,1.2952866554260254,3.359402894973755,0.030409568920731544,0.7979848980903625,0.7979797124862671,2.3355930555420838e-06,2.3355930555420838e-06,0.5,0.0,0.5,0.5,0.5,24053.78437590599
8,22360,21.456260681152344,0.05574794486165047,1.2214845418930054,3.6297616958618164,0.03685726970434189,0.8056001663208008,0.8056098222732544,2.3285520783132455e-06,2.3285520783132455e-06,0.5,0.0,0.5,0.5,0.5,24075.33274936676
8,22380,27.29871940612793,0.09495998919010162,1.4226720333099365,3.5427753925323486,0.03322188928723335,0.7989668846130371,0.7989636063575745,2.3215264939012892e-06,2.3215264939012892e-06,0.5,0.0,0.5,0.5,0.5,24096.362093687057
8,22400,34.30374526977539,0.17582093179225922,1.314823865890503,3.5395219326019287,0.03389366716146469,0.8054636120796204,0.805447518825531,2.314516336405323e-06,2.314516336405323e-06,0.5,0.0,0.5,0.5,0.5,24118.101928949356
8,22420,26.29845428466797,0.1083398163318634,1.1998367309570312,3.432429552078247,0.03367521986365318,0.7951265573501587,0.7951252460479736,2.307521639849573e-06,2.307521639849573e-06,0.5,0.0,0.5,0.5,0.5,24139.093792915344
8,22440,29.774967193603516,0.12333837151527405,1.399196982383728,3.4179770946502686,0.0311836339533329,0.7976866960525513,0.797688364982605,2.3005424381832304e-06,2.3005424381832304e-06,0.5,0.0,0.5,0.5,0.5,24160.24868273735
8,22460,23.088226318359375,0.07872474193572998,1.187317132949829,3.30771803855896,0.0348619781434536,0.8082071542739868,0.8081992268562317,2.2935787652802755e-06,2.2935787652802755e-06,0.5,0.0,0.5,0.5,0.5,24182.627440452576
8,22480,21.936824798583984,0.055984728038311005,1.2862149477005005,3.4429311752319336,0.03327130898833275,0.8192497491836548,0.8193035125732422,2.2866306549393226e-06,2.2866306549393226e-06,0.5,0.0,0.5,0.5,0.5,24204.29668545723
8,22500,19.066102981567383,0.0416487492620945,1.1534092426300049,3.338724136352539,0.028412597253918648,0.8042206764221191,0.8042086958885193,2.279698140883452e-06,2.279698140883452e-06,0.5,0.0,0.5,0.5,0.5,24225.783844709396
8,22520,25.60601806640625,0.09433436393737793,1.2535324096679688,3.6081719398498535,0.02908557653427124,0.8024769425392151,0.8024702072143555,2.272781256760046e-06,2.272781256760046e-06,0.5,0.0,0.5,0.5,0.5,24246.424969911575
8,22540,19.255794525146484,0.03379861265420914,1.2480854988098145,3.362077474594116,0.033000532537698746,0.7912443280220032,0.7912487983703613,2.2658800361406238e-06,2.2658800361406238e-06,0.5,0.0,0.5,0.5,0.5,24267.61908841133
8,22560,26.0950927734375,0.10982037335634232,1.1543020009994507,3.537179946899414,0.032853949815034866,0.7677522897720337,0.7677455544471741,2.258994512520684e-06,2.258994512520684e-06,0.5,0.0,0.5,0.5,0.5,24288.719972372055
8,22580,27.386859893798828,0.10267144441604614,1.3478128910064697,3.6063015460968018,0.03528318926692009,0.7906160354614258,0.7906153202056885,2.252124719319537e-06,2.252124719319537e-06,0.5,0.0,0.5,0.5,0.5,24309.705054044724
8,22600,25.398582458496094,0.09157098829746246,1.2888740301132202,3.317267894744873,0.035473961383104324,0.7867550253868103,0.7867543697357178,2.245270689880146e-06,2.245270689880146e-06,0.5,0.0,0.5,0.5,0.5,24332.026223897934
8,22620,24.382747650146484,0.08375890552997589,1.243254542350769,3.543912649154663,0.03039689175784588,0.7994190454483032,0.7994108200073242,2.238432457468961e-06,2.238432457468961e-06,0.5,0.0,0.5,0.5,0.5,24352.91095018387
8,22640,32.64177703857422,0.164260596036911,1.2807329893112183,3.3745081424713135,0.03387732803821564,0.803909957408905,0.8039186596870422,2.2316100552757635e-06,2.2316100552757635e-06,0.5,0.0,0.5,0.5,0.5,24374.172388792038
8,22660,31.095624923706055,0.1446550339460373,1.3356444835662842,3.239469051361084,0.034205611795186996,0.8150864839553833,0.8151053190231323,2.2248035164135006e-06,2.2248035164135006e-06,0.5,0.0,0.5,0.5,0.5,24395.19254565239
8,22680,21.076444625854492,0.04403641074895859,1.317237138748169,3.467954635620117,0.032478876411914825,0.7880340814590454,0.7880384922027588,2.218012873918128e-06,2.218012873918128e-06,0.5,0.0,0.5,0.5,0.5,24416.708838701248
8,22700,24.465654373168945,0.08513438701629639,1.2456066608428955,3.4640750885009766,0.03207492455840111,0.8204748630523682,0.8204778432846069,2.2112381607484413e-06,2.2112381607484413e-06,0.5,0.0,0.5,0.5,0.5,24437.587743759155
8,22720,26.855667114257812,0.10426866263151169,1.309403657913208,3.304144859313965,0.03062111884355545,0.8096633553504944,0.8096784949302673,2.20447940978593e-06,2.20447940978593e-06,0.5,0.0,0.5,0.5,0.5,24458.915006637573
8,22740,22.364063262939453,0.06819664686918259,1.1812193393707275,3.699995279312134,0.03221076354384422,0.7856756448745728,0.7856824994087219,2.1977366538346028e-06,2.1977366538346028e-06,0.5,0.0,0.5,0.5,0.5,24480.635281324387
8,22760,31.91590690612793,0.15525273978710175,1.284301996231079,3.5165152549743652,0.03109695576131344,0.8197352886199951,0.8197407722473145,2.1910099256208406e-06,2.1910099256208406e-06,0.5,0.0,0.5,0.5,0.5,24501.717978477478
8,22780,19.377275466918945,0.026335200294852257,1.339101791381836,3.3197021484375,0.03303510323166847,0.801409900188446,0.8014198541641235,2.184299257793232e-06,2.184299257793232e-06,0.5,0.0,0.5,0.5,0.5,24523.298966884613
8,22800,29.415245056152344,0.125576451420784,1.352447271347046,3.296978235244751,0.036147672683000565,0.7783797383308411,0.7783687114715576,2.177604682922413e-06,2.177604682922413e-06,0.5,0.0,0.5,0.5,0.5,24544.124415636063
8,22820,20.890369415283203,0.05078050121665001,1.2452759742736816,3.320542097091675,0.039017949253320694,0.7856761813163757,0.7856615781784058,2.1709262335009133e-06,2.1709262335009133e-06,0.5,0.0,0.5,0.5,0.5,24565.50097513199
8,22840,20.925689697265625,0.04127511754631996,1.3471311330795288,3.2979257106781006,0.028939377516508102,0.782524824142456,0.782532274723053,2.1642639419429985e-06,2.1642639419429985e-06,0.5,0.0,0.5,0.5,0.5,24586.497782230377
8,22860,25.684839248657227,0.09272737056016922,1.316452145576477,3.2113590240478516,0.03622119873762131,0.8035054802894592,0.8034976720809937,2.157617840584506e-06,2.157617840584506e-06,0.5,0.0,0.5,0.5,0.5,24607.579503297806
8,22880,25.682533264160156,0.11247306317090988,1.1223959922790527,3.1802380084991455,0.031028104946017265,0.8175749778747559,0.8175603747367859,2.150987961682699e-06,2.150987961682699e-06,0.5,0.0,0.5,0.5,0.5,24629.95916199684
8,22900,20.810197830200195,0.05417853593826294,1.200483798980713,3.35490345954895,0.03260176256299019,0.7830316424369812,0.7830463647842407,2.1443743374160987e-06,2.1443743374160987e-06,0.5,0.0,0.5,0.5,0.5,24650.86961555481
8,22920,32.827552795410156,0.15202271938323975,1.4133933782577515,3.4585297107696533,0.03281896188855171,0.789056122303009,0.7890474200248718,2.1377769998843365e-06,2.1377769998843365e-06,0.5,0.0,0.5,0.5,0.5,24672.479876756668
8,22940,22.35464859008789,0.05920610949397087,1.3100513219833374,3.300222873687744,0.033301953226327896,0.8006418943405151,0.8006369471549988,2.1311959811079964e-06,2.1311959811079964e-06,0.5,0.0,0.5,0.5,0.5,24693.273538827896
8,22960,28.901090621948242,0.13514915108680725,1.1888538599014282,3.461857557296753,0.03578076884150505,0.7886415719985962,0.7886502146720886,2.1246313130284535e-06,2.1246313130284535e-06,0.5,0.0,0.5,0.5,0.5,24714.343774080276
8,22980,22.305755615234375,0.07556208968162537,1.1093978881835938,3.6196155548095703,0.03595176339149475,0.81421959400177,0.8142096400260925,2.118083027507729e-06,2.118083027507729e-06,0.5,0.0,0.5,0.5,0.5,24735.50577020645
8,23000,29.276348114013672,0.12333668768405914,1.3422324657440186,3.48490047454834,0.035452958196401596,0.8002991676330566,0.8003022074699402,2.1115511563283283e-06,2.1115511563283283e-06,0.5,0.0,0.5,0.5,0.5,24755.962788581848
8,23020,27.244888305664062,0.10709269344806671,1.3013871908187866,3.4898757934570312,0.03187225013971329,0.7945154309272766,0.7945175170898438,2.1050357311930853e-06,2.1050357311930853e-06,0.5,0.0,0.5,0.5,0.5,24779.41562652588
8,23040,27.93030548095703,0.12863388657569885,1.1637654304504395,3.3990509510040283,0.030211398378014565,0.7954930067062378,0.7955013513565063,2.098536783725019e-06,2.098536783725019e-06,0.5,0.0,0.5,0.5,0.5,24802.05631327629
8,23060,35.16401672363281,0.19147920608520508,1.2714269161224365,3.263746500015259,0.0380781814455986,0.7799570560455322,0.779954731464386,2.0920543454671668e-06,2.0920543454671668e-06,0.5,0.0,0.5,0.5,0.5,24823.389679908752
8,23080,22.874168395996094,0.05776799097657204,1.3601057529449463,3.4578545093536377,0.03845541179180145,0.8068115711212158,0.8068193197250366,2.085588447882441e-06,2.085588447882441e-06,0.5,0.0,0.5,0.5,0.5,24845.53978228569
8,23100,23.568424224853516,0.0733131468296051,1.2793703079223633,3.4094185829162598,0.033989306539297104,0.7938949465751648,0.7939075827598572,2.0791391223534727e-06,2.0791391223534727e-06,0.5,0.0,0.5,0.5,0.5,24866.514103412628
8,23120,19.50981330871582,0.040602508932352066,1.195024013519287,3.462765693664551,0.036557868123054504,0.7947276830673218,0.7946973443031311,2.0727064001824577e-06,2.0727064001824577e-06,0.5,0.0,0.5,0.5,0.5,24888.965393543243
8,23140,24.47524070739746,0.0930483341217041,1.1724810600280762,3.4101064205169678,0.03548947349190712,0.8194737434387207,0.8194594979286194,2.0662903125910067e-06,2.0662903125910067e-06,0.5,0.0,0.5,0.5,0.5,24909.84981417656
8,23160,19.777231216430664,0.04359154403209686,1.2289836406707764,3.0917108058929443,0.03653049096465111,0.803350567817688,0.8033187985420227,2.059890890719995e-06,2.059890890719995e-06,0.5,0.0,0.5,0.5,0.5,24931.608702659607
8,23180,24.43180274963379,0.08802191913127899,1.2097663879394531,3.497274398803711,0.034671295434236526,0.7889592051506042,0.7889566421508789,2.0535081656294105e-06,2.0535081656294105e-06,0.5,0.0,0.5,0.5,0.5,24952.33689236641
8,23200,22.608320236206055,0.0671045258641243,1.2363208532333374,3.500385284423828,0.03427324444055557,0.7911689877510071,0.7911819815635681,2.0471421682981983e-06,2.0471421682981983e-06,0.5,0.0,0.5,0.5,0.5,24973.566734075546
8,23220,22.365314483642578,0.06933262944221497,1.188173770904541,3.5189056396484375,0.03140785172581673,0.8019630908966064,0.8019579648971558,2.040792929624117e-06,2.040792929624117e-06,0.5,0.0,0.5,0.5,0.5,24994.599602222443
8,23240,28.08788299560547,0.11268867552280426,1.3367007970809937,3.4186809062957764,0.03332734853029251,0.8075292110443115,0.8075316548347473,2.0344604804235855e-06,2.0344604804235855e-06,0.5,0.0,0.5,0.5,0.5,25016.03645515442
8,23260,22.890199661254883,0.07675281912088394,1.18180251121521,3.3682565689086914,0.02863422967493534,0.8013086915016174,0.8013073801994324,2.028144851431536e-06,2.028144851431536e-06,0.5,0.0,0.5,0.5,0.5,25037.415126800537
8,23280,31.430639266967773,0.15014725923538208,1.2941035032272339,3.4424047470092773,0.032471913844347,0.8166974782943726,0.816714346408844,2.0218460733012583e-06,2.0218460733012583e-06,0.5,0.0,0.5,0.5,0.5,25058.30615568161
8,23300,27.22187042236328,0.10979209840297699,1.2929508686065674,3.2826802730560303,0.030472101643681526,0.7979450225830078,0.7979357838630676,2.015564176604259e-06,2.015564176604259e-06,0.5,0.0,0.5,0.5,0.5,25080.212403059006
8,23320,19.9896297454834,0.04379307106137276,1.2263648509979248,3.3155393600463867,0.03113371878862381,0.7987170815467834,0.7987058758735657,2.0092991918301106e-06,2.0092991918301106e-06,0.5,0.0,0.5,0.5,0.5,25101.190796613693
8,23340,20.693931579589844,0.04699214547872543,1.2573641538619995,3.3906731605529785,0.030402224510908127,0.7960044741630554,0.7960218787193298,2.0030511493862996e-06,2.0030511493862996e-06,0.5,0.0,0.5,0.5,0.5,25122.688795804977
8,23360,26.224079132080078,0.09616612643003464,1.3116697072982788,3.4580166339874268,0.03275070711970329,0.7843950986862183,0.784407913684845,1.996820079598083e-06,1.996820079598083e-06,0.5,0.0,0.5,0.5,0.5,25143.114097356796
8,23380,23.015453338623047,0.07552193850278854,1.1965746879577637,3.465414524078369,0.032098107039928436,0.8111980557441711,0.811182975769043,1.9906060127083388e-06,1.9906060127083388e-06,0.5,0.0,0.5,0.5,0.5,25164.713659524918
8,23400,22.01518440246582,0.060813385993242264,1.242434024810791,3.478641986846924,0.030865494161844254,0.8198828101158142,0.8198656439781189,1.9844089788774217e-06,1.9844089788774217e-06,0.5,0.0,0.5,0.5,0.5,25185.940846920013
8,23420,30.636709213256836,0.1417750120162964,1.284456491470337,3.5801784992218018,0.034464605152606964,0.8015361428260803,0.8015279173851013,1.9782290081830177e-06,1.9782290081830177e-06,0.5,0.0,0.5,0.5,0.5,25206.841860055923
8,23440,22.40091323852539,0.05659136176109314,1.3172473907470703,3.5363433361053467,0.032960522919893265,0.8125536441802979,0.812603771686554,1.97206613061999e-06,1.97206613061999e-06,0.5,0.0,0.5,0.5,0.5,25229.024399518967
8,23460,31.706518173217773,0.15421664714813232,1.305234670639038,3.2017886638641357,0.030717480927705765,0.806335985660553,0.8063449859619141,1.965920376100245e-06,1.965920376100245e-06,0.5,0.0,0.5,0.5,0.5,25249.415532827377
8,23480,24.633657455444336,0.0867161899805069,1.2365121841430664,3.5631768703460693,0.03373889625072479,0.808521568775177,0.8084967732429504,1.959791774452578e-06,1.959791774452578e-06,0.5,0.0,0.5,0.5,0.5,25270.592453956604
8,23500,29.951425552368164,0.12782728672027588,1.3725783824920654,3.410228967666626,0.0326845645904541,0.8067855834960938,0.8067945837974548,1.9536803554225335e-06,1.9536803554225335e-06,0.5,0.0,0.5,0.5,0.5,25291.635350704193
8,23520,21.829465866088867,0.05979960411787033,1.2350825071334839,3.467134475708008,0.031545430421829224,0.8073456883430481,0.8073530793190002,1.9475861486722586e-06,1.9475861486722586e-06,0.5,0.0,0.5,0.5,0.5,25313.20377111435
8,23540,26.251605987548828,0.09077248722314835,1.3779642581939697,3.353760242462158,0.04095391184091568,0.7911174893379211,0.7911247611045837,1.9415091837803574e-06,1.9415091837803574e-06,0.5,0.0,0.5,0.5,0.5,25334.789226055145
8,23560,20.80727767944336,0.054462142288684845,1.2127074003219604,3.1990249156951904,0.034965358674526215,0.7764062881469727,0.7764086127281189,1.9354494902417524e-06,1.9354494902417524e-06,0.5,0.0,0.5,0.5,0.5,25355.448330640793
8,23580,40.5003662109375,0.23764076828956604,1.3610939979553223,3.0925309658050537,0.03282144293189049,0.8114672899246216,0.8114647269248962,1.929407097467539e-06,1.929407097467539e-06,0.5,0.0,0.5,0.5,0.5,25376.595306158066
8,23600,32.656795501708984,0.15480950474739075,1.3806819915771484,3.338346242904663,0.03068225271999836,0.800082802772522,0.8000690937042236,1.923382034784838e-06,1.923382034784838e-06,0.5,0.0,0.5,0.5,0.5,25397.749163150787
9,23620,24.856830596923828,0.08033811300992966,1.343285083770752,3.352945327758789,0.03722129762172699,0.8045459389686584,0.8045276403427124,1.9173743314366635e-06,1.9173743314366635e-06,0.5,0.0,0.5,0.5,0.5,25433.693914413452
9,23640,23.376354217529297,0.06984388083219528,1.306380271911621,3.2974560260772705,0.030706577003002167,0.7946754693984985,0.7946732044219971,1.9113840165817702e-06,1.9113840165817702e-06,0.5,0.0,0.5,0.5,0.5,25454.66491007805
9,23660,31.531614303588867,0.15576452016830444,1.2631953954696655,3.288933515548706,0.03427450731396675,0.7875850796699524,0.787580668926239,1.90541111929452e-06,1.90541111929452e-06,0.5,0.0,0.5,0.5,0.5,25475.82446026802
9,23680,20.95939064025879,0.03968438133597374,1.3551105260849,3.406390428543091,0.033457521349191666,0.7912563681602478,0.791273295879364,1.8994556685647345e-06,1.8994556685647345e-06,0.5,0.0,0.5,0.5,0.5,25496.693970680237
9,23700,24.064664840698242,0.07601410895586014,1.3144659996032715,3.2864251136779785,0.03216859698295593,0.8039808869361877,0.8039954900741577,1.8935176932975585e-06,1.8935176932975585e-06,0.5,0.0,0.5,0.5,0.5,25518.953418970108
9,23720,25.64710807800293,0.08919847756624222,1.3285632133483887,3.4103758335113525,0.03125326707959175,0.7871356010437012,0.7871336936950684,1.8875972223133194e-06,1.8875972223133194e-06,0.5,0.0,0.5,0.5,0.5,25539.687764406204
9,23740,24.584917068481445,0.08697319030761719,1.2488958835601807,3.3650522232055664,0.03358610346913338,0.8039982318878174,0.8040114641189575,1.8816942843473868e-06,1.8816942843473868e-06,0.5,0.0,0.5,0.5,0.5,25561.315141439438
9,23760,29.557031631469727,0.1462707817554474,1.1381447315216064,3.5153136253356934,0.033190879970788956,0.8059622049331665,0.8059545159339905,1.8758089080500326e-06,1.8758089080500326e-06,0.5,0.0,0.5,0.5,0.5,25582.02281141281
9,23780,31.861251831054688,0.15695321559906006,1.2562249898910522,3.5695207118988037,0.034158673137426376,0.8100684881210327,0.8100613951683044,1.8699411219862886e-06,1.8699411219862886e-06,0.5,0.0,0.5,0.5,0.5,25603.19425678253
9,23800,26.58258628845215,0.1157686710357666,1.1510517597198486,3.4590840339660645,0.03611891716718674,0.8039959669113159,0.8039817810058594,1.864090954635816e-06,1.864090954635816e-06,0.5,0.0,0.5,0.5,0.5,25624.303740024567
9,23820,21.51296043395996,0.057074740529060364,1.2490601539611816,3.280780076980591,0.03410392999649048,0.7991688847541809,0.7991794347763062,1.8582584343927618e-06,1.8582584343927618e-06,0.5,0.0,0.5,0.5,0.5,25645.365997076035
9,23840,23.728256225585938,0.07629825174808502,1.2742934226989746,3.3272979259490967,0.028201041743159294,0.8108282685279846,0.8108265399932861,1.852443589565619e-06,1.852443589565619e-06,0.5,0.0,0.5,0.5,0.5,25666.790807962418
9,23860,31.723655700683594,0.15950335562229156,1.2433853149414062,3.3065807819366455,0.032884955406188965,0.8152949810028076,0.8152925372123718,1.8466464483770918e-06,1.8466464483770918e-06,0.5,0.0,0.5,0.5,0.5,25687.694308519363
9,23880,25.37798500061035,0.09936961531639099,1.192829966545105,3.479541301727295,0.03318267688155174,0.81126868724823,0.8112707734107971,1.8408670389639628e-06,1.8408670389639628e-06,0.5,0.0,0.5,0.5,0.5,25709.25817346573
9,23900,21.719493865966797,0.0563461035490036,1.2701009511947632,3.352125644683838,0.03174750879406929,0.8175873756408691,0.8176076412200928,1.8351053893769485e-06,1.8351053893769485e-06,0.5,0.0,0.5,0.5,0.5,25729.62641644478
9,23920,31.214506149291992,0.15435239672660828,1.2381110191345215,3.3614501953125,0.03670636937022209,0.8180400133132935,0.8180299401283264,1.8293615275805709e-06,1.8293615275805709e-06,0.5,0.0,0.5,0.5,0.5,25750.969691753387
9,23940,29.278621673583984,0.12547236680984497,1.320255994796753,3.4982798099517822,0.030544275417923927,0.8166190385818481,0.8166202306747437,1.823635481453011e-06,1.823635481453011e-06,0.5,0.0,0.5,0.5,0.5,25772.627718687057
9,23960,23.570537567138672,0.07131484150886536,1.2998294830322266,3.4064691066741943,0.03428925201296806,0.82895827293396,0.8289559483528137,1.8179272787859875e-06,1.8179272787859875e-06,0.5,0.0,0.5,0.5,0.5,25795.124519348145
9,23980,25.16585922241211,0.09393687546253204,1.24631929397583,3.273024320602417,0.03595495596528053,0.7768352627754211,0.7768200635910034,1.8122369472846116e-06,1.8122369472846116e-06,0.5,0.0,0.5,0.5,0.5,25818.451217889786
9,24000,27.56879425048828,0.11900967359542847,1.23517906665802,3.2797296047210693,0.036305803805589676,0.8096374869346619,0.8096290826797485,1.8065645145672578e-06,1.8065645145672578e-06,0.5,0.0,0.5,0.5,0.5,25839.879380226135
9,24020,25.385332107543945,0.08180786669254303,1.3719699382781982,3.4515459537506104,0.03330071270465851,0.7830950021743774,0.7831225395202637,1.8009100081654216e-06,1.8009100081654216e-06,0.5,0.0,0.5,0.5,0.5,25861.238666772842
9,24040,22.666706085205078,0.06085143983364105,1.3056080341339111,3.4944727420806885,0.031008737161755562,0.8099175095558167,0.8099388480186462,1.795273455523599e-06,1.795273455523599e-06,0.5,0.0,0.5,0.5,0.5,25882.082058668137
9,24060,30.323509216308594,0.15354079008102417,1.1731305122375488,3.201174736022949,0.0369487926363945,0.7870685458183289,0.7870765924453735,1.789654883999144e-06,1.789654883999144e-06,0.5,0.0,0.5,0.5,0.5,25903.20697760582
9,24080,31.132888793945312,0.13781973719596863,1.389451265335083,3.419841766357422,0.03656032308936119,0.7821991443634033,0.7821994423866272,1.7840543208621378e-06,1.7840543208621378e-06,0.5,0.0,0.5,0.5,0.5,25923.954137802124
9,24100,24.307722091674805,0.08930611610412598,1.2010688781738281,3.333081007003784,0.03334232047200203,0.8033941984176636,0.8033350706100464,1.7784717932952558e-06,1.7784717932952558e-06,0.5,0.0,0.5,0.5,0.5,25945.363206863403
9,24120,23.88955307006836,0.07354361563920975,1.3144906759262085,3.355717182159424,0.034568630158901215,0.8014171123504639,0.8014042973518372,1.7729073283936386e-06,1.7729073283936386e-06,0.5,0.0,0.5,0.5,0.5,25966.863135814667
9,24140,34.595855712890625,0.19032853841781616,1.2224856615066528,3.3051974773406982,0.03294698894023895,0.7917631268501282,0.7917547821998596,1.7673609531647574e-06,1.7673609531647574e-06,0.5,0.0,0.5,0.5,0.5,25988.0405960083
9,24160,29.717432022094727,0.13144733011722565,1.2921583652496338,3.6204025745391846,0.030712632462382317,0.7875410914421082,0.787537693977356,1.7618326945282866e-06,1.7618326945282866e-06,0.5,0.0,0.5,0.5,0.5,26009.65041589737
9,24180,24.21599006652832,0.06991530954837799,1.3477001190185547,3.715400218963623,0.032057054340839386,0.8043932914733887,0.804367184638977,1.7563225793159641e-06,1.7563225793159641e-06,0.5,0.0,0.5,0.5,0.5,26031.742126464844
9,24200,22.282718658447266,0.06465201824903488,1.2478474378585815,3.304680347442627,0.03436339274048805,0.8112604022026062,0.8112553358078003,1.7508306342714743e-06,1.7508306342714743e-06,0.5,0.0,0.5,0.5,0.5,26052.85368680954
9,24220,26.080081939697266,0.10066664218902588,1.2678377628326416,3.3044235706329346,0.030617183074355125,0.7977454662322998,0.797727108001709,1.7453568860503078e-06,1.7453568860503078e-06,0.5,0.0,0.5,0.5,0.5,26074.320730924606
9,24240,20.530908584594727,0.04791337624192238,1.2586312294006348,3.1208419799804688,0.03241784870624542,0.7909613847732544,0.79095458984375,1.7399013612196403e-06,1.7399013612196403e-06,0.5,0.0,0.5,0.5,0.5,26096.219368219376
9,24260,28.05894660949707,0.1102326363325119,1.3614768981933594,3.387908458709717,0.033005375415086746,0.8224450349807739,0.8224003911018372,1.7344640862581918e-06,1.7344640862581918e-06,0.5,0.0,0.5,0.5,0.5,26118.363807201385
9,24280,23.92577362060547,0.07388573884963989,1.3126012086868286,3.3747570514678955,0.03643075376749039,0.7925074100494385,0.7925150394439697,1.729045087556112e-06,1.729045087556112e-06,0.5,0.0,0.5,0.5,0.5,26140.336631536484
9,24300,24.911725997924805,0.08984768390655518,1.233362078666687,3.5552334785461426,0.038103699684143066,0.7921389937400818,0.792127251625061,1.723644391414843e-06,1.723644391414843e-06,0.5,0.0,0.5,0.5,0.5,26161.28325843811
9,24320,34.23040771484375,0.16909709572792053,1.3689663410186768,3.595242500305176,0.03579473868012428,0.8011837005615234,0.8011852502822876,1.7182620240469949e-06,1.7182620240469949e-06,0.5,0.0,0.5,0.5,0.5,26184.808817625046
9,24340,32.00880813598633,0.15070554614067078,1.3514904975891113,3.391296148300171,0.03205058351159096,0.8127601146697998,0.812754213809967,1.712898011576217e-06,1.712898011576217e-06,0.5,0.0,0.5,0.5,0.5,26206.529566049576
9,24360,30.041627883911133,0.14903482794761658,1.1730483770370483,3.375180959701538,0.032480426132678986,0.8128657937049866,0.8128818869590759,1.707552380037072e-06,1.707552380037072e-06,0.5,0.0,0.5,0.5,0.5,26230.259900808334
9,24380,22.806987762451172,0.05430459976196289,1.3847508430480957,3.497450590133667,0.03156905621290207,0.8024215698242188,0.8024094104766846,1.702225155374911e-06,1.702225155374911e-06,0.5,0.0,0.5,0.5,0.5,26251.306473493576
9,24400,29.448101043701172,0.13928723335266113,1.2052290439605713,3.4358737468719482,0.031214606016874313,0.7805362343788147,0.7805249094963074,1.6969163634457466e-06,1.6969163634457466e-06,0.5,0.0,0.5,0.5,0.5,26272.386068582535
9,24420,23.89013671875,0.0898575559258461,1.165750503540039,3.2157557010650635,0.03111969865858555,0.7988102436065674,0.7988078594207764,1.691626030016123e-06,1.691626030016123e-06,0.5,0.0,0.5,0.5,0.5,26293.47734451294
9,24440,20.387069702148438,0.049668703228235245,1.1795413494110107,3.5920610427856445,0.03272554278373718,0.8046096563339233,0.8046176433563232,1.686354180763e-06,1.686354180763e-06,0.5,0.0,0.5,0.5,0.5,26314.525897026062
9,24460,24.766202926635742,0.08693990111351013,1.2625738382339478,3.4106674194335938,0.03580697625875473,0.7849265933036804,0.7849339842796326,1.6811008412736205e-06,1.6811008412736205e-06,0.5,0.0,0.5,0.5,0.5,26337.313629627228
9,24480,21.53274154663086,0.059892721474170685,1.1934137344360352,3.5738041400909424,0.03552788868546486,0.8031171560287476,0.8031108379364014,1.6758660370453904e-06,1.6758660370453904e-06,0.5,0.0,0.5,0.5,0.5,26358.806797027588
9,24500,33.54054641723633,0.15983814001083374,1.4088211059570312,3.4325454235076904,0.035977546125650406,0.7857182025909424,0.7857040166854858,1.6706497934857525e-06,1.6706497934857525e-06,0.5,0.0,0.5,0.5,0.5,26380.129649162292
9,24520,22.643388748168945,0.05307259410619736,1.4058293104171753,3.243957281112671,0.03387761116027832,0.8030417561531067,0.8030572533607483,1.665452135912063e-06,1.665452135912063e-06,0.5,0.0,0.5,0.5,0.5,26401.18549346924
9,24540,27.523496627807617,0.10120357573032379,1.4089105129241943,3.273961305618286,0.040071964263916016,0.7892501950263977,0.789230465888977,1.660273089551473e-06,1.660273089551473e-06,0.5,0.0,0.5,0.5,0.5,26422.45601582527
9,24560,22.552949905395508,0.06412769854068756,1.2810128927230835,3.296329975128174,0.03372253105044365,0.8132556676864624,0.8132293820381165,1.6551126795408015e-06,1.6551126795408015e-06,0.5,0.0,0.5,0.5,0.5,26443.503703594208
9,24580,28.111873626708984,0.12738829851150513,1.1873465776443481,3.4657223224639893,0.03385632485151291,0.8202421069145203,0.8202246427536011,1.6499709309264155e-06,1.6499709309264155e-06,0.5,0.0,0.5,0.5,0.5,26464.848667621613
9,24600,21.482723236083984,0.04669353365898132,1.323169469833374,3.5461137294769287,0.035559799522161484,0.8054935932159424,0.8055034875869751,1.644847868664105e-06,1.644847868664105e-06,0.5,0.0,0.5,0.5,0.5,26487.620267391205
9,24620,25.344318389892578,0.09877212345600128,1.2126238346099854,3.304367780685425,0.036500342190265656,0.7907772064208984,0.790771484375,1.639743517618968e-06,1.639743517618968e-06,0.5,0.0,0.5,0.5,0.5,26508.79936027527
9,24640,24.305641174316406,0.06902632862329483,1.397264838218689,3.397047519683838,0.03331183269619942,0.8026056885719299,0.8026070594787598,1.6346579025652865e-06,1.6346579025652865e-06,0.5,0.0,0.5,0.5,0.5,26529.773863315582
9,24660,39.987239837646484,0.22985076904296875,1.366805076599121,3.3036367893218994,0.0304705873131752,0.7849586009979248,0.7849658727645874,1.6295910481864031e-06,1.6295910481864031e-06,0.5,0.0,0.5,0.5,0.5,26552.524426221848
9,24680,21.11756134033203,0.03820402920246124,1.380342721939087,3.460559844970703,0.033172283321619034,0.7937543988227844,0.79375159740448,1.6245429790746058e-06,1.6245429790746058e-06,0.5,0.0,0.5,0.5,0.5,26573.94596672058
9,24700,29.979263305664062,0.13703259825706482,1.3044813871383667,3.196150064468384,0.035040438175201416,0.8126526474952698,0.8126364350318909,1.6195137197310077e-06,1.6195137197310077e-06,0.5,0.0,0.5,0.5,0.5,26597.66216659546
9,24720,23.20009422302246,0.06258228421211243,1.3601233959197998,3.3079521656036377,0.032677922397851944,0.7734922170639038,0.7735061049461365,1.614503294565428e-06,1.614503294565428e-06,0.5,0.0,0.5,0.5,0.5,26618.518389940262
9,24740,24.07984733581543,0.0733712911605835,1.3161952495574951,3.5504324436187744,0.030332287773489952,0.7984340786933899,0.7984352707862854,1.6095117278962732e-06,1.6095117278962732e-06,0.5,0.0,0.5,0.5,0.5,26640.50226330757
9,24760,23.995365142822266,0.0752185806632042,1.3132350444793701,3.3074700832366943,0.0336860753595829,0.8015552759170532,0.8015552759170532,1.6045390439504158e-06,1.6045390439504158e-06,0.5,0.0,0.5,0.5,0.5,26661.226342201233
9,24780,21.467060089111328,0.05626215785741806,1.2402328252792358,3.4058661460876465,0.03264857828617096,0.8043416738510132,0.8043473362922668,1.5995852668630834e-06,1.5995852668630834e-06,0.5,0.0,0.5,0.5,0.5,26682.914199352264
9,24800,25.909687042236328,0.10663595795631409,1.175965666770935,3.4530181884765625,0.03341609239578247,0.7982389330863953,0.798252284526825,1.5946504206777374e-06,1.5946504206777374e-06,0.5,0.0,0.5,0.5,0.5,26703.79229068756
9,24820,30.080202102661133,0.13281096518039703,1.3532044887542725,3.2342705726623535,0.03279053047299385,0.818297266960144,0.8183138966560364,1.589734529345956e-06,1.589734529345956e-06,0.5,0.0,0.5,0.5,0.5,26725.15313768387
9,24840,20.021320343017578,0.0454331636428833,1.2016510963439941,3.4245710372924805,0.03692227602005005,0.8155864477157593,0.8155798316001892,1.5848376167273173e-06,1.5848376167273173e-06,0.5,0.0,0.5,0.5,0.5,26746.99598646164
9,24860,36.700679779052734,0.20838803052902222,1.2397303581237793,3.430933952331543,0.03363978490233421,0.7848195433616638,0.7848439812660217,1.5799597065892883e-06,1.5799597065892883e-06,0.5,0.0,0.5,0.5,0.5,26767.643795490265
9,24880,19.516023635864258,0.0481811985373497,1.1114137172698975,3.548625946044922,0.03513958677649498,0.7942776083946228,0.7942845821380615,1.5751008226071047e-06,1.5751008226071047e-06,0.5,0.0,0.5,0.5,0.5,26790.001821041107
9,24900,19.160707473754883,0.02707718312740326,1.304775357246399,3.371260166168213,0.03397485613822937,0.8067323565483093,0.8067193627357483,1.5702609883636587e-06,1.5702609883636587e-06,0.5,0.0,0.5,0.5,0.5,26810.791659355164
9,24920,27.416242599487305,0.11105772852897644,1.2862451076507568,3.4128708839416504,0.035148877650499344,0.8035848736763,0.8035776019096375,1.5654402273493808e-06,1.5654402273493808e-06,0.5,0.0,0.5,0.5,0.5,26832.117822647095
9,24940,38.14973831176758,0.22156105935573578,1.2352566719055176,3.6071970462799072,0.03387211263179779,0.8297638297080994,0.8297640681266785,1.5606385629621302e-06,1.5606385629621302e-06,0.5,0.0,0.5,0.5,0.5,26854.606657505035
9,24960,22.80794906616211,0.06924818456172943,1.2610033750534058,3.238055467605591,0.035040222108364105,0.8034679889678955,0.8034666776657104,1.5558560185070813e-06,1.5558560185070813e-06,0.5,0.0,0.5,0.5,0.5,26875.711412906647
9,24980,22.968666076660156,0.07556192576885223,1.2087725400924683,3.293705701828003,0.03104451112449169,0.7707350254058838,0.7707251906394958,1.551092617196605e-06,1.551092617196605e-06,0.5,0.0,0.5,0.5,0.5,26898.586590766907
9,25000,23.407760620117188,0.08218616247177124,1.1660277843475342,3.4932053089141846,0.035658955574035645,0.8079661726951599,0.8079650402069092,1.5463483821501615e-06,1.5463483821501615e-06,0.5,0.0,0.5,0.5,0.5,26919.47246336937
9,25020,22.410388946533203,0.049113091081380844,1.3944709300994873,3.5216639041900635,0.032707612961530685,0.7870292067527771,0.7870195508003235,1.5416233363941866e-06,1.5416233363941866e-06,0.5,0.0,0.5,0.5,0.5,26940.985061883926
9,25040,30.65880012512207,0.13640768826007843,1.3524491786956787,3.4571077823638916,0.03643304109573364,0.7822062373161316,0.7822105288505554,1.5369175028619795e-06,1.5369175028619795e-06,0.5,0.0,0.5,0.5,0.5,26961.93234729767
9,25060,33.216949462890625,0.1704578399658203,1.2962015867233276,3.1783511638641357,0.030795825645327568,0.815586507320404,0.8155734539031982,1.5322309043935927e-06,1.5322309043935927e-06,0.5,0.0,0.5,0.5,0.5,26983.20888376236
9,25080,23.64008140563965,0.07817832380533218,1.2311326265335083,3.478820323944092,0.032102618366479874,0.8078108429908752,0.8078088760375977,1.527563563735718e-06,1.527563563735718e-06,0.5,0.0,0.5,0.5,0.5,27004.743094921112
9,25100,23.067522048950195,0.06225121393799782,1.3141095638275146,3.666193962097168,0.03510942682623863,0.8179766535758972,0.8179607391357422,1.5229155035415788e-06,1.5229155035415788e-06,0.5,0.0,0.5,0.5,0.5,27026.68093919754
9,25120,25.800203323364258,0.0979694351553917,1.2695856094360352,3.2705016136169434,0.03690145164728165,0.8069577217102051,0.8069590330123901,1.5182867463708231e-06,1.5182867463708231e-06,0.5,0.0,0.5,0.5,0.5,27049.137817144394
9,25140,26.336559295654297,0.10644461214542389,1.2157766819000244,3.501343250274658,0.032990049570798874,0.7961422204971313,0.7961529493331909,1.5136773146894036e-06,1.5136773146894036e-06,0.5,0.0,0.5,0.5,0.5,27070.338717222214
9,25160,32.67958450317383,0.16336655616760254,1.279850959777832,3.508894443511963,0.03552532568573952,0.8112135529518127,0.8112007975578308,1.5090872308694828e-06,1.5090872308694828e-06,0.5,0.0,0.5,0.5,0.5,27091.41434073448
9,25180,27.994739532470703,0.11319074034690857,1.3193563222885132,3.4409539699554443,0.04114647954702377,0.7856957316398621,0.7856961488723755,1.5045165171893117e-06,1.5045165171893117e-06,0.5,0.0,0.5,0.5,0.5,27112.81013727188
9,25200,26.620067596435547,0.0896012932062149,1.419582724571228,3.4264307022094727,0.03768135607242584,0.8015846014022827,0.8015761375427246,1.4999651958331296e-06,1.4999651958331296e-06,0.5,0.0,0.5,0.5,0.5,27134.49493432045
9,25220,24.093154907226562,0.08917126804590225,1.1731538772583008,3.411801815032959,0.03268607705831528,0.8348367214202881,0.8348750472068787,1.4954332888910557e-06,1.4954332888910557e-06,0.5,0.0,0.5,0.5,0.5,27155.494288921356
9,25240,17.55291175842285,0.012433849275112152,1.2951449155807495,3.320044994354248,0.038031984120607376,0.8068740367889404,0.8068785667419434,1.4909208183589756e-06,1.4909208183589756e-06,0.5,0.0,0.5,0.5,0.5,27177.466880321503
9,25260,22.61954689025879,0.06783244758844376,1.2481591701507568,3.322660207748413,0.03204904496669769,0.8120592832565308,0.8120661973953247,1.4864278061384424e-06,1.4864278061384424e-06,0.5,0.0,0.5,0.5,0.5,27198.90744948387
9,25280,24.9550838470459,0.10077528655529022,1.1704070568084717,3.1400604248046875,0.033423103392124176,0.7951399087905884,0.7951403260231018,1.4819542740365676e-06,1.4819542740365676e-06,0.5,0.0,0.5,0.5,0.5,27220.627784967422
9,25300,31.272546768188477,0.14983990788459778,1.2857880592346191,3.3923542499542236,0.038321252912282944,0.7985835075378418,0.7985764741897583,1.477500243765911e-06,1.477500243765911e-06,0.5,0.0,0.5,0.5,0.5,27241.808390140533
9,25320,22.657957077026367,0.07700830698013306,1.1529369354248047,3.3952572345733643,0.032498475164175034,0.8122810125350952,0.8122773170471191,1.4730657369443845e-06,1.4730657369443845e-06,0.5,0.0,0.5,0.5,0.5,27262.583014965057
9,25340,19.34294891357422,0.03522438555955887,1.2451732158660889,3.335289478302002,0.03348881006240845,0.7755880951881409,0.7755023241043091,1.4686507750951363e-06,1.4686507750951363e-06,0.5,0.0,0.5,0.5,0.5,27283.56803393364
9,25360,24.395545959472656,0.08743239939212799,1.2025508880615234,3.591810703277588,0.03498627617955208,0.8185357451438904,0.8186156749725342,1.464255379646455e-06,1.464255379646455e-06,0.5,0.0,0.5,0.5,0.5,27304.98927807808
9,25380,27.022520065307617,0.1212405115365982,1.183131217956543,3.032156467437744,0.03499904274940491,0.8009042739868164,0.8008940815925598,1.459879571931663e-06,1.459879571931663e-06,0.5,0.0,0.5,0.5,0.5,27325.555194616318
9,25400,30.85404396057129,0.14031071960926056,1.3440072536468506,3.3499131202697754,0.032985903322696686,0.7976182699203491,0.7976488471031189,1.4555233731890097e-06,1.4555233731890097e-06,0.5,0.0,0.5,0.5,0.5,27347.459048986435
9,25420,27.74082374572754,0.12091957032680511,1.2208170890808105,3.4068057537078857,0.033889126032590866,0.8180521726608276,0.8180379271507263,1.4511868045615735e-06,1.4511868045615735e-06,0.5,0.0,0.5,0.5,0.5,27368.01678109169
9,25440,21.886144638061523,0.04738171771168709,1.3823422193527222,3.2936108112335205,0.030939457938075066,0.8008837699890137,0.8008923530578613,1.4468698870971566e-06,1.4468698870971566e-06,0.5,0.0,0.5,0.5,0.5,27389.888132810593
9,25460,22.376680374145508,0.06494791805744171,1.2479504346847534,3.3698673248291016,0.032516103237867355,0.7968910932540894,0.7968873977661133,1.4425726417481805e-06,1.4425726417481805e-06,0.5,0.0,0.5,0.5,0.5,27410.56645154953
9,25480,22.94428825378418,0.07106797397136688,1.226797103881836,3.5362443923950195,0.033277709037065506,0.7851049304008484,0.7850989699363708,1.4382950893715914e-06,1.4382950893715914e-06,0.5,0.0,0.5,0.5,0.5,27432.196709632874
9,25500,19.473590850830078,0.028535565361380577,1.3266544342041016,3.321507453918457,0.031982071697711945,0.8014317750930786,0.8014399409294128,1.43403725072875e-06,1.43403725072875e-06,0.5,0.0,0.5,0.5,0.5,27453.279809236526
9,25520,21.929996490478516,0.06001655012369156,1.2686220407485962,3.2091944217681885,0.03292706236243248,0.807285726070404,0.8073006272315979,1.4297991464853382e-06,1.4297991464853382e-06,0.5,0.0,0.5,0.5,0.5,27477.432366609573
9,25540,23.6701602935791,0.06671904027462006,1.3528857231140137,3.4364607334136963,0.03293844312429428,0.7692729234695435,0.7692011594772339,1.425580797211254e-06,1.425580797211254e-06,0.5,0.0,0.5,0.5,0.5,27498.584950208664
9,25560,22.13595962524414,0.05766163766384125,1.3070919513702393,3.264925003051758,0.03395257890224457,0.7788255214691162,0.7788280248641968,1.4213822233805154e-06,1.4213822233805154e-06,0.5,0.0,0.5,0.5,0.5,27519.251801252365
9,25580,22.277828216552734,0.05990958586335182,1.2734813690185547,3.5180540084838867,0.0340009406208992,0.784109890460968,0.784113347530365,1.4172034453711568e-06,1.4172034453711568e-06,0.5,0.0,0.5,0.5,0.5,27540.429344177246
9,25600,23.375089645385742,0.08006204664707184,1.2197974920272827,3.1352219581604004,0.03568800538778305,0.798801064491272,0.7988066673278809,1.4130444834651341e-06,1.4130444834651341e-06,0.5,0.0,0.5,0.5,0.5,27561.11309695244
9,25620,21.56918716430664,0.05427984520792961,1.289947748184204,3.2086262702941895,0.033100467175245285,0.8104065656661987,0.8103905916213989,1.408905357848223e-06,1.408905357848223e-06,0.5,0.0,0.5,0.5,0.5,27582.27512383461
9,25640,30.513856887817383,0.1551356017589569,1.1621251106262207,3.344613790512085,0.034431252628564835,0.8156489133834839,0.8156641125679016,1.404786088609924e-06,1.404786088609924e-06,0.5,0.0,0.5,0.5,0.5,27605.28845834732
9,25660,28.130859375,0.11528249084949493,1.3027584552764893,3.540111780166626,0.034915823489427567,0.809624433517456,0.809619128704071,1.4006866957433624e-06,1.4006866957433624e-06,0.5,0.0,0.5,0.5,0.5,27628.86982345581
9,25680,24.688005447387695,0.09456798434257507,1.192877173423767,3.2662205696105957,0.036215268075466156,0.8056496977806091,0.8056433796882629,1.396607199145193e-06,1.396607199145193e-06,0.5,0.0,0.5,0.5,0.5,27650.21859407425
9,25700,29.993919372558594,0.14640115201473236,1.202406644821167,3.2923641204833984,0.03737393394112587,0.7993605136871338,0.7993564605712891,1.3925476186155022e-06,1.3925476186155022e-06,0.5,0.0,0.5,0.5,0.5,27671.475840568542
9,25720,21.630260467529297,0.06288346648216248,1.1915977001190186,3.3877687454223633,0.03816518560051918,0.7816050052642822,0.7815983295440674,1.3885079738577142e-06,1.3885079738577142e-06,0.5,0.0,0.5,0.5,0.5,27693.379322767258
9,25740,25.015216827392578,0.08742912858724594,1.2646212577819824,3.5908286571502686,0.03526315093040466,0.7999256253242493,0.7998932003974915,1.384488284478491e-06,1.384488284478491e-06,0.5,0.0,0.5,0.5,0.5,27714.095697402954
9,25760,24.41200828552246,0.08174604177474976,1.2913058996200562,3.291822671890259,0.03252231329679489,0.8008666038513184,0.8008683323860168,1.3804885699876428e-06,1.3804885699876428e-06,0.5,0.0,0.5,0.5,0.5,27735.107885599136
9,25780,25.842653274536133,0.09864430129528046,1.2579517364501953,3.357736110687256,0.040970511734485626,0.8147128820419312,0.8147128820419312,1.3765088497980275e-06,1.3765088497980275e-06,0.5,0.0,0.5,0.5,0.5,27757.298173189163
9,25800,23.03205108642578,0.06858326494693756,1.2601605653762817,3.534719944000244,0.037400022149086,0.7889541983604431,0.7889639139175415,1.3725491432254622e-06,1.3725491432254622e-06,0.5,0.0,0.5,0.5,0.5,27779.825883865356
9,25820,20.30228042602539,0.05893596261739731,1.0874249935150146,3.5000979900360107,0.03433655574917793,0.7979035973548889,0.7978736162185669,1.368609469488624e-06,1.368609469488624e-06,0.5,0.0,0.5,0.5,0.5,27801.32768535614
9,25840,20.684167861938477,0.05893427133560181,1.1365553140640259,3.39290452003479,0.032283782958984375,0.8072590231895447,0.8070781230926514,1.3646898477089623e-06,1.3646898477089623e-06,0.5,0.0,0.5,0.5,0.5,27823.738657712936
9,25860,24.321533203125,0.08580802381038666,1.2296161651611328,3.4132862091064453,0.03128189593553543,0.8193120360374451,0.8193166255950928,1.3607902969106012e-06,1.3607902969106012e-06,0.5,0.0,0.5,0.5,0.5,27845.217275619507
9,25880,29.74821662902832,0.13756902515888214,1.241875171661377,3.5393266677856445,0.03323535621166229,0.8041689991950989,0.8042389154434204,1.3569108360202496e-06,1.3569108360202496e-06,0.5,0.0,0.5,0.5,0.5,27869.140176296234
9,25900,18.658628463745117,0.030875645577907562,1.213904619216919,3.3958239555358887,0.03619420528411865,0.7967482805252075,0.7967531085014343,1.3530514838671086e-06,1.3530514838671086e-06,0.5,0.0,0.5,0.5,0.5,27891.696609020233
9,25920,27.14794921875,0.10734741389751434,1.3159911632537842,3.2211265563964844,0.03217027708888054,0.7781351804733276,0.7781482338905334,1.349212259182781e-06,1.349212259182781e-06,0.5,0.0,0.5,0.5,0.5,27912.77971816063
9,25940,23.015735626220703,0.0577857568860054,1.3996293544769287,3.206423282623291,0.03444214165210724,0.7922168970108032,0.7922107577323914,1.345393180601178e-06,1.345393180601178e-06,0.5,0.0,0.5,0.5,0.5,27933.905942201614
9,25960,27.804956436157227,0.12815824151039124,1.1476259231567383,3.4758636951446533,0.03700895980000496,0.7988026142120361,0.7987908720970154,1.3415942666584328e-06,1.3415942666584328e-06,0.5,0.0,0.5,0.5,0.5,27955.64609193802
9,25980,24.202707290649414,0.0758889839053154,1.3099335432052612,3.4771406650543213,0.03733162581920624,0.8005726337432861,0.8005505204200745,1.3378155357928055e-06,1.3378155357928055e-06,0.5,0.0,0.5,0.5,0.5,27976.901211500168
9,26000,19.333608627319336,0.04045664519071579,1.2020580768585205,3.2331185340881348,0.034246835857629776,0.8300579786300659,0.8300427794456482,1.3340570063445992e-06,1.3340570063445992e-06,0.5,0.0,0.5,0.5,0.5,27998.082764863968
9,26020,30.229211807250977,0.15565899014472961,1.1256449222564697,3.3721907138824463,0.03467325121164322,0.8019349575042725,0.8019601106643677,1.3303186965560666e-06,1.3303186965560666e-06,0.5,0.0,0.5,0.5,0.5,28019.921048879623
9,26040,22.429025650024414,0.05840431898832321,1.299208402633667,3.563037157058716,0.033471763134002686,0.7793470025062561,0.779345691204071,1.3266006245713244e-06,1.3266006245713244e-06,0.5,0.0,0.5,0.5,0.5,28040.572307109833
9,26060,26.620689392089844,0.11121362447738647,1.2070035934448242,3.3955459594726562,0.03374568745493889,0.7965247631072998,0.7965164184570312,1.322902808436261e-06,1.322902808436261e-06,0.5,0.0,0.5,0.5,0.5,28062.382846593857
9,26080,27.363359451293945,0.11394816637039185,1.2759592533111572,3.174567937850952,0.03438470885157585,0.7780547142028809,0.778057336807251,1.319225266098456e-06,1.319225266098456e-06,0.5,0.0,0.5,0.5,0.5,28083.42611670494
9,26100,20.240020751953125,0.04284039884805679,1.267425537109375,3.2442009449005127,0.03752287104725838,0.7785046696662903,0.7785049676895142,1.3155680154070841e-06,1.3155680154070841e-06,0.5,0.0,0.5,0.5,0.5,28105.292778253555
9,26120,24.196489334106445,0.07747602462768555,1.3252402544021606,3.164456605911255,0.03202812373638153,0.7996917366981506,0.7996859550476074,1.3119310741128364e-06,1.3119310741128364e-06,0.5,0.0,0.5,0.5,0.5,28126.25160217285
9,26140,23.897663116455078,0.08100703358650208,1.2393667697906494,3.3711435794830322,0.0321497917175293,0.8098527789115906,0.8098572492599487,1.3083144598678321e-06,1.3083144598678321e-06,0.5,0.0,0.5,0.5,0.5,28147.349946975708
9,26160,19.537010192871094,0.0404697023332119,1.2009966373443604,3.4462976455688477,0.03377611190080643,0.7853953242301941,0.7854166626930237,1.3047181902255281e-06,1.3047181902255281e-06,0.5,0.0,0.5,0.5,0.5,28169.442650079727
9,26180,29.0612850189209,0.1418854147195816,1.1469295024871826,3.372593879699707,0.030854618176817894,0.7840516567230225,0.784053385257721,1.30114228264064e-06,1.30114228264064e-06,0.5,0.0,0.5,0.5,0.5,28190.414627313614
9,26200,34.19969177246094,0.17355164885520935,1.3259199857711792,3.5492360591888428,0.03608991205692291,0.7908941507339478,0.7908942699432373,1.2975867544690556e-06,1.2975867544690556e-06,0.5,0.0,0.5,0.5,0.5,28212.445541858673
9,26220,21.33936882019043,0.054871801286935806,1.2511347532272339,3.309926986694336,0.030914057046175003,0.8227093815803528,0.8227084875106812,1.294051622967747e-06,1.294051622967747e-06,0.5,0.0,0.5,0.5,0.5,28233.213710308075
9,26240,22.716903686523438,0.047762028872966766,1.4559829235076904,3.3422858715057373,0.03858591988682747,0.8147544860839844,0.8147609829902649,1.2905369052946935e-06,1.2905369052946935e-06,0.5,0.0,0.5,0.5,0.5,28254.813552618027
9,26260,26.06439208984375,0.09704339504241943,1.2821190357208252,3.505980968475342,0.03288017958402634,0.8008871078491211,0.8008888363838196,1.2870426185087914e-06,1.2870426185087914e-06,0.5,0.0,0.5,0.5,0.5,28276.833166837692
9,26280,17.35114097595215,0.014640683308243752,1.2248002290725708,3.6010310649871826,0.03804038465023041,0.8131605386734009,0.8131622076034546,1.283568779569776e-06,1.283568779569776e-06,0.5,0.0,0.5,0.5,0.5,28299.944311857224
9,26300,27.90159797668457,0.11987960338592529,1.2534289360046387,3.3444480895996094,0.03489810973405838,0.7887260317802429,0.7887143492698669,1.2801154053381386e-06,1.2801154053381386e-06,0.5,0.0,0.5,0.5,0.5,28322.49216580391
9,26320,37.5286979675293,0.20482560992240906,1.3442167043685913,3.5709915161132812,0.03297722712159157,0.8181738257408142,0.8181729912757874,1.276682512575041e-06,1.276682512575041e-06,0.5,0.0,0.5,0.5,0.5,28343.83317041397
9,26340,25.789060592651367,0.10740746557712555,1.1634173393249512,3.3827643394470215,0.03137677535414696,0.8085410594940186,0.8085053563117981,1.2732701179422397e-06,1.2732701179422397e-06,0.5,0.0,0.5,0.5,0.5,28364.87125825882
9,26360,30.097501754760742,0.14924256503582,1.1869100332260132,3.2755534648895264,0.028591690585017204,0.8139256238937378,0.8139328956604004,1.2698782380020015e-06,1.2698782380020015e-06,0.5,0.0,0.5,0.5,0.5,28385.80499100685
9,26380,31.002357482910156,0.15208014845848083,1.2583427429199219,3.174649477005005,0.036264579743146896,0.7853056192398071,0.7853081822395325,1.2665068892170227e-06,1.2665068892170227e-06,0.5,0.0,0.5,0.5,0.5,28407.618310928345
9,26400,25.203536987304688,0.09071306884288788,1.276442289352417,3.335008144378662,0.03279615193605423,0.7989948987960815,0.7989910840988159,1.2631560879503522e-06,1.2631560879503522e-06,0.5,0.0,0.5,0.5,0.5,28428.22151327133
9,26420,23.372676849365234,0.08424161374568939,1.1648800373077393,3.2676706314086914,0.032046590000391006,0.8041813969612122,0.8041732311248779,1.2598258504653082e-06,1.2598258504653082e-06,0.5,0.0,0.5,0.5,0.5,28449.574246406555
9,26440,31.514583587646484,0.15680839121341705,1.2438857555389404,3.3642055988311768,0.030680576339364052,0.7905460596084595,0.7905514240264893,1.2565161929254028e-06,1.2565161929254028e-06,0.5,0.0,0.5,0.5,0.5,28472.134749889374
9,26460,26.17951011657715,0.09188030660152435,1.3578968048095703,3.3823258876800537,0.030186181887984276,0.7928723096847534,0.7928814888000488,1.2532271313942635e-06,1.2532271313942635e-06,0.5,0.0,0.5,0.5,0.5,28495.016030311584
9,26480,29.178354263305664,0.12009257078170776,1.376868486404419,3.3680124282836914,0.03240015730261803,0.7830514907836914,0.7830385565757751,1.2499586818355493e-06,1.2499586818355493e-06,0.5,0.0,0.5,0.5,0.5,28516.38000893593
9,26500,20.26024055480957,0.05457267537713051,1.1715596914291382,3.0518481731414795,0.035528820008039474,0.7832027077674866,0.7832014560699463,1.246710860112882e-06,1.246710860112882e-06,0.5,0.0,0.5,0.5,0.5,28537.940535068512
9,26520,21.055038452148438,0.05673038959503174,1.1818428039550781,3.5293784141540527,0.034192658960819244,0.8144140839576721,0.8144026398658752,1.2434836819897635e-06,1.2434836819897635e-06,0.5,0.0,0.5,0.5,0.5,28558.86289024353
9,26540,22.391361236572266,0.06281623244285583,1.2581963539123535,3.494252920150757,0.0335223525762558,0.7977007627487183,0.7976900935173035,1.2402771631295004e-06,1.2402771631295004e-06,0.5,0.0,0.5,0.5,0.5,28581.28879570961
9,26560,30.534284591674805,0.1348094940185547,1.3843457698822021,3.1776466369628906,0.03222953900694847,0.7920032739639282,0.7919835448265076,1.2370913190951287e-06,1.2370913190951287e-06,0.5,0.0,0.5,0.5,0.5,28603.170503616333
10,26580,31.648061752319336,0.15572106838226318,1.24861741065979,3.556406021118164,0.033374447375535965,0.7962624430656433,0.7960669994354248,1.2339261653493368e-06,1.2339261653493368e-06,0.5,0.0,0.5,0.5,0.5,28639.56218099594
10,26600,24.647245407104492,0.0874943807721138,1.2808406352996826,3.05346417427063,0.03593353554606438,0.7875673770904541,0.7875621914863586,1.2307817172543928e-06,1.2307817172543928e-06,0.5,0.0,0.5,0.5,0.5,28660.95062637329
10,26620,33.906761169433594,0.16890999674797058,1.3203701972961426,3.779981851577759,0.03207741677761078,0.8067125678062439,0.8067017793655396,1.2276579900720696e-06,1.2276579900720696e-06,0.5,0.0,0.5,0.5,0.5,28683.24134373665
10,26640,19.03644371032715,0.040568117052316666,1.1775527000427246,3.170107364654541,0.03399932384490967,0.8300527930259705,0.8300528526306152,1.2245549989635668e-06,1.2245549989635668e-06,0.5,0.0,0.5,0.5,0.5,28705.917510271072
10,26660,31.231876373291016,0.1541820615530014,1.2222156524658203,3.5537805557250977,0.037734538316726685,0.8033230304718018,0.8033334016799927,1.2214727589894424e-06,1.2214727589894424e-06,0.5,0.0,0.5,0.5,0.5,28727.406163692474
10,26680,23.619247436523438,0.07301682978868484,1.2742900848388672,3.5342862606048584,0.040377359837293625,0.7882369756698608,0.7882490158081055,1.2184112851095373e-06,1.2184112851095373e-06,0.5,0.0,0.5,0.5,0.5,28748.316548347473
10,26700,23.421926498413086,0.08145052194595337,1.2029073238372803,3.2132933139801025,0.03450768068432808,0.7865609526634216,0.7865541577339172,1.2153705921829033e-06,1.2153705921829033e-06,0.5,0.0,0.5,0.5,0.5,28770.034621953964
10,26720,24.934818267822266,0.08405201882123947,1.3164738416671753,3.3276290893554688,0.03724886476993561,0.7879103422164917,0.7879124879837036,1.2123506949677297e-06,1.2123506949677297e-06,0.5,0.0,0.5,0.5,0.5,28791.283221244812
10,26740,24.840946197509766,0.092524453997612,1.236093282699585,3.1944282054901123,0.03313930705189705,0.7952501177787781,0.7952568531036377,1.2093516081212708e-06,1.2093516081212708e-06,0.5,0.0,0.5,0.5,0.5,28812.407642126083
10,26760,20.00728416442871,0.04638800770044327,1.1855157613754272,3.4789040088653564,0.034422338008880615,0.78791344165802,0.7878298759460449,1.2063733461997804e-06,1.2063733461997804e-06,0.5,0.0,0.5,0.5,0.5,28833.353834867477
10,26780,24.40555191040039,0.08726726472377777,1.2278379201889038,3.367184638977051,0.033259645104408264,0.8155912756919861,0.8155892491340637,1.203415923658435e-06,1.203415923658435e-06,0.5,0.0,0.5,0.5,0.5,28855.655663967133
10,26800,22.327739715576172,0.06863414496183395,1.2156190872192383,3.2767152786254883,0.031418707221746445,0.8043074011802673,0.8043150305747986,1.2004793548512656e-06,1.2004793548512656e-06,0.5,0.0,0.5,0.5,0.5,28876.595249652863
10,26820,30.929155349731445,0.14949946105480194,1.2772839069366455,3.169640302658081,0.03673042729496956,0.8046994209289551,0.8046980500221252,1.1975636540310891e-06,1.1975636540310891e-06,0.5,0.0,0.5,0.5,0.5,28898.489290237427
10,26840,24.824783325195312,0.07535478472709656,1.3725738525390625,3.527878761291504,0.03568650409579277,0.7743862271308899,0.7743821740150452,1.1946688353494385e-06,1.1946688353494385e-06,0.5,0.0,0.5,0.5,0.5,28919.20719242096
10,26860,21.69278335571289,0.045780349522829056,1.3712581396102905,3.363612413406372,0.03855324536561966,0.7856826186180115,0.7855881452560425,1.1917949128564942e-06,1.1917949128564942e-06,0.5,0.0,0.5,0.5,0.5,28940.787446022034
10,26880,21.32933807373047,0.07503798604011536,1.0254756212234497,3.5413403511047363,0.02944442629814148,0.7964171171188354,0.7964221835136414,1.1889419005010144e-06,1.1889419005010144e-06,0.5,0.0,0.5,0.5,0.5,28962.82462787628
10,26900,27.393775939941406,0.11580508202314377,1.2159132957458496,3.619899034500122,0.034235671162605286,0.7989636063575745,0.7990192174911499,1.186109812130269e-06,1.186109812130269e-06,0.5,0.0,0.5,0.5,0.5,28983.431514263153
10,26920,20.89522361755371,0.04653945565223694,1.2744994163513184,3.4646756649017334,0.0316084548830986,0.7951403856277466,0.7951217293739319,1.1832986614899724e-06,1.1832986614899724e-06,0.5,0.0,0.5,0.5,0.5,29006.21849298477
10,26940,28.367603302001953,0.12249496579170227,1.2413749694824219,3.6720030307769775,0.03235454484820366,0.7877291440963745,0.787720799446106,1.1805084622242183e-06,1.1805084622242183e-06,0.5,0.0,0.5,0.5,0.5,29026.692328214645
10,26960,20.782442092895508,0.052366551011800766,1.2185436487197876,3.3257744312286377,0.03457522764801979,0.8112890720367432,0.8112542629241943,1.1777392278754086e-06,1.1777392278754086e-06,0.5,0.0,0.5,0.5,0.5,29048.56551885605
10,26980,22.491132736206055,0.0663912445306778,1.2739191055297852,3.074491024017334,0.0383266881108284,0.8129463791847229,0.8129352331161499,1.1749909718841914e-06,1.1749909718841914e-06,0.5,0.0,0.5,0.5,0.5,29069.58653306961
10,27000,25.155677795410156,0.08258417248725891,1.3624060153961182,3.2409777641296387,0.032223060727119446,0.8125399351119995,0.8125461339950562,1.172263707589397e-06,1.172263707589397e-06,0.5,0.0,0.5,0.5,0.5,29090.793755054474
10,27020,35.325077056884766,0.18782296776771545,1.3289051055908203,3.221799850463867,0.03192489594221115,0.7944676280021667,0.7944303154945374,1.1695574482279692e-06,1.1695574482279692e-06,0.5,0.0,0.5,0.5,0.5,29112.000227212906
10,27040,22.591318130493164,0.06858506798744202,1.2455500364303589,3.243842363357544,0.0334683433175087,0.7902514934539795,0.7902817726135254,1.166872206934904e-06,1.166872206934904e-06,0.5,0.0,0.5,0.5,0.5,29134.201713085175
10,27060,21.09238052368164,0.04571975767612457,1.297806978225708,3.507220983505249,0.0351148396730423,0.8026106357574463,0.802609920501709,1.1642079967431833e-06,1.1642079967431833e-06,0.5,0.0,0.5,0.5,0.5,29155.6807410717
10,27080,31.5165958404541,0.15676821768283844,1.2296613454818726,3.512140989303589,0.0310206338763237,0.8079012036323547,0.8078995943069458,1.1615648305837153e-06,1.1615648305837153e-06,0.5,0.0,0.5,0.5,0.5,29176.911537647247
10,27100,20.217424392700195,0.055988505482673645,1.1274993419647217,3.3094756603240967,0.03410607576370239,0.7905858755111694,0.7905780673027039,1.1589427212852698e-06,1.1589427212852698e-06,0.5,0.0,0.5,0.5,0.5,29198.27903532982
10,27120,30.42633056640625,0.1531394124031067,1.1954097747802734,3.1253695487976074,0.03292160853743553,0.7690523862838745,0.7690652012825012,1.156341681574415e-06,1.156341681574415e-06,0.5,0.0,0.5,0.5,0.5,29219.50830745697
10,27140,20.840394973754883,0.04999547451734543,1.2693636417388916,3.110867738723755,0.036342721432447433,0.8056781888008118,0.8056976795196533,1.1537617240754545e-06,1.1537617240754545e-06,0.5,0.0,0.5,0.5,0.5,29240.300111055374
10,27160,22.295495986938477,0.06524954736232758,1.264084815979004,3.0953564643859863,0.034338586032390594,0.8196269869804382,0.8196327686309814,1.1512028613103726e-06,1.1512028613103726e-06,0.5,0.0,0.5,0.5,0.5,29261.62792944908
10,27180,31.3916015625,0.1438199132680893,1.3430036306381226,3.5434353351593018,0.03613831102848053,0.7954061627388,0.7954128384590149,1.1486651056987654e-06,1.1486651056987654e-06,0.5,0.0,0.5,0.5,0.5,29282.700575351715
10,27200,23.783079147338867,0.08158217370510101,1.2461198568344116,3.1295013427734375,0.03416310250759125,0.789964497089386,0.7899838089942932,1.146148469557786e-06,1.146148469557786e-06,0.5,0.0,0.5,0.5,0.5,29304.43651175499
10,27220,26.146146774291992,0.11002431064844131,1.1733238697052002,3.3771440982818604,0.03333500400185585,0.8016117215156555,0.8015877604484558,1.1436529651020813e-06,1.1436529651020813e-06,0.5,0.0,0.5,0.5,0.5,29325.71411061287
10,27240,28.05084991455078,0.12089791893959045,1.2533609867095947,3.390010118484497,0.03743748739361763,0.81836998462677,0.8184764385223389,1.141178604443735e-06,1.141178604443735e-06,0.5,0.0,0.5,0.5,0.5,29347.64014840126
10,27260,23.2613468170166,0.07253967970609665,1.2630126476287842,3.3363664150238037,0.04088664799928665,0.8019013404846191,0.8019129633903503,1.138725399592209e-06,1.138725399592209e-06,0.5,0.0,0.5,0.5,0.5,29368.186084508896
10,27280,29.667577743530273,0.1360316127538681,1.280817985534668,3.223660707473755,0.032575931400060654,0.7863159775733948,0.7863214612007141,1.1362933624542836e-06,1.1362933624542836e-06,0.5,0.0,0.5,0.5,0.5,29389.958996534348
10,27300,30.305944442749023,0.13938549160957336,1.2922635078430176,3.414001226425171,0.030759720131754875,0.8002576231956482,0.8002665042877197,1.133882504833999e-06,1.133882504833999e-06,0.5,0.0,0.5,0.5,0.5,29410.76355433464
10,27320,20.393630981445312,0.04965296387672424,1.2236597537994385,3.159266948699951,0.032471273094415665,0.7965216040611267,0.7965028882026672,1.1314928384326015e-06,1.1314928384326015e-06,0.5,0.0,0.5,0.5,0.5,29431.784869909286
10,27340,26.43423843383789,0.0992661640048027,1.3031476736068726,3.444456100463867,0.031689390540122986,0.7966820597648621,0.7966731786727905,1.1291243748484827e-06,1.1291243748484827e-06,0.5,0.0,0.5,0.5,0.5,29455.639403104782
10,27360,28.81245994567871,0.12260302156209946,1.3175922632217407,3.339871406555176,0.03636312857270241,0.7977575063705444,0.7977696061134338,1.1267771255771275e-06,1.1267771255771275e-06,0.5,0.0,0.5,0.5,0.5,29476.406661510468
10,27380,25.092029571533203,0.07110647857189178,1.457596778869629,3.3689002990722656,0.03651401400566101,0.7879854440689087,0.7879761457443237,1.1244511020110515e-06,1.1244511020110515e-06,0.5,0.0,0.5,0.5,0.5,29497.6448097229
10,27400,29.127595901489258,0.12772023677825928,1.304139494895935,3.2786412239074707,0.035535778850317,0.8160715699195862,0.8160382509231567,1.1221463154397539e-06,1.1221463154397539e-06,0.5,0.0,0.5,0.5,0.5,29518.927121162415
10,27420,21.26799964904785,0.06313773989677429,1.1584804058074951,3.335979700088501,0.0334421768784523,0.7830911874771118,0.7830824255943298,1.1198627770496576e-06,1.1198627770496576e-06,0.5,0.0,0.5,0.5,0.5,29540.053344011307
10,27440,21.237272262573242,0.055542897433042526,1.2260217666625977,3.38979172706604,0.032973598688840866,0.8056615591049194,0.8056890964508057,1.1176004979240572e-06,1.1176004979240572e-06,0.5,0.0,0.5,0.5,0.5,29561.132357358932
10,27460,20.877185821533203,0.053384505212306976,1.2139489650726318,3.3662726879119873,0.03297393396496773,0.7910702228546143,0.7910688519477844,1.115359489043061e-06,1.115359489043061e-06,0.5,0.0,0.5,0.5,0.5,29582.13923239708
10,27480,20.01930809020996,0.034134216606616974,1.310028076171875,3.4753623008728027,0.03024214133620262,0.8139302730560303,0.8139216303825378,1.1131397612835442e-06,1.1131397612835442e-06,0.5,0.0,0.5,0.5,0.5,29604.246520519257
10,27500,26.06881332397461,0.10788534581661224,1.1984893083572388,3.2654740810394287,0.029913466423749924,0.7777551412582397,0.7777460217475891,1.1109413254190913e-06,1.1109413254190913e-06,0.5,0.0,0.5,0.5,0.5,29625.091178894043
10,27520,20.821870803833008,0.03588348254561424,1.3832429647445679,3.369072675704956,0.032021354883909225,0.7952412962913513,0.7952449321746826,1.1087641921199462e-06,1.1087641921199462e-06,0.5,0.0,0.5,0.5,0.5,29646.296527147293
10,27540,23.655515670776367,0.0658693015575409,1.3517482280731201,3.518418073654175,0.032685816287994385,0.8111506104469299,0.8109235763549805,1.1066083719529583e-06,1.1066083719529583e-06,0.5,0.0,0.5,0.5,0.5,29667.397163391113
10,27560,18.960630416870117,0.03249365836381912,1.2315934896469116,3.3584201335906982,0.03690866380929947,0.8162434697151184,0.8162079453468323,1.1044738753815322e-06,1.1044738753815322e-06,0.5,0.0,0.5,0.5,0.5,29688.512197494507
10,27580,38.74884033203125,0.22880983352661133,1.2347116470336914,3.485602855682373,0.03513825312256813,0.8031923174858093,0.8032017350196838,1.1023607127655783e-06,1.1023607127655783e-06,0.5,0.0,0.5,0.5,0.5,29712.04623413086
10,27600,25.49837875366211,0.09784110635519028,1.247636079788208,3.2053024768829346,0.03260456770658493,0.818206250667572,0.8182212114334106,1.1002688943614617e-06,1.1002688943614617e-06,0.5,0.0,0.5,0.5,0.5,29733.49590611458
10,27620,19.964887619018555,0.04555762931704521,1.196489691734314,3.4122660160064697,0.031961508095264435,0.821490466594696,0.8214787840843201,1.0981984303219504e-06,1.0981984303219504e-06,0.5,0.0,0.5,0.5,0.5,29754.7888379097
10,27640,19.954917907714844,0.049606263637542725,1.1670310497283936,3.2883830070495605,0.03559740632772446,0.8034334778785706,0.8034641742706299,1.0961493306961685e-06,1.0961493306961685e-06,0.5,0.0,0.5,0.5,0.5,29776.6171605587
10,27660,23.696792602539062,0.07076314836740494,1.3479969501495361,3.1023592948913574,0.038149088621139526,0.8015859127044678,0.8015754222869873,1.0941216054295469e-06,1.0941216054295469e-06,0.5,0.0,0.5,0.5,0.5,29798.091195583344
10,27680,23.750078201293945,0.09470616281032562,1.0828392505645752,3.4180445671081543,0.033024903386831284,0.7850533723831177,0.7850404977798462,1.0921152643637748e-06,1.0921152643637748e-06,0.5,0.0,0.5,0.5,0.5,29819.136864423752
10,27700,24.091337203979492,0.08941636234521866,1.1624394655227661,3.490140199661255,0.03516509383916855,0.7795034050941467,0.7795318365097046,1.0901303172367513e-06,1.0901303172367513e-06,0.5,0.0,0.5,0.5,0.5,29840.824665546417
10,27720,22.407007217407227,0.07054555416107178,1.1916711330413818,3.4033362865448,0.032403405755758286,0.8180649876594543,0.8179535269737244,1.0881667736825384e-06,1.0881667736825384e-06,0.5,0.0,0.5,0.5,0.5,29861.875453948975
10,27740,30.695146560668945,0.14034000039100647,1.3344157934188843,3.2835469245910645,0.03344101831316948,0.8105061650276184,0.8104971051216125,1.0862246432313158e-06,1.0862246432313158e-06,0.5,0.0,0.5,0.5,0.5,29883.621537446976
10,27760,20.704195022583008,0.042533550411462784,1.32606840133667,3.1582508087158203,0.0319056361913681,0.8151799440383911,0.8151872754096985,1.0843039353093321e-06,1.0843039353093321e-06,0.5,0.0,0.5,0.5,0.5,29905.636161088943
10,27780,25.893863677978516,0.09569312632083893,1.2962795495986938,3.327280044555664,0.034475214779376984,0.8108906745910645,0.8120866417884827,1.0824046592388615e-06,1.0824046592388615e-06,0.5,0.0,0.5,0.5,0.5,29926.42783474922
10,27800,25.962026596069336,0.10711638629436493,1.1898083686828613,3.3166909217834473,0.035614870488643646,0.7946745753288269,0.7946641445159912,1.0805268242381566e-06,1.0805268242381566e-06,0.5,0.0,0.5,0.5,0.5,29947.670233249664
10,27820,34.1472053527832,0.1847960650920868,1.2580132484436035,3.053102493286133,0.03436789661645889,0.8152540326118469,0.8152630925178528,1.0786704394214041e-06,1.0786704394214041e-06,0.5,0.0,0.5,0.5,0.5,29968.95512986183
10,27840,26.749204635620117,0.11417240649461746,1.178598403930664,3.515479564666748,0.0305003821849823,0.790462851524353,0.7904880046844482,1.0768355137986828e-06,1.0768355137986828e-06,0.5,0.0,0.5,0.5,0.5,29990.280141353607
10,27860,25.253084182739258,0.09872603416442871,1.2087106704711914,3.260446786880493,0.03292861953377724,0.7791696786880493,0.7791744470596313,1.075022056275916e-06,1.075022056275916e-06,0.5,0.0,0.5,0.5,0.5,30011.154803037643
10,27880,21.89335060119629,0.06845605373382568,1.1809537410736084,3.2060134410858154,0.03219379112124443,0.7969062328338623,0.796930193901062,1.0732300756548305e-06,1.0732300756548305e-06,0.5,0.0,0.5,0.5,0.5,30032.44628715515
10,27900,29.722728729248047,0.1415020376443863,1.2190603017807007,3.3494386672973633,0.03248123824596405,0.8064399361610413,0.8064228892326355,1.0714595806329144e-06,1.0714595806329144e-06,0.5,0.0,0.5,0.5,0.5,30054.515052080154
10,27920,24.49015998840332,0.09249367564916611,1.1935374736785889,3.269979953765869,0.03543899580836296,0.7778379917144775,0.7778446078300476,1.0697105798033737e-06,1.0697105798033737e-06,0.5,0.0,0.5,0.5,0.5,30075.5649497509
10,27940,23.928834915161133,0.08442869037389755,1.2071709632873535,3.377251148223877,0.03700392320752144,0.8013912439346313,0.8014008402824402,1.0679830816550918e-06,1.0679830816550918e-06,0.5,0.0,0.5,0.5,0.5,30097.06090927124
10,27960,21.295127868652344,0.04946625605225563,1.2812062501907349,3.4993600845336914,0.03707968816161156,0.80522221326828,0.8052218556404114,1.0662770945725858e-06,1.0662770945725858e-06,0.5,0.0,0.5,0.5,0.5,30120.372874736786
10,27980,31.86840057373047,0.15730613470077515,1.2831758260726929,3.267781972885132,0.03824710473418236,0.8094125390052795,0.8094283938407898,1.0645926268359697e-06,1.0645926268359697e-06,0.5,0.0,0.5,0.5,0.5,30141.55767226219
10,28000,24.43577766418457,0.08973917365074158,1.2211252450942993,3.217106819152832,0.033502548933029175,0.8148409128189087,0.8148269653320312,1.0629296866209104e-06,1.0629296866209104e-06,0.5,0.0,0.5,0.5,0.5,30163.676861286163
10,28020,26.32927131652832,0.10673192143440247,1.2239723205566406,3.3822405338287354,0.03411635383963585,0.7952026724815369,0.7951988577842712,1.0612882819985896e-06,1.0612882819985896e-06,0.5,0.0,0.5,0.5,0.5,30186.150153160095
10,28040,31.58527183532715,0.1453661322593689,1.3555858135223389,3.458496570587158,0.03430415317416191,0.7979119420051575,0.7979164123535156,1.0596684209356665e-06,1.0596684209356665e-06,0.5,0.0,0.5,0.5,0.5,30208.04207277298
10,28060,22.460277557373047,0.0709826648235321,1.2116297483444214,3.213740825653076,0.03197144716978073,0.8133678436279297,0.8133769035339355,1.0580701112942347e-06,1.0580701112942347e-06,0.5,0.0,0.5,0.5,0.5,30229.879081964493
10,28080,28.338417053222656,0.12339814007282257,1.270369052886963,3.2555336952209473,0.03937904164195061,0.8016330003738403,0.8016313314437866,1.0564933608317883e-06,1.0564933608317883e-06,0.5,0.0,0.5,0.5,0.5,30251.018751859665
10,28100,22.99812126159668,0.07368633896112442,1.2331854104995728,3.2642998695373535,0.03333478793501854,0.796802282333374,0.7968008518218994,1.0549381772011834e-06,1.0549381772011834e-06,0.5,0.0,0.5,0.5,0.5,30271.94897699356
10,28120,22.49918556213379,0.05602530762553215,1.3846839666366577,3.0142476558685303,0.03556622937321663,0.8011701107025146,0.8011717796325684,1.0534045679505979e-06,1.0534045679505979e-06,0.5,0.0,0.5,0.5,0.5,30293.205250263214
10,28140,16.90340232849121,0.01320435106754303,1.2180007696151733,3.3687832355499268,0.034176602959632874,0.79250168800354,0.7925025820732117,1.0518925405234988e-06,1.0518925405234988e-06,0.5,0.0,0.5,0.5,0.5,30314.433965444565
10,28160,23.23455810546875,0.07215791195631027,1.270888328552246,3.2703893184661865,0.039494067430496216,0.7980107069015503,0.7980179190635681,1.0504021022586035e-06,1.0504021022586035e-06,0.5,0.0,0.5,0.5,0.5,30335.938622951508
10,28180,25.86815643310547,0.09052280336618423,1.3252357244491577,3.5300991535186768,0.033418916165828705,0.8027109503746033,0.8027194142341614,1.0489332603898469e-06,1.0489332603898469e-06,0.5,0.0,0.5,0.5,0.5,30357.738681316376
10,28200,24.04838752746582,0.09901418536901474,1.095620036125183,3.1575770378112793,0.03319000452756882,0.8218243718147278,0.8218376040458679,1.047486022046341e-06,1.047486022046341e-06,0.5,0.0,0.5,0.5,0.5,30378.500019311905
10,28220,27.345766067504883,0.12234172224998474,1.1927812099456787,3.1490318775177,0.03475050628185272,0.7925434708595276,0.7925466299057007,1.0460603942523467e-06,1.0460603942523467e-06,0.5,0.0,0.5,0.5,0.5,30399.419541597366
10,28240,22.511383056640625,0.07301274687051773,1.1876312494277954,3.2993099689483643,0.03448440134525299,0.8039078116416931,0.8039078116416931,1.0446563839272362e-06,1.0446563839272362e-06,0.5,0.0,0.5,0.5,0.5,30420.132209062576
10,28260,24.394479751586914,0.0833391547203064,1.2717959880828857,3.312331438064575,0.030272068455815315,0.8075900673866272,0.8076608180999756,1.0432739978854593e-06,1.0432739978854593e-06,0.5,0.0,0.5,0.5,0.5,30440.985805273056
10,28280,25.55721664428711,0.10251480340957642,1.1876567602157593,3.395139694213867,0.03402978926897049,0.8051080107688904,0.8050892353057861,1.0419132428365116e-06,1.0419132428365116e-06,0.5,0.0,0.5,0.5,0.5,30462.739780664444
10,28300,29.58719825744629,0.1512821912765503,1.1006948947906494,3.4210972785949707,0.03093402460217476,0.7985817790031433,0.7985875606536865,1.0405741253849012e-06,1.0405741253849012e-06,0.5,0.0,0.5,0.5,0.5,30483.24987244606
10,28320,21.657522201538086,0.06677010655403137,1.1569836139678955,3.3765342235565186,0.03414270654320717,0.7840739488601685,0.784088134765625,1.039256652030116e-06,1.039256652030116e-06,0.5,0.0,0.5,0.5,0.5,30505.332177639008
10,28340,28.37535285949707,0.12736815214157104,1.2176029682159424,3.4331064224243164,0.029400864616036415,0.7967421412467957,0.7967419028282166,1.0379608291665952e-06,1.0379608291665952e-06,0.5,0.0,0.5,0.5,0.5,30526.296347618103
10,28360,23.256549835205078,0.06331593543291092,1.358059287071228,3.3120322227478027,0.03233117237687111,0.8065609335899353,0.8065592646598816,1.0366866630836928e-06,1.0366866630836928e-06,0.5,0.0,0.5,0.5,0.5,30547.648265123367
10,28380,30.40764617919922,0.13052429258823395,1.401534914970398,3.305180072784424,0.03468666970729828,0.8063000440597534,0.806291937828064,1.0354341599656527e-06,1.0354341599656527e-06,0.5,0.0,0.5,0.5,0.5,30568.866574048996
10,28400,29.519577026367188,0.12404800951480865,1.3699769973754883,3.3813886642456055,0.03361504524946213,0.7904521822929382,0.7904468178749084,1.0342033258915757e-06,1.0342033258915757e-06,0.5,0.0,0.5,0.5,0.5,30589.575093746185
10,28420,25.230173110961914,0.09960605204105377,1.1816856861114502,3.4178125858306885,0.034898385405540466,0.8099445104598999,0.8099222183227539,1.0329941668353906e-06,1.0329941668353906e-06,0.5,0.0,0.5,0.5,0.5,30612.930541038513
10,28440,19.820138931274414,0.040867745876312256,1.2381576299667358,3.3192076683044434,0.03257933631539345,0.8183568120002747,0.8183674216270447,1.0318066886658248e-06,1.0318066886658248e-06,0.5,0.0,0.5,0.5,0.5,30635.830776929855
10,28460,23.610157012939453,0.07855773717164993,1.2307071685791016,3.4098422527313232,0.03746965527534485,0.8028906583786011,0.8028885126113892,1.0306408971463757e-06,1.0306408971463757e-06,0.5,0.0,0.5,0.5,0.5,30657.401407003403
10,28480,21.156538009643555,0.06254935264587402,1.1712796688079834,3.1574783325195312,0.03132832050323486,0.7772467732429504,0.7772589325904846,1.029496797935285e-06,1.029496797935285e-06,0.5,0.0,0.5,0.5,0.5,30678.466512441635
10,28500,24.057636260986328,0.08488443493843079,1.2184090614318848,3.354843854904175,0.03025883063673973,0.8106194138526917,0.8106298446655273,1.0283743965855071e-06,1.0283743965855071e-06,0.5,0.0,0.5,0.5,0.5,30700.43385219574
10,28520,46.1965217590332,0.29654598236083984,1.3238804340362549,3.270603895187378,0.03251775726675987,0.7885189056396484,0.788509726524353,1.0272736985446873e-06,1.0272736985446873e-06,0.5,0.0,0.5,0.5,0.5,30721.273728370667
10,28540,32.67465591430664,0.1635703146457672,1.304505705833435,3.236501932144165,0.03606480360031128,0.8159440159797668,0.8159273266792297,1.02619470915513e-06,1.02619470915513e-06,0.5,0.0,0.5,0.5,0.5,30742.152908086777
10,28560,22.297880172729492,0.059841521084308624,1.2653220891952515,3.6267430782318115,0.03376467898488045,0.7936962842941284,0.7936986684799194,1.0251374336537763e-06,1.0251374336537763e-06,0.5,0.0,0.5,0.5,0.5,30764.132025003433
10,28580,32.63450241088867,0.17888981103897095,1.1484143733978271,3.22599458694458,0.03538275510072708,0.8068171143531799,0.8067923188209534,1.0241018771721783e-06,1.0241018771721783e-06,0.5,0.0,0.5,0.5,0.5,30785.047050237656
10,28600,22.303789138793945,0.06797031313180923,1.2135781049728394,3.3379688262939453,0.033008940517902374,0.7936679720878601,0.7936593890190125,1.0230880447364717e-06,1.0230880447364717e-06,0.5,0.0,0.5,0.5,0.5,30806.893406391144
10,28620,20.848243713378906,0.06149281561374664,1.128427267074585,3.3839900493621826,0.030699320137500763,0.7926492094993591,0.7926498055458069,1.022095941267356e-06,1.022095941267356e-06,0.5,0.0,0.5,0.5,0.5,30828.026156663895
10,28640,43.978851318359375,0.2654179334640503,1.3912876844406128,3.49306058883667,0.031120283529162407,0.7926841974258423,0.7926756739616394,1.0211255715800649e-06,1.0211255715800649e-06,0.5,0.0,0.5,0.5,0.5,30849.60437822342
10,28660,24.318546295166016,0.08057771623134613,1.312386393547058,3.1013777256011963,0.03553203493356705,0.8059678673744202,0.8059671521186829,1.0201769403843473e-06,1.0201769403843473e-06,0.5,0.0,0.5,0.5,0.5,30870.670637845993
10,28680,23.137603759765625,0.08443516492843628,1.138303518295288,3.279897928237915,0.03115311823785305,0.7855217456817627,0.7855169773101807,1.0192500522844436e-06,1.0192500522844436e-06,0.5,0.0,0.5,0.5,0.5,30891.854440927505
10,28700,26.73575782775879,0.12108054757118225,1.1262919902801514,3.332929849624634,0.03185179457068443,0.8105012774467468,0.8104612231254578,1.0183449117790613e-06,1.0183449117790613e-06,0.5,0.0,0.5,0.5,0.5,30913.379905939102
10,28720,21.949481964111328,0.061705753207206726,1.2555005550384521,3.18821120262146,0.03568878397345543,0.808307945728302,0.8083178997039795,1.0174615232613555e-06,1.0174615232613555e-06,0.5,0.0,0.5,0.5,0.5,30934.260262727737
10,28740,26.770259857177734,0.09410775452852249,1.4115489721298218,3.2090792655944824,0.034916870296001434,0.7972990870475769,0.7972928881645203,1.0165998910189067e-06,1.0165998910189067e-06,0.5,0.0,0.5,0.5,0.5,30955.74881720543
10,28760,18.525127410888672,0.03047093003988266,1.185786247253418,3.5869014263153076,0.033270932734012604,0.7872727513313293,0.7872805595397949,1.0157600192336994e-06,1.0157600192336994e-06,0.5,0.0,0.5,0.5,0.5,30979.73248410225
10,28780,23.890928268432617,0.08262243866920471,1.2366926670074463,3.231478691101074,0.03027968667447567,0.8261606693267822,0.8261657357215881,1.014941911982103e-06,1.014941911982103e-06,0.5,0.0,0.5,0.5,0.5,31003.882922410965
10,28800,21.18189811706543,0.05159468203783035,1.2710094451904297,3.2789645195007324,0.0333714485168457,0.8100957274436951,0.81010901927948,1.0141455732348517e-06,1.0141455732348517e-06,0.5,0.0,0.5,0.5,0.5,31025.16504049301
10,28820,24.501100540161133,0.07599155604839325,1.327332615852356,3.5972352027893066,0.03138275817036629,0.7916109561920166,0.7916058897972107,1.0133710068570239e-06,1.0133710068570239e-06,0.5,0.0,0.5,0.5,0.5,31046.245957374573
10,28840,21.846879959106445,0.06934034079313278,1.1673572063446045,3.205906629562378,0.03336765617132187,0.8132051825523376,0.8132121562957764,1.0126182166080253e-06,1.0126182166080253e-06,0.5,0.0,0.5,0.5,0.5,31067.3133559227
10,28860,21.622041702270508,0.04439382255077362,1.3690977096557617,3.458200216293335,0.03348146751523018,0.8061425089836121,0.8061305284500122,1.0118872061415688e-06,1.0118872061415688e-06,0.5,0.0,0.5,0.5,0.5,31089.20278453827
10,28880,20.848072052001953,0.049402251839637756,1.2568950653076172,3.304063081741333,0.03483283147215843,0.7836536169052124,0.7836620211601257,1.0111779790056588e-06,1.0111779790056588e-06,0.5,0.0,0.5,0.5,0.5,31109.9881002903
10,28900,20.48905372619629,0.05283450335264206,1.1986767053604126,3.186812162399292,0.03202364593744278,0.8067596554756165,0.806744396686554,1.0104905386425733e-06,1.0104905386425733e-06,0.5,0.0,0.5,0.5,0.5,31132.08956503868
10,28920,28.85724639892578,0.12865036725997925,1.2482421398162842,3.4708523750305176,0.038937222212553024,0.8154539465904236,0.8154652118682861,1.009824888388846e-06,1.009824888388846e-06,0.5,0.0,0.5,0.5,0.5,31152.685754537582
10,28940,23.62512969970703,0.08629178255796432,1.1607344150543213,3.3560242652893066,0.03258294612169266,0.7981476187705994,0.7981101870536804,1.0091810314752508e-06,1.0091810314752508e-06,0.5,0.0,0.5,0.5,0.5,31174.457317829132
10,28960,24.675500869750977,0.07784465700387955,1.352149486541748,3.335754156112671,0.03378511220216751,0.7868337035179138,0.7867237329483032,1.0085589710267869e-06,1.0085589710267869e-06,0.5,0.0,0.5,0.5,0.5,31195.799170970917
10,28980,19.615657806396484,0.0457271970808506,1.1547002792358398,3.463334560394287,0.032600730657577515,0.7996897101402283,0.7997171878814697,1.0079587100626627e-06,1.0079587100626627e-06,0.5,0.0,0.5,0.5,0.5,31217.125663757324
10,29000,26.851804733276367,0.11513854563236237,1.1809086799621582,3.4874305725097656,0.041433025151491165,0.7899045348167419,0.7898868918418884,1.0073802514962822e-06,1.0073802514962822e-06,0.5,0.0,0.5,0.5,0.5,31238.214594364166
10,29020,22.666231155395508,0.06976204365491867,1.1945321559906006,3.709239959716797,0.03546597436070442,0.8243252038955688,0.8243226408958435,1.0068235981352285e-06,1.0068235981352285e-06,0.5,0.0,0.5,0.5,0.5,31259.822850704193
10,29040,31.47692108154297,0.14788250625133514,1.3344391584396362,3.312548875808716,0.031727854162454605,0.7932966351509094,0.7932905554771423,1.0062887526812534e-06,1.0062887526812534e-06,0.5,0.0,0.5,0.5,0.5,31284.372584581375
10,29060,19.467710494995117,0.039107367396354675,1.2107347249984741,3.413841962814331,0.035785920917987823,0.8015434741973877,0.8015509247779846,1.0057757177302625e-06,1.0057757177302625e-06,0.5,0.0,0.5,0.5,0.5,31305.348212003708
10,29080,26.91609001159668,0.11673475801944733,1.1674447059631348,3.5313913822174072,0.03677525371313095,0.8021357655525208,0.8021376729011536,1.0052844957723015e-06,1.0052844957723015e-06,0.5,0.0,0.5,0.5,0.5,31327.69800543785
10,29100,18.6970272064209,0.01757749728858471,1.347862958908081,3.424067735671997,0.03657970204949379,0.8149532079696655,0.8149370551109314,1.0048150891915466e-06,1.0048150891915466e-06,0.5,0.0,0.5,0.5,0.5,31348.893391370773
10,29120,22.88873291015625,0.07023843377828598,1.2334952354431152,3.4947192668914795,0.03521963208913803,0.791826605796814,0.7918409109115601,1.0043675002662916e-06,1.0043675002662916e-06,0.5,0.0,0.5,0.5,0.5,31371.216014146805
10,29140,32.69078063964844,0.17297771573066711,1.174379587173462,3.614352226257324,0.034861572086811066,0.8091593384742737,0.8091480731964111,1.003941731168937e-06,1.003941731168937e-06,0.5,0.0,0.5,0.5,0.5,31392.45029783249
10,29160,21.066219329833984,0.05063871294260025,1.283486247062683,3.1337099075317383,0.033775173127651215,0.7829583883285522,0.7829645872116089,1.0035377839659783e-06,1.0035377839659783e-06,0.5,0.0,0.5,0.5,0.5,31414.45342874527
10,29180,24.118906021118164,0.06945658475160599,1.3668197393417358,3.46818470954895,0.036864109337329865,0.8142271637916565,0.8142073154449463,1.003155660617999e-06,1.003155660617999e-06,0.5,0.0,0.5,0.5,0.5,31435.850190401077
10,29200,25.845094680786133,0.10122854262590408,1.2405273914337158,3.2793424129486084,0.03762383013963699,0.800693690776825,0.800676703453064,1.0027953629796583e-06,1.0027953629796583e-06,0.5,0.0,0.5,0.5,0.5,31457.17997097969
10,29220,21.19253921508789,0.06393061578273773,1.1539100408554077,3.228337049484253,0.03203915059566498,0.7979295253753662,0.7979140877723694,1.0024568927996815e-06,1.0024568927996815e-06,0.5,0.0,0.5,0.5,0.5,31479.47611951828
10,29240,26.399776458740234,0.105422742664814,1.2498847246170044,3.3219985961914062,0.03665526583790779,0.8083751201629639,0.8083734512329102,1.0021402517208556e-06,1.0021402517208556e-06,0.5,0.0,0.5,0.5,0.5,31499.976854085922
10,29260,29.999937057495117,0.12935131788253784,1.3487575054168701,3.542198896408081,0.03503278270363808,0.8189055919647217,0.818913459777832,1.001845441280017e-06,1.001845441280017e-06,0.5,0.0,0.5,0.5,0.5,31521.665146112442
10,29280,22.41356086730957,0.06042192876338959,1.2826803922653198,3.5141122341156006,0.03045021742582321,0.8205175995826721,0.8205224871635437,1.0015724629080463e-06,1.0015724629080463e-06,0.5,0.0,0.5,0.5,0.5,31542.677465200424
10,29300,25.73598861694336,0.08619541674852371,1.3793948888778687,3.28407621383667,0.03842183202505112,0.8183005452156067,0.8183378577232361,1.0013213179298609e-06,1.0013213179298609e-06,0.5,0.0,0.5,0.5,0.5,31563.832334280014
10,29320,23.612329483032227,0.07050833851099014,1.3057234287261963,3.4684226512908936,0.035841092467308044,0.7893218398094177,0.7893317341804504,1.001092007564409e-06,1.001092007564409e-06,0.5,0.0,0.5,0.5,0.5,31586.438970565796
10,29340,24.438526153564453,0.07853441685438156,1.3114442825317383,3.439182996749878,0.031460098922252655,0.776129961013794,0.7761266827583313,1.000884532924661e-06,1.000884532924661e-06,0.5,0.0,0.5,0.5,0.5,31607.499275684357
10,29360,24.570589065551758,0.07782454788684845,1.3161112070083618,3.5916242599487305,0.03539872169494629,0.7857031226158142,0.7857045531272888,1.0006988950176085e-06,1.0006988950176085e-06,0.5,0.0,0.5,0.5,0.5,31628.835008382797
10,29380,21.922725677490234,0.05316074192523956,1.3382463455200195,3.1885576248168945,0.03562866151332855,0.790825366973877,0.7908068895339966,1.0005350947442565e-06,1.0005350947442565e-06,0.5,0.0,0.5,0.5,0.5,31649.843018770218
10,29400,28.59307289123535,0.13084176182746887,1.2022143602371216,3.4507036209106445,0.03605019301176071,0.7982301712036133,0.7982491254806519,1.0003931328996202e-06,1.0003931328996202e-06,0.5,0.0,0.5,0.5,0.5,31671.635495185852
10,29420,24.819225311279297,0.06362494826316833,1.4926646947860718,3.499368190765381,0.030713362619280815,0.8055166602134705,0.805526077747345,1.0002730101727195e-06,1.0002730101727195e-06,0.5,0.0,0.5,0.5,0.5,31692.850913763046
10,29440,25.078203201293945,0.10433316975831985,1.1453461647033691,3.1543545722961426,0.037068452686071396,0.7906058430671692,0.7905884385108948,1.0001747271465772e-06,1.0001747271465772e-06,0.5,0.0,0.5,0.5,0.5,31715.279363393784
10,29460,26.221134185791016,0.09225426614284515,1.3276256322860718,3.683607816696167,0.03584572672843933,0.7897873520851135,0.7898268103599548,1.0000982842982165e-06,1.0000982842982165e-06,0.5,0.0,0.5,0.5,0.5,31737.211547613144
10,29480,28.303964614868164,0.11992901563644409,1.2788010835647583,3.4893829822540283,0.033669065684080124,0.8063639402389526,0.8063647150993347,1.0000436819986573e-06,1.0000436819986573e-06,0.5,0.0,0.5,0.5,0.5,31758.392073392868
10,29500,26.30763053894043,0.09065888822078705,1.3977105617523193,3.232390880584717,0.032244034111499786,0.8193673491477966,0.8193419575691223,1.0000109205129148e-06,1.0000109205129148e-06,0.5,0.0,0.5,0.5,0.5,31780.746703863144
10,29520,18.89665985107422,0.038267333060503006,1.1583093404769897,3.4538650512695312,0.032965920865535736,0.8188924789428711,0.8189061284065247,1e-06,1e-06,0.5,0.0,0.5,0.5,0.5,31803.226862430573
